solid CATIA STL
  facet normal  0.000000e+000 -1.000000e+000  0.000000e+000
    outer loop
      vertex  6.273128e+001  1.222530e+001  5.055360e+000
      vertex  6.307713e+001  1.222530e+001  4.765151e+000
      vertex  6.230702e+001  1.222530e+001  2.864928e+001
    endloop
  endfacet
  facet normal  -0.000000e+000 -1.000000e+000  0.000000e+000
    outer loop
      vertex  1.408542e+001  1.222530e+001  4.765151e+000
      vertex  1.443128e+001  1.222530e+001  5.055360e+000
      vertex  1.485553e+001  1.222530e+001  2.864928e+001
    endloop
  endfacet
  facet normal  -0.000000e+000 -1.000000e+000  0.000000e+000
    outer loop
      vertex  1.223749e+001  1.222530e+001  2.332437e+000
      vertex  1.485553e+001  1.222530e+001  2.649277e+000
      vertex  1.443128e+001  1.222530e+001  2.803694e+000
    endloop
  endfacet
  facet normal  0.000000e+000 -1.000000e+000  0.000000e+000
    outer loop
      vertex  2.538114e+001  1.222530e+001  6.300000e+000
      vertex  1.530702e+001  1.222530e+001  5.209777e+000
      vertex  1.573128e+001  1.222530e+001  5.055360e+000
    endloop
  endfacet
  facet normal  0.000000e+000 -1.000000e+000  0.000000e+000
    outer loop
      vertex  2.538114e+001  1.222530e+001  6.300000e+000
      vertex  1.573128e+001  1.222530e+001  5.055360e+000
      vertex  1.607713e+001  1.222530e+001  4.765151e+000
    endloop
  endfacet
  facet normal  0.000000e+000 -1.000000e+000  0.000000e+000
    outer loop
      vertex  2.538114e+001  1.222530e+001  6.300000e+000
      vertex  1.607713e+001  1.222530e+001  4.765151e+000
      vertex  1.630288e+001  1.222530e+001  4.374153e+000
    endloop
  endfacet
  facet normal  0.000000e+000 -1.000000e+000  0.000000e+000
    outer loop
      vertex  2.538114e+001  1.222530e+001  6.300000e+000
      vertex  1.630288e+001  1.222530e+001  4.374153e+000
      vertex  1.638128e+001  1.222530e+001  3.929527e+000
    endloop
  endfacet
  facet normal  0.000000e+000 -9.999999e-001  -0.000000e+000
    outer loop
      vertex  2.538114e+001  1.222530e+001  6.300000e+000
      vertex  1.638128e+001  1.222530e+001  3.929527e+000
      vertex  1.630288e+001  1.222530e+001  3.484901e+000
    endloop
  endfacet
  facet normal  0.000000e+000 -1.000000e+000  0.000000e+000
    outer loop
      vertex  1.516228e+001  1.222530e+001  7.105427e-014
      vertex  6.200000e+001  1.222530e+001  6.908536e-014
      vertex  6.185553e+001  1.222530e+001  2.649277e+000
    endloop
  endfacet
  facet normal  -0.000000e+000 -1.000000e+000  0.000000e+000
    outer loop
      vertex  1.516228e+001  1.222530e+001  7.105427e-014
      vertex  6.185553e+001  1.222530e+001  2.649277e+000
      vertex  6.143127e+001  1.222530e+001  2.803694e+000
    endloop
  endfacet
  facet normal  -0.000000e+000 -1.000000e+000  0.000000e+000
    outer loop
      vertex  1.516228e+001  1.222530e+001  7.105427e-014
      vertex  6.143127e+001  1.222530e+001  2.803694e+000
      vertex  6.108542e+001  1.222530e+001  3.093903e+000
    endloop
  endfacet
  facet normal  -0.000000e+000 -1.000000e+000  0.000000e+000
    outer loop
      vertex  1.516228e+001  1.222530e+001  7.105427e-014
      vertex  6.108542e+001  1.222530e+001  3.093903e+000
      vertex  6.085968e+001  1.222530e+001  3.484901e+000
    endloop
  endfacet
  facet normal  -0.000000e+000 -1.000000e+000  0.000000e+000
    outer loop
      vertex  1.516228e+001  1.222530e+001  7.105427e-014
      vertex  6.085968e+001  1.222530e+001  3.484901e+000
      vertex  6.078128e+001  1.222530e+001  3.929527e+000
    endloop
  endfacet
  facet normal  -0.000000e+000 -9.999999e-001  0.000000e+000
    outer loop
      vertex  1.516228e+001  1.222530e+001  7.105427e-014
      vertex  6.078128e+001  1.222530e+001  3.929527e+000
      vertex  5.178114e+001  1.222530e+001  6.300000e+000
    endloop
  endfacet
  facet normal  -0.000000e+000 -1.000000e+000  0.000000e+000
    outer loop
      vertex  1.516228e+001  1.222530e+001  7.105427e-014
      vertex  5.178114e+001  1.222530e+001  6.300000e+000
      vertex  2.538114e+001  1.222530e+001  6.300000e+000
    endloop
  endfacet
  facet normal  0.000000e+000 -1.000000e+000  0.000000e+000
    outer loop
      vertex  1.516228e+001  1.222530e+001  7.105427e-014
      vertex  2.538114e+001  1.222530e+001  6.300000e+000
      vertex  1.630288e+001  1.222530e+001  3.484901e+000
    endloop
  endfacet
  facet normal  0.000000e+000 -9.999999e-001  0.000000e+000
    outer loop
      vertex  1.516228e+001  1.222530e+001  7.105427e-014
      vertex  1.630288e+001  1.222530e+001  3.484901e+000
      vertex  1.607713e+001  1.222530e+001  3.093903e+000
    endloop
  endfacet
  facet normal  0.000000e+000 -1.000000e+000  0.000000e+000
    outer loop
      vertex  1.516228e+001  1.222530e+001  7.105427e-014
      vertex  1.607713e+001  1.222530e+001  3.093903e+000
      vertex  1.573128e+001  1.222530e+001  2.803694e+000
    endloop
  endfacet
  facet normal  0.000000e+000 -1.000000e+000  0.000000e+000
    outer loop
      vertex  1.516228e+001  1.222530e+001  7.105427e-014
      vertex  1.573128e+001  1.222530e+001  2.803694e+000
      vertex  1.530702e+001  1.222530e+001  2.649277e+000
    endloop
  endfacet
  facet normal  -0.000000e+000 -1.000000e+000  0.000000e+000
    outer loop
      vertex  1.516228e+001  1.222530e+001  7.105427e-014
      vertex  1.530702e+001  1.222530e+001  2.649277e+000
      vertex  1.485553e+001  1.222530e+001  2.649277e+000
    endloop
  endfacet
  facet normal  0.000000e+000 -1.000000e+000  -0.000000e+000
    outer loop
      vertex  1.516228e+001  1.222530e+001  7.105427e-014
      vertex  1.485553e+001  1.222530e+001  2.649277e+000
      vertex  1.223749e+001  1.222530e+001  2.332437e+000
    endloop
  endfacet
  facet normal  0.000000e+000 -1.000000e+000  0.000000e+000
    outer loop
      vertex  1.516228e+001  1.222530e+001  7.105427e-014
      vertex  1.223749e+001  1.222530e+001  2.332437e+000
      vertex  1.449471e+001  1.222530e+001  7.521626e-002
    endloop
  endfacet
  facet normal  0.000000e+000 -1.000000e+000  0.000000e+000
    outer loop
      vertex  5.178114e+001  1.222530e+001  6.300000e+000
      vertex  6.078128e+001  1.222530e+001  3.929527e+000
      vertex  6.085968e+001  1.222530e+001  4.374153e+000
    endloop
  endfacet
  facet normal  0.000000e+000 -1.000000e+000  0.000000e+000
    outer loop
      vertex  5.178114e+001  1.222530e+001  6.300000e+000
      vertex  6.085968e+001  1.222530e+001  4.374153e+000
      vertex  6.108542e+001  1.222530e+001  4.765151e+000
    endloop
  endfacet
  facet normal  0.000000e+000 -1.000000e+000  0.000000e+000
    outer loop
      vertex  5.178114e+001  1.222530e+001  6.300000e+000
      vertex  6.108542e+001  1.222530e+001  4.765151e+000
      vertex  6.143127e+001  1.222530e+001  5.055360e+000
    endloop
  endfacet
  facet normal  0.000000e+000 -1.000000e+000  0.000000e+000
    outer loop
      vertex  5.178114e+001  1.222530e+001  6.300000e+000
      vertex  6.143127e+001  1.222530e+001  5.055360e+000
      vertex  6.185553e+001  1.222530e+001  5.209777e+000
    endloop
  endfacet
  facet normal  -0.000000e+000 -9.999999e-001  0.000000e+000
    outer loop
      vertex  5.178114e+001  1.222530e+001  2.772061e+001
      vertex  6.185553e+001  1.222530e+001  2.864928e+001
      vertex  6.143127e+001  1.222530e+001  2.880369e+001
    endloop
  endfacet
  facet normal  -0.000000e+000 -1.000000e+000  0.000000e+000
    outer loop
      vertex  5.178114e+001  1.222530e+001  2.772061e+001
      vertex  6.143127e+001  1.222530e+001  2.880369e+001
      vertex  6.108542e+001  1.222530e+001  2.909390e+001
    endloop
  endfacet
  facet normal  -0.000000e+000 -1.000000e+000  0.000000e+000
    outer loop
      vertex  5.178114e+001  1.222530e+001  2.772061e+001
      vertex  6.108542e+001  1.222530e+001  2.909390e+001
      vertex  6.085968e+001  1.222530e+001  2.948490e+001
    endloop
  endfacet
  facet normal  -0.000000e+000 -1.000000e+000  0.000000e+000
    outer loop
      vertex  5.178114e+001  1.222530e+001  2.772061e+001
      vertex  6.085968e+001  1.222530e+001  2.948490e+001
      vertex  6.078128e+001  1.222530e+001  2.992953e+001
    endloop
  endfacet
  facet normal  0.000000e+000 -1.000000e+000  0.000000e+000
    outer loop
      vertex  1.516228e+001  1.222530e+001  3.400000e+001
      vertex  1.449471e+001  1.222530e+001  3.392479e+001
      vertex  1.485553e+001  1.222530e+001  3.120978e+001
    endloop
  endfacet
  facet normal  0.000000e+000 -1.000000e+000  0.000000e+000
    outer loop
      vertex  1.516228e+001  1.222530e+001  3.400000e+001
      vertex  1.485553e+001  1.222530e+001  3.120978e+001
      vertex  1.530702e+001  1.222530e+001  3.120978e+001
    endloop
  endfacet
  facet normal  0.000000e+000 -1.000000e+000  0.000000e+000
    outer loop
      vertex  1.516228e+001  1.222530e+001  3.400000e+001
      vertex  1.530702e+001  1.222530e+001  3.120978e+001
      vertex  1.573128e+001  1.222530e+001  3.105536e+001
    endloop
  endfacet
  facet normal  0.000000e+000 -1.000000e+000  0.000000e+000
    outer loop
      vertex  1.516228e+001  1.222530e+001  3.400000e+001
      vertex  1.573128e+001  1.222530e+001  3.105536e+001
      vertex  1.607713e+001  1.222530e+001  3.076515e+001
    endloop
  endfacet
  facet normal  0.000000e+000 -1.000000e+000  0.000000e+000
    outer loop
      vertex  1.516228e+001  1.222530e+001  3.400000e+001
      vertex  1.607713e+001  1.222530e+001  3.076515e+001
      vertex  1.630288e+001  1.222530e+001  3.037415e+001
    endloop
  endfacet
  facet normal  0.000000e+000 -1.000000e+000  0.000000e+000
    outer loop
      vertex  1.516228e+001  1.222530e+001  3.400000e+001
      vertex  1.630288e+001  1.222530e+001  3.037415e+001
      vertex  2.538114e+001  1.222530e+001  2.772061e+001
    endloop
  endfacet
  facet normal  0.000000e+000 -1.000000e+000  0.000000e+000
    outer loop
      vertex  1.516228e+001  1.222530e+001  3.400000e+001
      vertex  2.538114e+001  1.222530e+001  2.772061e+001
      vertex  5.178114e+001  1.222530e+001  2.772061e+001
    endloop
  endfacet
  facet normal  0.000000e+000 -1.000000e+000  0.000000e+000
    outer loop
      vertex  1.516228e+001  1.222530e+001  3.400000e+001
      vertex  5.178114e+001  1.222530e+001  2.772061e+001
      vertex  6.078128e+001  1.222530e+001  2.992953e+001
    endloop
  endfacet
  facet normal  0.000000e+000 -1.000000e+000  0.000000e+000
    outer loop
      vertex  1.516228e+001  1.222530e+001  3.400000e+001
      vertex  6.078128e+001  1.222530e+001  2.992953e+001
      vertex  6.085968e+001  1.222530e+001  3.037415e+001
    endloop
  endfacet
  facet normal  0.000000e+000 -1.000000e+000  0.000000e+000
    outer loop
      vertex  1.516228e+001  1.222530e+001  3.400000e+001
      vertex  6.085968e+001  1.222530e+001  3.037415e+001
      vertex  6.108542e+001  1.222530e+001  3.076515e+001
    endloop
  endfacet
  facet normal  0.000000e+000 -1.000000e+000  0.000000e+000
    outer loop
      vertex  1.516228e+001  1.222530e+001  3.400000e+001
      vertex  6.108542e+001  1.222530e+001  3.076515e+001
      vertex  6.143127e+001  1.222530e+001  3.105536e+001
    endloop
  endfacet
  facet normal  0.000000e+000 -1.000000e+000  0.000000e+000
    outer loop
      vertex  1.516228e+001  1.222530e+001  3.400000e+001
      vertex  6.143127e+001  1.222530e+001  3.105536e+001
      vertex  6.185553e+001  1.222530e+001  3.120978e+001
    endloop
  endfacet
  facet normal  0.000000e+000 -1.000000e+000  0.000000e+000
    outer loop
      vertex  1.516228e+001  1.222530e+001  3.400000e+001
      vertex  6.185553e+001  1.222530e+001  3.120978e+001
      vertex  6.200000e+001  1.222530e+001  3.400000e+001
    endloop
  endfacet
  facet normal  0.000000e+000 -9.999999e-001  0.000000e+000
    outer loop
      vertex  2.538114e+001  1.222530e+001  2.772061e+001
      vertex  1.630288e+001  1.222530e+001  3.037415e+001
      vertex  1.638128e+001  1.222530e+001  2.992953e+001
    endloop
  endfacet
  facet normal  0.000000e+000 -1.000000e+000  -0.000000e+000
    outer loop
      vertex  2.538114e+001  1.222530e+001  2.772061e+001
      vertex  1.638128e+001  1.222530e+001  2.992953e+001
      vertex  1.630288e+001  1.222530e+001  2.948490e+001
    endloop
  endfacet
  facet normal  0.000000e+000 -1.000000e+000  -0.000000e+000
    outer loop
      vertex  2.538114e+001  1.222530e+001  2.772061e+001
      vertex  1.630288e+001  1.222530e+001  2.948490e+001
      vertex  1.607713e+001  1.222530e+001  2.909390e+001
    endloop
  endfacet
  facet normal  0.000000e+000 -1.000000e+000  -0.000000e+000
    outer loop
      vertex  2.538114e+001  1.222530e+001  2.772061e+001
      vertex  1.607713e+001  1.222530e+001  2.909390e+001
      vertex  1.573128e+001  1.222530e+001  2.880369e+001
    endloop
  endfacet
  facet normal  0.000000e+000 -1.000000e+000  -0.000000e+000
    outer loop
      vertex  2.538114e+001  1.222530e+001  2.772061e+001
      vertex  1.573128e+001  1.222530e+001  2.880369e+001
      vertex  1.530702e+001  1.222530e+001  2.864928e+001
    endloop
  endfacet
  facet normal  0.000000e+000 -1.000000e+000  0.000000e+000
    outer loop
      vertex  6.230702e+001  1.222530e+001  2.649277e+000
      vertex  6.185553e+001  1.222530e+001  2.649277e+000
      vertex  6.200000e+001  1.222530e+001  6.908536e-014
    endloop
  endfacet
  facet normal  0.000000e+000 -9.999999e-001  0.000000e+000
    outer loop
      vertex  6.230702e+001  1.222530e+001  2.649277e+000
      vertex  6.200000e+001  1.222530e+001  6.908536e-014
      vertex  6.266756e+001  1.222530e+001  7.521626e-002
    endloop
  endfacet
  facet normal  0.000000e+000 -1.000000e+000  0.000000e+000
    outer loop
      vertex  6.230702e+001  1.222530e+001  2.649277e+000
      vertex  6.266756e+001  1.222530e+001  7.521626e-002
      vertex  6.330165e+001  1.222530e+001  2.970934e-001
    endloop
  endfacet
  facet normal  0.000000e+000 -9.999999e-001  0.000000e+000
    outer loop
      vertex  6.230702e+001  1.222530e+001  2.649277e+000
      vertex  6.330165e+001  1.222530e+001  2.970934e-001
      vertex  6.387047e+001  1.222530e+001  6.545056e-001
    endloop
  endfacet
  facet normal  0.000000e+000 -1.000000e+000  0.000000e+000
    outer loop
      vertex  6.230702e+001  1.222530e+001  2.649277e+000
      vertex  6.387047e+001  1.222530e+001  6.545056e-001
      vertex  6.434550e+001  1.222530e+001  1.129531e+000
    endloop
  endfacet
  facet normal  0.000000e+000 -1.000000e+000  0.000000e+000
    outer loop
      vertex  6.230702e+001  1.222530e+001  2.649277e+000
      vertex  6.434550e+001  1.222530e+001  1.129531e+000
      vertex  6.470290e+001  1.222530e+001  1.698349e+000
    endloop
  endfacet
  facet normal  0.000000e+000 -1.000000e+000  0.000000e+000
    outer loop
      vertex  6.230702e+001  1.222530e+001  2.649277e+000
      vertex  6.470290e+001  1.222530e+001  1.698349e+000
      vertex  6.492478e+001  1.222530e+001  2.332437e+000
    endloop
  endfacet
  facet normal  0.000000e+000 -1.000000e+000  0.000000e+000
    outer loop
      vertex  6.230702e+001  1.222530e+001  2.649277e+000
      vertex  6.492478e+001  1.222530e+001  2.332437e+000
      vertex  6.273128e+001  1.222530e+001  2.803694e+000
    endloop
  endfacet
  facet normal  0.000000e+000 -1.000000e+000  0.000000e+000
    outer loop
      vertex  6.230702e+001  1.222530e+001  3.120978e+001
      vertex  6.273128e+001  1.222530e+001  3.105536e+001
      vertex  6.500000e+001  1.222530e+001  3.100000e+001
    endloop
  endfacet
  facet normal  0.000000e+000 -1.000000e+000  0.000000e+000
    outer loop
      vertex  6.230702e+001  1.222530e+001  3.120978e+001
      vertex  6.500000e+001  1.222530e+001  3.100000e+001
      vertex  6.492479e+001  1.222530e+001  3.166756e+001
    endloop
  endfacet
  facet normal  -0.000000e+000 -9.999999e-001  0.000000e+000
    outer loop
      vertex  6.230702e+001  1.222530e+001  3.120978e+001
      vertex  6.492479e+001  1.222530e+001  3.166756e+001
      vertex  6.470291e+001  1.222530e+001  3.230165e+001
    endloop
  endfacet
  facet normal  -0.000000e+000 -1.000000e+000  0.000000e+000
    outer loop
      vertex  6.230702e+001  1.222530e+001  3.120978e+001
      vertex  6.470291e+001  1.222530e+001  3.230165e+001
      vertex  6.434550e+001  1.222530e+001  3.287048e+001
    endloop
  endfacet
  facet normal  -0.000000e+000 -1.000000e+000  0.000000e+000
    outer loop
      vertex  6.230702e+001  1.222530e+001  3.120978e+001
      vertex  6.434550e+001  1.222530e+001  3.287048e+001
      vertex  6.387048e+001  1.222530e+001  3.334550e+001
    endloop
  endfacet
  facet normal  -0.000000e+000 -1.000000e+000  0.000000e+000
    outer loop
      vertex  6.230702e+001  1.222530e+001  3.120978e+001
      vertex  6.387048e+001  1.222530e+001  3.334550e+001
      vertex  6.330165e+001  1.222530e+001  3.370292e+001
    endloop
  endfacet
  facet normal  -0.000000e+000 -1.000000e+000  0.000000e+000
    outer loop
      vertex  6.230702e+001  1.222530e+001  3.120978e+001
      vertex  6.330165e+001  1.222530e+001  3.370292e+001
      vertex  6.266756e+001  1.222530e+001  3.392479e+001
    endloop
  endfacet
  facet normal  -0.000000e+000 -9.999999e-001  0.000000e+000
    outer loop
      vertex  6.230702e+001  1.222530e+001  3.120978e+001
      vertex  6.266756e+001  1.222530e+001  3.392479e+001
      vertex  6.200000e+001  1.222530e+001  3.400000e+001
    endloop
  endfacet
  facet normal  0.000000e+000 -1.000000e+000  -0.000000e+000
    outer loop
      vertex  6.230702e+001  1.222530e+001  3.120978e+001
      vertex  6.200000e+001  1.222530e+001  3.400000e+001
      vertex  6.185553e+001  1.222530e+001  3.120978e+001
    endloop
  endfacet
  facet normal  0.000000e+000 -1.000000e+000  0.000000e+000
    outer loop
      vertex  1.223749e+001  1.222530e+001  2.332437e+000
      vertex  1.245937e+001  1.222530e+001  1.698349e+000
      vertex  1.281678e+001  1.222530e+001  1.129531e+000
    endloop
  endfacet
  facet normal  0.000000e+000 -1.000000e+000  0.000000e+000
    outer loop
      vertex  1.223749e+001  1.222530e+001  2.332437e+000
      vertex  1.281678e+001  1.222530e+001  1.129531e+000
      vertex  1.329181e+001  1.222530e+001  6.545056e-001
    endloop
  endfacet
  facet normal  0.000000e+000 -1.000000e+000  0.000000e+000
    outer loop
      vertex  1.223749e+001  1.222530e+001  2.332437e+000
      vertex  1.329181e+001  1.222530e+001  6.545056e-001
      vertex  1.386063e+001  1.222530e+001  2.970934e-001
    endloop
  endfacet
  facet normal  0.000000e+000 -1.000000e+000  0.000000e+000
    outer loop
      vertex  1.223749e+001  1.222530e+001  2.332437e+000
      vertex  1.386063e+001  1.222530e+001  2.970934e-001
      vertex  1.449471e+001  1.222530e+001  7.521626e-002
    endloop
  endfacet
  facet normal  0.000000e+000 -1.000000e+000  0.000000e+000
    outer loop
      vertex  1.216228e+001  1.222530e+001  3.000000e+000
      vertex  1.223749e+001  1.222530e+001  2.332437e+000
      vertex  1.443128e+001  1.222530e+001  2.803694e+000
    endloop
  endfacet
  facet normal  0.000000e+000 -1.000000e+000  0.000000e+000
    outer loop
      vertex  1.216228e+001  1.222530e+001  3.000000e+000
      vertex  1.443128e+001  1.222530e+001  2.803694e+000
      vertex  1.408542e+001  1.222530e+001  3.093903e+000
    endloop
  endfacet
  facet normal  -0.000000e+000 -1.000000e+000  0.000000e+000
    outer loop
      vertex  1.216228e+001  1.222530e+001  3.000000e+000
      vertex  1.408542e+001  1.222530e+001  3.093903e+000
      vertex  1.385968e+001  1.222530e+001  3.484901e+000
    endloop
  endfacet
  facet normal  -0.000000e+000 -1.000000e+000  0.000000e+000
    outer loop
      vertex  1.216228e+001  1.222530e+001  3.000000e+000
      vertex  1.385968e+001  1.222530e+001  3.484901e+000
      vertex  1.378128e+001  1.222530e+001  3.929527e+000
    endloop
  endfacet
  facet normal  -0.000000e+000 -1.000000e+000  0.000000e+000
    outer loop
      vertex  1.216228e+001  1.222530e+001  3.000000e+000
      vertex  1.378128e+001  1.222530e+001  3.929527e+000
      vertex  1.385968e+001  1.222530e+001  4.374153e+000
    endloop
  endfacet
  facet normal  -0.000000e+000 -1.000000e+000  0.000000e+000
    outer loop
      vertex  1.216228e+001  1.222530e+001  3.000000e+000
      vertex  1.385968e+001  1.222530e+001  4.374153e+000
      vertex  1.408542e+001  1.222530e+001  4.765151e+000
    endloop
  endfacet
  facet normal  -0.000000e+000 -1.000000e+000  0.000000e+000
    outer loop
      vertex  1.216228e+001  1.222530e+001  3.000000e+000
      vertex  1.408542e+001  1.222530e+001  4.765151e+000
      vertex  1.485553e+001  1.222530e+001  2.864928e+001
    endloop
  endfacet
  facet normal  -0.000000e+000 -1.000000e+000  0.000000e+000
    outer loop
      vertex  1.216228e+001  1.222530e+001  3.000000e+000
      vertex  1.485553e+001  1.222530e+001  2.864928e+001
      vertex  1.443128e+001  1.222530e+001  2.880369e+001
    endloop
  endfacet
  facet normal  -0.000000e+000 -1.000000e+000  0.000000e+000
    outer loop
      vertex  1.216228e+001  1.222530e+001  3.000000e+000
      vertex  1.443128e+001  1.222530e+001  2.880369e+001
      vertex  1.408542e+001  1.222530e+001  2.909390e+001
    endloop
  endfacet
  facet normal  -0.000000e+000 -1.000000e+000  0.000000e+000
    outer loop
      vertex  1.216228e+001  1.222530e+001  3.000000e+000
      vertex  1.408542e+001  1.222530e+001  2.909390e+001
      vertex  1.385968e+001  1.222530e+001  2.948490e+001
    endloop
  endfacet
  facet normal  -0.000000e+000 -1.000000e+000  0.000000e+000
    outer loop
      vertex  1.216228e+001  1.222530e+001  3.000000e+000
      vertex  1.385968e+001  1.222530e+001  2.948490e+001
      vertex  1.378128e+001  1.222530e+001  2.992953e+001
    endloop
  endfacet
  facet normal  0.000000e+000 -9.999999e-001  0.000000e+000
    outer loop
      vertex  1.223749e+001  1.222530e+001  3.166756e+001
      vertex  1.216228e+001  1.222530e+001  3.100000e+001
      vertex  1.443128e+001  1.222530e+001  3.105536e+001
    endloop
  endfacet
  facet normal  0.000000e+000 -1.000000e+000  0.000000e+000
    outer loop
      vertex  1.223749e+001  1.222530e+001  3.166756e+001
      vertex  1.443128e+001  1.222530e+001  3.105536e+001
      vertex  1.485553e+001  1.222530e+001  3.120978e+001
    endloop
  endfacet
  facet normal  0.000000e+000 -1.000000e+000  0.000000e+000
    outer loop
      vertex  1.223749e+001  1.222530e+001  3.166756e+001
      vertex  1.485553e+001  1.222530e+001  3.120978e+001
      vertex  1.449471e+001  1.222530e+001  3.392479e+001
    endloop
  endfacet
  facet normal  0.000000e+000 -1.000000e+000  0.000000e+000
    outer loop
      vertex  1.223749e+001  1.222530e+001  3.166756e+001
      vertex  1.449471e+001  1.222530e+001  3.392479e+001
      vertex  1.386063e+001  1.222530e+001  3.370291e+001
    endloop
  endfacet
  facet normal  0.000000e+000 -1.000000e+000  0.000000e+000
    outer loop
      vertex  1.223749e+001  1.222530e+001  3.166756e+001
      vertex  1.386063e+001  1.222530e+001  3.370291e+001
      vertex  1.329181e+001  1.222530e+001  3.334549e+001
    endloop
  endfacet
  facet normal  0.000000e+000 -1.000000e+000  0.000000e+000
    outer loop
      vertex  1.223749e+001  1.222530e+001  3.166756e+001
      vertex  1.329181e+001  1.222530e+001  3.334549e+001
      vertex  1.281678e+001  1.222530e+001  3.287047e+001
    endloop
  endfacet
  facet normal  0.000000e+000 -9.999999e-001  0.000000e+000
    outer loop
      vertex  1.223749e+001  1.222530e+001  3.166756e+001
      vertex  1.281678e+001  1.222530e+001  3.287047e+001
      vertex  1.245937e+001  1.222530e+001  3.230165e+001
    endloop
  endfacet
  facet normal  0.000000e+000 -1.000000e+000  0.000000e+000
    outer loop
      vertex  1.216228e+001  1.222530e+001  3.100000e+001
      vertex  1.216228e+001  1.222530e+001  3.000000e+000
      vertex  1.378128e+001  1.222530e+001  2.992953e+001
    endloop
  endfacet
  facet normal  0.000000e+000 -1.000000e+000  0.000000e+000
    outer loop
      vertex  1.216228e+001  1.222530e+001  3.100000e+001
      vertex  1.378128e+001  1.222530e+001  2.992953e+001
      vertex  1.385968e+001  1.222530e+001  3.037415e+001
    endloop
  endfacet
  facet normal  0.000000e+000 -1.000000e+000  0.000000e+000
    outer loop
      vertex  1.216228e+001  1.222530e+001  3.100000e+001
      vertex  1.385968e+001  1.222530e+001  3.037415e+001
      vertex  1.408542e+001  1.222530e+001  3.076515e+001
    endloop
  endfacet
  facet normal  0.000000e+000 -1.000000e+000  0.000000e+000
    outer loop
      vertex  1.216228e+001  1.222530e+001  3.100000e+001
      vertex  1.408542e+001  1.222530e+001  3.076515e+001
      vertex  1.443128e+001  1.222530e+001  3.105536e+001
    endloop
  endfacet
  facet normal  0.000000e+000 -1.000000e+000  -0.000000e+000
    outer loop
      vertex  6.500000e+001  1.222530e+001  3.000000e+000
      vertex  6.338128e+001  1.222530e+001  2.992953e+001
      vertex  6.330288e+001  1.222530e+001  2.948490e+001
    endloop
  endfacet
  facet normal  0.000000e+000 -1.000000e+000  -0.000000e+000
    outer loop
      vertex  6.500000e+001  1.222530e+001  3.000000e+000
      vertex  6.330288e+001  1.222530e+001  2.948490e+001
      vertex  6.307713e+001  1.222530e+001  2.909390e+001
    endloop
  endfacet
  facet normal  0.000000e+000 -1.000000e+000  -0.000000e+000
    outer loop
      vertex  6.500000e+001  1.222530e+001  3.000000e+000
      vertex  6.307713e+001  1.222530e+001  2.909390e+001
      vertex  6.273128e+001  1.222530e+001  2.880369e+001
    endloop
  endfacet
  facet normal  0.000000e+000 -1.000000e+000  -0.000000e+000
    outer loop
      vertex  6.500000e+001  1.222530e+001  3.000000e+000
      vertex  6.273128e+001  1.222530e+001  2.880369e+001
      vertex  6.230702e+001  1.222530e+001  2.864928e+001
    endloop
  endfacet
  facet normal  0.000000e+000 -1.000000e+000  0.000000e+000
    outer loop
      vertex  6.500000e+001  1.222530e+001  3.000000e+000
      vertex  6.230702e+001  1.222530e+001  2.864928e+001
      vertex  6.307713e+001  1.222530e+001  4.765151e+000
    endloop
  endfacet
  facet normal  0.000000e+000 -1.000000e+000  0.000000e+000
    outer loop
      vertex  6.500000e+001  1.222530e+001  3.000000e+000
      vertex  6.307713e+001  1.222530e+001  4.765151e+000
      vertex  6.330288e+001  1.222530e+001  4.374153e+000
    endloop
  endfacet
  facet normal  0.000000e+000 -1.000000e+000  0.000000e+000
    outer loop
      vertex  6.500000e+001  1.222530e+001  3.000000e+000
      vertex  6.330288e+001  1.222530e+001  4.374153e+000
      vertex  6.338128e+001  1.222530e+001  3.929527e+000
    endloop
  endfacet
  facet normal  0.000000e+000 -1.000000e+000  -0.000000e+000
    outer loop
      vertex  6.500000e+001  1.222530e+001  3.000000e+000
      vertex  6.338128e+001  1.222530e+001  3.929527e+000
      vertex  6.330288e+001  1.222530e+001  3.484901e+000
    endloop
  endfacet
  facet normal  0.000000e+000 -1.000000e+000  -0.000000e+000
    outer loop
      vertex  6.500000e+001  1.222530e+001  3.000000e+000
      vertex  6.330288e+001  1.222530e+001  3.484901e+000
      vertex  6.307713e+001  1.222530e+001  3.093903e+000
    endloop
  endfacet
  facet normal  0.000000e+000 -1.000000e+000  -0.000000e+000
    outer loop
      vertex  6.500000e+001  1.222530e+001  3.000000e+000
      vertex  6.307713e+001  1.222530e+001  3.093903e+000
      vertex  6.273128e+001  1.222530e+001  2.803694e+000
    endloop
  endfacet
  facet normal  0.000000e+000 -1.000000e+000  0.000000e+000
    outer loop
      vertex  6.500000e+001  1.222530e+001  3.000000e+000
      vertex  6.273128e+001  1.222530e+001  2.803694e+000
      vertex  6.492478e+001  1.222530e+001  2.332437e+000
    endloop
  endfacet
  facet normal  0.000000e+000 -1.000000e+000  0.000000e+000
    outer loop
      vertex  6.500000e+001  1.222530e+001  3.100000e+001
      vertex  6.273128e+001  1.222530e+001  3.105536e+001
      vertex  6.307713e+001  1.222530e+001  3.076515e+001
    endloop
  endfacet
  facet normal  0.000000e+000 -1.000000e+000  0.000000e+000
    outer loop
      vertex  6.500000e+001  1.222530e+001  3.100000e+001
      vertex  6.307713e+001  1.222530e+001  3.076515e+001
      vertex  6.330288e+001  1.222530e+001  3.037415e+001
    endloop
  endfacet
  facet normal  0.000000e+000 -1.000000e+000  0.000000e+000
    outer loop
      vertex  6.500000e+001  1.222530e+001  3.100000e+001
      vertex  6.330288e+001  1.222530e+001  3.037415e+001
      vertex  6.338128e+001  1.222530e+001  2.992953e+001
    endloop
  endfacet
  facet normal  0.000000e+000 -1.000000e+000  0.000000e+000
    outer loop
      vertex  6.500000e+001  1.222530e+001  3.100000e+001
      vertex  6.338128e+001  1.222530e+001  2.992953e+001
      vertex  6.500000e+001  1.222530e+001  3.000000e+000
    endloop
  endfacet
  facet normal  0.000000e+000 -1.000000e+000  0.000000e+000
    outer loop
      vertex  5.178114e+001  1.222530e+001  2.772061e+001
      vertex  5.178114e+001  1.222530e+001  6.300000e+000
      vertex  6.185553e+001  1.222530e+001  2.864928e+001
    endloop
  endfacet
  facet normal  0.000000e+000 -9.999999e-001  -0.000000e+000
    outer loop
      vertex  6.185553e+001  1.222530e+001  2.864928e+001
      vertex  5.178114e+001  1.222530e+001  6.300000e+000
      vertex  6.185553e+001  1.222530e+001  5.209777e+000
    endloop
  endfacet
  facet normal  0.000000e+000 -1.000000e+000  0.000000e+000
    outer loop
      vertex  6.185553e+001  1.222530e+001  2.864928e+001
      vertex  6.185553e+001  1.222530e+001  5.209777e+000
      vertex  6.230702e+001  1.222530e+001  2.864928e+001
    endloop
  endfacet
  facet normal  0.000000e+000 -1.000000e+000  -0.000000e+000
    outer loop
      vertex  6.230702e+001  1.222530e+001  2.864928e+001
      vertex  6.185553e+001  1.222530e+001  5.209777e+000
      vertex  6.230702e+001  1.222530e+001  5.209777e+000
    endloop
  endfacet
  facet normal  0.000000e+000 -1.000000e+000  0.000000e+000
    outer loop
      vertex  6.230702e+001  1.222530e+001  2.864928e+001
      vertex  6.230702e+001  1.222530e+001  5.209777e+000
      vertex  6.273128e+001  1.222530e+001  5.055360e+000
    endloop
  endfacet
  facet normal  0.000000e+000 -9.999999e-001  -0.000000e+000
    outer loop
      vertex  2.538114e+001  1.222530e+001  6.300000e+000
      vertex  2.538114e+001  1.222530e+001  2.772061e+001
      vertex  1.530702e+001  1.222530e+001  5.209777e+000
    endloop
  endfacet
  facet normal  0.000000e+000 -1.000000e+000  0.000000e+000
    outer loop
      vertex  1.530702e+001  1.222530e+001  5.209777e+000
      vertex  2.538114e+001  1.222530e+001  2.772061e+001
      vertex  1.530702e+001  1.222530e+001  2.864928e+001
    endloop
  endfacet
  facet normal  0.000000e+000 -1.000000e+000  -0.000000e+000
    outer loop
      vertex  1.530702e+001  1.222530e+001  5.209777e+000
      vertex  1.530702e+001  1.222530e+001  2.864928e+001
      vertex  1.485553e+001  1.222530e+001  5.209777e+000
    endloop
  endfacet
  facet normal  0.000000e+000 -1.000000e+000  0.000000e+000
    outer loop
      vertex  1.485553e+001  1.222530e+001  5.209777e+000
      vertex  1.530702e+001  1.222530e+001  2.864928e+001
      vertex  1.485553e+001  1.222530e+001  2.864928e+001
    endloop
  endfacet
  facet normal  0.000000e+000 -1.000000e+000  -0.000000e+000
    outer loop
      vertex  1.485553e+001  1.222530e+001  5.209777e+000
      vertex  1.485553e+001  1.222530e+001  2.864928e+001
      vertex  1.443128e+001  1.222530e+001  5.055360e+000
    endloop
  endfacet
  facet normal -1.000000e+000  -0.000000e+000  0.000000e+000
    outer loop
      vertex  1.216228e+001  1.222530e+001  3.100000e+001
      vertex  1.216228e+001  1.722530e+001  3.100000e+001
      vertex  1.216228e+001  1.222530e+001  3.000000e+000
    endloop
  endfacet
  facet normal -1.000000e+000  0.000000e+000  0.000000e+000
    outer loop
      vertex  1.216228e+001  1.222530e+001  3.000000e+000
      vertex  1.216228e+001  1.722530e+001  3.100000e+001
      vertex  1.216228e+001  1.722530e+001  3.000000e+000
    endloop
  endfacet
  facet normal -9.937122e-001  0.000000e+000  1.119646e-001
    outer loop
      vertex  1.216228e+001  1.722530e+001  3.100000e+001
      vertex  1.216228e+001  1.222530e+001  3.100000e+001
      vertex  1.223749e+001  1.722530e+001  3.166756e+001
    endloop
  endfacet
  facet normal -9.937122e-001  0.000000e+000  1.119646e-001
    outer loop
      vertex  1.223749e+001  1.722530e+001  3.166756e+001
      vertex  1.216228e+001  1.222530e+001  3.100000e+001
      vertex  1.223749e+001  1.222530e+001  3.166756e+001
    endloop
  endfacet
  facet normal -9.438834e-001  0.000000e+000  3.302790e-001
    outer loop
      vertex  1.223749e+001  1.722530e+001  3.166756e+001
      vertex  1.223749e+001  1.222530e+001  3.166756e+001
      vertex  1.245937e+001  1.722530e+001  3.230165e+001
    endloop
  endfacet
  facet normal -9.438834e-001  0.000000e+000  3.302790e-001
    outer loop
      vertex  1.245937e+001  1.722530e+001  3.230165e+001
      vertex  1.223749e+001  1.222530e+001  3.166756e+001
      vertex  1.245937e+001  1.222530e+001  3.230165e+001
    endloop
  endfacet
  facet normal -8.467236e-001  0.000000e+000  5.320330e-001
    outer loop
      vertex  1.245937e+001  1.722530e+001  3.230165e+001
      vertex  1.245937e+001  1.222530e+001  3.230165e+001
      vertex  1.281678e+001  1.722530e+001  3.287047e+001
    endloop
  endfacet
  facet normal -8.467236e-001  0.000000e+000  5.320330e-001
    outer loop
      vertex  1.281678e+001  1.722530e+001  3.287047e+001
      vertex  1.245937e+001  1.222530e+001  3.230165e+001
      vertex  1.281678e+001  1.222530e+001  3.287047e+001
    endloop
  endfacet
  facet normal -7.071068e-001  0.000000e+000  7.071068e-001
    outer loop
      vertex  1.281678e+001  1.722530e+001  3.287047e+001
      vertex  1.281678e+001  1.222530e+001  3.287047e+001
      vertex  1.329181e+001  1.722530e+001  3.334549e+001
    endloop
  endfacet
  facet normal -7.071068e-001  0.000000e+000  7.071068e-001
    outer loop
      vertex  1.329181e+001  1.722530e+001  3.334549e+001
      vertex  1.281678e+001  1.222530e+001  3.287047e+001
      vertex  1.329181e+001  1.222530e+001  3.334549e+001
    endloop
  endfacet
  facet normal -5.320343e-001  0.000000e+000  8.467227e-001
    outer loop
      vertex  1.329181e+001  1.722530e+001  3.334549e+001
      vertex  1.329181e+001  1.222530e+001  3.334549e+001
      vertex  1.386063e+001  1.722530e+001  3.370291e+001
    endloop
  endfacet
  facet normal -5.320343e-001  0.000000e+000  8.467227e-001
    outer loop
      vertex  1.386063e+001  1.722530e+001  3.370291e+001
      vertex  1.329181e+001  1.222530e+001  3.334549e+001
      vertex  1.386063e+001  1.222530e+001  3.370291e+001
    endloop
  endfacet
  facet normal -3.302802e-001  0.000000e+000  9.438829e-001
    outer loop
      vertex  1.386063e+001  1.722530e+001  3.370291e+001
      vertex  1.386063e+001  1.222530e+001  3.370291e+001
      vertex  1.449471e+001  1.722530e+001  3.392479e+001
    endloop
  endfacet
  facet normal -3.302802e-001  0.000000e+000  9.438829e-001
    outer loop
      vertex  1.449471e+001  1.722530e+001  3.392479e+001
      vertex  1.386063e+001  1.222530e+001  3.370291e+001
      vertex  1.449471e+001  1.222530e+001  3.392479e+001
    endloop
  endfacet
  facet normal -1.119618e-001  0.000000e+000  9.937125e-001
    outer loop
      vertex  1.449471e+001  1.722530e+001  3.392479e+001
      vertex  1.449471e+001  1.222530e+001  3.392479e+001
      vertex  1.516228e+001  1.722530e+001  3.400000e+001
    endloop
  endfacet
  facet normal -1.119618e-001  0.000000e+000  9.937125e-001
    outer loop
      vertex  1.516228e+001  1.722530e+001  3.400000e+001
      vertex  1.449471e+001  1.222530e+001  3.392479e+001
      vertex  1.516228e+001  1.222530e+001  3.400000e+001
    endloop
  endfacet
  facet normal -1.119645e-001  6.972490e-015 -9.937122e-001
    outer loop
      vertex  1.516228e+001  1.722530e+001  1.061373e-013
      vertex  1.516228e+001  1.222530e+001  7.105427e-014
      vertex  1.449471e+001  1.722530e+001  7.521626e-002
    endloop
  endfacet
  facet normal -1.119645e-001  -0.000000e+000 -9.937122e-001
    outer loop
      vertex  1.449471e+001  1.722530e+001  7.521626e-002
      vertex  1.516228e+001  1.222530e+001  7.105427e-014
      vertex  1.449471e+001  1.222530e+001  7.521626e-002
    endloop
  endfacet
  facet normal -3.302790e-001  0.000000e+000 -9.438834e-001
    outer loop
      vertex  1.449471e+001  1.722530e+001  7.521626e-002
      vertex  1.449471e+001  1.222530e+001  7.521626e-002
      vertex  1.386063e+001  1.722530e+001  2.970934e-001
    endloop
  endfacet
  facet normal -3.302790e-001  -0.000000e+000 -9.438834e-001
    outer loop
      vertex  1.386063e+001  1.722530e+001  2.970934e-001
      vertex  1.449471e+001  1.222530e+001  7.521626e-002
      vertex  1.386063e+001  1.222530e+001  2.970934e-001
    endloop
  endfacet
  facet normal -5.320321e-001  0.000000e+000 -8.467242e-001
    outer loop
      vertex  1.386063e+001  1.722530e+001  2.970934e-001
      vertex  1.386063e+001  1.222530e+001  2.970934e-001
      vertex  1.329181e+001  1.722530e+001  6.545056e-001
    endloop
  endfacet
  facet normal -5.320321e-001  -0.000000e+000 -8.467242e-001
    outer loop
      vertex  1.329181e+001  1.722530e+001  6.545056e-001
      vertex  1.386063e+001  1.222530e+001  2.970934e-001
      vertex  1.329181e+001  1.222530e+001  6.545056e-001
    endloop
  endfacet
  facet normal -7.071066e-001  0.000000e+000 -7.071069e-001
    outer loop
      vertex  1.329181e+001  1.722530e+001  6.545056e-001
      vertex  1.329181e+001  1.222530e+001  6.545056e-001
      vertex  1.281678e+001  1.722530e+001  1.129531e+000
    endloop
  endfacet
  facet normal -7.071066e-001  -0.000000e+000 -7.071069e-001
    outer loop
      vertex  1.281678e+001  1.722530e+001  1.129531e+000
      vertex  1.329181e+001  1.222530e+001  6.545056e-001
      vertex  1.281678e+001  1.222530e+001  1.129531e+000
    endloop
  endfacet
  facet normal -8.467242e-001  0.000000e+000 -5.320323e-001
    outer loop
      vertex  1.281678e+001  1.722530e+001  1.129531e+000
      vertex  1.281678e+001  1.222530e+001  1.129531e+000
      vertex  1.245937e+001  1.722530e+001  1.698349e+000
    endloop
  endfacet
  facet normal -8.467242e-001  -0.000000e+000 -5.320323e-001
    outer loop
      vertex  1.245937e+001  1.722530e+001  1.698349e+000
      vertex  1.281678e+001  1.222530e+001  1.129531e+000
      vertex  1.245937e+001  1.222530e+001  1.698349e+000
    endloop
  endfacet
  facet normal -9.438834e-001  0.000000e+000 -3.302790e-001
    outer loop
      vertex  1.245937e+001  1.722530e+001  1.698349e+000
      vertex  1.245937e+001  1.222530e+001  1.698349e+000
      vertex  1.223749e+001  1.722530e+001  2.332437e+000
    endloop
  endfacet
  facet normal -9.438834e-001  -0.000000e+000 -3.302790e-001
    outer loop
      vertex  1.223749e+001  1.722530e+001  2.332437e+000
      vertex  1.245937e+001  1.222530e+001  1.698349e+000
      vertex  1.223749e+001  1.222530e+001  2.332437e+000
    endloop
  endfacet
  facet normal -9.937122e-001  0.000000e+000 -1.119645e-001
    outer loop
      vertex  1.223749e+001  1.722530e+001  2.332437e+000
      vertex  1.223749e+001  1.222530e+001  2.332437e+000
      vertex  1.216228e+001  1.722530e+001  3.000000e+000
    endloop
  endfacet
  facet normal -9.937122e-001  -0.000000e+000 -1.119645e-001
    outer loop
      vertex  1.216228e+001  1.722530e+001  3.000000e+000
      vertex  1.223749e+001  1.222530e+001  2.332437e+000
      vertex  1.216228e+001  1.222530e+001  3.000000e+000
    endloop
  endfacet
  facet normal  0.000000e+000  0.000000e+000  1.000000e+000
    outer loop
      vertex  6.200000e+001  1.222530e+001  3.400000e+001
      vertex  6.200000e+001  1.522530e+001  3.400000e+001
      vertex  1.516228e+001  1.222530e+001  3.400000e+001
    endloop
  endfacet
  facet normal  0.000000e+000  0.000000e+000  1.000000e+000
    outer loop
      vertex  1.516228e+001  1.222530e+001  3.400000e+001
      vertex  6.200000e+001  1.522530e+001  3.400000e+001
      vertex  6.200000e+001  1.722530e+001  3.400000e+001
    endloop
  endfacet
  facet normal  0.000000e+000  0.000000e+000  1.000000e+000
    outer loop
      vertex  1.516228e+001  1.222530e+001  3.400000e+001
      vertex  6.200000e+001  1.722530e+001  3.400000e+001
      vertex  1.516228e+001  1.722530e+001  3.400000e+001
    endloop
  endfacet
  facet normal -4.203698e-017  7.016610e-015 -1.000000e+000
    outer loop
      vertex  1.516228e+001  1.222530e+001  7.105427e-014
      vertex  1.516228e+001  1.722530e+001  1.061373e-013
      vertex  6.200000e+001  1.222530e+001  6.908536e-014
    endloop
  endfacet
  facet normal -2.565036e-017  7.170112e-015 -1.000000e+000
    outer loop
      vertex  6.200000e+001  1.222530e+001  6.908536e-014
      vertex  1.516228e+001  1.722530e+001  1.061373e-013
      vertex  6.200000e+001  1.722530e+001  1.049359e-013
    endloop
  endfacet
  facet normal  9.937119e-001  0.000000e+000 -1.119673e-001
    outer loop
      vertex  6.500000e+001  1.722530e+001  3.000000e+000
      vertex  6.500000e+001  1.222530e+001  3.000000e+000
      vertex  6.492478e+001  1.722530e+001  2.332437e+000
    endloop
  endfacet
  facet normal  9.937119e-001  0.000000e+000 -1.119673e-001
    outer loop
      vertex  6.492478e+001  1.722530e+001  2.332437e+000
      vertex  6.500000e+001  1.222530e+001  3.000000e+000
      vertex  6.492478e+001  1.222530e+001  2.332437e+000
    endloop
  endfacet
  facet normal  9.438829e-001  0.000000e+000 -3.302802e-001
    outer loop
      vertex  6.492478e+001  1.722530e+001  2.332437e+000
      vertex  6.492478e+001  1.222530e+001  2.332437e+000
      vertex  6.470290e+001  1.722530e+001  1.698349e+000
    endloop
  endfacet
  facet normal  9.438829e-001  0.000000e+000 -3.302802e-001
    outer loop
      vertex  6.470290e+001  1.722530e+001  1.698349e+000
      vertex  6.492478e+001  1.222530e+001  2.332437e+000
      vertex  6.470290e+001  1.222530e+001  1.698349e+000
    endloop
  endfacet
  facet normal  8.467280e-001  0.000000e+000 -5.320262e-001
    outer loop
      vertex  6.470290e+001  1.722530e+001  1.698349e+000
      vertex  6.470290e+001  1.222530e+001  1.698349e+000
      vertex  6.434550e+001  1.722530e+001  1.129531e+000
    endloop
  endfacet
  facet normal  8.467280e-001  0.000000e+000 -5.320262e-001
    outer loop
      vertex  6.434550e+001  1.722530e+001  1.129531e+000
      vertex  6.470290e+001  1.222530e+001  1.698349e+000
      vertex  6.434550e+001  1.222530e+001  1.129531e+000
    endloop
  endfacet
  facet normal  7.071038e-001  0.000000e+000 -7.071098e-001
    outer loop
      vertex  6.434550e+001  1.722530e+001  1.129531e+000
      vertex  6.434550e+001  1.222530e+001  1.129531e+000
      vertex  6.387047e+001  1.722530e+001  6.545056e-001
    endloop
  endfacet
  facet normal  7.071038e-001  0.000000e+000 -7.071098e-001
    outer loop
      vertex  6.387047e+001  1.722530e+001  6.545056e-001
      vertex  6.434550e+001  1.222530e+001  1.129531e+000
      vertex  6.387047e+001  1.222530e+001  6.545056e-001
    endloop
  endfacet
  facet normal  5.320328e-001  0.000000e+000 -8.467238e-001
    outer loop
      vertex  6.387047e+001  1.722530e+001  6.545056e-001
      vertex  6.387047e+001  1.222530e+001  6.545056e-001
      vertex  6.330165e+001  1.722530e+001  2.970934e-001
    endloop
  endfacet
  facet normal  5.320328e-001  0.000000e+000 -8.467238e-001
    outer loop
      vertex  6.330165e+001  1.722530e+001  2.970934e-001
      vertex  6.387047e+001  1.222530e+001  6.545056e-001
      vertex  6.330165e+001  1.222530e+001  2.970934e-001
    endloop
  endfacet
  facet normal  3.302799e-001  0.000000e+000 -9.438831e-001
    outer loop
      vertex  6.330165e+001  1.722530e+001  2.970934e-001
      vertex  6.330165e+001  1.222530e+001  2.970934e-001
      vertex  6.266756e+001  1.722530e+001  7.521626e-002
    endloop
  endfacet
  facet normal  3.302799e-001  0.000000e+000 -9.438831e-001
    outer loop
      vertex  6.266756e+001  1.722530e+001  7.521626e-002
      vertex  6.330165e+001  1.222530e+001  2.970934e-001
      vertex  6.266756e+001  1.222530e+001  7.521626e-002
    endloop
  endfacet
  facet normal  1.119642e-001  0.000000e+000 -9.937122e-001
    outer loop
      vertex  6.266756e+001  1.722530e+001  7.521626e-002
      vertex  6.266756e+001  1.222530e+001  7.521626e-002
      vertex  6.200000e+001  1.722530e+001  1.049359e-013
    endloop
  endfacet
  facet normal  1.119642e-001  7.125029e-015 -9.937122e-001
    outer loop
      vertex  6.200000e+001  1.722530e+001  1.049359e-013
      vertex  6.266756e+001  1.222530e+001  7.521626e-002
      vertex  6.200000e+001  1.222530e+001  6.908536e-014
    endloop
  endfacet
  facet normal  1.000000e+000  -0.000000e+000  0.000000e+000
    outer loop
      vertex  6.500000e+001  1.722530e+001  3.100000e+001
      vertex  6.500000e+001  1.522530e+001  3.100000e+001
      vertex  6.500000e+001  1.722530e+001  3.000000e+000
    endloop
  endfacet
  facet normal  1.000000e+000  0.000000e+000  0.000000e+000
    outer loop
      vertex  6.500000e+001  1.722530e+001  3.000000e+000
      vertex  6.500000e+001  1.522530e+001  3.100000e+001
      vertex  6.500000e+001  1.222530e+001  3.100000e+001
    endloop
  endfacet
  facet normal  1.000000e+000  0.000000e+000  0.000000e+000
    outer loop
      vertex  6.500000e+001  1.722530e+001  3.000000e+000
      vertex  6.500000e+001  1.222530e+001  3.100000e+001
      vertex  6.500000e+001  1.222530e+001  3.000000e+000
    endloop
  endfacet
  facet normal  3.420239e-001  0.000000e+000 -9.396912e-001
    outer loop
      vertex  1.485553e+001  1.722530e+001  3.120978e+001
      vertex  1.443128e+001  1.222530e+001  3.105536e+001
      vertex  1.443128e+001  1.722530e+001  3.105536e+001
    endloop
  endfacet
  facet normal  6.427873e-001  0.000000e+000 -7.660446e-001
    outer loop
      vertex  1.443128e+001  1.722530e+001  3.105536e+001
      vertex  1.443128e+001  1.222530e+001  3.105536e+001
      vertex  1.408542e+001  1.222530e+001  3.076515e+001
    endloop
  endfacet
  facet normal  6.427873e-001  0.000000e+000 -7.660446e-001
    outer loop
      vertex  1.443128e+001  1.722530e+001  3.105536e+001
      vertex  1.408542e+001  1.222530e+001  3.076515e+001
      vertex  1.408542e+001  1.722530e+001  3.076515e+001
    endloop
  endfacet
  facet normal  8.660243e-001  0.000000e+000 -5.000018e-001
    outer loop
      vertex  1.408542e+001  1.722530e+001  3.076515e+001
      vertex  1.408542e+001  1.222530e+001  3.076515e+001
      vertex  1.385968e+001  1.222530e+001  3.037415e+001
    endloop
  endfacet
  facet normal  8.660243e-001  0.000000e+000 -5.000018e-001
    outer loop
      vertex  1.408542e+001  1.722530e+001  3.076515e+001
      vertex  1.385968e+001  1.222530e+001  3.037415e+001
      vertex  1.385968e+001  1.722530e+001  3.037415e+001
    endloop
  endfacet
  facet normal  9.848081e-001  0.000000e+000 -1.736464e-001
    outer loop
      vertex  1.385968e+001  1.722530e+001  3.037415e+001
      vertex  1.385968e+001  1.222530e+001  3.037415e+001
      vertex  1.378128e+001  1.222530e+001  2.992953e+001
    endloop
  endfacet
  facet normal  9.848081e-001  0.000000e+000 -1.736464e-001
    outer loop
      vertex  1.385968e+001  1.722530e+001  3.037415e+001
      vertex  1.378128e+001  1.222530e+001  2.992953e+001
      vertex  1.378128e+001  1.722530e+001  2.992953e+001
    endloop
  endfacet
  facet normal  3.420239e-001  0.000000e+000 -9.396912e-001
    outer loop
      vertex  1.443128e+001  1.222530e+001  3.105536e+001
      vertex  1.485553e+001  1.722530e+001  3.120978e+001
      vertex  1.485553e+001  1.222530e+001  3.120978e+001
    endloop
  endfacet
  facet normal  0.000000e+000  0.000000e+000 -1.000000e+000
    outer loop
      vertex  1.485553e+001  1.222530e+001  3.120978e+001
      vertex  1.485553e+001  1.722530e+001  3.120978e+001
      vertex  1.530702e+001  1.722530e+001  3.120978e+001
    endloop
  endfacet
  facet normal  0.000000e+000  -0.000000e+000 -1.000000e+000
    outer loop
      vertex  1.485553e+001  1.222530e+001  3.120978e+001
      vertex  1.530702e+001  1.722530e+001  3.120978e+001
      vertex  1.530702e+001  1.222530e+001  3.120978e+001
    endloop
  endfacet
  facet normal -3.420239e-001  0.000000e+000 -9.396912e-001
    outer loop
      vertex  1.530702e+001  1.222530e+001  3.120978e+001
      vertex  1.530702e+001  1.722530e+001  3.120978e+001
      vertex  1.573128e+001  1.722530e+001  3.105536e+001
    endloop
  endfacet
  facet normal -3.420239e-001  -0.000000e+000 -9.396912e-001
    outer loop
      vertex  1.530702e+001  1.222530e+001  3.120978e+001
      vertex  1.573128e+001  1.722530e+001  3.105536e+001
      vertex  1.573128e+001  1.222530e+001  3.105536e+001
    endloop
  endfacet
  facet normal -6.427884e-001  0.000000e+000 -7.660438e-001
    outer loop
      vertex  1.573128e+001  1.222530e+001  3.105536e+001
      vertex  1.573128e+001  1.722530e+001  3.105536e+001
      vertex  1.607713e+001  1.722530e+001  3.076515e+001
    endloop
  endfacet
  facet normal -6.427884e-001  -0.000000e+000 -7.660438e-001
    outer loop
      vertex  1.573128e+001  1.222530e+001  3.105536e+001
      vertex  1.607713e+001  1.722530e+001  3.076515e+001
      vertex  1.607713e+001  1.222530e+001  3.076515e+001
    endloop
  endfacet
  facet normal -8.660235e-001  0.000000e+000 -5.000035e-001
    outer loop
      vertex  1.607713e+001  1.222530e+001  3.076515e+001
      vertex  1.607713e+001  1.722530e+001  3.076515e+001
      vertex  1.630288e+001  1.722530e+001  3.037415e+001
    endloop
  endfacet
  facet normal -8.660235e-001  -0.000000e+000 -5.000035e-001
    outer loop
      vertex  1.607713e+001  1.222530e+001  3.076515e+001
      vertex  1.630288e+001  1.722530e+001  3.037415e+001
      vertex  1.630288e+001  1.222530e+001  3.037415e+001
    endloop
  endfacet
  facet normal -9.848077e-001  0.000000e+000 -1.736484e-001
    outer loop
      vertex  1.630288e+001  1.222530e+001  3.037415e+001
      vertex  1.630288e+001  1.722530e+001  3.037415e+001
      vertex  1.638128e+001  1.722530e+001  2.992953e+001
    endloop
  endfacet
  facet normal -9.848077e-001  -0.000000e+000 -1.736484e-001
    outer loop
      vertex  1.630288e+001  1.222530e+001  3.037415e+001
      vertex  1.638128e+001  1.722530e+001  2.992953e+001
      vertex  1.638128e+001  1.222530e+001  2.992953e+001
    endloop
  endfacet
  facet normal -3.420202e-001  0.000000e+000  9.396926e-001
    outer loop
      vertex  1.530702e+001  1.722530e+001  2.864928e+001
      vertex  1.573128e+001  1.222530e+001  2.880369e+001
      vertex  1.573128e+001  1.722530e+001  2.880369e+001
    endloop
  endfacet
  facet normal -6.427884e-001  0.000000e+000  7.660438e-001
    outer loop
      vertex  1.573128e+001  1.722530e+001  2.880369e+001
      vertex  1.573128e+001  1.222530e+001  2.880369e+001
      vertex  1.607713e+001  1.222530e+001  2.909390e+001
    endloop
  endfacet
  facet normal -6.427884e-001  0.000000e+000  7.660438e-001
    outer loop
      vertex  1.573128e+001  1.722530e+001  2.880369e+001
      vertex  1.607713e+001  1.222530e+001  2.909390e+001
      vertex  1.607713e+001  1.722530e+001  2.909390e+001
    endloop
  endfacet
  facet normal -8.660245e-001  0.000000e+000  5.000016e-001
    outer loop
      vertex  1.607713e+001  1.722530e+001  2.909390e+001
      vertex  1.607713e+001  1.222530e+001  2.909390e+001
      vertex  1.630288e+001  1.222530e+001  2.948490e+001
    endloop
  endfacet
  facet normal -8.660245e-001  0.000000e+000  5.000016e-001
    outer loop
      vertex  1.607713e+001  1.722530e+001  2.909390e+001
      vertex  1.630288e+001  1.222530e+001  2.948490e+001
      vertex  1.630288e+001  1.722530e+001  2.948490e+001
    endloop
  endfacet
  facet normal -9.848077e-001  0.000000e+000  1.736484e-001
    outer loop
      vertex  1.630288e+001  1.722530e+001  2.948490e+001
      vertex  1.630288e+001  1.222530e+001  2.948490e+001
      vertex  1.638128e+001  1.222530e+001  2.992953e+001
    endloop
  endfacet
  facet normal -9.848077e-001  0.000000e+000  1.736484e-001
    outer loop
      vertex  1.630288e+001  1.722530e+001  2.948490e+001
      vertex  1.638128e+001  1.222530e+001  2.992953e+001
      vertex  1.638128e+001  1.722530e+001  2.992953e+001
    endloop
  endfacet
  facet normal -3.420202e-001  0.000000e+000  9.396926e-001
    outer loop
      vertex  1.573128e+001  1.222530e+001  2.880369e+001
      vertex  1.530702e+001  1.722530e+001  2.864928e+001
      vertex  1.530702e+001  1.222530e+001  2.864928e+001
    endloop
  endfacet
  facet normal  0.000000e+000  -0.000000e+000  1.000000e+000
    outer loop
      vertex  1.530702e+001  1.222530e+001  2.864928e+001
      vertex  1.530702e+001  1.722530e+001  2.864928e+001
      vertex  1.485553e+001  1.722530e+001  2.864928e+001
    endloop
  endfacet
  facet normal  0.000000e+000  0.000000e+000  1.000000e+000
    outer loop
      vertex  1.530702e+001  1.222530e+001  2.864928e+001
      vertex  1.485553e+001  1.722530e+001  2.864928e+001
      vertex  1.485553e+001  1.222530e+001  2.864928e+001
    endloop
  endfacet
  facet normal  3.420202e-001  -0.000000e+000  9.396926e-001
    outer loop
      vertex  1.485553e+001  1.222530e+001  2.864928e+001
      vertex  1.485553e+001  1.722530e+001  2.864928e+001
      vertex  1.443128e+001  1.722530e+001  2.880369e+001
    endloop
  endfacet
  facet normal  3.420202e-001  0.000000e+000  9.396926e-001
    outer loop
      vertex  1.485553e+001  1.222530e+001  2.864928e+001
      vertex  1.443128e+001  1.722530e+001  2.880369e+001
      vertex  1.443128e+001  1.222530e+001  2.880369e+001
    endloop
  endfacet
  facet normal  6.427873e-001  -0.000000e+000  7.660446e-001
    outer loop
      vertex  1.443128e+001  1.222530e+001  2.880369e+001
      vertex  1.443128e+001  1.722530e+001  2.880369e+001
      vertex  1.408542e+001  1.722530e+001  2.909390e+001
    endloop
  endfacet
  facet normal  6.427873e-001  0.000000e+000  7.660446e-001
    outer loop
      vertex  1.443128e+001  1.222530e+001  2.880369e+001
      vertex  1.408542e+001  1.722530e+001  2.909390e+001
      vertex  1.408542e+001  1.222530e+001  2.909390e+001
    endloop
  endfacet
  facet normal  8.660253e-001  -0.000000e+000  5.000000e-001
    outer loop
      vertex  1.408542e+001  1.222530e+001  2.909390e+001
      vertex  1.408542e+001  1.722530e+001  2.909390e+001
      vertex  1.385968e+001  1.722530e+001  2.948490e+001
    endloop
  endfacet
  facet normal  8.660253e-001  0.000000e+000  5.000000e-001
    outer loop
      vertex  1.408542e+001  1.222530e+001  2.909390e+001
      vertex  1.385968e+001  1.722530e+001  2.948490e+001
      vertex  1.385968e+001  1.222530e+001  2.948490e+001
    endloop
  endfacet
  facet normal  9.848081e-001  -0.000000e+000  1.736464e-001
    outer loop
      vertex  1.385968e+001  1.222530e+001  2.948490e+001
      vertex  1.385968e+001  1.722530e+001  2.948490e+001
      vertex  1.378128e+001  1.722530e+001  2.992953e+001
    endloop
  endfacet
  facet normal  9.848081e-001  0.000000e+000  1.736464e-001
    outer loop
      vertex  1.385968e+001  1.222530e+001  2.948490e+001
      vertex  1.378128e+001  1.722530e+001  2.992953e+001
      vertex  1.378128e+001  1.222530e+001  2.992953e+001
    endloop
  endfacet
  facet normal  3.420225e-001  0.000000e+000 -9.396917e-001
    outer loop
      vertex  6.185553e+001  1.722530e+001  3.120978e+001
      vertex  6.143127e+001  1.222530e+001  3.105536e+001
      vertex  6.143127e+001  1.722530e+001  3.105536e+001
    endloop
  endfacet
  facet normal  6.427895e-001  0.000000e+000 -7.660429e-001
    outer loop
      vertex  6.143127e+001  1.722530e+001  3.105536e+001
      vertex  6.143127e+001  1.222530e+001  3.105536e+001
      vertex  6.108542e+001  1.222530e+001  3.076515e+001
    endloop
  endfacet
  facet normal  6.427895e-001  0.000000e+000 -7.660429e-001
    outer loop
      vertex  6.143127e+001  1.722530e+001  3.105536e+001
      vertex  6.108542e+001  1.222530e+001  3.076515e+001
      vertex  6.108542e+001  1.722530e+001  3.076515e+001
    endloop
  endfacet
  facet normal  8.660253e-001  0.000000e+000 -5.000002e-001
    outer loop
      vertex  6.108542e+001  1.722530e+001  3.076515e+001
      vertex  6.108542e+001  1.222530e+001  3.076515e+001
      vertex  6.085968e+001  1.222530e+001  3.037415e+001
    endloop
  endfacet
  facet normal  8.660253e-001  0.000000e+000 -5.000002e-001
    outer loop
      vertex  6.108542e+001  1.722530e+001  3.076515e+001
      vertex  6.085968e+001  1.222530e+001  3.037415e+001
      vertex  6.085968e+001  1.722530e+001  3.037415e+001
    endloop
  endfacet
  facet normal  9.848077e-001  0.000000e+000 -1.736484e-001
    outer loop
      vertex  6.085968e+001  1.722530e+001  3.037415e+001
      vertex  6.085968e+001  1.222530e+001  3.037415e+001
      vertex  6.078128e+001  1.222530e+001  2.992953e+001
    endloop
  endfacet
  facet normal  9.848077e-001  0.000000e+000 -1.736484e-001
    outer loop
      vertex  6.085968e+001  1.722530e+001  3.037415e+001
      vertex  6.078128e+001  1.222530e+001  2.992953e+001
      vertex  6.078128e+001  1.722530e+001  2.992953e+001
    endloop
  endfacet
  facet normal  3.420225e-001  0.000000e+000 -9.396917e-001
    outer loop
      vertex  6.143127e+001  1.222530e+001  3.105536e+001
      vertex  6.185553e+001  1.722530e+001  3.120978e+001
      vertex  6.185553e+001  1.222530e+001  3.120978e+001
    endloop
  endfacet
  facet normal  0.000000e+000  0.000000e+000 -1.000000e+000
    outer loop
      vertex  6.185553e+001  1.222530e+001  3.120978e+001
      vertex  6.185553e+001  1.722530e+001  3.120978e+001
      vertex  6.230702e+001  1.722530e+001  3.120978e+001
    endloop
  endfacet
  facet normal  0.000000e+000  -0.000000e+000 -1.000000e+000
    outer loop
      vertex  6.185553e+001  1.222530e+001  3.120978e+001
      vertex  6.230702e+001  1.722530e+001  3.120978e+001
      vertex  6.230702e+001  1.222530e+001  3.120978e+001
    endloop
  endfacet
  facet normal -3.420225e-001  0.000000e+000 -9.396917e-001
    outer loop
      vertex  6.230702e+001  1.222530e+001  3.120978e+001
      vertex  6.230702e+001  1.722530e+001  3.120978e+001
      vertex  6.273128e+001  1.722530e+001  3.105536e+001
    endloop
  endfacet
  facet normal -3.420225e-001  -0.000000e+000 -9.396917e-001
    outer loop
      vertex  6.230702e+001  1.222530e+001  3.120978e+001
      vertex  6.273128e+001  1.722530e+001  3.105536e+001
      vertex  6.273128e+001  1.222530e+001  3.105536e+001
    endloop
  endfacet
  facet normal -6.427895e-001  0.000000e+000 -7.660429e-001
    outer loop
      vertex  6.273128e+001  1.222530e+001  3.105536e+001
      vertex  6.273128e+001  1.722530e+001  3.105536e+001
      vertex  6.307713e+001  1.722530e+001  3.076515e+001
    endloop
  endfacet
  facet normal -6.427895e-001  -0.000000e+000 -7.660429e-001
    outer loop
      vertex  6.273128e+001  1.222530e+001  3.105536e+001
      vertex  6.307713e+001  1.722530e+001  3.076515e+001
      vertex  6.307713e+001  1.222530e+001  3.076515e+001
    endloop
  endfacet
  facet normal -8.660253e-001  0.000000e+000 -5.000002e-001
    outer loop
      vertex  6.307713e+001  1.222530e+001  3.076515e+001
      vertex  6.307713e+001  1.722530e+001  3.076515e+001
      vertex  6.330288e+001  1.722530e+001  3.037415e+001
    endloop
  endfacet
  facet normal -8.660253e-001  -0.000000e+000 -5.000002e-001
    outer loop
      vertex  6.307713e+001  1.222530e+001  3.076515e+001
      vertex  6.330288e+001  1.722530e+001  3.037415e+001
      vertex  6.330288e+001  1.222530e+001  3.037415e+001
    endloop
  endfacet
  facet normal -9.848077e-001  0.000000e+000 -1.736484e-001
    outer loop
      vertex  6.330288e+001  1.222530e+001  3.037415e+001
      vertex  6.330288e+001  1.722530e+001  3.037415e+001
      vertex  6.338128e+001  1.722530e+001  2.992953e+001
    endloop
  endfacet
  facet normal -9.848077e-001  -0.000000e+000 -1.736484e-001
    outer loop
      vertex  6.330288e+001  1.222530e+001  3.037415e+001
      vertex  6.338128e+001  1.722530e+001  2.992953e+001
      vertex  6.338128e+001  1.222530e+001  2.992953e+001
    endloop
  endfacet
  facet normal -3.420188e-001  0.000000e+000  9.396931e-001
    outer loop
      vertex  6.230702e+001  1.722530e+001  2.864928e+001
      vertex  6.273128e+001  1.222530e+001  2.880369e+001
      vertex  6.273128e+001  1.722530e+001  2.880369e+001
    endloop
  endfacet
  facet normal -6.427895e-001  0.000000e+000  7.660429e-001
    outer loop
      vertex  6.273128e+001  1.722530e+001  2.880369e+001
      vertex  6.273128e+001  1.222530e+001  2.880369e+001
      vertex  6.307713e+001  1.222530e+001  2.909390e+001
    endloop
  endfacet
  facet normal -6.427895e-001  0.000000e+000  7.660429e-001
    outer loop
      vertex  6.273128e+001  1.722530e+001  2.880369e+001
      vertex  6.307713e+001  1.222530e+001  2.909390e+001
      vertex  6.307713e+001  1.722530e+001  2.909390e+001
    endloop
  endfacet
  facet normal -8.660263e-001  0.000000e+000  4.999984e-001
    outer loop
      vertex  6.307713e+001  1.722530e+001  2.909390e+001
      vertex  6.307713e+001  1.222530e+001  2.909390e+001
      vertex  6.330288e+001  1.222530e+001  2.948490e+001
    endloop
  endfacet
  facet normal -8.660263e-001  0.000000e+000  4.999984e-001
    outer loop
      vertex  6.307713e+001  1.722530e+001  2.909390e+001
      vertex  6.330288e+001  1.222530e+001  2.948490e+001
      vertex  6.330288e+001  1.722530e+001  2.948490e+001
    endloop
  endfacet
  facet normal -9.848077e-001  0.000000e+000  1.736484e-001
    outer loop
      vertex  6.330288e+001  1.722530e+001  2.948490e+001
      vertex  6.330288e+001  1.222530e+001  2.948490e+001
      vertex  6.338128e+001  1.222530e+001  2.992953e+001
    endloop
  endfacet
  facet normal -9.848077e-001  0.000000e+000  1.736484e-001
    outer loop
      vertex  6.330288e+001  1.722530e+001  2.948490e+001
      vertex  6.338128e+001  1.222530e+001  2.992953e+001
      vertex  6.338128e+001  1.722530e+001  2.992953e+001
    endloop
  endfacet
  facet normal -3.420188e-001  0.000000e+000  9.396931e-001
    outer loop
      vertex  6.273128e+001  1.222530e+001  2.880369e+001
      vertex  6.230702e+001  1.722530e+001  2.864928e+001
      vertex  6.230702e+001  1.222530e+001  2.864928e+001
    endloop
  endfacet
  facet normal  0.000000e+000  -0.000000e+000  1.000000e+000
    outer loop
      vertex  6.230702e+001  1.222530e+001  2.864928e+001
      vertex  6.230702e+001  1.722530e+001  2.864928e+001
      vertex  6.185553e+001  1.722530e+001  2.864928e+001
    endloop
  endfacet
  facet normal  0.000000e+000  0.000000e+000  1.000000e+000
    outer loop
      vertex  6.230702e+001  1.222530e+001  2.864928e+001
      vertex  6.185553e+001  1.722530e+001  2.864928e+001
      vertex  6.185553e+001  1.222530e+001  2.864928e+001
    endloop
  endfacet
  facet normal  3.420188e-001  -0.000000e+000  9.396931e-001
    outer loop
      vertex  6.185553e+001  1.222530e+001  2.864928e+001
      vertex  6.185553e+001  1.722530e+001  2.864928e+001
      vertex  6.143127e+001  1.722530e+001  2.880369e+001
    endloop
  endfacet
  facet normal  3.420188e-001  0.000000e+000  9.396931e-001
    outer loop
      vertex  6.185553e+001  1.222530e+001  2.864928e+001
      vertex  6.143127e+001  1.722530e+001  2.880369e+001
      vertex  6.143127e+001  1.222530e+001  2.880369e+001
    endloop
  endfacet
  facet normal  6.427895e-001  -0.000000e+000  7.660429e-001
    outer loop
      vertex  6.143127e+001  1.222530e+001  2.880369e+001
      vertex  6.143127e+001  1.722530e+001  2.880369e+001
      vertex  6.108542e+001  1.722530e+001  2.909390e+001
    endloop
  endfacet
  facet normal  6.427895e-001  0.000000e+000  7.660429e-001
    outer loop
      vertex  6.143127e+001  1.222530e+001  2.880369e+001
      vertex  6.108542e+001  1.722530e+001  2.909390e+001
      vertex  6.108542e+001  1.222530e+001  2.909390e+001
    endloop
  endfacet
  facet normal  8.660263e-001  -0.000000e+000  4.999984e-001
    outer loop
      vertex  6.108542e+001  1.222530e+001  2.909390e+001
      vertex  6.108542e+001  1.722530e+001  2.909390e+001
      vertex  6.085968e+001  1.722530e+001  2.948490e+001
    endloop
  endfacet
  facet normal  8.660263e-001  0.000000e+000  4.999984e-001
    outer loop
      vertex  6.108542e+001  1.222530e+001  2.909390e+001
      vertex  6.085968e+001  1.722530e+001  2.948490e+001
      vertex  6.085968e+001  1.222530e+001  2.948490e+001
    endloop
  endfacet
  facet normal  9.848077e-001  -0.000000e+000  1.736484e-001
    outer loop
      vertex  6.085968e+001  1.222530e+001  2.948490e+001
      vertex  6.085968e+001  1.722530e+001  2.948490e+001
      vertex  6.078128e+001  1.722530e+001  2.992953e+001
    endloop
  endfacet
  facet normal  9.848077e-001  0.000000e+000  1.736484e-001
    outer loop
      vertex  6.085968e+001  1.222530e+001  2.948490e+001
      vertex  6.078128e+001  1.722530e+001  2.992953e+001
      vertex  6.078128e+001  1.222530e+001  2.992953e+001
    endloop
  endfacet
  facet normal  3.420202e-001  0.000000e+000 -9.396926e-001
    outer loop
      vertex  1.485553e+001  1.722530e+001  5.209777e+000
      vertex  1.443128e+001  1.222530e+001  5.055360e+000
      vertex  1.443128e+001  1.722530e+001  5.055360e+000
    endloop
  endfacet
  facet normal  6.427880e-001  0.000000e+000 -7.660441e-001
    outer loop
      vertex  1.443128e+001  1.722530e+001  5.055360e+000
      vertex  1.443128e+001  1.222530e+001  5.055360e+000
      vertex  1.408542e+001  1.222530e+001  4.765151e+000
    endloop
  endfacet
  facet normal  6.427880e-001  0.000000e+000 -7.660441e-001
    outer loop
      vertex  1.443128e+001  1.722530e+001  5.055360e+000
      vertex  1.408542e+001  1.222530e+001  4.765151e+000
      vertex  1.408542e+001  1.722530e+001  4.765151e+000
    endloop
  endfacet
  facet normal  8.660247e-001  0.000000e+000 -5.000014e-001
    outer loop
      vertex  1.408542e+001  1.722530e+001  4.765151e+000
      vertex  1.408542e+001  1.222530e+001  4.765151e+000
      vertex  1.385968e+001  1.222530e+001  4.374153e+000
    endloop
  endfacet
  facet normal  8.660247e-001  0.000000e+000 -5.000014e-001
    outer loop
      vertex  1.408542e+001  1.722530e+001  4.765151e+000
      vertex  1.385968e+001  1.222530e+001  4.374153e+000
      vertex  1.385968e+001  1.722530e+001  4.374153e+000
    endloop
  endfacet
  facet normal  9.848081e-001  0.000000e+000 -1.736462e-001
    outer loop
      vertex  1.385968e+001  1.722530e+001  4.374153e+000
      vertex  1.385968e+001  1.222530e+001  4.374153e+000
      vertex  1.378128e+001  1.222530e+001  3.929527e+000
    endloop
  endfacet
  facet normal  9.848081e-001  0.000000e+000 -1.736462e-001
    outer loop
      vertex  1.385968e+001  1.722530e+001  4.374153e+000
      vertex  1.378128e+001  1.222530e+001  3.929527e+000
      vertex  1.378128e+001  1.722530e+001  3.929527e+000
    endloop
  endfacet
  facet normal  3.420202e-001  0.000000e+000 -9.396926e-001
    outer loop
      vertex  1.443128e+001  1.222530e+001  5.055360e+000
      vertex  1.485553e+001  1.722530e+001  5.209777e+000
      vertex  1.485553e+001  1.222530e+001  5.209777e+000
    endloop
  endfacet
  facet normal  0.000000e+000  0.000000e+000 -1.000000e+000
    outer loop
      vertex  1.485553e+001  1.222530e+001  5.209777e+000
      vertex  1.485553e+001  1.722530e+001  5.209777e+000
      vertex  1.530702e+001  1.722530e+001  5.209777e+000
    endloop
  endfacet
  facet normal  0.000000e+000  -0.000000e+000 -1.000000e+000
    outer loop
      vertex  1.485553e+001  1.222530e+001  5.209777e+000
      vertex  1.530702e+001  1.722530e+001  5.209777e+000
      vertex  1.530702e+001  1.222530e+001  5.209777e+000
    endloop
  endfacet
  facet normal -3.420202e-001  0.000000e+000 -9.396926e-001
    outer loop
      vertex  1.530702e+001  1.222530e+001  5.209777e+000
      vertex  1.530702e+001  1.722530e+001  5.209777e+000
      vertex  1.573128e+001  1.722530e+001  5.055360e+000
    endloop
  endfacet
  facet normal -3.420202e-001  -0.000000e+000 -9.396926e-001
    outer loop
      vertex  1.530702e+001  1.222530e+001  5.209777e+000
      vertex  1.573128e+001  1.722530e+001  5.055360e+000
      vertex  1.573128e+001  1.222530e+001  5.055360e+000
    endloop
  endfacet
  facet normal -6.427890e-001  0.000000e+000 -7.660432e-001
    outer loop
      vertex  1.573128e+001  1.222530e+001  5.055360e+000
      vertex  1.573128e+001  1.722530e+001  5.055360e+000
      vertex  1.607713e+001  1.722530e+001  4.765151e+000
    endloop
  endfacet
  facet normal -6.427890e-001  -0.000000e+000 -7.660432e-001
    outer loop
      vertex  1.573128e+001  1.222530e+001  5.055360e+000
      vertex  1.607713e+001  1.722530e+001  4.765151e+000
      vertex  1.607713e+001  1.222530e+001  4.765151e+000
    endloop
  endfacet
  facet normal -8.660237e-001  0.000000e+000 -5.000029e-001
    outer loop
      vertex  1.607713e+001  1.222530e+001  4.765151e+000
      vertex  1.607713e+001  1.722530e+001  4.765151e+000
      vertex  1.630288e+001  1.722530e+001  4.374153e+000
    endloop
  endfacet
  facet normal -8.660237e-001  -0.000000e+000 -5.000029e-001
    outer loop
      vertex  1.607713e+001  1.222530e+001  4.765151e+000
      vertex  1.630288e+001  1.722530e+001  4.374153e+000
      vertex  1.630288e+001  1.222530e+001  4.374153e+000
    endloop
  endfacet
  facet normal -9.848078e-001  0.000000e+000 -1.736483e-001
    outer loop
      vertex  1.630288e+001  1.222530e+001  4.374153e+000
      vertex  1.630288e+001  1.722530e+001  4.374153e+000
      vertex  1.638128e+001  1.722530e+001  3.929527e+000
    endloop
  endfacet
  facet normal -9.848078e-001  -0.000000e+000 -1.736483e-001
    outer loop
      vertex  1.630288e+001  1.222530e+001  4.374153e+000
      vertex  1.638128e+001  1.722530e+001  3.929527e+000
      vertex  1.638128e+001  1.222530e+001  3.929527e+000
    endloop
  endfacet
  facet normal -3.420202e-001  0.000000e+000  9.396926e-001
    outer loop
      vertex  1.530702e+001  1.722530e+001  2.649277e+000
      vertex  1.573128e+001  1.222530e+001  2.803694e+000
      vertex  1.573128e+001  1.722530e+001  2.803694e+000
    endloop
  endfacet
  facet normal -6.427887e-001  0.000000e+000  7.660435e-001
    outer loop
      vertex  1.573128e+001  1.722530e+001  2.803694e+000
      vertex  1.573128e+001  1.222530e+001  2.803694e+000
      vertex  1.607713e+001  1.222530e+001  3.093903e+000
    endloop
  endfacet
  facet normal -6.427887e-001  0.000000e+000  7.660435e-001
    outer loop
      vertex  1.573128e+001  1.722530e+001  2.803694e+000
      vertex  1.607713e+001  1.222530e+001  3.093903e+000
      vertex  1.607713e+001  1.722530e+001  3.093903e+000
    endloop
  endfacet
  facet normal -8.660240e-001  0.000000e+000  5.000026e-001
    outer loop
      vertex  1.607713e+001  1.722530e+001  3.093903e+000
      vertex  1.607713e+001  1.222530e+001  3.093903e+000
      vertex  1.630288e+001  1.222530e+001  3.484901e+000
    endloop
  endfacet
  facet normal -8.660240e-001  0.000000e+000  5.000026e-001
    outer loop
      vertex  1.607713e+001  1.722530e+001  3.093903e+000
      vertex  1.630288e+001  1.222530e+001  3.484901e+000
      vertex  1.630288e+001  1.722530e+001  3.484901e+000
    endloop
  endfacet
  facet normal -9.848077e-001  0.000000e+000  1.736484e-001
    outer loop
      vertex  1.630288e+001  1.722530e+001  3.484901e+000
      vertex  1.630288e+001  1.222530e+001  3.484901e+000
      vertex  1.638128e+001  1.222530e+001  3.929527e+000
    endloop
  endfacet
  facet normal -9.848077e-001  0.000000e+000  1.736484e-001
    outer loop
      vertex  1.630288e+001  1.722530e+001  3.484901e+000
      vertex  1.638128e+001  1.222530e+001  3.929527e+000
      vertex  1.638128e+001  1.722530e+001  3.929527e+000
    endloop
  endfacet
  facet normal -3.420202e-001  0.000000e+000  9.396926e-001
    outer loop
      vertex  1.573128e+001  1.222530e+001  2.803694e+000
      vertex  1.530702e+001  1.722530e+001  2.649277e+000
      vertex  1.530702e+001  1.222530e+001  2.649277e+000
    endloop
  endfacet
  facet normal  0.000000e+000  -0.000000e+000  1.000000e+000
    outer loop
      vertex  1.530702e+001  1.222530e+001  2.649277e+000
      vertex  1.530702e+001  1.722530e+001  2.649277e+000
      vertex  1.485553e+001  1.722530e+001  2.649277e+000
    endloop
  endfacet
  facet normal  0.000000e+000  0.000000e+000  1.000000e+000
    outer loop
      vertex  1.530702e+001  1.222530e+001  2.649277e+000
      vertex  1.485553e+001  1.722530e+001  2.649277e+000
      vertex  1.485553e+001  1.222530e+001  2.649277e+000
    endloop
  endfacet
  facet normal  3.420202e-001  -0.000000e+000  9.396926e-001
    outer loop
      vertex  1.485553e+001  1.222530e+001  2.649277e+000
      vertex  1.485553e+001  1.722530e+001  2.649277e+000
      vertex  1.443128e+001  1.722530e+001  2.803694e+000
    endloop
  endfacet
  facet normal  3.420202e-001  0.000000e+000  9.396926e-001
    outer loop
      vertex  1.485553e+001  1.222530e+001  2.649277e+000
      vertex  1.443128e+001  1.722530e+001  2.803694e+000
      vertex  1.443128e+001  1.222530e+001  2.803694e+000
    endloop
  endfacet
  facet normal  6.427876e-001  -0.000000e+000  7.660444e-001
    outer loop
      vertex  1.443128e+001  1.222530e+001  2.803694e+000
      vertex  1.443128e+001  1.722530e+001  2.803694e+000
      vertex  1.408542e+001  1.722530e+001  3.093903e+000
    endloop
  endfacet
  facet normal  6.427876e-001  0.000000e+000  7.660444e-001
    outer loop
      vertex  1.443128e+001  1.222530e+001  2.803694e+000
      vertex  1.408542e+001  1.722530e+001  3.093903e+000
      vertex  1.408542e+001  1.222530e+001  3.093903e+000
    endloop
  endfacet
  facet normal  8.660249e-001  -0.000000e+000  5.000010e-001
    outer loop
      vertex  1.408542e+001  1.222530e+001  3.093903e+000
      vertex  1.408542e+001  1.722530e+001  3.093903e+000
      vertex  1.385968e+001  1.722530e+001  3.484901e+000
    endloop
  endfacet
  facet normal  8.660249e-001  0.000000e+000  5.000010e-001
    outer loop
      vertex  1.408542e+001  1.222530e+001  3.093903e+000
      vertex  1.385968e+001  1.722530e+001  3.484901e+000
      vertex  1.385968e+001  1.222530e+001  3.484901e+000
    endloop
  endfacet
  facet normal  9.848081e-001  -0.000000e+000  1.736463e-001
    outer loop
      vertex  1.385968e+001  1.222530e+001  3.484901e+000
      vertex  1.385968e+001  1.722530e+001  3.484901e+000
      vertex  1.378128e+001  1.722530e+001  3.929527e+000
    endloop
  endfacet
  facet normal  9.848081e-001  0.000000e+000  1.736463e-001
    outer loop
      vertex  1.385968e+001  1.222530e+001  3.484901e+000
      vertex  1.378128e+001  1.722530e+001  3.929527e+000
      vertex  1.378128e+001  1.222530e+001  3.929527e+000
    endloop
  endfacet
  facet normal  3.420188e-001  0.000000e+000 -9.396931e-001
    outer loop
      vertex  6.185553e+001  1.722530e+001  5.209777e+000
      vertex  6.143127e+001  1.222530e+001  5.055360e+000
      vertex  6.143127e+001  1.722530e+001  5.055360e+000
    endloop
  endfacet
  facet normal  6.427901e-001  0.000000e+000 -7.660424e-001
    outer loop
      vertex  6.143127e+001  1.722530e+001  5.055360e+000
      vertex  6.143127e+001  1.222530e+001  5.055360e+000
      vertex  6.108542e+001  1.222530e+001  4.765151e+000
    endloop
  endfacet
  facet normal  6.427901e-001  0.000000e+000 -7.660424e-001
    outer loop
      vertex  6.143127e+001  1.722530e+001  5.055360e+000
      vertex  6.108542e+001  1.222530e+001  4.765151e+000
      vertex  6.108542e+001  1.722530e+001  4.765151e+000
    endloop
  endfacet
  facet normal  8.660255e-001  0.000000e+000 -4.999998e-001
    outer loop
      vertex  6.108542e+001  1.722530e+001  4.765151e+000
      vertex  6.108542e+001  1.222530e+001  4.765151e+000
      vertex  6.085968e+001  1.222530e+001  4.374153e+000
    endloop
  endfacet
  facet normal  8.660255e-001  0.000000e+000 -4.999998e-001
    outer loop
      vertex  6.108542e+001  1.722530e+001  4.765151e+000
      vertex  6.085968e+001  1.222530e+001  4.374153e+000
      vertex  6.085968e+001  1.722530e+001  4.374153e+000
    endloop
  endfacet
  facet normal  9.848078e-001  0.000000e+000 -1.736483e-001
    outer loop
      vertex  6.085968e+001  1.722530e+001  4.374153e+000
      vertex  6.085968e+001  1.222530e+001  4.374153e+000
      vertex  6.078128e+001  1.222530e+001  3.929527e+000
    endloop
  endfacet
  facet normal  9.848078e-001  0.000000e+000 -1.736483e-001
    outer loop
      vertex  6.085968e+001  1.722530e+001  4.374153e+000
      vertex  6.078128e+001  1.222530e+001  3.929527e+000
      vertex  6.078128e+001  1.722530e+001  3.929527e+000
    endloop
  endfacet
  facet normal  3.420188e-001  0.000000e+000 -9.396931e-001
    outer loop
      vertex  6.143127e+001  1.222530e+001  5.055360e+000
      vertex  6.185553e+001  1.722530e+001  5.209777e+000
      vertex  6.185553e+001  1.222530e+001  5.209777e+000
    endloop
  endfacet
  facet normal  0.000000e+000  0.000000e+000 -1.000000e+000
    outer loop
      vertex  6.185553e+001  1.222530e+001  5.209777e+000
      vertex  6.185553e+001  1.722530e+001  5.209777e+000
      vertex  6.230702e+001  1.722530e+001  5.209777e+000
    endloop
  endfacet
  facet normal  0.000000e+000  -0.000000e+000 -1.000000e+000
    outer loop
      vertex  6.185553e+001  1.222530e+001  5.209777e+000
      vertex  6.230702e+001  1.722530e+001  5.209777e+000
      vertex  6.230702e+001  1.222530e+001  5.209777e+000
    endloop
  endfacet
  facet normal -3.420188e-001  0.000000e+000 -9.396931e-001
    outer loop
      vertex  6.230702e+001  1.222530e+001  5.209777e+000
      vertex  6.230702e+001  1.722530e+001  5.209777e+000
      vertex  6.273128e+001  1.722530e+001  5.055360e+000
    endloop
  endfacet
  facet normal -3.420188e-001  -0.000000e+000 -9.396931e-001
    outer loop
      vertex  6.230702e+001  1.222530e+001  5.209777e+000
      vertex  6.273128e+001  1.722530e+001  5.055360e+000
      vertex  6.273128e+001  1.222530e+001  5.055360e+000
    endloop
  endfacet
  facet normal -6.427901e-001  0.000000e+000 -7.660424e-001
    outer loop
      vertex  6.273128e+001  1.222530e+001  5.055360e+000
      vertex  6.273128e+001  1.722530e+001  5.055360e+000
      vertex  6.307713e+001  1.722530e+001  4.765151e+000
    endloop
  endfacet
  facet normal -6.427901e-001  -0.000000e+000 -7.660424e-001
    outer loop
      vertex  6.273128e+001  1.222530e+001  5.055360e+000
      vertex  6.307713e+001  1.722530e+001  4.765151e+000
      vertex  6.307713e+001  1.222530e+001  4.765151e+000
    endloop
  endfacet
  facet normal -8.660255e-001  0.000000e+000 -4.999998e-001
    outer loop
      vertex  6.307713e+001  1.222530e+001  4.765151e+000
      vertex  6.307713e+001  1.722530e+001  4.765151e+000
      vertex  6.330288e+001  1.722530e+001  4.374153e+000
    endloop
  endfacet
  facet normal -8.660255e-001  -0.000000e+000 -4.999998e-001
    outer loop
      vertex  6.307713e+001  1.222530e+001  4.765151e+000
      vertex  6.330288e+001  1.722530e+001  4.374153e+000
      vertex  6.330288e+001  1.222530e+001  4.374153e+000
    endloop
  endfacet
  facet normal -9.848078e-001  0.000000e+000 -1.736483e-001
    outer loop
      vertex  6.330288e+001  1.222530e+001  4.374153e+000
      vertex  6.330288e+001  1.722530e+001  4.374153e+000
      vertex  6.338128e+001  1.722530e+001  3.929527e+000
    endloop
  endfacet
  facet normal -9.848078e-001  -0.000000e+000 -1.736483e-001
    outer loop
      vertex  6.330288e+001  1.222530e+001  4.374153e+000
      vertex  6.338128e+001  1.722530e+001  3.929527e+000
      vertex  6.338128e+001  1.222530e+001  3.929527e+000
    endloop
  endfacet
  facet normal -3.420188e-001  0.000000e+000  9.396931e-001
    outer loop
      vertex  6.230702e+001  1.722530e+001  2.649277e+000
      vertex  6.273128e+001  1.222530e+001  2.803694e+000
      vertex  6.273128e+001  1.722530e+001  2.803694e+000
    endloop
  endfacet
  facet normal -6.427898e-001  0.000000e+000  7.660426e-001
    outer loop
      vertex  6.273128e+001  1.722530e+001  2.803694e+000
      vertex  6.273128e+001  1.222530e+001  2.803694e+000
      vertex  6.307713e+001  1.222530e+001  3.093903e+000
    endloop
  endfacet
  facet normal -6.427898e-001  0.000000e+000  7.660426e-001
    outer loop
      vertex  6.273128e+001  1.722530e+001  2.803694e+000
      vertex  6.307713e+001  1.222530e+001  3.093903e+000
      vertex  6.307713e+001  1.722530e+001  3.093903e+000
    endloop
  endfacet
  facet normal -8.660257e-001  0.000000e+000  4.999993e-001
    outer loop
      vertex  6.307713e+001  1.722530e+001  3.093903e+000
      vertex  6.307713e+001  1.222530e+001  3.093903e+000
      vertex  6.330288e+001  1.222530e+001  3.484901e+000
    endloop
  endfacet
  facet normal -8.660257e-001  0.000000e+000  4.999993e-001
    outer loop
      vertex  6.307713e+001  1.722530e+001  3.093903e+000
      vertex  6.330288e+001  1.222530e+001  3.484901e+000
      vertex  6.330288e+001  1.722530e+001  3.484901e+000
    endloop
  endfacet
  facet normal -9.848077e-001  0.000000e+000  1.736484e-001
    outer loop
      vertex  6.330288e+001  1.722530e+001  3.484901e+000
      vertex  6.330288e+001  1.222530e+001  3.484901e+000
      vertex  6.338128e+001  1.222530e+001  3.929527e+000
    endloop
  endfacet
  facet normal -9.848077e-001  0.000000e+000  1.736484e-001
    outer loop
      vertex  6.330288e+001  1.722530e+001  3.484901e+000
      vertex  6.338128e+001  1.222530e+001  3.929527e+000
      vertex  6.338128e+001  1.722530e+001  3.929527e+000
    endloop
  endfacet
  facet normal -3.420188e-001  0.000000e+000  9.396931e-001
    outer loop
      vertex  6.273128e+001  1.222530e+001  2.803694e+000
      vertex  6.230702e+001  1.722530e+001  2.649277e+000
      vertex  6.230702e+001  1.222530e+001  2.649277e+000
    endloop
  endfacet
  facet normal  0.000000e+000  -0.000000e+000  1.000000e+000
    outer loop
      vertex  6.230702e+001  1.222530e+001  2.649277e+000
      vertex  6.230702e+001  1.722530e+001  2.649277e+000
      vertex  6.185553e+001  1.722530e+001  2.649277e+000
    endloop
  endfacet
  facet normal  0.000000e+000  0.000000e+000  1.000000e+000
    outer loop
      vertex  6.230702e+001  1.222530e+001  2.649277e+000
      vertex  6.185553e+001  1.722530e+001  2.649277e+000
      vertex  6.185553e+001  1.222530e+001  2.649277e+000
    endloop
  endfacet
  facet normal  3.420188e-001  -0.000000e+000  9.396931e-001
    outer loop
      vertex  6.185553e+001  1.222530e+001  2.649277e+000
      vertex  6.185553e+001  1.722530e+001  2.649277e+000
      vertex  6.143127e+001  1.722530e+001  2.803694e+000
    endloop
  endfacet
  facet normal  3.420188e-001  0.000000e+000  9.396931e-001
    outer loop
      vertex  6.185553e+001  1.222530e+001  2.649277e+000
      vertex  6.143127e+001  1.722530e+001  2.803694e+000
      vertex  6.143127e+001  1.222530e+001  2.803694e+000
    endloop
  endfacet
  facet normal  6.427898e-001  -0.000000e+000  7.660426e-001
    outer loop
      vertex  6.143127e+001  1.222530e+001  2.803694e+000
      vertex  6.143127e+001  1.722530e+001  2.803694e+000
      vertex  6.108542e+001  1.722530e+001  3.093903e+000
    endloop
  endfacet
  facet normal  6.427898e-001  0.000000e+000  7.660426e-001
    outer loop
      vertex  6.143127e+001  1.222530e+001  2.803694e+000
      vertex  6.108542e+001  1.722530e+001  3.093903e+000
      vertex  6.108542e+001  1.222530e+001  3.093903e+000
    endloop
  endfacet
  facet normal  8.660257e-001  -0.000000e+000  4.999993e-001
    outer loop
      vertex  6.108542e+001  1.222530e+001  3.093903e+000
      vertex  6.108542e+001  1.722530e+001  3.093903e+000
      vertex  6.085968e+001  1.722530e+001  3.484901e+000
    endloop
  endfacet
  facet normal  8.660257e-001  0.000000e+000  4.999993e-001
    outer loop
      vertex  6.108542e+001  1.222530e+001  3.093903e+000
      vertex  6.085968e+001  1.722530e+001  3.484901e+000
      vertex  6.085968e+001  1.222530e+001  3.484901e+000
    endloop
  endfacet
  facet normal  9.848077e-001  -0.000000e+000  1.736484e-001
    outer loop
      vertex  6.085968e+001  1.222530e+001  3.484901e+000
      vertex  6.085968e+001  1.722530e+001  3.484901e+000
      vertex  6.078128e+001  1.722530e+001  3.929527e+000
    endloop
  endfacet
  facet normal  9.848077e-001  0.000000e+000  1.736484e-001
    outer loop
      vertex  6.085968e+001  1.222530e+001  3.484901e+000
      vertex  6.078128e+001  1.722530e+001  3.929527e+000
      vertex  6.078128e+001  1.222530e+001  3.929527e+000
    endloop
  endfacet
  facet normal  0.000000e+000  1.000000e+000  0.000000e+000
    outer loop
      vertex  1.443128e+001  1.722530e+001  5.055360e+000
      vertex  1.485553e+001  1.722530e+001  2.864928e+001
      vertex  1.485553e+001  1.722530e+001  5.209777e+000
    endloop
  endfacet
  facet normal  0.000000e+000  1.000000e+000  -0.000000e+000
    outer loop
      vertex  1.485553e+001  1.722530e+001  2.864928e+001
      vertex  1.443128e+001  1.722530e+001  5.055360e+000
      vertex  1.408542e+001  1.722530e+001  4.765151e+000
    endloop
  endfacet
  facet normal  0.000000e+000  1.000000e+000  0.000000e+000
    outer loop
      vertex  6.230702e+001  1.722530e+001  2.864928e+001
      vertex  6.307713e+001  1.722530e+001  4.765151e+000
      vertex  6.273128e+001  1.722530e+001  5.055360e+000
    endloop
  endfacet
  facet normal  -0.000000e+000  1.000000e+000  0.000000e+000
    outer loop
      vertex  1.516228e+001  1.722530e+001  1.061373e-013
      vertex  1.449471e+001  1.722530e+001  7.521626e-002
      vertex  1.485553e+001  1.722530e+001  2.649277e+000
    endloop
  endfacet
  facet normal  -0.000000e+000  1.000000e+000  0.000000e+000
    outer loop
      vertex  1.516228e+001  1.722530e+001  1.061373e-013
      vertex  1.485553e+001  1.722530e+001  2.649277e+000
      vertex  1.530702e+001  1.722530e+001  2.649277e+000
    endloop
  endfacet
  facet normal  -0.000000e+000  1.000000e+000  0.000000e+000
    outer loop
      vertex  1.516228e+001  1.722530e+001  1.061373e-013
      vertex  1.530702e+001  1.722530e+001  2.649277e+000
      vertex  6.185553e+001  1.722530e+001  2.649277e+000
    endloop
  endfacet
  facet normal  0.000000e+000  1.000000e+000  0.000000e+000
    outer loop
      vertex  1.516228e+001  1.722530e+001  1.061373e-013
      vertex  6.185553e+001  1.722530e+001  2.649277e+000
      vertex  6.200000e+001  1.722530e+001  1.049359e-013
    endloop
  endfacet
  facet normal  -0.000000e+000  1.000000e+000  0.000000e+000
    outer loop
      vertex  1.223749e+001  1.722530e+001  2.332437e+000
      vertex  1.216228e+001  1.722530e+001  3.000000e+000
      vertex  1.408542e+001  1.722530e+001  3.093903e+000
    endloop
  endfacet
  facet normal  0.000000e+000  1.000000e+000  0.000000e+000
    outer loop
      vertex  1.223749e+001  1.722530e+001  2.332437e+000
      vertex  1.408542e+001  1.722530e+001  3.093903e+000
      vertex  1.443128e+001  1.722530e+001  2.803694e+000
    endloop
  endfacet
  facet normal  0.000000e+000  1.000000e+000  0.000000e+000
    outer loop
      vertex  1.223749e+001  1.722530e+001  2.332437e+000
      vertex  1.443128e+001  1.722530e+001  2.803694e+000
      vertex  1.485553e+001  1.722530e+001  2.649277e+000
    endloop
  endfacet
  facet normal  0.000000e+000  1.000000e+000  0.000000e+000
    outer loop
      vertex  1.223749e+001  1.722530e+001  2.332437e+000
      vertex  1.485553e+001  1.722530e+001  2.649277e+000
      vertex  1.449471e+001  1.722530e+001  7.521626e-002
    endloop
  endfacet
  facet normal  0.000000e+000  1.000000e+000  0.000000e+000
    outer loop
      vertex  1.223749e+001  1.722530e+001  2.332437e+000
      vertex  1.449471e+001  1.722530e+001  7.521626e-002
      vertex  1.386063e+001  1.722530e+001  2.970934e-001
    endloop
  endfacet
  facet normal  0.000000e+000  1.000000e+000  0.000000e+000
    outer loop
      vertex  1.223749e+001  1.722530e+001  2.332437e+000
      vertex  1.386063e+001  1.722530e+001  2.970934e-001
      vertex  1.329181e+001  1.722530e+001  6.545056e-001
    endloop
  endfacet
  facet normal  0.000000e+000  1.000000e+000  0.000000e+000
    outer loop
      vertex  1.223749e+001  1.722530e+001  2.332437e+000
      vertex  1.329181e+001  1.722530e+001  6.545056e-001
      vertex  1.281678e+001  1.722530e+001  1.129531e+000
    endloop
  endfacet
  facet normal  0.000000e+000  1.000000e+000  0.000000e+000
    outer loop
      vertex  1.223749e+001  1.722530e+001  2.332437e+000
      vertex  1.281678e+001  1.722530e+001  1.129531e+000
      vertex  1.245937e+001  1.722530e+001  1.698349e+000
    endloop
  endfacet
  facet normal  0.000000e+000  1.000000e+000  0.000000e+000
    outer loop
      vertex  1.216228e+001  1.722530e+001  3.000000e+000
      vertex  1.378128e+001  1.722530e+001  2.992953e+001
      vertex  1.385968e+001  1.722530e+001  2.948490e+001
    endloop
  endfacet
  facet normal  0.000000e+000  1.000000e+000  0.000000e+000
    outer loop
      vertex  1.216228e+001  1.722530e+001  3.000000e+000
      vertex  1.385968e+001  1.722530e+001  2.948490e+001
      vertex  1.408542e+001  1.722530e+001  2.909390e+001
    endloop
  endfacet
  facet normal  0.000000e+000  1.000000e+000  0.000000e+000
    outer loop
      vertex  1.216228e+001  1.722530e+001  3.000000e+000
      vertex  1.408542e+001  1.722530e+001  2.909390e+001
      vertex  1.443128e+001  1.722530e+001  2.880369e+001
    endloop
  endfacet
  facet normal  0.000000e+000  1.000000e+000  0.000000e+000
    outer loop
      vertex  1.216228e+001  1.722530e+001  3.000000e+000
      vertex  1.443128e+001  1.722530e+001  2.880369e+001
      vertex  1.485553e+001  1.722530e+001  2.864928e+001
    endloop
  endfacet
  facet normal  0.000000e+000  1.000000e+000  0.000000e+000
    outer loop
      vertex  1.216228e+001  1.722530e+001  3.000000e+000
      vertex  1.485553e+001  1.722530e+001  2.864928e+001
      vertex  1.408542e+001  1.722530e+001  4.765151e+000
    endloop
  endfacet
  facet normal  0.000000e+000  1.000000e+000  0.000000e+000
    outer loop
      vertex  1.216228e+001  1.722530e+001  3.000000e+000
      vertex  1.408542e+001  1.722530e+001  4.765151e+000
      vertex  1.385968e+001  1.722530e+001  4.374153e+000
    endloop
  endfacet
  facet normal  0.000000e+000  1.000000e+000  0.000000e+000
    outer loop
      vertex  1.216228e+001  1.722530e+001  3.000000e+000
      vertex  1.385968e+001  1.722530e+001  4.374153e+000
      vertex  1.378128e+001  1.722530e+001  3.929527e+000
    endloop
  endfacet
  facet normal  0.000000e+000  1.000000e+000  0.000000e+000
    outer loop
      vertex  1.216228e+001  1.722530e+001  3.000000e+000
      vertex  1.378128e+001  1.722530e+001  3.929527e+000
      vertex  1.385968e+001  1.722530e+001  3.484901e+000
    endloop
  endfacet
  facet normal  0.000000e+000  1.000000e+000  0.000000e+000
    outer loop
      vertex  1.216228e+001  1.722530e+001  3.000000e+000
      vertex  1.385968e+001  1.722530e+001  3.484901e+000
      vertex  1.408542e+001  1.722530e+001  3.093903e+000
    endloop
  endfacet
  facet normal  -0.000000e+000  1.000000e+000  0.000000e+000
    outer loop
      vertex  1.223749e+001  1.722530e+001  3.166756e+001
      vertex  1.245937e+001  1.722530e+001  3.230165e+001
      vertex  1.281678e+001  1.722530e+001  3.287047e+001
    endloop
  endfacet
  facet normal  -0.000000e+000  1.000000e+000  0.000000e+000
    outer loop
      vertex  1.223749e+001  1.722530e+001  3.166756e+001
      vertex  1.281678e+001  1.722530e+001  3.287047e+001
      vertex  1.329181e+001  1.722530e+001  3.334549e+001
    endloop
  endfacet
  facet normal  -0.000000e+000  9.999999e-001  0.000000e+000
    outer loop
      vertex  1.223749e+001  1.722530e+001  3.166756e+001
      vertex  1.329181e+001  1.722530e+001  3.334549e+001
      vertex  1.386063e+001  1.722530e+001  3.370291e+001
    endloop
  endfacet
  facet normal  -0.000000e+000  1.000000e+000  0.000000e+000
    outer loop
      vertex  1.223749e+001  1.722530e+001  3.166756e+001
      vertex  1.386063e+001  1.722530e+001  3.370291e+001
      vertex  1.449471e+001  1.722530e+001  3.392479e+001
    endloop
  endfacet
  facet normal  0.000000e+000  1.000000e+000  0.000000e+000
    outer loop
      vertex  1.223749e+001  1.722530e+001  3.166756e+001
      vertex  1.449471e+001  1.722530e+001  3.392479e+001
      vertex  1.485553e+001  1.722530e+001  3.120978e+001
    endloop
  endfacet
  facet normal  0.000000e+000  1.000000e+000  0.000000e+000
    outer loop
      vertex  1.223749e+001  1.722530e+001  3.166756e+001
      vertex  1.485553e+001  1.722530e+001  3.120978e+001
      vertex  1.443128e+001  1.722530e+001  3.105536e+001
    endloop
  endfacet
  facet normal  0.000000e+000  1.000000e+000  0.000000e+000
    outer loop
      vertex  1.223749e+001  1.722530e+001  3.166756e+001
      vertex  1.443128e+001  1.722530e+001  3.105536e+001
      vertex  1.216228e+001  1.722530e+001  3.100000e+001
    endloop
  endfacet
  facet normal  0.000000e+000  1.000000e+000  0.000000e+000
    outer loop
      vertex  6.230702e+001  1.722530e+001  2.649277e+000
      vertex  6.273128e+001  1.722530e+001  2.803694e+000
      vertex  6.492478e+001  1.722530e+001  2.332437e+000
    endloop
  endfacet
  facet normal  0.000000e+000  1.000000e+000  0.000000e+000
    outer loop
      vertex  6.230702e+001  1.722530e+001  2.649277e+000
      vertex  6.492478e+001  1.722530e+001  2.332437e+000
      vertex  6.470290e+001  1.722530e+001  1.698349e+000
    endloop
  endfacet
  facet normal  0.000000e+000  1.000000e+000  0.000000e+000
    outer loop
      vertex  6.230702e+001  1.722530e+001  2.649277e+000
      vertex  6.470290e+001  1.722530e+001  1.698349e+000
      vertex  6.434550e+001  1.722530e+001  1.129531e+000
    endloop
  endfacet
  facet normal  0.000000e+000  1.000000e+000  0.000000e+000
    outer loop
      vertex  6.230702e+001  1.722530e+001  2.649277e+000
      vertex  6.434550e+001  1.722530e+001  1.129531e+000
      vertex  6.387047e+001  1.722530e+001  6.545056e-001
    endloop
  endfacet
  facet normal  0.000000e+000  1.000000e+000  0.000000e+000
    outer loop
      vertex  6.230702e+001  1.722530e+001  2.649277e+000
      vertex  6.387047e+001  1.722530e+001  6.545056e-001
      vertex  6.330165e+001  1.722530e+001  2.970934e-001
    endloop
  endfacet
  facet normal  0.000000e+000  1.000000e+000  0.000000e+000
    outer loop
      vertex  6.230702e+001  1.722530e+001  2.649277e+000
      vertex  6.330165e+001  1.722530e+001  2.970934e-001
      vertex  6.266756e+001  1.722530e+001  7.521626e-002
    endloop
  endfacet
  facet normal  0.000000e+000  9.999999e-001  0.000000e+000
    outer loop
      vertex  6.230702e+001  1.722530e+001  2.649277e+000
      vertex  6.266756e+001  1.722530e+001  7.521626e-002
      vertex  6.200000e+001  1.722530e+001  1.049359e-013
    endloop
  endfacet
  facet normal  0.000000e+000  1.000000e+000  -0.000000e+000
    outer loop
      vertex  6.230702e+001  1.722530e+001  2.649277e+000
      vertex  6.200000e+001  1.722530e+001  1.049359e-013
      vertex  6.185553e+001  1.722530e+001  2.649277e+000
    endloop
  endfacet
  facet normal  0.000000e+000  1.000000e+000  0.000000e+000
    outer loop
      vertex  6.230702e+001  1.722530e+001  3.120978e+001
      vertex  6.185553e+001  1.722530e+001  3.120978e+001
      vertex  6.200000e+001  1.722530e+001  3.400000e+001
    endloop
  endfacet
  facet normal  0.000000e+000  9.999999e-001  0.000000e+000
    outer loop
      vertex  6.230702e+001  1.722530e+001  3.120978e+001
      vertex  6.200000e+001  1.722530e+001  3.400000e+001
      vertex  6.258533e+001  1.722530e+001  3.394242e+001
    endloop
  endfacet
  facet normal  0.000000e+000  9.999999e-001  0.000000e+000
    outer loop
      vertex  6.230702e+001  1.722530e+001  3.120978e+001
      vertex  6.258533e+001  1.722530e+001  3.394242e+001
      vertex  6.314811e+001  1.722530e+001  3.377170e+001
    endloop
  endfacet
  facet normal  0.000000e+000  9.999999e-001  0.000000e+000
    outer loop
      vertex  6.230702e+001  1.722530e+001  3.120978e+001
      vertex  6.314811e+001  1.722530e+001  3.377170e+001
      vertex  6.366670e+001  1.722530e+001  3.349439e+001
    endloop
  endfacet
  facet normal  0.000000e+000  1.000000e+000  0.000000e+000
    outer loop
      vertex  6.230702e+001  1.722530e+001  3.120978e+001
      vertex  6.366670e+001  1.722530e+001  3.349439e+001
      vertex  6.412126e+001  1.722530e+001  3.312126e+001
    endloop
  endfacet
  facet normal  0.000000e+000  1.000000e+000  0.000000e+000
    outer loop
      vertex  6.230702e+001  1.722530e+001  3.120978e+001
      vertex  6.412126e+001  1.722530e+001  3.312126e+001
      vertex  6.449439e+001  1.722530e+001  3.266670e+001
    endloop
  endfacet
  facet normal  0.000000e+000  1.000000e+000  0.000000e+000
    outer loop
      vertex  6.230702e+001  1.722530e+001  3.120978e+001
      vertex  6.449439e+001  1.722530e+001  3.266670e+001
      vertex  6.477170e+001  1.722530e+001  3.214811e+001
    endloop
  endfacet
  facet normal  0.000000e+000  1.000000e+000  0.000000e+000
    outer loop
      vertex  6.230702e+001  1.722530e+001  3.120978e+001
      vertex  6.477170e+001  1.722530e+001  3.214811e+001
      vertex  6.494242e+001  1.722530e+001  3.158533e+001
    endloop
  endfacet
  facet normal  0.000000e+000  1.000000e+000  0.000000e+000
    outer loop
      vertex  6.230702e+001  1.722530e+001  3.120978e+001
      vertex  6.494242e+001  1.722530e+001  3.158533e+001
      vertex  6.500000e+001  1.722530e+001  3.100000e+001
    endloop
  endfacet
  facet normal  0.000000e+000  1.000000e+000  0.000000e+000
    outer loop
      vertex  6.230702e+001  1.722530e+001  3.120978e+001
      vertex  6.500000e+001  1.722530e+001  3.100000e+001
      vertex  6.273128e+001  1.722530e+001  3.105536e+001
    endloop
  endfacet
  facet normal  0.000000e+000  1.000000e+000  0.000000e+000
    outer loop
      vertex  1.216228e+001  1.722530e+001  3.100000e+001
      vertex  1.443128e+001  1.722530e+001  3.105536e+001
      vertex  1.408542e+001  1.722530e+001  3.076515e+001
    endloop
  endfacet
  facet normal  0.000000e+000  1.000000e+000  0.000000e+000
    outer loop
      vertex  1.216228e+001  1.722530e+001  3.100000e+001
      vertex  1.408542e+001  1.722530e+001  3.076515e+001
      vertex  1.385968e+001  1.722530e+001  3.037415e+001
    endloop
  endfacet
  facet normal  0.000000e+000  1.000000e+000  0.000000e+000
    outer loop
      vertex  1.216228e+001  1.722530e+001  3.100000e+001
      vertex  1.385968e+001  1.722530e+001  3.037415e+001
      vertex  1.378128e+001  1.722530e+001  2.992953e+001
    endloop
  endfacet
  facet normal  0.000000e+000  1.000000e+000  0.000000e+000
    outer loop
      vertex  1.216228e+001  1.722530e+001  3.100000e+001
      vertex  1.378128e+001  1.722530e+001  2.992953e+001
      vertex  1.216228e+001  1.722530e+001  3.000000e+000
    endloop
  endfacet
  facet normal  0.000000e+000  1.000000e+000  -0.000000e+000
    outer loop
      vertex  6.500000e+001  1.722530e+001  3.000000e+000
      vertex  6.492478e+001  1.722530e+001  2.332437e+000
      vertex  6.273128e+001  1.722530e+001  2.803694e+000
    endloop
  endfacet
  facet normal  0.000000e+000  1.000000e+000  0.000000e+000
    outer loop
      vertex  6.500000e+001  1.722530e+001  3.000000e+000
      vertex  6.273128e+001  1.722530e+001  2.803694e+000
      vertex  6.307713e+001  1.722530e+001  3.093903e+000
    endloop
  endfacet
  facet normal  -0.000000e+000  1.000000e+000  0.000000e+000
    outer loop
      vertex  6.500000e+001  1.722530e+001  3.000000e+000
      vertex  6.307713e+001  1.722530e+001  3.093903e+000
      vertex  6.330288e+001  1.722530e+001  3.484901e+000
    endloop
  endfacet
  facet normal  -0.000000e+000  9.999999e-001  0.000000e+000
    outer loop
      vertex  6.500000e+001  1.722530e+001  3.000000e+000
      vertex  6.330288e+001  1.722530e+001  3.484901e+000
      vertex  6.338128e+001  1.722530e+001  3.929527e+000
    endloop
  endfacet
  facet normal  -0.000000e+000  1.000000e+000  -0.000000e+000
    outer loop
      vertex  6.500000e+001  1.722530e+001  3.000000e+000
      vertex  6.338128e+001  1.722530e+001  3.929527e+000
      vertex  6.330288e+001  1.722530e+001  4.374153e+000
    endloop
  endfacet
  facet normal  -0.000000e+000  1.000000e+000  -0.000000e+000
    outer loop
      vertex  6.500000e+001  1.722530e+001  3.000000e+000
      vertex  6.330288e+001  1.722530e+001  4.374153e+000
      vertex  6.307713e+001  1.722530e+001  4.765151e+000
    endloop
  endfacet
  facet normal  -0.000000e+000  1.000000e+000  -0.000000e+000
    outer loop
      vertex  6.500000e+001  1.722530e+001  3.000000e+000
      vertex  6.307713e+001  1.722530e+001  4.765151e+000
      vertex  6.230702e+001  1.722530e+001  2.864928e+001
    endloop
  endfacet
  facet normal  -0.000000e+000  1.000000e+000  0.000000e+000
    outer loop
      vertex  6.500000e+001  1.722530e+001  3.000000e+000
      vertex  6.230702e+001  1.722530e+001  2.864928e+001
      vertex  6.273128e+001  1.722530e+001  2.880369e+001
    endloop
  endfacet
  facet normal  -0.000000e+000  1.000000e+000  0.000000e+000
    outer loop
      vertex  6.500000e+001  1.722530e+001  3.000000e+000
      vertex  6.273128e+001  1.722530e+001  2.880369e+001
      vertex  6.307713e+001  1.722530e+001  2.909390e+001
    endloop
  endfacet
  facet normal  -0.000000e+000  1.000000e+000  0.000000e+000
    outer loop
      vertex  6.500000e+001  1.722530e+001  3.000000e+000
      vertex  6.307713e+001  1.722530e+001  2.909390e+001
      vertex  6.330288e+001  1.722530e+001  2.948490e+001
    endloop
  endfacet
  facet normal  -0.000000e+000  1.000000e+000  0.000000e+000
    outer loop
      vertex  6.500000e+001  1.722530e+001  3.000000e+000
      vertex  6.330288e+001  1.722530e+001  2.948490e+001
      vertex  6.338128e+001  1.722530e+001  2.992953e+001
    endloop
  endfacet
  facet normal  0.000000e+000  1.000000e+000  -0.000000e+000
    outer loop
      vertex  6.500000e+001  1.722530e+001  3.100000e+001
      vertex  6.500000e+001  1.722530e+001  3.000000e+000
      vertex  6.338128e+001  1.722530e+001  2.992953e+001
    endloop
  endfacet
  facet normal  0.000000e+000  1.000000e+000  -0.000000e+000
    outer loop
      vertex  6.500000e+001  1.722530e+001  3.100000e+001
      vertex  6.338128e+001  1.722530e+001  2.992953e+001
      vertex  6.330288e+001  1.722530e+001  3.037415e+001
    endloop
  endfacet
  facet normal  0.000000e+000  1.000000e+000  -0.000000e+000
    outer loop
      vertex  6.500000e+001  1.722530e+001  3.100000e+001
      vertex  6.330288e+001  1.722530e+001  3.037415e+001
      vertex  6.307713e+001  1.722530e+001  3.076515e+001
    endloop
  endfacet
  facet normal  0.000000e+000  1.000000e+000  -0.000000e+000
    outer loop
      vertex  6.500000e+001  1.722530e+001  3.100000e+001
      vertex  6.307713e+001  1.722530e+001  3.076515e+001
      vertex  6.273128e+001  1.722530e+001  3.105536e+001
    endloop
  endfacet
  facet normal  0.000000e+000  1.000000e+000  0.000000e+000
    outer loop
      vertex  6.185553e+001  1.722530e+001  2.864928e+001
      vertex  1.530702e+001  1.722530e+001  5.209777e+000
      vertex  1.530702e+001  1.722530e+001  2.864928e+001
    endloop
  endfacet
  facet normal  0.000000e+000  1.000000e+000  0.000000e+000
    outer loop
      vertex  1.530702e+001  1.722530e+001  2.864928e+001
      vertex  1.530702e+001  1.722530e+001  5.209777e+000
      vertex  1.485553e+001  1.722530e+001  5.209777e+000
    endloop
  endfacet
  facet normal  0.000000e+000  1.000000e+000  0.000000e+000
    outer loop
      vertex  1.530702e+001  1.722530e+001  2.864928e+001
      vertex  1.485553e+001  1.722530e+001  5.209777e+000
      vertex  1.485553e+001  1.722530e+001  2.864928e+001
    endloop
  endfacet
  facet normal  0.000000e+000  1.000000e+000  0.000000e+000
    outer loop
      vertex  6.185553e+001  1.722530e+001  3.120978e+001
      vertex  1.530702e+001  1.722530e+001  3.120978e+001
      vertex  6.200000e+001  1.722530e+001  3.400000e+001
    endloop
  endfacet
  facet normal  0.000000e+000  1.000000e+000  0.000000e+000
    outer loop
      vertex  6.200000e+001  1.722530e+001  3.400000e+001
      vertex  1.530702e+001  1.722530e+001  3.120978e+001
      vertex  1.516228e+001  1.722530e+001  3.400000e+001
    endloop
  endfacet
  facet normal  0.000000e+000  1.000000e+000  0.000000e+000
    outer loop
      vertex  1.530702e+001  1.722530e+001  3.120978e+001
      vertex  1.485553e+001  1.722530e+001  3.120978e+001
      vertex  1.516228e+001  1.722530e+001  3.400000e+001
    endloop
  endfacet
  facet normal  0.000000e+000  1.000000e+000  0.000000e+000
    outer loop
      vertex  1.516228e+001  1.722530e+001  3.400000e+001
      vertex  1.485553e+001  1.722530e+001  3.120978e+001
      vertex  1.449471e+001  1.722530e+001  3.392479e+001
    endloop
  endfacet
  facet normal  -0.000000e+000  1.000000e+000  0.000000e+000
    outer loop
      vertex  6.273128e+001  1.722530e+001  5.055360e+000
      vertex  6.230702e+001  1.722530e+001  5.209777e+000
      vertex  6.230702e+001  1.722530e+001  2.864928e+001
    endloop
  endfacet
  facet normal  0.000000e+000  1.000000e+000  0.000000e+000
    outer loop
      vertex  6.230702e+001  1.722530e+001  2.864928e+001
      vertex  6.230702e+001  1.722530e+001  5.209777e+000
      vertex  6.185553e+001  1.722530e+001  5.209777e+000
    endloop
  endfacet
  facet normal  0.000000e+000  1.000000e+000  0.000000e+000
    outer loop
      vertex  6.230702e+001  1.722530e+001  2.864928e+001
      vertex  6.185553e+001  1.722530e+001  5.209777e+000
      vertex  6.185553e+001  1.722530e+001  2.864928e+001
    endloop
  endfacet
  facet normal  -0.000000e+000  1.000000e+000  0.000000e+000
    outer loop
      vertex  6.078128e+001  1.722530e+001  2.992953e+001
      vertex  1.630288e+001  1.722530e+001  3.037415e+001
      vertex  6.085968e+001  1.722530e+001  3.037415e+001
    endloop
  endfacet
  facet normal  0.000000e+000  1.000000e+000  0.000000e+000
    outer loop
      vertex  6.085968e+001  1.722530e+001  3.037415e+001
      vertex  1.630288e+001  1.722530e+001  3.037415e+001
      vertex  1.607713e+001  1.722530e+001  3.076515e+001
    endloop
  endfacet
  facet normal  -0.000000e+000  1.000000e+000  0.000000e+000
    outer loop
      vertex  6.085968e+001  1.722530e+001  3.037415e+001
      vertex  1.607713e+001  1.722530e+001  3.076515e+001
      vertex  6.108542e+001  1.722530e+001  3.076515e+001
    endloop
  endfacet
  facet normal  0.000000e+000  1.000000e+000  0.000000e+000
    outer loop
      vertex  6.108542e+001  1.722530e+001  3.076515e+001
      vertex  1.607713e+001  1.722530e+001  3.076515e+001
      vertex  1.573128e+001  1.722530e+001  3.105536e+001
    endloop
  endfacet
  facet normal  -0.000000e+000  1.000000e+000  0.000000e+000
    outer loop
      vertex  6.108542e+001  1.722530e+001  3.076515e+001
      vertex  1.573128e+001  1.722530e+001  3.105536e+001
      vertex  6.143127e+001  1.722530e+001  3.105536e+001
    endloop
  endfacet
  facet normal  0.000000e+000  9.999999e-001  0.000000e+000
    outer loop
      vertex  6.143127e+001  1.722530e+001  3.105536e+001
      vertex  1.573128e+001  1.722530e+001  3.105536e+001
      vertex  1.530702e+001  1.722530e+001  3.120978e+001
    endloop
  endfacet
  facet normal  -0.000000e+000  1.000000e+000  0.000000e+000
    outer loop
      vertex  6.143127e+001  1.722530e+001  3.105536e+001
      vertex  1.530702e+001  1.722530e+001  3.120978e+001
      vertex  6.185553e+001  1.722530e+001  3.120978e+001
    endloop
  endfacet
  facet normal  0.000000e+000  1.000000e+000  0.000000e+000
    outer loop
      vertex  1.630288e+001  1.722530e+001  3.037415e+001
      vertex  6.078128e+001  1.722530e+001  2.992953e+001
      vertex  1.638128e+001  1.722530e+001  2.992953e+001
    endloop
  endfacet
  facet normal  -0.000000e+000  1.000000e+000  0.000000e+000
    outer loop
      vertex  1.638128e+001  1.722530e+001  2.992953e+001
      vertex  6.078128e+001  1.722530e+001  2.992953e+001
      vertex  6.085968e+001  1.722530e+001  2.948490e+001
    endloop
  endfacet
  facet normal  0.000000e+000  1.000000e+000  0.000000e+000
    outer loop
      vertex  1.638128e+001  1.722530e+001  2.992953e+001
      vertex  6.085968e+001  1.722530e+001  2.948490e+001
      vertex  1.630288e+001  1.722530e+001  2.948490e+001
    endloop
  endfacet
  facet normal  -0.000000e+000  1.000000e+000  0.000000e+000
    outer loop
      vertex  1.630288e+001  1.722530e+001  2.948490e+001
      vertex  6.085968e+001  1.722530e+001  2.948490e+001
      vertex  6.108542e+001  1.722530e+001  2.909390e+001
    endloop
  endfacet
  facet normal  0.000000e+000  1.000000e+000  0.000000e+000
    outer loop
      vertex  1.630288e+001  1.722530e+001  2.948490e+001
      vertex  6.108542e+001  1.722530e+001  2.909390e+001
      vertex  1.607713e+001  1.722530e+001  2.909390e+001
    endloop
  endfacet
  facet normal  -0.000000e+000  1.000000e+000  0.000000e+000
    outer loop
      vertex  1.607713e+001  1.722530e+001  2.909390e+001
      vertex  6.108542e+001  1.722530e+001  2.909390e+001
      vertex  6.143127e+001  1.722530e+001  2.880369e+001
    endloop
  endfacet
  facet normal  0.000000e+000  1.000000e+000  0.000000e+000
    outer loop
      vertex  1.607713e+001  1.722530e+001  2.909390e+001
      vertex  6.143127e+001  1.722530e+001  2.880369e+001
      vertex  1.573128e+001  1.722530e+001  2.880369e+001
    endloop
  endfacet
  facet normal  -0.000000e+000  1.000000e+000  0.000000e+000
    outer loop
      vertex  1.573128e+001  1.722530e+001  2.880369e+001
      vertex  6.143127e+001  1.722530e+001  2.880369e+001
      vertex  6.185553e+001  1.722530e+001  2.864928e+001
    endloop
  endfacet
  facet normal  0.000000e+000  1.000000e+000  0.000000e+000
    outer loop
      vertex  1.573128e+001  1.722530e+001  2.880369e+001
      vertex  6.185553e+001  1.722530e+001  2.864928e+001
      vertex  1.530702e+001  1.722530e+001  2.864928e+001
    endloop
  endfacet
  facet normal  0.000000e+000  1.000000e+000  -0.000000e+000
    outer loop
      vertex  6.185553e+001  1.722530e+001  2.864928e+001
      vertex  6.185553e+001  1.722530e+001  5.209777e+000
      vertex  1.530702e+001  1.722530e+001  5.209777e+000
    endloop
  endfacet
  facet normal  -0.000000e+000  1.000000e+000  0.000000e+000
    outer loop
      vertex  1.530702e+001  1.722530e+001  5.209777e+000
      vertex  6.185553e+001  1.722530e+001  5.209777e+000
      vertex  6.143127e+001  1.722530e+001  5.055360e+000
    endloop
  endfacet
  facet normal  0.000000e+000  1.000000e+000  0.000000e+000
    outer loop
      vertex  1.530702e+001  1.722530e+001  5.209777e+000
      vertex  6.143127e+001  1.722530e+001  5.055360e+000
      vertex  1.573128e+001  1.722530e+001  5.055360e+000
    endloop
  endfacet
  facet normal  -0.000000e+000  1.000000e+000  0.000000e+000
    outer loop
      vertex  1.573128e+001  1.722530e+001  5.055360e+000
      vertex  6.143127e+001  1.722530e+001  5.055360e+000
      vertex  6.108542e+001  1.722530e+001  4.765151e+000
    endloop
  endfacet
  facet normal  0.000000e+000  1.000000e+000  0.000000e+000
    outer loop
      vertex  1.573128e+001  1.722530e+001  5.055360e+000
      vertex  6.108542e+001  1.722530e+001  4.765151e+000
      vertex  1.607713e+001  1.722530e+001  4.765151e+000
    endloop
  endfacet
  facet normal  -0.000000e+000  1.000000e+000  0.000000e+000
    outer loop
      vertex  1.607713e+001  1.722530e+001  4.765151e+000
      vertex  6.108542e+001  1.722530e+001  4.765151e+000
      vertex  6.085968e+001  1.722530e+001  4.374153e+000
    endloop
  endfacet
  facet normal  0.000000e+000  1.000000e+000  0.000000e+000
    outer loop
      vertex  1.607713e+001  1.722530e+001  4.765151e+000
      vertex  6.085968e+001  1.722530e+001  4.374153e+000
      vertex  1.630288e+001  1.722530e+001  4.374153e+000
    endloop
  endfacet
  facet normal  -0.000000e+000  1.000000e+000  0.000000e+000
    outer loop
      vertex  1.630288e+001  1.722530e+001  4.374153e+000
      vertex  6.085968e+001  1.722530e+001  4.374153e+000
      vertex  6.078128e+001  1.722530e+001  3.929527e+000
    endloop
  endfacet
  facet normal  0.000000e+000  1.000000e+000  0.000000e+000
    outer loop
      vertex  1.630288e+001  1.722530e+001  4.374153e+000
      vertex  6.078128e+001  1.722530e+001  3.929527e+000
      vertex  1.638128e+001  1.722530e+001  3.929527e+000
    endloop
  endfacet
  facet normal  -0.000000e+000  1.000000e+000  0.000000e+000
    outer loop
      vertex  1.638128e+001  1.722530e+001  3.929527e+000
      vertex  6.078128e+001  1.722530e+001  3.929527e+000
      vertex  6.085968e+001  1.722530e+001  3.484901e+000
    endloop
  endfacet
  facet normal  0.000000e+000  9.999999e-001  0.000000e+000
    outer loop
      vertex  1.638128e+001  1.722530e+001  3.929527e+000
      vertex  6.085968e+001  1.722530e+001  3.484901e+000
      vertex  1.630288e+001  1.722530e+001  3.484901e+000
    endloop
  endfacet
  facet normal  -0.000000e+000  1.000000e+000  0.000000e+000
    outer loop
      vertex  1.630288e+001  1.722530e+001  3.484901e+000
      vertex  6.085968e+001  1.722530e+001  3.484901e+000
      vertex  6.108542e+001  1.722530e+001  3.093903e+000
    endloop
  endfacet
  facet normal  0.000000e+000  1.000000e+000  0.000000e+000
    outer loop
      vertex  1.630288e+001  1.722530e+001  3.484901e+000
      vertex  6.108542e+001  1.722530e+001  3.093903e+000
      vertex  1.607713e+001  1.722530e+001  3.093903e+000
    endloop
  endfacet
  facet normal  -0.000000e+000  1.000000e+000  0.000000e+000
    outer loop
      vertex  1.607713e+001  1.722530e+001  3.093903e+000
      vertex  6.108542e+001  1.722530e+001  3.093903e+000
      vertex  6.143127e+001  1.722530e+001  2.803694e+000
    endloop
  endfacet
  facet normal  0.000000e+000  1.000000e+000  0.000000e+000
    outer loop
      vertex  1.607713e+001  1.722530e+001  3.093903e+000
      vertex  6.143127e+001  1.722530e+001  2.803694e+000
      vertex  1.573128e+001  1.722530e+001  2.803694e+000
    endloop
  endfacet
  facet normal  -0.000000e+000  1.000000e+000  0.000000e+000
    outer loop
      vertex  1.573128e+001  1.722530e+001  2.803694e+000
      vertex  6.143127e+001  1.722530e+001  2.803694e+000
      vertex  6.185553e+001  1.722530e+001  2.649277e+000
    endloop
  endfacet
  facet normal  0.000000e+000  1.000000e+000  0.000000e+000
    outer loop
      vertex  1.573128e+001  1.722530e+001  2.803694e+000
      vertex  6.185553e+001  1.722530e+001  2.649277e+000
      vertex  1.530702e+001  1.722530e+001  2.649277e+000
    endloop
  endfacet
  facet normal  1.119558e-001  -0.000000e+000  9.937131e-001
    outer loop
      vertex  6.200000e+001  1.522530e+001  3.400000e+001
      vertex  6.200000e+001  1.222530e+001  3.400000e+001
      vertex  6.266756e+001  1.522530e+001  3.392479e+001
    endloop
  endfacet
  facet normal  1.119558e-001  0.000000e+000  9.937131e-001
    outer loop
      vertex  6.266756e+001  1.522530e+001  3.392479e+001
      vertex  6.200000e+001  1.222530e+001  3.400000e+001
      vertex  6.266756e+001  1.222530e+001  3.392479e+001
    endloop
  endfacet
  facet normal  3.302743e-001  -0.000000e+000  9.438850e-001
    outer loop
      vertex  6.266756e+001  1.522530e+001  3.392479e+001
      vertex  6.266756e+001  1.222530e+001  3.392479e+001
      vertex  6.330165e+001  1.522530e+001  3.370292e+001
    endloop
  endfacet
  facet normal  3.302743e-001  0.000000e+000  9.438850e-001
    outer loop
      vertex  6.330165e+001  1.522530e+001  3.370292e+001
      vertex  6.266756e+001  1.222530e+001  3.392479e+001
      vertex  6.330165e+001  1.222530e+001  3.370292e+001
    endloop
  endfacet
  facet normal  5.320325e-001  -0.000000e+000  8.467240e-001
    outer loop
      vertex  6.330165e+001  1.522530e+001  3.370292e+001
      vertex  6.330165e+001  1.222530e+001  3.370292e+001
      vertex  6.387048e+001  1.522530e+001  3.334550e+001
    endloop
  endfacet
  facet normal  5.320325e-001  0.000000e+000  8.467240e-001
    outer loop
      vertex  6.387048e+001  1.522530e+001  3.334550e+001
      vertex  6.330165e+001  1.222530e+001  3.370292e+001
      vertex  6.387048e+001  1.222530e+001  3.334550e+001
    endloop
  endfacet
  facet normal  7.071040e-001  -0.000000e+000  7.071096e-001
    outer loop
      vertex  6.387048e+001  1.522530e+001  3.334550e+001
      vertex  6.387048e+001  1.222530e+001  3.334550e+001
      vertex  6.434550e+001  1.522530e+001  3.287048e+001
    endloop
  endfacet
  facet normal  7.071040e-001  0.000000e+000  7.071096e-001
    outer loop
      vertex  6.434550e+001  1.522530e+001  3.287048e+001
      vertex  6.387048e+001  1.222530e+001  3.334550e+001
      vertex  6.434550e+001  1.222530e+001  3.287048e+001
    endloop
  endfacet
  facet normal  8.467291e-001  -0.000000e+000  5.320243e-001
    outer loop
      vertex  6.434550e+001  1.522530e+001  3.287048e+001
      vertex  6.434550e+001  1.222530e+001  3.287048e+001
      vertex  6.470291e+001  1.522530e+001  3.230165e+001
    endloop
  endfacet
  facet normal  8.467291e-001  0.000000e+000  5.320243e-001
    outer loop
      vertex  6.470291e+001  1.522530e+001  3.230165e+001
      vertex  6.434550e+001  1.222530e+001  3.287048e+001
      vertex  6.470291e+001  1.222530e+001  3.230165e+001
    endloop
  endfacet
  facet normal  9.438833e-001  -0.000000e+000  3.302794e-001
    outer loop
      vertex  6.470291e+001  1.522530e+001  3.230165e+001
      vertex  6.470291e+001  1.222530e+001  3.230165e+001
      vertex  6.492479e+001  1.522530e+001  3.166756e+001
    endloop
  endfacet
  facet normal  9.438833e-001  0.000000e+000  3.302794e-001
    outer loop
      vertex  6.492479e+001  1.522530e+001  3.166756e+001
      vertex  6.470291e+001  1.222530e+001  3.230165e+001
      vertex  6.492479e+001  1.222530e+001  3.166756e+001
    endloop
  endfacet
  facet normal  9.937131e-001  -0.000000e+000  1.119558e-001
    outer loop
      vertex  6.492479e+001  1.522530e+001  3.166756e+001
      vertex  6.492479e+001  1.222530e+001  3.166756e+001
      vertex  6.500000e+001  1.522530e+001  3.100000e+001
    endloop
  endfacet
  facet normal  9.937131e-001  0.000000e+000  1.119558e-001
    outer loop
      vertex  6.500000e+001  1.522530e+001  3.100000e+001
      vertex  6.492479e+001  1.222530e+001  3.166756e+001
      vertex  6.500000e+001  1.222530e+001  3.100000e+001
    endloop
  endfacet
  facet normal  0.000000e+000 -9.999999e-001  0.000000e+000
    outer loop
      vertex  2.538114e+001  1.522530e+001  6.300000e+000
      vertex  5.178114e+001  1.522530e+001  6.300000e+000
      vertex  2.538114e+001  1.522530e+001  2.772061e+001
    endloop
  endfacet
  facet normal  0.000000e+000 -9.999999e-001  0.000000e+000
    outer loop
      vertex  2.538114e+001  1.522530e+001  2.772061e+001
      vertex  5.178114e+001  1.522530e+001  6.300000e+000
      vertex  5.178114e+001  1.522530e+001  2.772061e+001
    endloop
  endfacet
  facet normal  1.000000e+000  0.000000e+000  0.000000e+000
    outer loop
      vertex  2.538114e+001  1.222530e+001  2.772061e+001
      vertex  2.538114e+001  1.222530e+001  6.300000e+000
      vertex  2.538114e+001  1.522530e+001  2.772061e+001
    endloop
  endfacet
  facet normal  1.000000e+000  0.000000e+000  0.000000e+000
    outer loop
      vertex  2.538114e+001  1.522530e+001  2.772061e+001
      vertex  2.538114e+001  1.222530e+001  6.300000e+000
      vertex  2.538114e+001  1.522530e+001  6.300000e+000
    endloop
  endfacet
  facet normal  0.000000e+000  0.000000e+000  9.999999e-001
    outer loop
      vertex  5.178114e+001  1.222530e+001  6.300000e+000
      vertex  5.178114e+001  1.522530e+001  6.300000e+000
      vertex  2.538114e+001  1.222530e+001  6.300000e+000
    endloop
  endfacet
  facet normal  0.000000e+000  0.000000e+000  9.999999e-001
    outer loop
      vertex  2.538114e+001  1.222530e+001  6.300000e+000
      vertex  5.178114e+001  1.522530e+001  6.300000e+000
      vertex  2.538114e+001  1.522530e+001  6.300000e+000
    endloop
  endfacet
  facet normal -1.000000e+000  -0.000000e+000  0.000000e+000
    outer loop
      vertex  5.178114e+001  1.222530e+001  2.772061e+001
      vertex  5.178114e+001  1.522530e+001  2.772061e+001
      vertex  5.178114e+001  1.222530e+001  6.300000e+000
    endloop
  endfacet
  facet normal -1.000000e+000  0.000000e+000  0.000000e+000
    outer loop
      vertex  5.178114e+001  1.222530e+001  6.300000e+000
      vertex  5.178114e+001  1.522530e+001  2.772061e+001
      vertex  5.178114e+001  1.522530e+001  6.300000e+000
    endloop
  endfacet
  facet normal  0.000000e+000  0.000000e+000 -9.999999e-001
    outer loop
      vertex  5.178114e+001  1.222530e+001  2.772061e+001
      vertex  2.538114e+001  1.222530e+001  2.772061e+001
      vertex  5.178114e+001  1.522530e+001  2.772061e+001
    endloop
  endfacet
  facet normal  -0.000000e+000  0.000000e+000 -9.999999e-001
    outer loop
      vertex  5.178114e+001  1.522530e+001  2.772061e+001
      vertex  2.538114e+001  1.222530e+001  2.772061e+001
      vertex  2.538114e+001  1.522530e+001  2.772061e+001
    endloop
  endfacet
  facet normal  9.438594e-001 -7.106657e-003  3.302710e-001
    outer loop
      vertex  6.477170e+001  1.722530e+001  3.214811e+001
      vertex  6.470291e+001  1.522530e+001  3.230165e+001
      vertex  6.492479e+001  1.522530e+001  3.166756e+001
    endloop
  endfacet
  facet normal  8.818254e-001  5.872450e-003  4.715394e-001
    outer loop
      vertex  6.470291e+001  1.522530e+001  3.230165e+001
      vertex  6.477170e+001  1.722530e+001  3.214811e+001
      vertex  6.449439e+001  1.722530e+001  3.266670e+001
    endloop
  endfacet
  facet normal  8.466961e-001 -8.826157e-003  5.320036e-001
    outer loop
      vertex  6.449439e+001  1.722530e+001  3.266670e+001
      vertex  6.434550e+001  1.522530e+001  3.287048e+001
      vertex  6.470291e+001  1.522530e+001  3.230165e+001
    endloop
  endfacet
  facet normal  7.729213e-001  7.105291e-003  6.344622e-001
    outer loop
      vertex  6.434550e+001  1.522530e+001  3.287048e+001
      vertex  6.449439e+001  1.722530e+001  3.266670e+001
      vertex  6.412126e+001  1.722530e+001  3.312126e+001
    endloop
  endfacet
  facet normal  7.070728e-001 -9.383164e-003  7.070785e-001
    outer loop
      vertex  6.412126e+001  1.722530e+001  3.312126e+001
      vertex  6.387048e+001  1.522530e+001  3.334550e+001
      vertex  6.434550e+001  1.522530e+001  3.287048e+001
    endloop
  endfacet
  facet normal  6.344591e-001  7.104778e-003  7.729239e-001
    outer loop
      vertex  6.366670e+001  1.722530e+001  3.349439e+001
      vertex  6.387048e+001  1.522530e+001  3.334550e+001
      vertex  6.412126e+001  1.722530e+001  3.312126e+001
    endloop
  endfacet
  facet normal  5.320117e-001 -8.824951e-003  8.466910e-001
    outer loop
      vertex  6.330165e+001  1.522530e+001  3.370292e+001
      vertex  6.387048e+001  1.522530e+001  3.334550e+001
      vertex  6.366670e+001  1.722530e+001  3.349439e+001
    endloop
  endfacet
  facet normal  4.715444e-001  5.874610e-003  8.818228e-001
    outer loop
      vertex  6.314811e+001  1.722530e+001  3.377170e+001
      vertex  6.330165e+001  1.522530e+001  3.370292e+001
      vertex  6.366670e+001  1.722530e+001  3.349439e+001
    endloop
  endfacet
  facet normal  3.302659e-001 -7.105303e-003  9.438611e-001
    outer loop
      vertex  6.266756e+001  1.522530e+001  3.392479e+001
      vertex  6.330165e+001  1.522530e+001  3.370292e+001
      vertex  6.314811e+001  1.722530e+001  3.377170e+001
    endloop
  endfacet
  facet normal  9.569322e-001  3.500252e-003  2.902904e-001
    outer loop
      vertex  6.477170e+001  1.722530e+001  3.214811e+001
      vertex  6.492479e+001  1.522530e+001  3.166756e+001
      vertex  6.494242e+001  1.722530e+001  3.158533e+001
    endloop
  endfacet
  facet normal  9.937046e-001 -4.156836e-003  1.119549e-001
    outer loop
      vertex  6.494242e+001  1.722530e+001  3.158533e+001
      vertex  6.492479e+001  1.522530e+001  3.166756e+001
      vertex  6.500000e+001  1.522530e+001  3.100000e+001
    endloop
  endfacet
  facet normal  9.951965e-001  -0.000000e+000  9.789818e-002
    outer loop
      vertex  6.494242e+001  1.722530e+001  3.158533e+001
      vertex  6.500000e+001  1.522530e+001  3.100000e+001
      vertex  6.500000e+001  1.722530e+001  3.100000e+001
    endloop
  endfacet
  facet normal  2.902904e-001  3.500252e-003  9.569322e-001
    outer loop
      vertex  6.314811e+001  1.722530e+001  3.377170e+001
      vertex  6.258533e+001  1.722530e+001  3.394242e+001
      vertex  6.266756e+001  1.522530e+001  3.392479e+001
    endloop
  endfacet
  facet normal  9.789707e-002 -4.747927e-003  9.951853e-001
    outer loop
      vertex  6.266756e+001  1.522530e+001  3.392479e+001
      vertex  6.258533e+001  1.722530e+001  3.394242e+001
      vertex  6.200000e+001  1.722530e+001  3.400000e+001
    endloop
  endfacet
  facet normal  1.119559e-001  0.000000e+000  9.937132e-001
    outer loop
      vertex  6.266756e+001  1.522530e+001  3.392479e+001
      vertex  6.200000e+001  1.722530e+001  3.400000e+001
      vertex  6.200000e+001  1.522530e+001  3.400000e+001
    endloop
  endfacet
endsolid CATIA STL
