solid CATIA STL
  facet normal  0.000000e+000  1.000000e+000  0.000000e+000
    outer loop
      vertex  1.195621e+001  1.222530e+001  1.851823e+001
      vertex  1.254138e+001  1.222530e+001  1.866246e+001
      vertex  1.386851e+001  1.222530e+001  1.416181e+001
    endloop
  endfacet
  facet normal  0.000000e+000  1.000000e+000  0.000000e+000
    outer loop
      vertex  6.230702e+001  1.222530e+001  2.864928e+001
      vertex  6.307713e+001  1.222530e+001  4.765151e+000
      vertex  6.273128e+001  1.222530e+001  5.055360e+000
    endloop
  endfacet
  facet normal  0.000000e+000  1.000000e+000  0.000000e+000
    outer loop
      vertex  6.230702e+001  1.222530e+001  5.209777e+000
      vertex  6.230702e+001  1.222530e+001  2.864928e+001
      vertex  6.273128e+001  1.222530e+001  5.055360e+000
    endloop
  endfacet
  facet normal  0.000000e+000  1.000000e+000  0.000000e+000
    outer loop
      vertex  1.709609e+001  1.222530e+001  1.983819e+001
      vertex  1.743846e+001  1.222530e+001  1.934219e+001
      vertex  1.688238e+001  1.222530e+001  1.359829e+001
    endloop
  endfacet
  facet normal  0.000000e+000  1.000000e+000  0.000000e+000
    outer loop
      vertex  1.135353e+001  1.222530e+001  1.548177e+001
      vertex  4.301342e+000  1.222530e+001  1.548177e+001
      vertex  1.135353e+001  1.222530e+001  1.851823e+001
    endloop
  endfacet
  facet normal  0.000000e+000  1.000000e+000  0.000000e+000
    outer loop
      vertex  1.443128e+001  1.222530e+001  2.803694e+000
      vertex  1.485553e+001  1.222530e+001  2.649277e+000
      vertex  1.223749e+001  1.222530e+001  2.332437e+000
    endloop
  endfacet
  facet normal  -0.000000e+000  1.000000e+000  -0.000000e+000
    outer loop
      vertex  1.415487e+001  1.222530e+001  1.300000e+001
      vertex  1.408222e+001  1.222530e+001  1.359829e+001
      vertex  1.352614e+001  1.222530e+001  1.934219e+001
    endloop
  endfacet
  facet normal  -0.000000e+000  1.000000e+000  0.000000e+000
    outer loop
      vertex  1.415487e+001  1.222530e+001  1.300000e+001
      vertex  1.352614e+001  1.222530e+001  1.934219e+001
      vertex  1.386851e+001  1.222530e+001  1.983819e+001
    endloop
  endfacet
  facet normal  -0.000000e+000  9.999999e-001  0.000000e+000
    outer loop
      vertex  1.415487e+001  1.222530e+001  1.300000e+001
      vertex  1.386851e+001  1.222530e+001  1.983819e+001
      vertex  1.408222e+001  1.222530e+001  2.040171e+001
    endloop
  endfacet
  facet normal  -0.000000e+000  1.000000e+000  0.000000e+000
    outer loop
      vertex  1.415487e+001  1.222530e+001  1.300000e+001
      vertex  1.408222e+001  1.222530e+001  2.040171e+001
      vertex  1.415487e+001  1.222530e+001  2.100000e+001
    endloop
  endfacet
  facet normal  0.000000e+000  1.000000e+000  0.000000e+000
    outer loop
      vertex  1.216228e+001  1.222530e+001  2.450000e+001
      vertex  1.352614e+001  1.222530e+001  2.265781e+001
      vertex  1.307503e+001  1.222530e+001  2.305746e+001
    endloop
  endfacet
  facet normal  0.000000e+000  1.000000e+000  0.000000e+000
    outer loop
      vertex  1.216228e+001  1.222530e+001  2.450000e+001
      vertex  1.307503e+001  1.222530e+001  2.305746e+001
      vertex  1.254138e+001  1.222530e+001  2.333754e+001
    endloop
  endfacet
  facet normal  0.000000e+000  1.000000e+000  0.000000e+000
    outer loop
      vertex  1.216228e+001  1.222530e+001  2.450000e+001
      vertex  1.254138e+001  1.222530e+001  2.333754e+001
      vertex  1.195621e+001  1.222530e+001  2.348177e+001
    endloop
  endfacet
  facet normal  0.000000e+000  1.000000e+000  -0.000000e+000
    outer loop
      vertex  1.216228e+001  1.222530e+001  2.450000e+001
      vertex  1.195621e+001  1.222530e+001  2.348177e+001
      vertex -1.000000e+000  1.222530e+001  2.450000e+001
    endloop
  endfacet
  facet normal  0.000000e+000  9.999999e-001  0.000000e+000
    outer loop
      vertex  1.216228e+001  1.222530e+001  9.500000e+000
      vertex -1.000000e+000  1.222530e+001  9.500000e+000
      vertex  1.135353e+001  1.222530e+001  1.051823e+001
    endloop
  endfacet
  facet normal  -0.000000e+000  1.000000e+000  0.000000e+000
    outer loop
      vertex  1.216228e+001  1.222530e+001  9.500000e+000
      vertex  1.135353e+001  1.222530e+001  1.051823e+001
      vertex  1.195621e+001  1.222530e+001  1.051823e+001
    endloop
  endfacet
  facet normal  -0.000000e+000  1.000000e+000  0.000000e+000
    outer loop
      vertex  1.216228e+001  1.222530e+001  9.500000e+000
      vertex  1.195621e+001  1.222530e+001  1.051823e+001
      vertex  1.254138e+001  1.222530e+001  1.066246e+001
    endloop
  endfacet
  facet normal  -0.000000e+000  1.000000e+000  0.000000e+000
    outer loop
      vertex  1.216228e+001  1.222530e+001  9.500000e+000
      vertex  1.254138e+001  1.222530e+001  1.066246e+001
      vertex  1.307503e+001  1.222530e+001  1.094254e+001
    endloop
  endfacet
  facet normal  -0.000000e+000  1.000000e+000  0.000000e+000
    outer loop
      vertex  1.216228e+001  1.222530e+001  9.500000e+000
      vertex  1.307503e+001  1.222530e+001  1.094254e+001
      vertex  1.352614e+001  1.222530e+001  1.134219e+001
    endloop
  endfacet
  facet normal  0.000000e+000  9.999999e-001  0.000000e+000
    outer loop
      vertex  3.492081e+001  1.222530e+001  1.051823e+001
      vertex  6.185553e+001  1.222530e+001  5.209777e+000
      vertex  6.143127e+001  1.222530e+001  5.055360e+000
    endloop
  endfacet
  facet normal  0.000000e+000  1.000000e+000  0.000000e+000
    outer loop
      vertex  3.492081e+001  1.222530e+001  1.051823e+001
      vertex  6.143127e+001  1.222530e+001  5.055360e+000
      vertex  6.108542e+001  1.222530e+001  4.765151e+000
    endloop
  endfacet
  facet normal  0.000000e+000  1.000000e+000  0.000000e+000
    outer loop
      vertex  3.492081e+001  1.222530e+001  1.051823e+001
      vertex  6.108542e+001  1.222530e+001  4.765151e+000
      vertex  6.085968e+001  1.222530e+001  4.374153e+000
    endloop
  endfacet
  facet normal  0.000000e+000  1.000000e+000  0.000000e+000
    outer loop
      vertex  3.492081e+001  1.222530e+001  1.051823e+001
      vertex  6.085968e+001  1.222530e+001  4.374153e+000
      vertex  6.078128e+001  1.222530e+001  3.929527e+000
    endloop
  endfacet
  facet normal  0.000000e+000  1.000000e+000  0.000000e+000
    outer loop
      vertex  3.492081e+001  1.222530e+001  1.051823e+001
      vertex  6.078128e+001  1.222530e+001  3.929527e+000
      vertex  1.516228e+001  1.222530e+001  7.105427e-014
    endloop
  endfacet
  facet normal  0.000000e+000  1.000000e+000  0.000000e+000
    outer loop
      vertex  3.492081e+001  1.222530e+001  1.051823e+001
      vertex  1.516228e+001  1.222530e+001  7.105427e-014
      vertex  3.431813e+001  1.222530e+001  1.051823e+001
    endloop
  endfacet
  facet normal  -0.000000e+000  1.000000e+000  -0.000000e+000
    outer loop
      vertex  1.516228e+001  1.222530e+001  7.105427e-014
      vertex  1.449471e+001  1.222530e+001  7.521626e-002
      vertex  1.223749e+001  1.222530e+001  2.332437e+000
    endloop
  endfacet
  facet normal  -0.000000e+000  9.999999e-001  0.000000e+000
    outer loop
      vertex  1.516228e+001  1.222530e+001  7.105427e-014
      vertex  1.223749e+001  1.222530e+001  2.332437e+000
      vertex  1.485553e+001  1.222530e+001  2.649277e+000
    endloop
  endfacet
  facet normal  -0.000000e+000  1.000000e+000  0.000000e+000
    outer loop
      vertex  1.516228e+001  1.222530e+001  7.105427e-014
      vertex  1.485553e+001  1.222530e+001  2.649277e+000
      vertex  1.530702e+001  1.222530e+001  2.649277e+000
    endloop
  endfacet
  facet normal  -0.000000e+000  1.000000e+000  0.000000e+000
    outer loop
      vertex  1.516228e+001  1.222530e+001  7.105427e-014
      vertex  1.530702e+001  1.222530e+001  2.649277e+000
      vertex  1.573128e+001  1.222530e+001  2.803694e+000
    endloop
  endfacet
  facet normal  -0.000000e+000  1.000000e+000  0.000000e+000
    outer loop
      vertex  1.516228e+001  1.222530e+001  7.105427e-014
      vertex  1.573128e+001  1.222530e+001  2.803694e+000
      vertex  1.607713e+001  1.222530e+001  3.093903e+000
    endloop
  endfacet
  facet normal  -0.000000e+000  9.999999e-001  0.000000e+000
    outer loop
      vertex  1.516228e+001  1.222530e+001  7.105427e-014
      vertex  1.607713e+001  1.222530e+001  3.093903e+000
      vertex  1.630288e+001  1.222530e+001  3.484901e+000
    endloop
  endfacet
  facet normal  -0.000000e+000  1.000000e+000  0.000000e+000
    outer loop
      vertex  1.516228e+001  1.222530e+001  7.105427e-014
      vertex  1.630288e+001  1.222530e+001  3.484901e+000
      vertex  1.900839e+001  1.222530e+001  1.051823e+001
    endloop
  endfacet
  facet normal  -0.000000e+000  1.000000e+000  0.000000e+000
    outer loop
      vertex  1.516228e+001  1.222530e+001  7.105427e-014
      vertex  1.900839e+001  1.222530e+001  1.051823e+001
      vertex  1.961108e+001  1.222530e+001  1.051823e+001
    endloop
  endfacet
  facet normal  -0.000000e+000  1.000000e+000  0.000000e+000
    outer loop
      vertex  1.516228e+001  1.222530e+001  7.105427e-014
      vertex  1.961108e+001  1.222530e+001  1.051823e+001
      vertex  2.666326e+001  1.222530e+001  1.051823e+001
    endloop
  endfacet
  facet normal  -0.000000e+000  1.000000e+000  0.000000e+000
    outer loop
      vertex  1.516228e+001  1.222530e+001  7.105427e-014
      vertex  2.666326e+001  1.222530e+001  1.051823e+001
      vertex  2.726594e+001  1.222530e+001  1.051823e+001
    endloop
  endfacet
  facet normal  -0.000000e+000  1.000000e+000  0.000000e+000
    outer loop
      vertex  1.516228e+001  1.222530e+001  7.105427e-014
      vertex  2.726594e+001  1.222530e+001  1.051823e+001
      vertex  3.431813e+001  1.222530e+001  1.051823e+001
    endloop
  endfacet
  facet normal  0.000000e+000  1.000000e+000  0.000000e+000
    outer loop
      vertex  3.492081e+001  1.222530e+001  2.348177e+001
      vertex  6.078128e+001  1.222530e+001  2.992953e+001
      vertex  6.085968e+001  1.222530e+001  2.948490e+001
    endloop
  endfacet
  facet normal  0.000000e+000  1.000000e+000  0.000000e+000
    outer loop
      vertex  3.492081e+001  1.222530e+001  2.348177e+001
      vertex  6.085968e+001  1.222530e+001  2.948490e+001
      vertex  6.108542e+001  1.222530e+001  2.909390e+001
    endloop
  endfacet
  facet normal  0.000000e+000  1.000000e+000  0.000000e+000
    outer loop
      vertex  3.492081e+001  1.222530e+001  2.348177e+001
      vertex  6.108542e+001  1.222530e+001  2.909390e+001
      vertex  6.143127e+001  1.222530e+001  2.880369e+001
    endloop
  endfacet
  facet normal  0.000000e+000  1.000000e+000  0.000000e+000
    outer loop
      vertex  3.492081e+001  1.222530e+001  2.348177e+001
      vertex  6.143127e+001  1.222530e+001  2.880369e+001
      vertex  6.185553e+001  1.222530e+001  2.864928e+001
    endloop
  endfacet
  facet normal  0.000000e+000  1.000000e+000  0.000000e+000
    outer loop
      vertex  3.492081e+001  1.222530e+001  2.348177e+001
      vertex  6.185553e+001  1.222530e+001  2.864928e+001
      vertex  3.550598e+001  1.222530e+001  2.333754e+001
    endloop
  endfacet
  facet normal  0.000000e+000  1.000000e+000  0.000000e+000
    outer loop
      vertex  1.516228e+001  1.222530e+001  3.400000e+001
      vertex  6.200000e+001  1.222530e+001  3.400000e+001
      vertex  6.185553e+001  1.222530e+001  3.120978e+001
    endloop
  endfacet
  facet normal  0.000000e+000  1.000000e+000  0.000000e+000
    outer loop
      vertex  1.516228e+001  1.222530e+001  3.400000e+001
      vertex  6.185553e+001  1.222530e+001  3.120978e+001
      vertex  6.143127e+001  1.222530e+001  3.105536e+001
    endloop
  endfacet
  facet normal  0.000000e+000  1.000000e+000  0.000000e+000
    outer loop
      vertex  1.516228e+001  1.222530e+001  3.400000e+001
      vertex  6.143127e+001  1.222530e+001  3.105536e+001
      vertex  6.108542e+001  1.222530e+001  3.076515e+001
    endloop
  endfacet
  facet normal  0.000000e+000  1.000000e+000  0.000000e+000
    outer loop
      vertex  1.516228e+001  1.222530e+001  3.400000e+001
      vertex  6.108542e+001  1.222530e+001  3.076515e+001
      vertex  6.085968e+001  1.222530e+001  3.037415e+001
    endloop
  endfacet
  facet normal  0.000000e+000  1.000000e+000  0.000000e+000
    outer loop
      vertex  1.516228e+001  1.222530e+001  3.400000e+001
      vertex  6.085968e+001  1.222530e+001  3.037415e+001
      vertex  6.078128e+001  1.222530e+001  2.992953e+001
    endloop
  endfacet
  facet normal  0.000000e+000  1.000000e+000  0.000000e+000
    outer loop
      vertex  1.516228e+001  1.222530e+001  3.400000e+001
      vertex  6.078128e+001  1.222530e+001  2.992953e+001
      vertex  3.492081e+001  1.222530e+001  2.348177e+001
    endloop
  endfacet
  facet normal  0.000000e+000  9.999999e-001  0.000000e+000
    outer loop
      vertex  1.516228e+001  1.222530e+001  3.400000e+001
      vertex  3.492081e+001  1.222530e+001  2.348177e+001
      vertex  3.431813e+001  1.222530e+001  2.348177e+001
    endloop
  endfacet
  facet normal  0.000000e+000  1.000000e+000  0.000000e+000
    outer loop
      vertex  1.516228e+001  1.222530e+001  3.400000e+001
      vertex  3.431813e+001  1.222530e+001  2.348177e+001
      vertex  2.726594e+001  1.222530e+001  2.348177e+001
    endloop
  endfacet
  facet normal  0.000000e+000  1.000000e+000  0.000000e+000
    outer loop
      vertex  1.516228e+001  1.222530e+001  3.400000e+001
      vertex  2.726594e+001  1.222530e+001  2.348177e+001
      vertex  2.666326e+001  1.222530e+001  2.348177e+001
    endloop
  endfacet
  facet normal  0.000000e+000  1.000000e+000  0.000000e+000
    outer loop
      vertex  1.516228e+001  1.222530e+001  3.400000e+001
      vertex  2.666326e+001  1.222530e+001  2.348177e+001
      vertex  1.961108e+001  1.222530e+001  2.348177e+001
    endloop
  endfacet
  facet normal  0.000000e+000  9.999999e-001  0.000000e+000
    outer loop
      vertex  1.516228e+001  1.222530e+001  3.400000e+001
      vertex  1.961108e+001  1.222530e+001  2.348177e+001
      vertex  1.900839e+001  1.222530e+001  2.348177e+001
    endloop
  endfacet
  facet normal  0.000000e+000  1.000000e+000  0.000000e+000
    outer loop
      vertex  1.516228e+001  1.222530e+001  3.400000e+001
      vertex  1.900839e+001  1.222530e+001  2.348177e+001
      vertex  1.630288e+001  1.222530e+001  3.037415e+001
    endloop
  endfacet
  facet normal  0.000000e+000  1.000000e+000  0.000000e+000
    outer loop
      vertex  1.516228e+001  1.222530e+001  3.400000e+001
      vertex  1.630288e+001  1.222530e+001  3.037415e+001
      vertex  1.607713e+001  1.222530e+001  3.076515e+001
    endloop
  endfacet
  facet normal  0.000000e+000  1.000000e+000  0.000000e+000
    outer loop
      vertex  1.516228e+001  1.222530e+001  3.400000e+001
      vertex  1.607713e+001  1.222530e+001  3.076515e+001
      vertex  1.573128e+001  1.222530e+001  3.105536e+001
    endloop
  endfacet
  facet normal  0.000000e+000  1.000000e+000  0.000000e+000
    outer loop
      vertex  1.516228e+001  1.222530e+001  3.400000e+001
      vertex  1.573128e+001  1.222530e+001  3.105536e+001
      vertex  1.530702e+001  1.222530e+001  3.120978e+001
    endloop
  endfacet
  facet normal  0.000000e+000  1.000000e+000  0.000000e+000
    outer loop
      vertex  1.516228e+001  1.222530e+001  3.400000e+001
      vertex  1.530702e+001  1.222530e+001  3.120978e+001
      vertex  1.485553e+001  1.222530e+001  3.120978e+001
    endloop
  endfacet
  facet normal  0.000000e+000  1.000000e+000  -0.000000e+000
    outer loop
      vertex  1.516228e+001  1.222530e+001  3.400000e+001
      vertex  1.485553e+001  1.222530e+001  3.120978e+001
      vertex  1.449471e+001  1.222530e+001  3.392479e+001
    endloop
  endfacet
  facet normal  0.000000e+000  1.000000e+000  0.000000e+000
    outer loop
      vertex  6.230702e+001  1.222530e+001  2.649277e+000
      vertex  6.273128e+001  1.222530e+001  2.803694e+000
      vertex  6.492478e+001  1.222530e+001  2.332437e+000
    endloop
  endfacet
  facet normal  0.000000e+000  1.000000e+000  0.000000e+000
    outer loop
      vertex  6.230702e+001  1.222530e+001  2.649277e+000
      vertex  6.492478e+001  1.222530e+001  2.332437e+000
      vertex  6.470290e+001  1.222530e+001  1.698349e+000
    endloop
  endfacet
  facet normal  0.000000e+000  1.000000e+000  0.000000e+000
    outer loop
      vertex  6.230702e+001  1.222530e+001  2.649277e+000
      vertex  6.470290e+001  1.222530e+001  1.698349e+000
      vertex  6.434550e+001  1.222530e+001  1.129531e+000
    endloop
  endfacet
  facet normal  0.000000e+000  1.000000e+000  0.000000e+000
    outer loop
      vertex  6.230702e+001  1.222530e+001  2.649277e+000
      vertex  6.434550e+001  1.222530e+001  1.129531e+000
      vertex  6.387047e+001  1.222530e+001  6.545056e-001
    endloop
  endfacet
  facet normal  0.000000e+000  1.000000e+000  0.000000e+000
    outer loop
      vertex  6.230702e+001  1.222530e+001  2.649277e+000
      vertex  6.387047e+001  1.222530e+001  6.545056e-001
      vertex  6.330165e+001  1.222530e+001  2.970934e-001
    endloop
  endfacet
  facet normal  0.000000e+000  1.000000e+000  0.000000e+000
    outer loop
      vertex  6.230702e+001  1.222530e+001  2.649277e+000
      vertex  6.330165e+001  1.222530e+001  2.970934e-001
      vertex  6.266756e+001  1.222530e+001  7.521626e-002
    endloop
  endfacet
  facet normal  0.000000e+000  9.999999e-001  0.000000e+000
    outer loop
      vertex  6.230702e+001  1.222530e+001  2.649277e+000
      vertex  6.266756e+001  1.222530e+001  7.521626e-002
      vertex  6.200000e+001  1.222530e+001  6.908536e-014
    endloop
  endfacet
  facet normal  0.000000e+000  1.000000e+000  -0.000000e+000
    outer loop
      vertex  6.230702e+001  1.222530e+001  2.649277e+000
      vertex  6.200000e+001  1.222530e+001  6.908536e-014
      vertex  6.185553e+001  1.222530e+001  2.649277e+000
    endloop
  endfacet
  facet normal  0.000000e+000  1.000000e+000  0.000000e+000
    outer loop
      vertex  6.185553e+001  1.222530e+001  2.864928e+001
      vertex  6.230702e+001  1.222530e+001  2.864928e+001
      vertex  6.230702e+001  1.222530e+001  5.209777e+000
    endloop
  endfacet
  facet normal  0.000000e+000  1.000000e+000  0.000000e+000
    outer loop
      vertex  6.185553e+001  1.222530e+001  2.864928e+001
      vertex  6.230702e+001  1.222530e+001  5.209777e+000
      vertex  6.185553e+001  1.222530e+001  5.209777e+000
    endloop
  endfacet
  facet normal  0.000000e+000  1.000000e+000  -0.000000e+000
    outer loop
      vertex  6.185553e+001  1.222530e+001  2.864928e+001
      vertex  6.185553e+001  1.222530e+001  5.209777e+000
      vertex  3.711947e+001  1.222530e+001  2.100000e+001
    endloop
  endfacet
  facet normal  0.000000e+000  1.000000e+000  -0.000000e+000
    outer loop
      vertex  6.185553e+001  1.222530e+001  2.864928e+001
      vertex  3.711947e+001  1.222530e+001  2.100000e+001
      vertex  3.704683e+001  1.222530e+001  2.159829e+001
    endloop
  endfacet
  facet normal  0.000000e+000  9.999999e-001  -0.000000e+000
    outer loop
      vertex  6.185553e+001  1.222530e+001  2.864928e+001
      vertex  3.704683e+001  1.222530e+001  2.159829e+001
      vertex  3.683311e+001  1.222530e+001  2.216181e+001
    endloop
  endfacet
  facet normal  0.000000e+000  1.000000e+000  -0.000000e+000
    outer loop
      vertex  6.185553e+001  1.222530e+001  2.864928e+001
      vertex  3.683311e+001  1.222530e+001  2.216181e+001
      vertex  3.649075e+001  1.222530e+001  2.265781e+001
    endloop
  endfacet
  facet normal  0.000000e+000  1.000000e+000  -0.000000e+000
    outer loop
      vertex  6.185553e+001  1.222530e+001  2.864928e+001
      vertex  3.649075e+001  1.222530e+001  2.265781e+001
      vertex  3.603963e+001  1.222530e+001  2.305746e+001
    endloop
  endfacet
  facet normal  0.000000e+000  1.000000e+000  -0.000000e+000
    outer loop
      vertex  6.185553e+001  1.222530e+001  2.864928e+001
      vertex  3.603963e+001  1.222530e+001  2.305746e+001
      vertex  3.550598e+001  1.222530e+001  2.333754e+001
    endloop
  endfacet
  facet normal  -0.000000e+000  1.000000e+000  0.000000e+000
    outer loop
      vertex  6.185553e+001  1.222530e+001  5.209777e+000
      vertex  3.492081e+001  1.222530e+001  1.051823e+001
      vertex  3.550598e+001  1.222530e+001  1.066246e+001
    endloop
  endfacet
  facet normal  -0.000000e+000  9.999999e-001  0.000000e+000
    outer loop
      vertex  6.185553e+001  1.222530e+001  5.209777e+000
      vertex  3.550598e+001  1.222530e+001  1.066246e+001
      vertex  3.603963e+001  1.222530e+001  1.094254e+001
    endloop
  endfacet
  facet normal  -0.000000e+000  1.000000e+000  0.000000e+000
    outer loop
      vertex  6.185553e+001  1.222530e+001  5.209777e+000
      vertex  3.603963e+001  1.222530e+001  1.094254e+001
      vertex  3.649075e+001  1.222530e+001  1.134219e+001
    endloop
  endfacet
  facet normal  -0.000000e+000  9.999999e-001  0.000000e+000
    outer loop
      vertex  6.185553e+001  1.222530e+001  5.209777e+000
      vertex  3.649075e+001  1.222530e+001  1.134219e+001
      vertex  3.683311e+001  1.222530e+001  1.183819e+001
    endloop
  endfacet
  facet normal  -0.000000e+000  1.000000e+000  0.000000e+000
    outer loop
      vertex  6.185553e+001  1.222530e+001  5.209777e+000
      vertex  3.683311e+001  1.222530e+001  1.183819e+001
      vertex  3.704683e+001  1.222530e+001  1.240171e+001
    endloop
  endfacet
  facet normal  -0.000000e+000  1.000000e+000  0.000000e+000
    outer loop
      vertex  6.185553e+001  1.222530e+001  5.209777e+000
      vertex  3.704683e+001  1.222530e+001  1.240171e+001
      vertex  3.711947e+001  1.222530e+001  1.300000e+001
    endloop
  endfacet
  facet normal  -0.000000e+000  1.000000e+000  0.000000e+000
    outer loop
      vertex  6.185553e+001  1.222530e+001  5.209777e+000
      vertex  3.711947e+001  1.222530e+001  1.300000e+001
      vertex  3.711947e+001  1.222530e+001  2.100000e+001
    endloop
  endfacet
  facet normal  0.000000e+000  1.000000e+000  0.000000e+000
    outer loop
      vertex  6.230702e+001  1.222530e+001  3.120978e+001
      vertex  6.185553e+001  1.222530e+001  3.120978e+001
      vertex  6.200000e+001  1.222530e+001  3.400000e+001
    endloop
  endfacet
  facet normal  0.000000e+000  9.999999e-001  0.000000e+000
    outer loop
      vertex  6.230702e+001  1.222530e+001  3.120978e+001
      vertex  6.200000e+001  1.222530e+001  3.400000e+001
      vertex  6.266756e+001  1.222530e+001  3.392479e+001
    endloop
  endfacet
  facet normal  0.000000e+000  1.000000e+000  0.000000e+000
    outer loop
      vertex  6.230702e+001  1.222530e+001  3.120978e+001
      vertex  6.266756e+001  1.222530e+001  3.392479e+001
      vertex  6.330165e+001  1.222530e+001  3.370292e+001
    endloop
  endfacet
  facet normal  0.000000e+000  9.999999e-001  0.000000e+000
    outer loop
      vertex  6.230702e+001  1.222530e+001  3.120978e+001
      vertex  6.330165e+001  1.222530e+001  3.370292e+001
      vertex  6.387048e+001  1.222530e+001  3.334550e+001
    endloop
  endfacet
  facet normal  0.000000e+000  1.000000e+000  0.000000e+000
    outer loop
      vertex  6.230702e+001  1.222530e+001  3.120978e+001
      vertex  6.387048e+001  1.222530e+001  3.334550e+001
      vertex  6.434550e+001  1.222530e+001  3.287048e+001
    endloop
  endfacet
  facet normal  0.000000e+000  1.000000e+000  0.000000e+000
    outer loop
      vertex  6.230702e+001  1.222530e+001  3.120978e+001
      vertex  6.434550e+001  1.222530e+001  3.287048e+001
      vertex  6.470291e+001  1.222530e+001  3.230165e+001
    endloop
  endfacet
  facet normal  0.000000e+000  9.999999e-001  0.000000e+000
    outer loop
      vertex  6.230702e+001  1.222530e+001  3.120978e+001
      vertex  6.470291e+001  1.222530e+001  3.230165e+001
      vertex  6.492479e+001  1.222530e+001  3.166756e+001
    endloop
  endfacet
  facet normal  0.000000e+000  1.000000e+000  0.000000e+000
    outer loop
      vertex  6.230702e+001  1.222530e+001  3.120978e+001
      vertex  6.492479e+001  1.222530e+001  3.166756e+001
      vertex  6.500000e+001  1.222530e+001  3.100000e+001
    endloop
  endfacet
  facet normal  0.000000e+000  1.000000e+000  0.000000e+000
    outer loop
      vertex  6.230702e+001  1.222530e+001  3.120978e+001
      vertex  6.500000e+001  1.222530e+001  3.100000e+001
      vertex  6.273128e+001  1.222530e+001  3.105536e+001
    endloop
  endfacet
  facet normal  0.000000e+000  1.000000e+000  0.000000e+000
    outer loop
      vertex  1.223749e+001  1.222530e+001  2.332437e+000
      vertex  1.449471e+001  1.222530e+001  7.521626e-002
      vertex  1.386063e+001  1.222530e+001  2.970934e-001
    endloop
  endfacet
  facet normal  0.000000e+000  1.000000e+000  0.000000e+000
    outer loop
      vertex  1.223749e+001  1.222530e+001  2.332437e+000
      vertex  1.386063e+001  1.222530e+001  2.970934e-001
      vertex  1.329181e+001  1.222530e+001  6.545056e-001
    endloop
  endfacet
  facet normal  0.000000e+000  1.000000e+000  0.000000e+000
    outer loop
      vertex  1.223749e+001  1.222530e+001  2.332437e+000
      vertex  1.329181e+001  1.222530e+001  6.545056e-001
      vertex  1.281678e+001  1.222530e+001  1.129531e+000
    endloop
  endfacet
  facet normal  0.000000e+000  1.000000e+000  0.000000e+000
    outer loop
      vertex  1.223749e+001  1.222530e+001  2.332437e+000
      vertex  1.281678e+001  1.222530e+001  1.129531e+000
      vertex  1.245937e+001  1.222530e+001  1.698349e+000
    endloop
  endfacet
  facet normal  0.000000e+000  9.999999e-001  0.000000e+000
    outer loop
      vertex  1.530702e+001  1.222530e+001  5.209777e+000
      vertex  1.680973e+001  1.222530e+001  1.300000e+001
      vertex  1.688238e+001  1.222530e+001  1.240171e+001
    endloop
  endfacet
  facet normal  0.000000e+000  9.999999e-001  0.000000e+000
    outer loop
      vertex  1.530702e+001  1.222530e+001  5.209777e+000
      vertex  1.688238e+001  1.222530e+001  1.240171e+001
      vertex  1.709609e+001  1.222530e+001  1.183819e+001
    endloop
  endfacet
  facet normal  0.000000e+000  1.000000e+000  0.000000e+000
    outer loop
      vertex  1.530702e+001  1.222530e+001  5.209777e+000
      vertex  1.709609e+001  1.222530e+001  1.183819e+001
      vertex  1.743846e+001  1.222530e+001  1.134219e+001
    endloop
  endfacet
  facet normal  0.000000e+000  9.999999e-001  0.000000e+000
    outer loop
      vertex  1.530702e+001  1.222530e+001  5.209777e+000
      vertex  1.743846e+001  1.222530e+001  1.134219e+001
      vertex  1.788957e+001  1.222530e+001  1.094254e+001
    endloop
  endfacet
  facet normal  0.000000e+000  9.999999e-001  0.000000e+000
    outer loop
      vertex  1.530702e+001  1.222530e+001  5.209777e+000
      vertex  1.788957e+001  1.222530e+001  1.094254e+001
      vertex  1.842322e+001  1.222530e+001  1.066246e+001
    endloop
  endfacet
  facet normal  0.000000e+000  1.000000e+000  0.000000e+000
    outer loop
      vertex  1.530702e+001  1.222530e+001  5.209777e+000
      vertex  1.842322e+001  1.222530e+001  1.066246e+001
      vertex  1.900839e+001  1.222530e+001  1.051823e+001
    endloop
  endfacet
  facet normal  -0.000000e+000  1.000000e+000  0.000000e+000
    outer loop
      vertex  1.485553e+001  1.222530e+001  5.209777e+000
      vertex  1.216228e+001  1.222530e+001  9.500000e+000
      vertex  1.352614e+001  1.222530e+001  1.134219e+001
    endloop
  endfacet
  facet normal  -0.000000e+000  1.000000e+000  0.000000e+000
    outer loop
      vertex  1.485553e+001  1.222530e+001  5.209777e+000
      vertex  1.352614e+001  1.222530e+001  1.134219e+001
      vertex  1.386851e+001  1.222530e+001  1.183819e+001
    endloop
  endfacet
  facet normal  -0.000000e+000  1.000000e+000  0.000000e+000
    outer loop
      vertex  1.485553e+001  1.222530e+001  5.209777e+000
      vertex  1.386851e+001  1.222530e+001  1.183819e+001
      vertex  1.408222e+001  1.222530e+001  1.240171e+001
    endloop
  endfacet
  facet normal  -0.000000e+000  9.999999e-001  0.000000e+000
    outer loop
      vertex  1.485553e+001  1.222530e+001  5.209777e+000
      vertex  1.408222e+001  1.222530e+001  1.240171e+001
      vertex  1.415487e+001  1.222530e+001  1.300000e+001
    endloop
  endfacet
  facet normal  0.000000e+000  1.000000e+000  -0.000000e+000
    outer loop
      vertex  1.485553e+001  1.222530e+001  2.864928e+001
      vertex  1.415487e+001  1.222530e+001  2.100000e+001
      vertex  1.408222e+001  1.222530e+001  2.159829e+001
    endloop
  endfacet
  facet normal  0.000000e+000  1.000000e+000  -0.000000e+000
    outer loop
      vertex  1.485553e+001  1.222530e+001  2.864928e+001
      vertex  1.408222e+001  1.222530e+001  2.159829e+001
      vertex  1.386851e+001  1.222530e+001  2.216181e+001
    endloop
  endfacet
  facet normal  0.000000e+000  1.000000e+000  -0.000000e+000
    outer loop
      vertex  1.485553e+001  1.222530e+001  2.864928e+001
      vertex  1.386851e+001  1.222530e+001  2.216181e+001
      vertex  1.352614e+001  1.222530e+001  2.265781e+001
    endloop
  endfacet
  facet normal  0.000000e+000  1.000000e+000  -0.000000e+000
    outer loop
      vertex  1.485553e+001  1.222530e+001  2.864928e+001
      vertex  1.352614e+001  1.222530e+001  2.265781e+001
      vertex  1.216228e+001  1.222530e+001  2.450000e+001
    endloop
  endfacet
  facet normal  0.000000e+000  1.000000e+000  0.000000e+000
    outer loop
      vertex  1.530702e+001  1.222530e+001  2.864928e+001
      vertex  1.900839e+001  1.222530e+001  2.348177e+001
      vertex  1.842322e+001  1.222530e+001  2.333754e+001
    endloop
  endfacet
  facet normal  0.000000e+000  1.000000e+000  0.000000e+000
    outer loop
      vertex  1.530702e+001  1.222530e+001  2.864928e+001
      vertex  1.842322e+001  1.222530e+001  2.333754e+001
      vertex  1.788957e+001  1.222530e+001  2.305746e+001
    endloop
  endfacet
  facet normal  0.000000e+000  1.000000e+000  0.000000e+000
    outer loop
      vertex  1.530702e+001  1.222530e+001  2.864928e+001
      vertex  1.788957e+001  1.222530e+001  2.305746e+001
      vertex  1.743846e+001  1.222530e+001  2.265781e+001
    endloop
  endfacet
  facet normal  0.000000e+000  1.000000e+000  0.000000e+000
    outer loop
      vertex  1.530702e+001  1.222530e+001  2.864928e+001
      vertex  1.743846e+001  1.222530e+001  2.265781e+001
      vertex  1.709609e+001  1.222530e+001  2.216181e+001
    endloop
  endfacet
  facet normal  0.000000e+000  1.000000e+000  0.000000e+000
    outer loop
      vertex  1.530702e+001  1.222530e+001  2.864928e+001
      vertex  1.709609e+001  1.222530e+001  2.216181e+001
      vertex  1.688238e+001  1.222530e+001  2.159829e+001
    endloop
  endfacet
  facet normal  0.000000e+000  1.000000e+000  0.000000e+000
    outer loop
      vertex  1.530702e+001  1.222530e+001  2.864928e+001
      vertex  1.688238e+001  1.222530e+001  2.159829e+001
      vertex  1.680973e+001  1.222530e+001  2.100000e+001
    endloop
  endfacet
  facet normal  -0.000000e+000  1.000000e+000  0.000000e+000
    outer loop
      vertex  1.223749e+001  1.222530e+001  3.166756e+001
      vertex  1.245937e+001  1.222530e+001  3.230165e+001
      vertex  1.281678e+001  1.222530e+001  3.287047e+001
    endloop
  endfacet
  facet normal  -0.000000e+000  1.000000e+000  0.000000e+000
    outer loop
      vertex  1.223749e+001  1.222530e+001  3.166756e+001
      vertex  1.281678e+001  1.222530e+001  3.287047e+001
      vertex  1.329181e+001  1.222530e+001  3.334549e+001
    endloop
  endfacet
  facet normal  -0.000000e+000  9.999999e-001  0.000000e+000
    outer loop
      vertex  1.223749e+001  1.222530e+001  3.166756e+001
      vertex  1.329181e+001  1.222530e+001  3.334549e+001
      vertex  1.386063e+001  1.222530e+001  3.370291e+001
    endloop
  endfacet
  facet normal  -0.000000e+000  1.000000e+000  0.000000e+000
    outer loop
      vertex  1.223749e+001  1.222530e+001  3.166756e+001
      vertex  1.386063e+001  1.222530e+001  3.370291e+001
      vertex  1.449471e+001  1.222530e+001  3.392479e+001
    endloop
  endfacet
  facet normal  0.000000e+000  1.000000e+000  0.000000e+000
    outer loop
      vertex  1.223749e+001  1.222530e+001  3.166756e+001
      vertex  1.449471e+001  1.222530e+001  3.392479e+001
      vertex  1.485553e+001  1.222530e+001  3.120978e+001
    endloop
  endfacet
  facet normal  0.000000e+000  1.000000e+000  0.000000e+000
    outer loop
      vertex  1.223749e+001  1.222530e+001  3.166756e+001
      vertex  1.485553e+001  1.222530e+001  3.120978e+001
      vertex  1.443128e+001  1.222530e+001  3.105536e+001
    endloop
  endfacet
  facet normal  0.000000e+000  1.000000e+000  0.000000e+000
    outer loop
      vertex  1.223749e+001  1.222530e+001  3.166756e+001
      vertex  1.443128e+001  1.222530e+001  3.105536e+001
      vertex  1.216228e+001  1.222530e+001  3.100000e+001
    endloop
  endfacet
  facet normal  0.000000e+000  1.000000e+000  0.000000e+000
    outer loop
      vertex  1.900839e+001  1.222530e+001  1.051823e+001
      vertex  1.630288e+001  1.222530e+001  3.484901e+000
      vertex  1.638128e+001  1.222530e+001  3.929527e+000
    endloop
  endfacet
  facet normal  0.000000e+000  1.000000e+000  -0.000000e+000
    outer loop
      vertex  1.900839e+001  1.222530e+001  1.051823e+001
      vertex  1.638128e+001  1.222530e+001  3.929527e+000
      vertex  1.630288e+001  1.222530e+001  4.374153e+000
    endloop
  endfacet
  facet normal  0.000000e+000  1.000000e+000  -0.000000e+000
    outer loop
      vertex  1.900839e+001  1.222530e+001  1.051823e+001
      vertex  1.630288e+001  1.222530e+001  4.374153e+000
      vertex  1.607713e+001  1.222530e+001  4.765151e+000
    endloop
  endfacet
  facet normal  0.000000e+000  1.000000e+000  -0.000000e+000
    outer loop
      vertex  1.900839e+001  1.222530e+001  1.051823e+001
      vertex  1.607713e+001  1.222530e+001  4.765151e+000
      vertex  1.573128e+001  1.222530e+001  5.055360e+000
    endloop
  endfacet
  facet normal  0.000000e+000  1.000000e+000  -0.000000e+000
    outer loop
      vertex  1.900839e+001  1.222530e+001  1.051823e+001
      vertex  1.573128e+001  1.222530e+001  5.055360e+000
      vertex  1.530702e+001  1.222530e+001  5.209777e+000
    endloop
  endfacet
  facet normal  0.000000e+000  1.000000e+000  0.000000e+000
    outer loop
      vertex  1.900839e+001  1.222530e+001  1.851823e+001
      vertex  1.961108e+001  1.222530e+001  1.851823e+001
      vertex  1.961108e+001  1.222530e+001  1.548177e+001
    endloop
  endfacet
  facet normal  0.000000e+000  1.000000e+000  0.000000e+000
    outer loop
      vertex  1.900839e+001  1.222530e+001  1.851823e+001
      vertex  1.961108e+001  1.222530e+001  1.548177e+001
      vertex  1.900839e+001  1.222530e+001  1.548177e+001
    endloop
  endfacet
  facet normal  0.000000e+000  9.999999e-001  -0.000000e+000
    outer loop
      vertex  1.900839e+001  1.222530e+001  1.851823e+001
      vertex  1.900839e+001  1.222530e+001  1.548177e+001
      vertex  1.842322e+001  1.222530e+001  1.533754e+001
    endloop
  endfacet
  facet normal  0.000000e+000  1.000000e+000  -0.000000e+000
    outer loop
      vertex  1.900839e+001  1.222530e+001  1.851823e+001
      vertex  1.842322e+001  1.222530e+001  1.533754e+001
      vertex  1.788957e+001  1.222530e+001  1.505746e+001
    endloop
  endfacet
  facet normal  0.000000e+000  1.000000e+000  -0.000000e+000
    outer loop
      vertex  1.900839e+001  1.222530e+001  1.851823e+001
      vertex  1.788957e+001  1.222530e+001  1.505746e+001
      vertex  1.743846e+001  1.222530e+001  1.465781e+001
    endloop
  endfacet
  facet normal  0.000000e+000  1.000000e+000  -0.000000e+000
    outer loop
      vertex  1.900839e+001  1.222530e+001  1.851823e+001
      vertex  1.743846e+001  1.222530e+001  1.465781e+001
      vertex  1.709609e+001  1.222530e+001  1.416181e+001
    endloop
  endfacet
  facet normal  0.000000e+000  1.000000e+000  0.000000e+000
    outer loop
      vertex  1.900839e+001  1.222530e+001  1.851823e+001
      vertex  1.709609e+001  1.222530e+001  1.416181e+001
      vertex  1.842322e+001  1.222530e+001  1.866246e+001
    endloop
  endfacet
  facet normal  -0.000000e+000  1.000000e+000  0.000000e+000
    outer loop
      vertex  1.900839e+001  1.222530e+001  2.348177e+001
      vertex  1.530702e+001  1.222530e+001  2.864928e+001
      vertex  1.573128e+001  1.222530e+001  2.880369e+001
    endloop
  endfacet
  facet normal  -0.000000e+000  1.000000e+000  0.000000e+000
    outer loop
      vertex  1.900839e+001  1.222530e+001  2.348177e+001
      vertex  1.573128e+001  1.222530e+001  2.880369e+001
      vertex  1.607713e+001  1.222530e+001  2.909390e+001
    endloop
  endfacet
  facet normal  -0.000000e+000  1.000000e+000  0.000000e+000
    outer loop
      vertex  1.900839e+001  1.222530e+001  2.348177e+001
      vertex  1.607713e+001  1.222530e+001  2.909390e+001
      vertex  1.630288e+001  1.222530e+001  2.948490e+001
    endloop
  endfacet
  facet normal  -0.000000e+000  1.000000e+000  0.000000e+000
    outer loop
      vertex  1.900839e+001  1.222530e+001  2.348177e+001
      vertex  1.630288e+001  1.222530e+001  2.948490e+001
      vertex  1.638128e+001  1.222530e+001  2.992953e+001
    endloop
  endfacet
  facet normal  -0.000000e+000  9.999999e-001  -0.000000e+000
    outer loop
      vertex  1.900839e+001  1.222530e+001  2.348177e+001
      vertex  1.638128e+001  1.222530e+001  2.992953e+001
      vertex  1.630288e+001  1.222530e+001  3.037415e+001
    endloop
  endfacet
  facet normal  0.000000e+000  1.000000e+000  0.000000e+000
    outer loop
      vertex  1.516228e+001  1.222530e+001  7.105427e-014
      vertex  6.078128e+001  1.222530e+001  3.929527e+000
      vertex  6.085968e+001  1.222530e+001  3.484901e+000
    endloop
  endfacet
  facet normal  0.000000e+000  1.000000e+000  0.000000e+000
    outer loop
      vertex  1.516228e+001  1.222530e+001  7.105427e-014
      vertex  6.085968e+001  1.222530e+001  3.484901e+000
      vertex  6.108542e+001  1.222530e+001  3.093903e+000
    endloop
  endfacet
  facet normal  0.000000e+000  1.000000e+000  0.000000e+000
    outer loop
      vertex  1.516228e+001  1.222530e+001  7.105427e-014
      vertex  6.108542e+001  1.222530e+001  3.093903e+000
      vertex  6.143127e+001  1.222530e+001  2.803694e+000
    endloop
  endfacet
  facet normal  0.000000e+000  1.000000e+000  0.000000e+000
    outer loop
      vertex  1.516228e+001  1.222530e+001  7.105427e-014
      vertex  6.143127e+001  1.222530e+001  2.803694e+000
      vertex  6.185553e+001  1.222530e+001  2.649277e+000
    endloop
  endfacet
  facet normal  0.000000e+000  1.000000e+000  0.000000e+000
    outer loop
      vertex  1.516228e+001  1.222530e+001  7.105427e-014
      vertex  6.185553e+001  1.222530e+001  2.649277e+000
      vertex  6.200000e+001  1.222530e+001  6.908536e-014
    endloop
  endfacet
  facet normal  0.000000e+000  1.000000e+000  0.000000e+000
    outer loop
      vertex  1.195621e+001  1.222530e+001  1.851823e+001
      vertex  1.386851e+001  1.222530e+001  1.416181e+001
      vertex  1.352614e+001  1.222530e+001  1.465781e+001
    endloop
  endfacet
  facet normal  0.000000e+000  1.000000e+000  0.000000e+000
    outer loop
      vertex  1.195621e+001  1.222530e+001  1.851823e+001
      vertex  1.352614e+001  1.222530e+001  1.465781e+001
      vertex  1.307503e+001  1.222530e+001  1.505746e+001
    endloop
  endfacet
  facet normal  0.000000e+000  9.999999e-001  0.000000e+000
    outer loop
      vertex  1.195621e+001  1.222530e+001  1.851823e+001
      vertex  1.307503e+001  1.222530e+001  1.505746e+001
      vertex  1.254138e+001  1.222530e+001  1.533754e+001
    endloop
  endfacet
  facet normal  0.000000e+000  9.999999e-001  0.000000e+000
    outer loop
      vertex  1.195621e+001  1.222530e+001  1.851823e+001
      vertex  1.254138e+001  1.222530e+001  1.533754e+001
      vertex  1.195621e+001  1.222530e+001  1.548177e+001
    endloop
  endfacet
  facet normal  0.000000e+000  1.000000e+000  -0.000000e+000
    outer loop
      vertex  1.195621e+001  1.222530e+001  1.851823e+001
      vertex  1.195621e+001  1.222530e+001  1.548177e+001
      vertex  1.135353e+001  1.222530e+001  1.548177e+001
    endloop
  endfacet
  facet normal  0.000000e+000  1.000000e+000  0.000000e+000
    outer loop
      vertex  1.195621e+001  1.222530e+001  1.851823e+001
      vertex  1.135353e+001  1.222530e+001  1.548177e+001
      vertex  1.135353e+001  1.222530e+001  1.851823e+001
    endloop
  endfacet
  facet normal  0.000000e+000  9.999999e-001  0.000000e+000
    outer loop
      vertex  3.698658e+000  1.222530e+001  1.851823e+001
      vertex  4.301342e+000  1.222530e+001  1.851823e+001
      vertex  4.301342e+000  1.222530e+001  1.548177e+001
    endloop
  endfacet
  facet normal  0.000000e+000  9.999999e-001  0.000000e+000
    outer loop
      vertex  3.698658e+000  1.222530e+001  1.851823e+001
      vertex  4.301342e+000  1.222530e+001  1.548177e+001
      vertex  3.698658e+000  1.222530e+001  1.548177e+001
    endloop
  endfacet
  facet normal  0.000000e+000  1.000000e+000  -0.000000e+000
    outer loop
      vertex  3.698658e+000  1.222530e+001  1.851823e+001
      vertex  3.698658e+000  1.222530e+001  1.548177e+001
      vertex  3.113488e+000  1.222530e+001  1.533754e+001
    endloop
  endfacet
  facet normal  0.000000e+000  1.000000e+000  -0.000000e+000
    outer loop
      vertex  3.698658e+000  1.222530e+001  1.851823e+001
      vertex  3.113488e+000  1.222530e+001  1.533754e+001
      vertex  2.579838e+000  1.222530e+001  1.505746e+001
    endloop
  endfacet
  facet normal  0.000000e+000  1.000000e+000  -0.000000e+000
    outer loop
      vertex  3.698658e+000  1.222530e+001  1.851823e+001
      vertex  2.579838e+000  1.222530e+001  1.505746e+001
      vertex  2.128723e+000  1.222530e+001  1.465781e+001
    endloop
  endfacet
  facet normal  0.000000e+000  1.000000e+000  -0.000000e+000
    outer loop
      vertex  3.698658e+000  1.222530e+001  1.851823e+001
      vertex  2.128723e+000  1.222530e+001  1.465781e+001
      vertex -1.500000e+000  1.222530e+001  9.634159e+000
    endloop
  endfacet
  facet normal  0.000000e+000  9.999999e-001  0.000000e+000
    outer loop
      vertex -1.500000e+000  1.222530e+001  9.634159e+000
      vertex  1.572645e+000  1.222530e+001  2.159829e+001
      vertex  1.500000e+000  1.222530e+001  2.100000e+001
    endloop
  endfacet
  facet normal  0.000000e+000  1.000000e+000  0.000000e+000
    outer loop
      vertex -1.500000e+000  1.222530e+001  9.634159e+000
      vertex  1.500000e+000  1.222530e+001  2.100000e+001
      vertex  1.572645e+000  1.222530e+001  2.040171e+001
    endloop
  endfacet
  facet normal  0.000000e+000  1.000000e+000  0.000000e+000
    outer loop
      vertex -1.500000e+000  1.222530e+001  9.634159e+000
      vertex  1.572645e+000  1.222530e+001  2.040171e+001
      vertex  1.786360e+000  1.222530e+001  1.983819e+001
    endloop
  endfacet
  facet normal  0.000000e+000  1.000000e+000  0.000000e+000
    outer loop
      vertex -1.500000e+000  1.222530e+001  9.634159e+000
      vertex  1.786360e+000  1.222530e+001  1.983819e+001
      vertex  2.128723e+000  1.222530e+001  1.934219e+001
    endloop
  endfacet
  facet normal  0.000000e+000  1.000000e+000  0.000000e+000
    outer loop
      vertex -1.500000e+000  1.222530e+001  9.634159e+000
      vertex  2.128723e+000  1.222530e+001  1.934219e+001
      vertex  2.579838e+000  1.222530e+001  1.894254e+001
    endloop
  endfacet
  facet normal  0.000000e+000  1.000000e+000  0.000000e+000
    outer loop
      vertex -1.500000e+000  1.222530e+001  9.634159e+000
      vertex  2.579838e+000  1.222530e+001  1.894254e+001
      vertex  3.113488e+000  1.222530e+001  1.866246e+001
    endloop
  endfacet
  facet normal  0.000000e+000  1.000000e+000  0.000000e+000
    outer loop
      vertex -1.500000e+000  1.222530e+001  9.634159e+000
      vertex  3.113488e+000  1.222530e+001  1.866246e+001
      vertex  3.698658e+000  1.222530e+001  1.851823e+001
    endloop
  endfacet
  facet normal  0.000000e+000  1.000000e+000  0.000000e+000
    outer loop
      vertex -1.000000e+000  1.222530e+001  2.450000e+001
      vertex  1.195621e+001  1.222530e+001  2.348177e+001
      vertex  1.135353e+001  1.222530e+001  2.348177e+001
    endloop
  endfacet
  facet normal  0.000000e+000  1.000000e+000  0.000000e+000
    outer loop
      vertex -1.000000e+000  1.222530e+001  2.450000e+001
      vertex  1.135353e+001  1.222530e+001  2.348177e+001
      vertex  4.301342e+000  1.222530e+001  2.348177e+001
    endloop
  endfacet
  facet normal  0.000000e+000  1.000000e+000  0.000000e+000
    outer loop
      vertex -1.000000e+000  1.222530e+001  2.450000e+001
      vertex  4.301342e+000  1.222530e+001  2.348177e+001
      vertex  3.698658e+000  1.222530e+001  2.348177e+001
    endloop
  endfacet
  facet normal  0.000000e+000  1.000000e+000  0.000000e+000
    outer loop
      vertex -1.000000e+000  1.222530e+001  2.450000e+001
      vertex  3.698658e+000  1.222530e+001  2.348177e+001
      vertex -1.500000e+000  1.222530e+001  2.436584e+001
    endloop
  endfacet
  facet normal  0.000000e+000  1.000000e+000  0.000000e+000
    outer loop
      vertex -1.000000e+000  1.222530e+001  2.450000e+001
      vertex -1.500000e+000  1.222530e+001  2.436584e+001
      vertex -1.258940e+000  1.222530e+001  2.446567e+001
    endloop
  endfacet
  facet normal  0.000000e+000  1.000000e+000  0.000000e+000
    outer loop
      vertex -1.500000e+000  1.222530e+001  9.634159e+000
      vertex  2.128723e+000  1.222530e+001  1.465781e+001
      vertex  1.786360e+000  1.222530e+001  1.416181e+001
    endloop
  endfacet
  facet normal  0.000000e+000  1.000000e+000  0.000000e+000
    outer loop
      vertex -1.500000e+000  1.222530e+001  9.634159e+000
      vertex  1.786360e+000  1.222530e+001  1.416181e+001
      vertex  1.572645e+000  1.222530e+001  1.359829e+001
    endloop
  endfacet
  facet normal  0.000000e+000  1.000000e+000  0.000000e+000
    outer loop
      vertex -1.500000e+000  1.222530e+001  9.634159e+000
      vertex  1.572645e+000  1.222530e+001  1.359829e+001
      vertex  1.500000e+000  1.222530e+001  1.300000e+001
    endloop
  endfacet
  facet normal  0.000000e+000  1.000000e+000  0.000000e+000
    outer loop
      vertex -1.500000e+000  1.222530e+001  9.634159e+000
      vertex  1.500000e+000  1.222530e+001  1.300000e+001
      vertex  1.572645e+000  1.222530e+001  1.240171e+001
    endloop
  endfacet
  facet normal  0.000000e+000  1.000000e+000  0.000000e+000
    outer loop
      vertex -1.500000e+000  1.222530e+001  9.634159e+000
      vertex  1.572645e+000  1.222530e+001  1.240171e+001
      vertex  1.786360e+000  1.222530e+001  1.183819e+001
    endloop
  endfacet
  facet normal  0.000000e+000  1.000000e+000  0.000000e+000
    outer loop
      vertex -1.500000e+000  1.222530e+001  9.634159e+000
      vertex  1.786360e+000  1.222530e+001  1.183819e+001
      vertex  2.128723e+000  1.222530e+001  1.134219e+001
    endloop
  endfacet
  facet normal  0.000000e+000  1.000000e+000  0.000000e+000
    outer loop
      vertex -1.500000e+000  1.222530e+001  9.634159e+000
      vertex  2.128723e+000  1.222530e+001  1.134219e+001
      vertex  2.579838e+000  1.222530e+001  1.094254e+001
    endloop
  endfacet
  facet normal  0.000000e+000  1.000000e+000  0.000000e+000
    outer loop
      vertex -1.500000e+000  1.222530e+001  9.634159e+000
      vertex  2.579838e+000  1.222530e+001  1.094254e+001
      vertex  3.113488e+000  1.222530e+001  1.066246e+001
    endloop
  endfacet
  facet normal  0.000000e+000  1.000000e+000  0.000000e+000
    outer loop
      vertex -1.500000e+000  1.222530e+001  9.634159e+000
      vertex  3.113488e+000  1.222530e+001  1.066246e+001
      vertex  3.698658e+000  1.222530e+001  1.051823e+001
    endloop
  endfacet
  facet normal  -0.000000e+000  1.000000e+000  0.000000e+000
    outer loop
      vertex -1.500000e+000  1.222530e+001  9.634159e+000
      vertex  3.698658e+000  1.222530e+001  1.051823e+001
      vertex  4.301342e+000  1.222530e+001  1.051823e+001
    endloop
  endfacet
  facet normal  0.000000e+000  1.000000e+000  0.000000e+000
    outer loop
      vertex -1.500000e+000  1.222530e+001  9.634159e+000
      vertex  4.301342e+000  1.222530e+001  1.051823e+001
      vertex -1.000000e+000  1.222530e+001  9.500000e+000
    endloop
  endfacet
  facet normal  0.000000e+000  1.000000e+000  0.000000e+000
    outer loop
      vertex -1.500000e+000  1.222530e+001  9.634159e+000
      vertex -1.000000e+000  1.222530e+001  9.500000e+000
      vertex -1.258940e+000  1.222530e+001  9.534331e+000
    endloop
  endfacet
  facet normal  0.000000e+000  1.000000e+000  0.000000e+000
    outer loop
      vertex -1.500000e+000  1.222530e+001  2.436584e+001
      vertex  3.698658e+000  1.222530e+001  2.348177e+001
      vertex  3.113488e+000  1.222530e+001  2.333754e+001
    endloop
  endfacet
  facet normal  0.000000e+000  1.000000e+000  0.000000e+000
    outer loop
      vertex -1.500000e+000  1.222530e+001  2.436584e+001
      vertex  3.113488e+000  1.222530e+001  2.333754e+001
      vertex  2.579838e+000  1.222530e+001  2.305746e+001
    endloop
  endfacet
  facet normal  0.000000e+000  1.000000e+000  0.000000e+000
    outer loop
      vertex -1.500000e+000  1.222530e+001  2.436584e+001
      vertex  2.579838e+000  1.222530e+001  2.305746e+001
      vertex  2.128723e+000  1.222530e+001  2.265781e+001
    endloop
  endfacet
  facet normal  0.000000e+000  1.000000e+000  0.000000e+000
    outer loop
      vertex -1.500000e+000  1.222530e+001  2.436584e+001
      vertex  2.128723e+000  1.222530e+001  2.265781e+001
      vertex  1.786360e+000  1.222530e+001  2.216181e+001
    endloop
  endfacet
  facet normal  0.000000e+000  1.000000e+000  0.000000e+000
    outer loop
      vertex -1.500000e+000  1.222530e+001  2.436584e+001
      vertex  1.786360e+000  1.222530e+001  2.216181e+001
      vertex  1.572645e+000  1.222530e+001  2.159829e+001
    endloop
  endfacet
  facet normal  0.000000e+000  1.000000e+000  0.000000e+000
    outer loop
      vertex -1.500000e+000  1.222530e+001  2.436584e+001
      vertex  1.572645e+000  1.222530e+001  2.159829e+001
      vertex -1.500000e+000  1.222530e+001  9.634159e+000
    endloop
  endfacet
  facet normal  0.000000e+000  1.000000e+000  0.000000e+000
    outer loop
      vertex  1.216228e+001  1.222530e+001  3.000000e+000
      vertex  1.408542e+001  1.222530e+001  4.765151e+000
      vertex  1.385968e+001  1.222530e+001  4.374153e+000
    endloop
  endfacet
  facet normal  0.000000e+000  1.000000e+000  0.000000e+000
    outer loop
      vertex  1.216228e+001  1.222530e+001  3.000000e+000
      vertex  1.385968e+001  1.222530e+001  4.374153e+000
      vertex  1.378128e+001  1.222530e+001  3.929527e+000
    endloop
  endfacet
  facet normal  0.000000e+000  1.000000e+000  0.000000e+000
    outer loop
      vertex  1.216228e+001  1.222530e+001  3.000000e+000
      vertex  1.378128e+001  1.222530e+001  3.929527e+000
      vertex  1.385968e+001  1.222530e+001  3.484901e+000
    endloop
  endfacet
  facet normal  0.000000e+000  1.000000e+000  0.000000e+000
    outer loop
      vertex  1.216228e+001  1.222530e+001  3.000000e+000
      vertex  1.385968e+001  1.222530e+001  3.484901e+000
      vertex  1.408542e+001  1.222530e+001  3.093903e+000
    endloop
  endfacet
  facet normal  0.000000e+000  1.000000e+000  0.000000e+000
    outer loop
      vertex  1.216228e+001  1.222530e+001  3.000000e+000
      vertex  1.408542e+001  1.222530e+001  3.093903e+000
      vertex  1.443128e+001  1.222530e+001  2.803694e+000
    endloop
  endfacet
  facet normal  0.000000e+000  1.000000e+000  0.000000e+000
    outer loop
      vertex  1.216228e+001  1.222530e+001  3.000000e+000
      vertex  1.443128e+001  1.222530e+001  2.803694e+000
      vertex  1.223749e+001  1.222530e+001  2.332437e+000
    endloop
  endfacet
  facet normal  0.000000e+000  1.000000e+000  0.000000e+000
    outer loop
      vertex  1.216228e+001  1.222530e+001  9.500000e+000
      vertex  1.485553e+001  1.222530e+001  5.209777e+000
      vertex  1.443128e+001  1.222530e+001  5.055360e+000
    endloop
  endfacet
  facet normal  0.000000e+000  1.000000e+000  0.000000e+000
    outer loop
      vertex  1.216228e+001  1.222530e+001  9.500000e+000
      vertex  1.443128e+001  1.222530e+001  5.055360e+000
      vertex  1.408542e+001  1.222530e+001  4.765151e+000
    endloop
  endfacet
  facet normal  0.000000e+000  1.000000e+000  0.000000e+000
    outer loop
      vertex  1.216228e+001  1.222530e+001  9.500000e+000
      vertex  1.408542e+001  1.222530e+001  4.765151e+000
      vertex  1.216228e+001  1.222530e+001  3.000000e+000
    endloop
  endfacet
  facet normal  -0.000000e+000  1.000000e+000  -0.000000e+000
    outer loop
      vertex  1.408222e+001  1.222530e+001  1.359829e+001
      vertex  1.386851e+001  1.222530e+001  1.416181e+001
      vertex  1.254138e+001  1.222530e+001  1.866246e+001
    endloop
  endfacet
  facet normal  -0.000000e+000  1.000000e+000  0.000000e+000
    outer loop
      vertex  1.408222e+001  1.222530e+001  1.359829e+001
      vertex  1.254138e+001  1.222530e+001  1.866246e+001
      vertex  1.307503e+001  1.222530e+001  1.894254e+001
    endloop
  endfacet
  facet normal  -0.000000e+000  1.000000e+000  0.000000e+000
    outer loop
      vertex  1.408222e+001  1.222530e+001  1.359829e+001
      vertex  1.307503e+001  1.222530e+001  1.894254e+001
      vertex  1.352614e+001  1.222530e+001  1.934219e+001
    endloop
  endfacet
  facet normal  0.000000e+000  1.000000e+000  0.000000e+000
    outer loop
      vertex  1.216228e+001  1.222530e+001  2.450000e+001
      vertex  1.385968e+001  1.222530e+001  3.037415e+001
      vertex  1.378128e+001  1.222530e+001  2.992953e+001
    endloop
  endfacet
  facet normal  0.000000e+000  1.000000e+000  0.000000e+000
    outer loop
      vertex  1.216228e+001  1.222530e+001  2.450000e+001
      vertex  1.378128e+001  1.222530e+001  2.992953e+001
      vertex  1.385968e+001  1.222530e+001  2.948490e+001
    endloop
  endfacet
  facet normal  0.000000e+000  1.000000e+000  0.000000e+000
    outer loop
      vertex  1.216228e+001  1.222530e+001  2.450000e+001
      vertex  1.385968e+001  1.222530e+001  2.948490e+001
      vertex  1.408542e+001  1.222530e+001  2.909390e+001
    endloop
  endfacet
  facet normal  0.000000e+000  1.000000e+000  0.000000e+000
    outer loop
      vertex  1.216228e+001  1.222530e+001  2.450000e+001
      vertex  1.408542e+001  1.222530e+001  2.909390e+001
      vertex  1.443128e+001  1.222530e+001  2.880369e+001
    endloop
  endfacet
  facet normal  0.000000e+000  1.000000e+000  0.000000e+000
    outer loop
      vertex  1.216228e+001  1.222530e+001  2.450000e+001
      vertex  1.443128e+001  1.222530e+001  2.880369e+001
      vertex  1.485553e+001  1.222530e+001  2.864928e+001
    endloop
  endfacet
  facet normal  0.000000e+000  1.000000e+000  0.000000e+000
    outer loop
      vertex  1.216228e+001  1.222530e+001  3.100000e+001
      vertex  1.443128e+001  1.222530e+001  3.105536e+001
      vertex  1.408542e+001  1.222530e+001  3.076515e+001
    endloop
  endfacet
  facet normal  0.000000e+000  1.000000e+000  0.000000e+000
    outer loop
      vertex  1.216228e+001  1.222530e+001  3.100000e+001
      vertex  1.408542e+001  1.222530e+001  3.076515e+001
      vertex  1.385968e+001  1.222530e+001  3.037415e+001
    endloop
  endfacet
  facet normal  0.000000e+000  1.000000e+000  0.000000e+000
    outer loop
      vertex  1.216228e+001  1.222530e+001  3.100000e+001
      vertex  1.385968e+001  1.222530e+001  3.037415e+001
      vertex  1.216228e+001  1.222530e+001  2.450000e+001
    endloop
  endfacet
  facet normal  0.000000e+000  1.000000e+000  -0.000000e+000
    outer loop
      vertex  6.500000e+001  1.222530e+001  3.000000e+000
      vertex  6.492478e+001  1.222530e+001  2.332437e+000
      vertex  6.273128e+001  1.222530e+001  2.803694e+000
    endloop
  endfacet
  facet normal  0.000000e+000  1.000000e+000  0.000000e+000
    outer loop
      vertex  6.500000e+001  1.222530e+001  3.000000e+000
      vertex  6.273128e+001  1.222530e+001  2.803694e+000
      vertex  6.307713e+001  1.222530e+001  3.093903e+000
    endloop
  endfacet
  facet normal  -0.000000e+000  1.000000e+000  0.000000e+000
    outer loop
      vertex  6.500000e+001  1.222530e+001  3.000000e+000
      vertex  6.307713e+001  1.222530e+001  3.093903e+000
      vertex  6.330288e+001  1.222530e+001  3.484901e+000
    endloop
  endfacet
  facet normal  -0.000000e+000  9.999999e-001  0.000000e+000
    outer loop
      vertex  6.500000e+001  1.222530e+001  3.000000e+000
      vertex  6.330288e+001  1.222530e+001  3.484901e+000
      vertex  6.338128e+001  1.222530e+001  3.929527e+000
    endloop
  endfacet
  facet normal  -0.000000e+000  1.000000e+000  -0.000000e+000
    outer loop
      vertex  6.500000e+001  1.222530e+001  3.000000e+000
      vertex  6.338128e+001  1.222530e+001  3.929527e+000
      vertex  6.330288e+001  1.222530e+001  4.374153e+000
    endloop
  endfacet
  facet normal  -0.000000e+000  1.000000e+000  -0.000000e+000
    outer loop
      vertex  6.500000e+001  1.222530e+001  3.000000e+000
      vertex  6.330288e+001  1.222530e+001  4.374153e+000
      vertex  6.307713e+001  1.222530e+001  4.765151e+000
    endloop
  endfacet
  facet normal  -0.000000e+000  1.000000e+000  -0.000000e+000
    outer loop
      vertex  6.500000e+001  1.222530e+001  3.000000e+000
      vertex  6.307713e+001  1.222530e+001  4.765151e+000
      vertex  6.230702e+001  1.222530e+001  2.864928e+001
    endloop
  endfacet
  facet normal  -0.000000e+000  1.000000e+000  0.000000e+000
    outer loop
      vertex  6.500000e+001  1.222530e+001  3.000000e+000
      vertex  6.230702e+001  1.222530e+001  2.864928e+001
      vertex  6.273128e+001  1.222530e+001  2.880369e+001
    endloop
  endfacet
  facet normal  -0.000000e+000  1.000000e+000  0.000000e+000
    outer loop
      vertex  6.500000e+001  1.222530e+001  3.000000e+000
      vertex  6.273128e+001  1.222530e+001  2.880369e+001
      vertex  6.307713e+001  1.222530e+001  2.909390e+001
    endloop
  endfacet
  facet normal  -0.000000e+000  1.000000e+000  0.000000e+000
    outer loop
      vertex  6.500000e+001  1.222530e+001  3.000000e+000
      vertex  6.307713e+001  1.222530e+001  2.909390e+001
      vertex  6.330288e+001  1.222530e+001  2.948490e+001
    endloop
  endfacet
  facet normal  -0.000000e+000  1.000000e+000  0.000000e+000
    outer loop
      vertex  6.500000e+001  1.222530e+001  3.000000e+000
      vertex  6.330288e+001  1.222530e+001  2.948490e+001
      vertex  6.338128e+001  1.222530e+001  2.992953e+001
    endloop
  endfacet
  facet normal  0.000000e+000  1.000000e+000  -0.000000e+000
    outer loop
      vertex  6.500000e+001  1.222530e+001  3.100000e+001
      vertex  6.500000e+001  1.222530e+001  3.000000e+000
      vertex  6.338128e+001  1.222530e+001  2.992953e+001
    endloop
  endfacet
  facet normal  0.000000e+000  1.000000e+000  -0.000000e+000
    outer loop
      vertex  6.500000e+001  1.222530e+001  3.100000e+001
      vertex  6.338128e+001  1.222530e+001  2.992953e+001
      vertex  6.330288e+001  1.222530e+001  3.037415e+001
    endloop
  endfacet
  facet normal  0.000000e+000  1.000000e+000  -0.000000e+000
    outer loop
      vertex  6.500000e+001  1.222530e+001  3.100000e+001
      vertex  6.330288e+001  1.222530e+001  3.037415e+001
      vertex  6.307713e+001  1.222530e+001  3.076515e+001
    endloop
  endfacet
  facet normal  0.000000e+000  1.000000e+000  -0.000000e+000
    outer loop
      vertex  6.500000e+001  1.222530e+001  3.100000e+001
      vertex  6.307713e+001  1.222530e+001  3.076515e+001
      vertex  6.273128e+001  1.222530e+001  3.105536e+001
    endloop
  endfacet
  facet normal  -0.000000e+000  9.999999e-001  0.000000e+000
    outer loop
      vertex  3.550598e+001  1.222530e+001  1.533754e+001
      vertex  3.492081e+001  1.222530e+001  1.548177e+001
      vertex  3.492081e+001  1.222530e+001  1.851823e+001
    endloop
  endfacet
  facet normal  0.000000e+000  1.000000e+000  0.000000e+000
    outer loop
      vertex  3.492081e+001  1.222530e+001  1.851823e+001
      vertex  3.492081e+001  1.222530e+001  1.548177e+001
      vertex  3.431813e+001  1.222530e+001  1.548177e+001
    endloop
  endfacet
  facet normal  0.000000e+000  1.000000e+000  0.000000e+000
    outer loop
      vertex  3.492081e+001  1.222530e+001  1.851823e+001
      vertex  3.431813e+001  1.222530e+001  1.548177e+001
      vertex  3.431813e+001  1.222530e+001  1.851823e+001
    endloop
  endfacet
  facet normal  0.000000e+000  9.999999e-001  0.000000e+000
    outer loop
      vertex  3.492081e+001  1.222530e+001  1.851823e+001
      vertex  3.550598e+001  1.222530e+001  1.866246e+001
      vertex  3.550598e+001  1.222530e+001  1.533754e+001
    endloop
  endfacet
  facet normal  0.000000e+000  1.000000e+000  0.000000e+000
    outer loop
      vertex  3.550598e+001  1.222530e+001  1.533754e+001
      vertex  3.550598e+001  1.222530e+001  1.866246e+001
      vertex  3.603963e+001  1.222530e+001  1.894254e+001
    endloop
  endfacet
  facet normal  0.000000e+000  1.000000e+000  0.000000e+000
    outer loop
      vertex  3.550598e+001  1.222530e+001  1.533754e+001
      vertex  3.603963e+001  1.222530e+001  1.894254e+001
      vertex  3.603963e+001  1.222530e+001  1.505746e+001
    endloop
  endfacet
  facet normal  0.000000e+000  1.000000e+000  0.000000e+000
    outer loop
      vertex  3.603963e+001  1.222530e+001  1.505746e+001
      vertex  3.603963e+001  1.222530e+001  1.894254e+001
      vertex  3.649075e+001  1.222530e+001  1.934219e+001
    endloop
  endfacet
  facet normal  0.000000e+000  1.000000e+000  0.000000e+000
    outer loop
      vertex  3.603963e+001  1.222530e+001  1.505746e+001
      vertex  3.649075e+001  1.222530e+001  1.934219e+001
      vertex  3.649075e+001  1.222530e+001  1.465781e+001
    endloop
  endfacet
  facet normal  0.000000e+000  1.000000e+000  0.000000e+000
    outer loop
      vertex  3.649075e+001  1.222530e+001  1.465781e+001
      vertex  3.649075e+001  1.222530e+001  1.934219e+001
      vertex  3.683311e+001  1.222530e+001  1.983819e+001
    endloop
  endfacet
  facet normal  0.000000e+000  9.999999e-001  0.000000e+000
    outer loop
      vertex  3.649075e+001  1.222530e+001  1.465781e+001
      vertex  3.683311e+001  1.222530e+001  1.983819e+001
      vertex  3.683311e+001  1.222530e+001  1.416181e+001
    endloop
  endfacet
  facet normal  0.000000e+000  1.000000e+000  0.000000e+000
    outer loop
      vertex  3.683311e+001  1.222530e+001  1.416181e+001
      vertex  3.683311e+001  1.222530e+001  1.983819e+001
      vertex  3.704683e+001  1.222530e+001  2.040171e+001
    endloop
  endfacet
  facet normal  0.000000e+000  1.000000e+000  0.000000e+000
    outer loop
      vertex  3.683311e+001  1.222530e+001  1.416181e+001
      vertex  3.704683e+001  1.222530e+001  2.040171e+001
      vertex  3.704683e+001  1.222530e+001  1.359829e+001
    endloop
  endfacet
  facet normal  0.000000e+000  1.000000e+000  0.000000e+000
    outer loop
      vertex  3.704683e+001  1.222530e+001  1.359829e+001
      vertex  3.704683e+001  1.222530e+001  2.040171e+001
      vertex  3.711947e+001  1.222530e+001  2.100000e+001
    endloop
  endfacet
  facet normal  0.000000e+000  1.000000e+000  0.000000e+000
    outer loop
      vertex  3.704683e+001  1.222530e+001  1.359829e+001
      vertex  3.711947e+001  1.222530e+001  2.100000e+001
      vertex  3.711947e+001  1.222530e+001  1.300000e+001
    endloop
  endfacet
  facet normal  0.000000e+000  1.000000e+000  0.000000e+000
    outer loop
      vertex  1.709609e+001  1.222530e+001  1.983819e+001
      vertex  1.688238e+001  1.222530e+001  1.359829e+001
      vertex  1.688238e+001  1.222530e+001  2.040171e+001
    endloop
  endfacet
  facet normal  0.000000e+000  9.999999e-001  0.000000e+000
    outer loop
      vertex  1.688238e+001  1.222530e+001  2.040171e+001
      vertex  1.688238e+001  1.222530e+001  1.359829e+001
      vertex  1.680973e+001  1.222530e+001  1.300000e+001
    endloop
  endfacet
  facet normal  0.000000e+000  1.000000e+000  0.000000e+000
    outer loop
      vertex  1.688238e+001  1.222530e+001  2.040171e+001
      vertex  1.680973e+001  1.222530e+001  1.300000e+001
      vertex  1.680973e+001  1.222530e+001  2.100000e+001
    endloop
  endfacet
  facet normal  0.000000e+000  1.000000e+000  0.000000e+000
    outer loop
      vertex  1.680973e+001  1.222530e+001  2.100000e+001
      vertex  1.680973e+001  1.222530e+001  1.300000e+001
      vertex  1.530702e+001  1.222530e+001  5.209777e+000
    endloop
  endfacet
  facet normal  0.000000e+000  1.000000e+000  0.000000e+000
    outer loop
      vertex  1.680973e+001  1.222530e+001  2.100000e+001
      vertex  1.530702e+001  1.222530e+001  5.209777e+000
      vertex  1.530702e+001  1.222530e+001  2.864928e+001
    endloop
  endfacet
  facet normal  0.000000e+000  1.000000e+000  0.000000e+000
    outer loop
      vertex  1.530702e+001  1.222530e+001  2.864928e+001
      vertex  1.530702e+001  1.222530e+001  5.209777e+000
      vertex  1.485553e+001  1.222530e+001  5.209777e+000
    endloop
  endfacet
  facet normal  0.000000e+000  1.000000e+000  0.000000e+000
    outer loop
      vertex  1.530702e+001  1.222530e+001  2.864928e+001
      vertex  1.485553e+001  1.222530e+001  5.209777e+000
      vertex  1.485553e+001  1.222530e+001  2.864928e+001
    endloop
  endfacet
  facet normal  0.000000e+000  1.000000e+000  0.000000e+000
    outer loop
      vertex  1.485553e+001  1.222530e+001  2.864928e+001
      vertex  1.485553e+001  1.222530e+001  5.209777e+000
      vertex  1.415487e+001  1.222530e+001  1.300000e+001
    endloop
  endfacet
  facet normal  0.000000e+000  1.000000e+000  0.000000e+000
    outer loop
      vertex  1.485553e+001  1.222530e+001  2.864928e+001
      vertex  1.415487e+001  1.222530e+001  1.300000e+001
      vertex  1.415487e+001  1.222530e+001  2.100000e+001
    endloop
  endfacet
  facet normal  0.000000e+000  1.000000e+000  0.000000e+000
    outer loop
      vertex  3.431813e+001  1.222530e+001  1.851823e+001
      vertex  2.726594e+001  1.222530e+001  1.548177e+001
      vertex  2.726594e+001  1.222530e+001  1.851823e+001
    endloop
  endfacet
  facet normal  0.000000e+000  9.999999e-001  0.000000e+000
    outer loop
      vertex  2.726594e+001  1.222530e+001  1.851823e+001
      vertex  2.726594e+001  1.222530e+001  1.548177e+001
      vertex  2.666326e+001  1.222530e+001  1.548177e+001
    endloop
  endfacet
  facet normal  0.000000e+000  9.999999e-001  0.000000e+000
    outer loop
      vertex  2.726594e+001  1.222530e+001  1.851823e+001
      vertex  2.666326e+001  1.222530e+001  1.548177e+001
      vertex  2.666326e+001  1.222530e+001  1.851823e+001
    endloop
  endfacet
  facet normal  -0.000000e+000  1.000000e+000  0.000000e+000
    outer loop
      vertex  4.301342e+000  1.222530e+001  1.548177e+001
      vertex  4.301342e+000  1.222530e+001  1.851823e+001
      vertex  1.135353e+001  1.222530e+001  1.851823e+001
    endloop
  endfacet
  facet normal  0.000000e+000  1.000000e+000  0.000000e+000
    outer loop
      vertex  1.135353e+001  1.222530e+001  1.851823e+001
      vertex  4.301342e+000  1.222530e+001  1.851823e+001
      vertex  4.886512e+000  1.222530e+001  1.866246e+001
    endloop
  endfacet
  facet normal  -0.000000e+000  1.000000e+000  0.000000e+000
    outer loop
      vertex  1.135353e+001  1.222530e+001  1.851823e+001
      vertex  4.886512e+000  1.222530e+001  1.866246e+001
      vertex  1.076836e+001  1.222530e+001  1.866246e+001
    endloop
  endfacet
  facet normal  0.000000e+000  1.000000e+000  0.000000e+000
    outer loop
      vertex  1.076836e+001  1.222530e+001  1.866246e+001
      vertex  4.886512e+000  1.222530e+001  1.866246e+001
      vertex  5.420162e+000  1.222530e+001  1.894254e+001
    endloop
  endfacet
  facet normal  -0.000000e+000  9.999999e-001  0.000000e+000
    outer loop
      vertex  1.076836e+001  1.222530e+001  1.866246e+001
      vertex  5.420162e+000  1.222530e+001  1.894254e+001
      vertex  1.023471e+001  1.222530e+001  1.894254e+001
    endloop
  endfacet
  facet normal  0.000000e+000  1.000000e+000  0.000000e+000
    outer loop
      vertex  1.023471e+001  1.222530e+001  1.894254e+001
      vertex  5.420162e+000  1.222530e+001  1.894254e+001
      vertex  5.871277e+000  1.222530e+001  1.934219e+001
    endloop
  endfacet
  facet normal  -0.000000e+000  1.000000e+000  0.000000e+000
    outer loop
      vertex  1.023471e+001  1.222530e+001  1.894254e+001
      vertex  5.871277e+000  1.222530e+001  1.934219e+001
      vertex  9.783590e+000  1.222530e+001  1.934219e+001
    endloop
  endfacet
  facet normal  0.000000e+000  9.999999e-001  0.000000e+000
    outer loop
      vertex  9.783590e+000  1.222530e+001  1.934219e+001
      vertex  5.871277e+000  1.222530e+001  1.934219e+001
      vertex  6.213640e+000  1.222530e+001  1.983819e+001
    endloop
  endfacet
  facet normal  -0.000000e+000  1.000000e+000  0.000000e+000
    outer loop
      vertex  9.783590e+000  1.222530e+001  1.934219e+001
      vertex  6.213640e+000  1.222530e+001  1.983819e+001
      vertex  9.441227e+000  1.222530e+001  1.983819e+001
    endloop
  endfacet
  facet normal  0.000000e+000  1.000000e+000  0.000000e+000
    outer loop
      vertex  9.441227e+000  1.222530e+001  1.983819e+001
      vertex  6.213640e+000  1.222530e+001  1.983819e+001
      vertex  6.427354e+000  1.222530e+001  2.040171e+001
    endloop
  endfacet
  facet normal  -0.000000e+000  1.000000e+000  0.000000e+000
    outer loop
      vertex  9.441227e+000  1.222530e+001  1.983819e+001
      vertex  6.427354e+000  1.222530e+001  2.040171e+001
      vertex  9.227513e+000  1.222530e+001  2.040171e+001
    endloop
  endfacet
  facet normal  0.000000e+000  1.000000e+000  0.000000e+000
    outer loop
      vertex  9.227513e+000  1.222530e+001  2.040171e+001
      vertex  6.427354e+000  1.222530e+001  2.040171e+001
      vertex  6.500000e+000  1.222530e+001  2.100000e+001
    endloop
  endfacet
  facet normal  -0.000000e+000  1.000000e+000  0.000000e+000
    outer loop
      vertex  9.227513e+000  1.222530e+001  2.040171e+001
      vertex  6.500000e+000  1.222530e+001  2.100000e+001
      vertex  9.154867e+000  1.222530e+001  2.100000e+001
    endloop
  endfacet
  facet normal  0.000000e+000  1.000000e+000  0.000000e+000
    outer loop
      vertex  9.154867e+000  1.222530e+001  2.100000e+001
      vertex  6.500000e+000  1.222530e+001  2.100000e+001
      vertex  6.427354e+000  1.222530e+001  2.159829e+001
    endloop
  endfacet
  facet normal  -0.000000e+000  1.000000e+000  0.000000e+000
    outer loop
      vertex  9.154867e+000  1.222530e+001  2.100000e+001
      vertex  6.427354e+000  1.222530e+001  2.159829e+001
      vertex  9.227513e+000  1.222530e+001  2.159829e+001
    endloop
  endfacet
  facet normal  0.000000e+000  1.000000e+000  0.000000e+000
    outer loop
      vertex  9.227513e+000  1.222530e+001  2.159829e+001
      vertex  6.427354e+000  1.222530e+001  2.159829e+001
      vertex  6.213640e+000  1.222530e+001  2.216181e+001
    endloop
  endfacet
  facet normal  -0.000000e+000  1.000000e+000  0.000000e+000
    outer loop
      vertex  9.227513e+000  1.222530e+001  2.159829e+001
      vertex  6.213640e+000  1.222530e+001  2.216181e+001
      vertex  9.441227e+000  1.222530e+001  2.216181e+001
    endloop
  endfacet
  facet normal  0.000000e+000  1.000000e+000  0.000000e+000
    outer loop
      vertex  9.441227e+000  1.222530e+001  2.216181e+001
      vertex  6.213640e+000  1.222530e+001  2.216181e+001
      vertex  5.871277e+000  1.222530e+001  2.265781e+001
    endloop
  endfacet
  facet normal  -0.000000e+000  9.999999e-001  0.000000e+000
    outer loop
      vertex  9.441227e+000  1.222530e+001  2.216181e+001
      vertex  5.871277e+000  1.222530e+001  2.265781e+001
      vertex  9.783590e+000  1.222530e+001  2.265781e+001
    endloop
  endfacet
  facet normal  0.000000e+000  1.000000e+000  0.000000e+000
    outer loop
      vertex  9.783590e+000  1.222530e+001  2.265781e+001
      vertex  5.871277e+000  1.222530e+001  2.265781e+001
      vertex  5.420162e+000  1.222530e+001  2.305746e+001
    endloop
  endfacet
  facet normal  -0.000000e+000  1.000000e+000  0.000000e+000
    outer loop
      vertex  9.783590e+000  1.222530e+001  2.265781e+001
      vertex  5.420162e+000  1.222530e+001  2.305746e+001
      vertex  1.023471e+001  1.222530e+001  2.305746e+001
    endloop
  endfacet
  facet normal  0.000000e+000  9.999999e-001  0.000000e+000
    outer loop
      vertex  1.023471e+001  1.222530e+001  2.305746e+001
      vertex  5.420162e+000  1.222530e+001  2.305746e+001
      vertex  4.886512e+000  1.222530e+001  2.333754e+001
    endloop
  endfacet
  facet normal  -0.000000e+000  1.000000e+000  0.000000e+000
    outer loop
      vertex  1.023471e+001  1.222530e+001  2.305746e+001
      vertex  4.886512e+000  1.222530e+001  2.333754e+001
      vertex  1.076836e+001  1.222530e+001  2.333754e+001
    endloop
  endfacet
  facet normal  0.000000e+000  1.000000e+000  0.000000e+000
    outer loop
      vertex  1.076836e+001  1.222530e+001  2.333754e+001
      vertex  4.886512e+000  1.222530e+001  2.333754e+001
      vertex  4.301342e+000  1.222530e+001  2.348177e+001
    endloop
  endfacet
  facet normal  -0.000000e+000  1.000000e+000  0.000000e+000
    outer loop
      vertex  1.076836e+001  1.222530e+001  2.333754e+001
      vertex  4.301342e+000  1.222530e+001  2.348177e+001
      vertex  1.135353e+001  1.222530e+001  2.348177e+001
    endloop
  endfacet
  facet normal  -0.000000e+000  1.000000e+000  0.000000e+000
    outer loop
      vertex -1.000000e+000  1.222530e+001  9.500000e+000
      vertex  4.301342e+000  1.222530e+001  1.051823e+001
      vertex  1.135353e+001  1.222530e+001  1.051823e+001
    endloop
  endfacet
  facet normal  0.000000e+000  1.000000e+000  0.000000e+000
    outer loop
      vertex  1.135353e+001  1.222530e+001  1.051823e+001
      vertex  4.301342e+000  1.222530e+001  1.051823e+001
      vertex  4.886512e+000  1.222530e+001  1.066246e+001
    endloop
  endfacet
  facet normal  -0.000000e+000  1.000000e+000  0.000000e+000
    outer loop
      vertex  1.135353e+001  1.222530e+001  1.051823e+001
      vertex  4.886512e+000  1.222530e+001  1.066246e+001
      vertex  1.076836e+001  1.222530e+001  1.066246e+001
    endloop
  endfacet
  facet normal  0.000000e+000  1.000000e+000  0.000000e+000
    outer loop
      vertex  1.076836e+001  1.222530e+001  1.066246e+001
      vertex  4.886512e+000  1.222530e+001  1.066246e+001
      vertex  5.420162e+000  1.222530e+001  1.094254e+001
    endloop
  endfacet
  facet normal  -0.000000e+000  9.999999e-001  0.000000e+000
    outer loop
      vertex  1.076836e+001  1.222530e+001  1.066246e+001
      vertex  5.420162e+000  1.222530e+001  1.094254e+001
      vertex  1.023471e+001  1.222530e+001  1.094254e+001
    endloop
  endfacet
  facet normal  0.000000e+000  1.000000e+000  0.000000e+000
    outer loop
      vertex  1.023471e+001  1.222530e+001  1.094254e+001
      vertex  5.420162e+000  1.222530e+001  1.094254e+001
      vertex  5.871277e+000  1.222530e+001  1.134219e+001
    endloop
  endfacet
  facet normal  -0.000000e+000  9.999999e-001  0.000000e+000
    outer loop
      vertex  1.023471e+001  1.222530e+001  1.094254e+001
      vertex  5.871277e+000  1.222530e+001  1.134219e+001
      vertex  9.783590e+000  1.222530e+001  1.134219e+001
    endloop
  endfacet
  facet normal  0.000000e+000  9.999999e-001  0.000000e+000
    outer loop
      vertex  9.783590e+000  1.222530e+001  1.134219e+001
      vertex  5.871277e+000  1.222530e+001  1.134219e+001
      vertex  6.213640e+000  1.222530e+001  1.183819e+001
    endloop
  endfacet
  facet normal  -0.000000e+000  1.000000e+000  0.000000e+000
    outer loop
      vertex  9.783590e+000  1.222530e+001  1.134219e+001
      vertex  6.213640e+000  1.222530e+001  1.183819e+001
      vertex  9.441227e+000  1.222530e+001  1.183819e+001
    endloop
  endfacet
  facet normal  0.000000e+000  1.000000e+000  0.000000e+000
    outer loop
      vertex  9.441227e+000  1.222530e+001  1.183819e+001
      vertex  6.213640e+000  1.222530e+001  1.183819e+001
      vertex  6.427354e+000  1.222530e+001  1.240171e+001
    endloop
  endfacet
  facet normal  -0.000000e+000  1.000000e+000  0.000000e+000
    outer loop
      vertex  9.441227e+000  1.222530e+001  1.183819e+001
      vertex  6.427354e+000  1.222530e+001  1.240171e+001
      vertex  9.227513e+000  1.222530e+001  1.240171e+001
    endloop
  endfacet
  facet normal  0.000000e+000  1.000000e+000  0.000000e+000
    outer loop
      vertex  9.227513e+000  1.222530e+001  1.240171e+001
      vertex  6.427354e+000  1.222530e+001  1.240171e+001
      vertex  6.500000e+000  1.222530e+001  1.300000e+001
    endloop
  endfacet
  facet normal  -0.000000e+000  1.000000e+000  0.000000e+000
    outer loop
      vertex  9.227513e+000  1.222530e+001  1.240171e+001
      vertex  6.500000e+000  1.222530e+001  1.300000e+001
      vertex  9.154867e+000  1.222530e+001  1.300000e+001
    endloop
  endfacet
  facet normal  0.000000e+000  1.000000e+000  0.000000e+000
    outer loop
      vertex  9.154867e+000  1.222530e+001  1.300000e+001
      vertex  6.500000e+000  1.222530e+001  1.300000e+001
      vertex  6.427354e+000  1.222530e+001  1.359829e+001
    endloop
  endfacet
  facet normal  -0.000000e+000  1.000000e+000  0.000000e+000
    outer loop
      vertex  9.154867e+000  1.222530e+001  1.300000e+001
      vertex  6.427354e+000  1.222530e+001  1.359829e+001
      vertex  9.227513e+000  1.222530e+001  1.359829e+001
    endloop
  endfacet
  facet normal  0.000000e+000  1.000000e+000  0.000000e+000
    outer loop
      vertex  9.227513e+000  1.222530e+001  1.359829e+001
      vertex  6.427354e+000  1.222530e+001  1.359829e+001
      vertex  6.213640e+000  1.222530e+001  1.416181e+001
    endloop
  endfacet
  facet normal  -0.000000e+000  1.000000e+000  0.000000e+000
    outer loop
      vertex  9.227513e+000  1.222530e+001  1.359829e+001
      vertex  6.213640e+000  1.222530e+001  1.416181e+001
      vertex  9.441227e+000  1.222530e+001  1.416181e+001
    endloop
  endfacet
  facet normal  0.000000e+000  1.000000e+000  0.000000e+000
    outer loop
      vertex  9.441227e+000  1.222530e+001  1.416181e+001
      vertex  6.213640e+000  1.222530e+001  1.416181e+001
      vertex  5.871277e+000  1.222530e+001  1.465781e+001
    endloop
  endfacet
  facet normal  -0.000000e+000  9.999999e-001  0.000000e+000
    outer loop
      vertex  9.441227e+000  1.222530e+001  1.416181e+001
      vertex  5.871277e+000  1.222530e+001  1.465781e+001
      vertex  9.783590e+000  1.222530e+001  1.465781e+001
    endloop
  endfacet
  facet normal  0.000000e+000  9.999999e-001  0.000000e+000
    outer loop
      vertex  9.783590e+000  1.222530e+001  1.465781e+001
      vertex  5.871277e+000  1.222530e+001  1.465781e+001
      vertex  5.420162e+000  1.222530e+001  1.505746e+001
    endloop
  endfacet
  facet normal  -0.000000e+000  1.000000e+000  0.000000e+000
    outer loop
      vertex  9.783590e+000  1.222530e+001  1.465781e+001
      vertex  5.420162e+000  1.222530e+001  1.505746e+001
      vertex  1.023471e+001  1.222530e+001  1.505746e+001
    endloop
  endfacet
  facet normal  0.000000e+000  9.999999e-001  0.000000e+000
    outer loop
      vertex  1.023471e+001  1.222530e+001  1.505746e+001
      vertex  5.420162e+000  1.222530e+001  1.505746e+001
      vertex  4.886512e+000  1.222530e+001  1.533754e+001
    endloop
  endfacet
  facet normal  -0.000000e+000  1.000000e+000  0.000000e+000
    outer loop
      vertex  1.023471e+001  1.222530e+001  1.505746e+001
      vertex  4.886512e+000  1.222530e+001  1.533754e+001
      vertex  1.076836e+001  1.222530e+001  1.533754e+001
    endloop
  endfacet
  facet normal  0.000000e+000  1.000000e+000  0.000000e+000
    outer loop
      vertex  1.076836e+001  1.222530e+001  1.533754e+001
      vertex  4.886512e+000  1.222530e+001  1.533754e+001
      vertex  4.301342e+000  1.222530e+001  1.548177e+001
    endloop
  endfacet
  facet normal  -0.000000e+000  1.000000e+000  0.000000e+000
    outer loop
      vertex  1.076836e+001  1.222530e+001  1.533754e+001
      vertex  4.301342e+000  1.222530e+001  1.548177e+001
      vertex  1.135353e+001  1.222530e+001  1.548177e+001
    endloop
  endfacet
  facet normal  0.000000e+000  1.000000e+000  0.000000e+000
    outer loop
      vertex  1.743846e+001  1.222530e+001  1.934219e+001
      vertex  1.788957e+001  1.222530e+001  1.894254e+001
      vertex  1.688238e+001  1.222530e+001  1.359829e+001
    endloop
  endfacet
  facet normal  0.000000e+000  1.000000e+000  0.000000e+000
    outer loop
      vertex  1.688238e+001  1.222530e+001  1.359829e+001
      vertex  1.788957e+001  1.222530e+001  1.894254e+001
      vertex  1.842322e+001  1.222530e+001  1.866246e+001
    endloop
  endfacet
  facet normal  0.000000e+000  1.000000e+000  0.000000e+000
    outer loop
      vertex  1.688238e+001  1.222530e+001  1.359829e+001
      vertex  1.842322e+001  1.222530e+001  1.866246e+001
      vertex  1.709609e+001  1.222530e+001  1.416181e+001
    endloop
  endfacet
  facet normal  -0.000000e+000  1.000000e+000  0.000000e+000
    outer loop
      vertex  1.961108e+001  1.222530e+001  1.548177e+001
      vertex  1.961108e+001  1.222530e+001  1.851823e+001
      vertex  2.666326e+001  1.222530e+001  1.851823e+001
    endloop
  endfacet
  facet normal  0.000000e+000  1.000000e+000  0.000000e+000
    outer loop
      vertex  2.666326e+001  1.222530e+001  1.851823e+001
      vertex  1.961108e+001  1.222530e+001  1.851823e+001
      vertex  2.019625e+001  1.222530e+001  1.866246e+001
    endloop
  endfacet
  facet normal  -0.000000e+000  1.000000e+000  0.000000e+000
    outer loop
      vertex  2.666326e+001  1.222530e+001  1.851823e+001
      vertex  2.019625e+001  1.222530e+001  1.866246e+001
      vertex  2.607809e+001  1.222530e+001  1.866246e+001
    endloop
  endfacet
  facet normal  0.000000e+000  1.000000e+000  0.000000e+000
    outer loop
      vertex  2.607809e+001  1.222530e+001  1.866246e+001
      vertex  2.019625e+001  1.222530e+001  1.866246e+001
      vertex  2.072990e+001  1.222530e+001  1.894254e+001
    endloop
  endfacet
  facet normal  -0.000000e+000  1.000000e+000  0.000000e+000
    outer loop
      vertex  2.607809e+001  1.222530e+001  1.866246e+001
      vertex  2.072990e+001  1.222530e+001  1.894254e+001
      vertex  2.554444e+001  1.222530e+001  1.894254e+001
    endloop
  endfacet
  facet normal  0.000000e+000  1.000000e+000  0.000000e+000
    outer loop
      vertex  2.554444e+001  1.222530e+001  1.894254e+001
      vertex  2.072990e+001  1.222530e+001  1.894254e+001
      vertex  2.118101e+001  1.222530e+001  1.934219e+001
    endloop
  endfacet
  facet normal  -0.000000e+000  1.000000e+000  0.000000e+000
    outer loop
      vertex  2.554444e+001  1.222530e+001  1.894254e+001
      vertex  2.118101e+001  1.222530e+001  1.934219e+001
      vertex  2.509332e+001  1.222530e+001  1.934219e+001
    endloop
  endfacet
  facet normal  0.000000e+000  9.999999e-001  0.000000e+000
    outer loop
      vertex  2.509332e+001  1.222530e+001  1.934219e+001
      vertex  2.118101e+001  1.222530e+001  1.934219e+001
      vertex  2.152337e+001  1.222530e+001  1.983819e+001
    endloop
  endfacet
  facet normal  -0.000000e+000  1.000000e+000  0.000000e+000
    outer loop
      vertex  2.509332e+001  1.222530e+001  1.934219e+001
      vertex  2.152337e+001  1.222530e+001  1.983819e+001
      vertex  2.475096e+001  1.222530e+001  1.983819e+001
    endloop
  endfacet
  facet normal  0.000000e+000  1.000000e+000  0.000000e+000
    outer loop
      vertex  2.475096e+001  1.222530e+001  1.983819e+001
      vertex  2.152337e+001  1.222530e+001  1.983819e+001
      vertex  2.173709e+001  1.222530e+001  2.040171e+001
    endloop
  endfacet
  facet normal  -0.000000e+000  1.000000e+000  0.000000e+000
    outer loop
      vertex  2.475096e+001  1.222530e+001  1.983819e+001
      vertex  2.173709e+001  1.222530e+001  2.040171e+001
      vertex  2.453725e+001  1.222530e+001  2.040171e+001
    endloop
  endfacet
  facet normal  0.000000e+000  1.000000e+000  0.000000e+000
    outer loop
      vertex  2.453725e+001  1.222530e+001  2.040171e+001
      vertex  2.173709e+001  1.222530e+001  2.040171e+001
      vertex  2.180973e+001  1.222530e+001  2.100000e+001
    endloop
  endfacet
  facet normal  -0.000000e+000  1.000000e+000  0.000000e+000
    outer loop
      vertex  2.453725e+001  1.222530e+001  2.040171e+001
      vertex  2.180973e+001  1.222530e+001  2.100000e+001
      vertex  2.446460e+001  1.222530e+001  2.100000e+001
    endloop
  endfacet
  facet normal  0.000000e+000  1.000000e+000  0.000000e+000
    outer loop
      vertex  2.446460e+001  1.222530e+001  2.100000e+001
      vertex  2.180973e+001  1.222530e+001  2.100000e+001
      vertex  2.173709e+001  1.222530e+001  2.159829e+001
    endloop
  endfacet
  facet normal  -0.000000e+000  1.000000e+000  0.000000e+000
    outer loop
      vertex  2.446460e+001  1.222530e+001  2.100000e+001
      vertex  2.173709e+001  1.222530e+001  2.159829e+001
      vertex  2.453725e+001  1.222530e+001  2.159829e+001
    endloop
  endfacet
  facet normal  0.000000e+000  1.000000e+000  0.000000e+000
    outer loop
      vertex  2.453725e+001  1.222530e+001  2.159829e+001
      vertex  2.173709e+001  1.222530e+001  2.159829e+001
      vertex  2.152337e+001  1.222530e+001  2.216181e+001
    endloop
  endfacet
  facet normal  -0.000000e+000  1.000000e+000  0.000000e+000
    outer loop
      vertex  2.453725e+001  1.222530e+001  2.159829e+001
      vertex  2.152337e+001  1.222530e+001  2.216181e+001
      vertex  2.475096e+001  1.222530e+001  2.216181e+001
    endloop
  endfacet
  facet normal  0.000000e+000  1.000000e+000  0.000000e+000
    outer loop
      vertex  2.475096e+001  1.222530e+001  2.216181e+001
      vertex  2.152337e+001  1.222530e+001  2.216181e+001
      vertex  2.118101e+001  1.222530e+001  2.265781e+001
    endloop
  endfacet
  facet normal  -0.000000e+000  9.999999e-001  0.000000e+000
    outer loop
      vertex  2.475096e+001  1.222530e+001  2.216181e+001
      vertex  2.118101e+001  1.222530e+001  2.265781e+001
      vertex  2.509332e+001  1.222530e+001  2.265781e+001
    endloop
  endfacet
  facet normal  0.000000e+000  1.000000e+000  0.000000e+000
    outer loop
      vertex  2.509332e+001  1.222530e+001  2.265781e+001
      vertex  2.118101e+001  1.222530e+001  2.265781e+001
      vertex  2.072990e+001  1.222530e+001  2.305746e+001
    endloop
  endfacet
  facet normal  -0.000000e+000  1.000000e+000  0.000000e+000
    outer loop
      vertex  2.509332e+001  1.222530e+001  2.265781e+001
      vertex  2.072990e+001  1.222530e+001  2.305746e+001
      vertex  2.554444e+001  1.222530e+001  2.305746e+001
    endloop
  endfacet
  facet normal  0.000000e+000  1.000000e+000  0.000000e+000
    outer loop
      vertex  2.554444e+001  1.222530e+001  2.305746e+001
      vertex  2.072990e+001  1.222530e+001  2.305746e+001
      vertex  2.019625e+001  1.222530e+001  2.333754e+001
    endloop
  endfacet
  facet normal  -0.000000e+000  1.000000e+000  0.000000e+000
    outer loop
      vertex  2.554444e+001  1.222530e+001  2.305746e+001
      vertex  2.019625e+001  1.222530e+001  2.333754e+001
      vertex  2.607809e+001  1.222530e+001  2.333754e+001
    endloop
  endfacet
  facet normal  0.000000e+000  1.000000e+000  0.000000e+000
    outer loop
      vertex  2.607809e+001  1.222530e+001  2.333754e+001
      vertex  2.019625e+001  1.222530e+001  2.333754e+001
      vertex  1.961108e+001  1.222530e+001  2.348177e+001
    endloop
  endfacet
  facet normal  -0.000000e+000  1.000000e+000  0.000000e+000
    outer loop
      vertex  2.607809e+001  1.222530e+001  2.333754e+001
      vertex  1.961108e+001  1.222530e+001  2.348177e+001
      vertex  2.666326e+001  1.222530e+001  2.348177e+001
    endloop
  endfacet
  facet normal  0.000000e+000  1.000000e+000  -0.000000e+000
    outer loop
      vertex  2.666326e+001  1.222530e+001  1.851823e+001
      vertex  2.666326e+001  1.222530e+001  1.548177e+001
      vertex  1.961108e+001  1.222530e+001  1.548177e+001
    endloop
  endfacet
  facet normal  -0.000000e+000  1.000000e+000  0.000000e+000
    outer loop
      vertex  1.961108e+001  1.222530e+001  1.548177e+001
      vertex  2.666326e+001  1.222530e+001  1.548177e+001
      vertex  2.607809e+001  1.222530e+001  1.533754e+001
    endloop
  endfacet
  facet normal  0.000000e+000  1.000000e+000  0.000000e+000
    outer loop
      vertex  1.961108e+001  1.222530e+001  1.548177e+001
      vertex  2.607809e+001  1.222530e+001  1.533754e+001
      vertex  2.019625e+001  1.222530e+001  1.533754e+001
    endloop
  endfacet
  facet normal  -0.000000e+000  1.000000e+000  0.000000e+000
    outer loop
      vertex  2.019625e+001  1.222530e+001  1.533754e+001
      vertex  2.607809e+001  1.222530e+001  1.533754e+001
      vertex  2.554444e+001  1.222530e+001  1.505746e+001
    endloop
  endfacet
  facet normal  0.000000e+000  1.000000e+000  0.000000e+000
    outer loop
      vertex  2.019625e+001  1.222530e+001  1.533754e+001
      vertex  2.554444e+001  1.222530e+001  1.505746e+001
      vertex  2.072990e+001  1.222530e+001  1.505746e+001
    endloop
  endfacet
  facet normal  -0.000000e+000  1.000000e+000  0.000000e+000
    outer loop
      vertex  2.072990e+001  1.222530e+001  1.505746e+001
      vertex  2.554444e+001  1.222530e+001  1.505746e+001
      vertex  2.509332e+001  1.222530e+001  1.465781e+001
    endloop
  endfacet
  facet normal  0.000000e+000  9.999999e-001  0.000000e+000
    outer loop
      vertex  2.072990e+001  1.222530e+001  1.505746e+001
      vertex  2.509332e+001  1.222530e+001  1.465781e+001
      vertex  2.118101e+001  1.222530e+001  1.465781e+001
    endloop
  endfacet
  facet normal  -0.000000e+000  9.999999e-001  0.000000e+000
    outer loop
      vertex  2.118101e+001  1.222530e+001  1.465781e+001
      vertex  2.509332e+001  1.222530e+001  1.465781e+001
      vertex  2.475096e+001  1.222530e+001  1.416181e+001
    endloop
  endfacet
  facet normal  0.000000e+000  1.000000e+000  0.000000e+000
    outer loop
      vertex  2.118101e+001  1.222530e+001  1.465781e+001
      vertex  2.475096e+001  1.222530e+001  1.416181e+001
      vertex  2.152337e+001  1.222530e+001  1.416181e+001
    endloop
  endfacet
  facet normal  -0.000000e+000  1.000000e+000  0.000000e+000
    outer loop
      vertex  2.152337e+001  1.222530e+001  1.416181e+001
      vertex  2.475096e+001  1.222530e+001  1.416181e+001
      vertex  2.453725e+001  1.222530e+001  1.359829e+001
    endloop
  endfacet
  facet normal  0.000000e+000  1.000000e+000  0.000000e+000
    outer loop
      vertex  2.152337e+001  1.222530e+001  1.416181e+001
      vertex  2.453725e+001  1.222530e+001  1.359829e+001
      vertex  2.173709e+001  1.222530e+001  1.359829e+001
    endloop
  endfacet
  facet normal  -0.000000e+000  1.000000e+000  0.000000e+000
    outer loop
      vertex  2.173709e+001  1.222530e+001  1.359829e+001
      vertex  2.453725e+001  1.222530e+001  1.359829e+001
      vertex  2.446460e+001  1.222530e+001  1.300000e+001
    endloop
  endfacet
  facet normal  0.000000e+000  1.000000e+000  0.000000e+000
    outer loop
      vertex  2.173709e+001  1.222530e+001  1.359829e+001
      vertex  2.446460e+001  1.222530e+001  1.300000e+001
      vertex  2.180973e+001  1.222530e+001  1.300000e+001
    endloop
  endfacet
  facet normal  -0.000000e+000  1.000000e+000  0.000000e+000
    outer loop
      vertex  2.180973e+001  1.222530e+001  1.300000e+001
      vertex  2.446460e+001  1.222530e+001  1.300000e+001
      vertex  2.453725e+001  1.222530e+001  1.240171e+001
    endloop
  endfacet
  facet normal  0.000000e+000  1.000000e+000  0.000000e+000
    outer loop
      vertex  2.180973e+001  1.222530e+001  1.300000e+001
      vertex  2.453725e+001  1.222530e+001  1.240171e+001
      vertex  2.173709e+001  1.222530e+001  1.240171e+001
    endloop
  endfacet
  facet normal  -0.000000e+000  1.000000e+000  0.000000e+000
    outer loop
      vertex  2.173709e+001  1.222530e+001  1.240171e+001
      vertex  2.453725e+001  1.222530e+001  1.240171e+001
      vertex  2.475096e+001  1.222530e+001  1.183819e+001
    endloop
  endfacet
  facet normal  0.000000e+000  1.000000e+000  0.000000e+000
    outer loop
      vertex  2.173709e+001  1.222530e+001  1.240171e+001
      vertex  2.475096e+001  1.222530e+001  1.183819e+001
      vertex  2.152337e+001  1.222530e+001  1.183819e+001
    endloop
  endfacet
  facet normal  -0.000000e+000  1.000000e+000  0.000000e+000
    outer loop
      vertex  2.152337e+001  1.222530e+001  1.183819e+001
      vertex  2.475096e+001  1.222530e+001  1.183819e+001
      vertex  2.509332e+001  1.222530e+001  1.134219e+001
    endloop
  endfacet
  facet normal  0.000000e+000  9.999999e-001  0.000000e+000
    outer loop
      vertex  2.152337e+001  1.222530e+001  1.183819e+001
      vertex  2.509332e+001  1.222530e+001  1.134219e+001
      vertex  2.118101e+001  1.222530e+001  1.134219e+001
    endloop
  endfacet
  facet normal  -0.000000e+000  9.999999e-001  0.000000e+000
    outer loop
      vertex  2.118101e+001  1.222530e+001  1.134219e+001
      vertex  2.509332e+001  1.222530e+001  1.134219e+001
      vertex  2.554444e+001  1.222530e+001  1.094254e+001
    endloop
  endfacet
  facet normal  0.000000e+000  1.000000e+000  0.000000e+000
    outer loop
      vertex  2.118101e+001  1.222530e+001  1.134219e+001
      vertex  2.554444e+001  1.222530e+001  1.094254e+001
      vertex  2.072990e+001  1.222530e+001  1.094254e+001
    endloop
  endfacet
  facet normal  -0.000000e+000  1.000000e+000  0.000000e+000
    outer loop
      vertex  2.072990e+001  1.222530e+001  1.094254e+001
      vertex  2.554444e+001  1.222530e+001  1.094254e+001
      vertex  2.607809e+001  1.222530e+001  1.066246e+001
    endloop
  endfacet
  facet normal  0.000000e+000  1.000000e+000  0.000000e+000
    outer loop
      vertex  2.072990e+001  1.222530e+001  1.094254e+001
      vertex  2.607809e+001  1.222530e+001  1.066246e+001
      vertex  2.019625e+001  1.222530e+001  1.066246e+001
    endloop
  endfacet
  facet normal  -0.000000e+000  1.000000e+000  0.000000e+000
    outer loop
      vertex  2.019625e+001  1.222530e+001  1.066246e+001
      vertex  2.607809e+001  1.222530e+001  1.066246e+001
      vertex  2.666326e+001  1.222530e+001  1.051823e+001
    endloop
  endfacet
  facet normal  0.000000e+000  1.000000e+000  0.000000e+000
    outer loop
      vertex  2.019625e+001  1.222530e+001  1.066246e+001
      vertex  2.666326e+001  1.222530e+001  1.051823e+001
      vertex  1.961108e+001  1.222530e+001  1.051823e+001
    endloop
  endfacet
  facet normal  -0.000000e+000  1.000000e+000  0.000000e+000
    outer loop
      vertex  3.211947e+001  1.222530e+001  2.100000e+001
      vertex  2.939196e+001  1.222530e+001  2.159829e+001
      vertex  3.219212e+001  1.222530e+001  2.159829e+001
    endloop
  endfacet
  facet normal  0.000000e+000  1.000000e+000  0.000000e+000
    outer loop
      vertex  3.219212e+001  1.222530e+001  2.159829e+001
      vertex  2.939196e+001  1.222530e+001  2.159829e+001
      vertex  2.917824e+001  1.222530e+001  2.216181e+001
    endloop
  endfacet
  facet normal  -0.000000e+000  1.000000e+000  0.000000e+000
    outer loop
      vertex  3.219212e+001  1.222530e+001  2.159829e+001
      vertex  2.917824e+001  1.222530e+001  2.216181e+001
      vertex  3.240583e+001  1.222530e+001  2.216181e+001
    endloop
  endfacet
  facet normal  0.000000e+000  9.999999e-001  0.000000e+000
    outer loop
      vertex  3.240583e+001  1.222530e+001  2.216181e+001
      vertex  2.917824e+001  1.222530e+001  2.216181e+001
      vertex  2.883588e+001  1.222530e+001  2.265781e+001
    endloop
  endfacet
  facet normal  -0.000000e+000  9.999999e-001  0.000000e+000
    outer loop
      vertex  3.240583e+001  1.222530e+001  2.216181e+001
      vertex  2.883588e+001  1.222530e+001  2.265781e+001
      vertex  3.274819e+001  1.222530e+001  2.265781e+001
    endloop
  endfacet
  facet normal  0.000000e+000  1.000000e+000  0.000000e+000
    outer loop
      vertex  3.274819e+001  1.222530e+001  2.265781e+001
      vertex  2.883588e+001  1.222530e+001  2.265781e+001
      vertex  2.838476e+001  1.222530e+001  2.305746e+001
    endloop
  endfacet
  facet normal  -0.000000e+000  1.000000e+000  0.000000e+000
    outer loop
      vertex  3.274819e+001  1.222530e+001  2.265781e+001
      vertex  2.838476e+001  1.222530e+001  2.305746e+001
      vertex  3.319931e+001  1.222530e+001  2.305746e+001
    endloop
  endfacet
  facet normal  0.000000e+000  1.000000e+000  0.000000e+000
    outer loop
      vertex  3.319931e+001  1.222530e+001  2.305746e+001
      vertex  2.838476e+001  1.222530e+001  2.305746e+001
      vertex  2.785111e+001  1.222530e+001  2.333754e+001
    endloop
  endfacet
  facet normal  -0.000000e+000  1.000000e+000  0.000000e+000
    outer loop
      vertex  3.319931e+001  1.222530e+001  2.305746e+001
      vertex  2.785111e+001  1.222530e+001  2.333754e+001
      vertex  3.373296e+001  1.222530e+001  2.333754e+001
    endloop
  endfacet
  facet normal  0.000000e+000  9.999999e-001  0.000000e+000
    outer loop
      vertex  3.373296e+001  1.222530e+001  2.333754e+001
      vertex  2.785111e+001  1.222530e+001  2.333754e+001
      vertex  2.726594e+001  1.222530e+001  2.348177e+001
    endloop
  endfacet
  facet normal  -0.000000e+000  1.000000e+000  0.000000e+000
    outer loop
      vertex  3.373296e+001  1.222530e+001  2.333754e+001
      vertex  2.726594e+001  1.222530e+001  2.348177e+001
      vertex  3.431813e+001  1.222530e+001  2.348177e+001
    endloop
  endfacet
  facet normal  0.000000e+000  1.000000e+000  0.000000e+000
    outer loop
      vertex  2.939196e+001  1.222530e+001  2.159829e+001
      vertex  3.211947e+001  1.222530e+001  2.100000e+001
      vertex  2.946460e+001  1.222530e+001  2.100000e+001
    endloop
  endfacet
  facet normal  -0.000000e+000  1.000000e+000  0.000000e+000
    outer loop
      vertex  2.946460e+001  1.222530e+001  2.100000e+001
      vertex  3.211947e+001  1.222530e+001  2.100000e+001
      vertex  3.219212e+001  1.222530e+001  2.040171e+001
    endloop
  endfacet
  facet normal  0.000000e+000  1.000000e+000  0.000000e+000
    outer loop
      vertex  2.946460e+001  1.222530e+001  2.100000e+001
      vertex  3.219212e+001  1.222530e+001  2.040171e+001
      vertex  2.939196e+001  1.222530e+001  2.040171e+001
    endloop
  endfacet
  facet normal  -0.000000e+000  1.000000e+000  0.000000e+000
    outer loop
      vertex  2.939196e+001  1.222530e+001  2.040171e+001
      vertex  3.219212e+001  1.222530e+001  2.040171e+001
      vertex  3.240583e+001  1.222530e+001  1.983819e+001
    endloop
  endfacet
  facet normal  0.000000e+000  1.000000e+000  0.000000e+000
    outer loop
      vertex  2.939196e+001  1.222530e+001  2.040171e+001
      vertex  3.240583e+001  1.222530e+001  1.983819e+001
      vertex  2.917824e+001  1.222530e+001  1.983819e+001
    endloop
  endfacet
  facet normal  -0.000000e+000  9.999999e-001  0.000000e+000
    outer loop
      vertex  2.917824e+001  1.222530e+001  1.983819e+001
      vertex  3.240583e+001  1.222530e+001  1.983819e+001
      vertex  3.274819e+001  1.222530e+001  1.934219e+001
    endloop
  endfacet
  facet normal  0.000000e+000  9.999999e-001  0.000000e+000
    outer loop
      vertex  2.917824e+001  1.222530e+001  1.983819e+001
      vertex  3.274819e+001  1.222530e+001  1.934219e+001
      vertex  2.883588e+001  1.222530e+001  1.934219e+001
    endloop
  endfacet
  facet normal  -0.000000e+000  1.000000e+000  0.000000e+000
    outer loop
      vertex  2.883588e+001  1.222530e+001  1.934219e+001
      vertex  3.274819e+001  1.222530e+001  1.934219e+001
      vertex  3.319931e+001  1.222530e+001  1.894254e+001
    endloop
  endfacet
  facet normal  0.000000e+000  1.000000e+000  0.000000e+000
    outer loop
      vertex  2.883588e+001  1.222530e+001  1.934219e+001
      vertex  3.319931e+001  1.222530e+001  1.894254e+001
      vertex  2.838476e+001  1.222530e+001  1.894254e+001
    endloop
  endfacet
  facet normal  -0.000000e+000  1.000000e+000  0.000000e+000
    outer loop
      vertex  2.838476e+001  1.222530e+001  1.894254e+001
      vertex  3.319931e+001  1.222530e+001  1.894254e+001
      vertex  3.373296e+001  1.222530e+001  1.866246e+001
    endloop
  endfacet
  facet normal  0.000000e+000  1.000000e+000  0.000000e+000
    outer loop
      vertex  2.838476e+001  1.222530e+001  1.894254e+001
      vertex  3.373296e+001  1.222530e+001  1.866246e+001
      vertex  2.785111e+001  1.222530e+001  1.866246e+001
    endloop
  endfacet
  facet normal  -0.000000e+000  9.999999e-001  0.000000e+000
    outer loop
      vertex  2.785111e+001  1.222530e+001  1.866246e+001
      vertex  3.373296e+001  1.222530e+001  1.866246e+001
      vertex  3.431813e+001  1.222530e+001  1.851823e+001
    endloop
  endfacet
  facet normal  0.000000e+000  1.000000e+000  0.000000e+000
    outer loop
      vertex  2.785111e+001  1.222530e+001  1.866246e+001
      vertex  3.431813e+001  1.222530e+001  1.851823e+001
      vertex  2.726594e+001  1.222530e+001  1.851823e+001
    endloop
  endfacet
  facet normal  0.000000e+000  1.000000e+000  -0.000000e+000
    outer loop
      vertex  3.431813e+001  1.222530e+001  1.851823e+001
      vertex  3.431813e+001  1.222530e+001  1.548177e+001
      vertex  2.726594e+001  1.222530e+001  1.548177e+001
    endloop
  endfacet
  facet normal  -0.000000e+000  1.000000e+000  0.000000e+000
    outer loop
      vertex  2.726594e+001  1.222530e+001  1.548177e+001
      vertex  3.431813e+001  1.222530e+001  1.548177e+001
      vertex  3.373296e+001  1.222530e+001  1.533754e+001
    endloop
  endfacet
  facet normal  0.000000e+000  9.999999e-001  0.000000e+000
    outer loop
      vertex  2.726594e+001  1.222530e+001  1.548177e+001
      vertex  3.373296e+001  1.222530e+001  1.533754e+001
      vertex  2.785111e+001  1.222530e+001  1.533754e+001
    endloop
  endfacet
  facet normal  -0.000000e+000  1.000000e+000  0.000000e+000
    outer loop
      vertex  2.785111e+001  1.222530e+001  1.533754e+001
      vertex  3.373296e+001  1.222530e+001  1.533754e+001
      vertex  3.319931e+001  1.222530e+001  1.505746e+001
    endloop
  endfacet
  facet normal  0.000000e+000  1.000000e+000  0.000000e+000
    outer loop
      vertex  2.785111e+001  1.222530e+001  1.533754e+001
      vertex  3.319931e+001  1.222530e+001  1.505746e+001
      vertex  2.838476e+001  1.222530e+001  1.505746e+001
    endloop
  endfacet
  facet normal  -0.000000e+000  9.999999e-001  0.000000e+000
    outer loop
      vertex  2.838476e+001  1.222530e+001  1.505746e+001
      vertex  3.319931e+001  1.222530e+001  1.505746e+001
      vertex  3.274819e+001  1.222530e+001  1.465781e+001
    endloop
  endfacet
  facet normal  0.000000e+000  9.999999e-001  0.000000e+000
    outer loop
      vertex  2.838476e+001  1.222530e+001  1.505746e+001
      vertex  3.274819e+001  1.222530e+001  1.465781e+001
      vertex  2.883588e+001  1.222530e+001  1.465781e+001
    endloop
  endfacet
  facet normal  -0.000000e+000  9.999999e-001  0.000000e+000
    outer loop
      vertex  2.883588e+001  1.222530e+001  1.465781e+001
      vertex  3.274819e+001  1.222530e+001  1.465781e+001
      vertex  3.240583e+001  1.222530e+001  1.416181e+001
    endloop
  endfacet
  facet normal  0.000000e+000  9.999999e-001  0.000000e+000
    outer loop
      vertex  2.883588e+001  1.222530e+001  1.465781e+001
      vertex  3.240583e+001  1.222530e+001  1.416181e+001
      vertex  2.917824e+001  1.222530e+001  1.416181e+001
    endloop
  endfacet
  facet normal  -0.000000e+000  1.000000e+000  0.000000e+000
    outer loop
      vertex  2.917824e+001  1.222530e+001  1.416181e+001
      vertex  3.240583e+001  1.222530e+001  1.416181e+001
      vertex  3.219212e+001  1.222530e+001  1.359829e+001
    endloop
  endfacet
  facet normal  0.000000e+000  1.000000e+000  0.000000e+000
    outer loop
      vertex  2.917824e+001  1.222530e+001  1.416181e+001
      vertex  3.219212e+001  1.222530e+001  1.359829e+001
      vertex  2.939196e+001  1.222530e+001  1.359829e+001
    endloop
  endfacet
  facet normal  -0.000000e+000  1.000000e+000  0.000000e+000
    outer loop
      vertex  2.939196e+001  1.222530e+001  1.359829e+001
      vertex  3.219212e+001  1.222530e+001  1.359829e+001
      vertex  3.211947e+001  1.222530e+001  1.300000e+001
    endloop
  endfacet
  facet normal  0.000000e+000  1.000000e+000  0.000000e+000
    outer loop
      vertex  2.939196e+001  1.222530e+001  1.359829e+001
      vertex  3.211947e+001  1.222530e+001  1.300000e+001
      vertex  2.946460e+001  1.222530e+001  1.300000e+001
    endloop
  endfacet
  facet normal  -0.000000e+000  1.000000e+000  0.000000e+000
    outer loop
      vertex  2.946460e+001  1.222530e+001  1.300000e+001
      vertex  3.211947e+001  1.222530e+001  1.300000e+001
      vertex  3.219212e+001  1.222530e+001  1.240171e+001
    endloop
  endfacet
  facet normal  0.000000e+000  1.000000e+000  0.000000e+000
    outer loop
      vertex  2.946460e+001  1.222530e+001  1.300000e+001
      vertex  3.219212e+001  1.222530e+001  1.240171e+001
      vertex  2.939196e+001  1.222530e+001  1.240171e+001
    endloop
  endfacet
  facet normal  -0.000000e+000  1.000000e+000  0.000000e+000
    outer loop
      vertex  2.939196e+001  1.222530e+001  1.240171e+001
      vertex  3.219212e+001  1.222530e+001  1.240171e+001
      vertex  3.240583e+001  1.222530e+001  1.183819e+001
    endloop
  endfacet
  facet normal  0.000000e+000  1.000000e+000  0.000000e+000
    outer loop
      vertex  2.939196e+001  1.222530e+001  1.240171e+001
      vertex  3.240583e+001  1.222530e+001  1.183819e+001
      vertex  2.917824e+001  1.222530e+001  1.183819e+001
    endloop
  endfacet
  facet normal  -0.000000e+000  9.999999e-001  0.000000e+000
    outer loop
      vertex  2.917824e+001  1.222530e+001  1.183819e+001
      vertex  3.240583e+001  1.222530e+001  1.183819e+001
      vertex  3.274819e+001  1.222530e+001  1.134219e+001
    endloop
  endfacet
  facet normal  0.000000e+000  9.999999e-001  0.000000e+000
    outer loop
      vertex  2.917824e+001  1.222530e+001  1.183819e+001
      vertex  3.274819e+001  1.222530e+001  1.134219e+001
      vertex  2.883588e+001  1.222530e+001  1.134219e+001
    endloop
  endfacet
  facet normal  -0.000000e+000  9.999999e-001  0.000000e+000
    outer loop
      vertex  2.883588e+001  1.222530e+001  1.134219e+001
      vertex  3.274819e+001  1.222530e+001  1.134219e+001
      vertex  3.319931e+001  1.222530e+001  1.094254e+001
    endloop
  endfacet
  facet normal  0.000000e+000  9.999999e-001  0.000000e+000
    outer loop
      vertex  2.883588e+001  1.222530e+001  1.134219e+001
      vertex  3.319931e+001  1.222530e+001  1.094254e+001
      vertex  2.838476e+001  1.222530e+001  1.094254e+001
    endloop
  endfacet
  facet normal  -0.000000e+000  1.000000e+000  0.000000e+000
    outer loop
      vertex  2.838476e+001  1.222530e+001  1.094254e+001
      vertex  3.319931e+001  1.222530e+001  1.094254e+001
      vertex  3.373296e+001  1.222530e+001  1.066246e+001
    endloop
  endfacet
  facet normal  0.000000e+000  1.000000e+000  0.000000e+000
    outer loop
      vertex  2.838476e+001  1.222530e+001  1.094254e+001
      vertex  3.373296e+001  1.222530e+001  1.066246e+001
      vertex  2.785111e+001  1.222530e+001  1.066246e+001
    endloop
  endfacet
  facet normal  -0.000000e+000  9.999999e-001  0.000000e+000
    outer loop
      vertex  2.785111e+001  1.222530e+001  1.066246e+001
      vertex  3.373296e+001  1.222530e+001  1.066246e+001
      vertex  3.431813e+001  1.222530e+001  1.051823e+001
    endloop
  endfacet
  facet normal  0.000000e+000  1.000000e+000  0.000000e+000
    outer loop
      vertex  2.785111e+001  1.222530e+001  1.066246e+001
      vertex  3.431813e+001  1.222530e+001  1.051823e+001
      vertex  2.726594e+001  1.222530e+001  1.051823e+001
    endloop
  endfacet
  facet normal  0.000000e+000 -1.000000e+000  0.000000e+000
    outer loop
      vertex  3.800000e+001  2.253000e-001  2.450000e+001
      vertex -1.000000e+000  2.253000e-001  2.450000e+001
      vertex  3.431813e+001  2.253000e-001  2.348177e+001
    endloop
  endfacet
  facet normal  0.000000e+000 -1.000000e+000  0.000000e+000
    outer loop
      vertex  3.800000e+001  2.253000e-001  2.450000e+001
      vertex  3.431813e+001  2.253000e-001  2.348177e+001
      vertex  3.492081e+001  2.253000e-001  2.348177e+001
    endloop
  endfacet
  facet normal  0.000000e+000 -1.000000e+000  0.000000e+000
    outer loop
      vertex  3.800000e+001  2.253000e-001  2.450000e+001
      vertex  3.492081e+001  2.253000e-001  2.348177e+001
      vertex  3.550598e+001  2.253000e-001  2.333754e+001
    endloop
  endfacet
  facet normal  0.000000e+000 -1.000000e+000  0.000000e+000
    outer loop
      vertex  3.800000e+001  2.253000e-001  2.450000e+001
      vertex  3.550598e+001  2.253000e-001  2.333754e+001
      vertex  3.603963e+001  2.253000e-001  2.305746e+001
    endloop
  endfacet
  facet normal  0.000000e+000 -1.000000e+000  0.000000e+000
    outer loop
      vertex  3.800000e+001  2.253000e-001  2.450000e+001
      vertex  3.603963e+001  2.253000e-001  2.305746e+001
      vertex  3.649075e+001  2.253000e-001  2.265781e+001
    endloop
  endfacet
  facet normal  0.000000e+000 -1.000000e+000  0.000000e+000
    outer loop
      vertex  3.800000e+001  2.253000e-001  2.450000e+001
      vertex  3.649075e+001  2.253000e-001  2.265781e+001
      vertex  3.683311e+001  2.253000e-001  2.216181e+001
    endloop
  endfacet
  facet normal  0.000000e+000 -1.000000e+000  0.000000e+000
    outer loop
      vertex  3.800000e+001  2.253000e-001  2.450000e+001
      vertex  3.683311e+001  2.253000e-001  2.216181e+001
      vertex  3.704683e+001  2.253000e-001  2.159829e+001
    endloop
  endfacet
  facet normal  0.000000e+000 -1.000000e+000  0.000000e+000
    outer loop
      vertex  3.800000e+001  2.253000e-001  2.450000e+001
      vertex  3.704683e+001  2.253000e-001  2.159829e+001
      vertex  3.711947e+001  2.253000e-001  2.100000e+001
    endloop
  endfacet
  facet normal  0.000000e+000 -9.999999e-001  0.000000e+000
    outer loop
      vertex  3.800000e+001  2.253000e-001  2.450000e+001
      vertex  3.711947e+001  2.253000e-001  2.100000e+001
      vertex  3.800000e+001  2.253000e-001  9.500000e+000
    endloop
  endfacet
  facet normal  0.000000e+000 -1.000000e+000  -0.000000e+000
    outer loop
      vertex  3.800000e+001  2.253000e-001  9.500000e+000
      vertex  3.711947e+001  2.253000e-001  2.100000e+001
      vertex  3.704683e+001  2.253000e-001  2.040171e+001
    endloop
  endfacet
  facet normal  0.000000e+000 -1.000000e+000  -0.000000e+000
    outer loop
      vertex  3.800000e+001  2.253000e-001  9.500000e+000
      vertex  3.704683e+001  2.253000e-001  2.040171e+001
      vertex  3.683311e+001  2.253000e-001  1.983819e+001
    endloop
  endfacet
  facet normal  0.000000e+000 -1.000000e+000  -0.000000e+000
    outer loop
      vertex  3.800000e+001  2.253000e-001  9.500000e+000
      vertex  3.683311e+001  2.253000e-001  1.983819e+001
      vertex  3.649075e+001  2.253000e-001  1.934219e+001
    endloop
  endfacet
  facet normal  0.000000e+000 -1.000000e+000  -0.000000e+000
    outer loop
      vertex  3.800000e+001  2.253000e-001  9.500000e+000
      vertex  3.649075e+001  2.253000e-001  1.934219e+001
      vertex  3.603963e+001  2.253000e-001  1.894254e+001
    endloop
  endfacet
  facet normal  0.000000e+000 -1.000000e+000  0.000000e+000
    outer loop
      vertex  3.800000e+001  2.253000e-001  9.500000e+000
      vertex  3.603963e+001  2.253000e-001  1.894254e+001
      vertex  3.704683e+001  2.253000e-001  1.359829e+001
    endloop
  endfacet
  facet normal  0.000000e+000 -1.000000e+000  0.000000e+000
    outer loop
      vertex  3.800000e+001  2.253000e-001  9.500000e+000
      vertex  3.704683e+001  2.253000e-001  1.359829e+001
      vertex  3.711947e+001  2.253000e-001  1.300000e+001
    endloop
  endfacet
  facet normal  0.000000e+000 -1.000000e+000  -0.000000e+000
    outer loop
      vertex  3.800000e+001  2.253000e-001  9.500000e+000
      vertex  3.711947e+001  2.253000e-001  1.300000e+001
      vertex  3.704683e+001  2.253000e-001  1.240171e+001
    endloop
  endfacet
  facet normal  0.000000e+000 -1.000000e+000  -0.000000e+000
    outer loop
      vertex  3.800000e+001  2.253000e-001  9.500000e+000
      vertex  3.704683e+001  2.253000e-001  1.240171e+001
      vertex  3.683311e+001  2.253000e-001  1.183819e+001
    endloop
  endfacet
  facet normal  0.000000e+000 -1.000000e+000  -0.000000e+000
    outer loop
      vertex  3.800000e+001  2.253000e-001  9.500000e+000
      vertex  3.683311e+001  2.253000e-001  1.183819e+001
      vertex  3.649075e+001  2.253000e-001  1.134219e+001
    endloop
  endfacet
  facet normal  0.000000e+000 -1.000000e+000  -0.000000e+000
    outer loop
      vertex  3.800000e+001  2.253000e-001  9.500000e+000
      vertex  3.649075e+001  2.253000e-001  1.134219e+001
      vertex  3.603963e+001  2.253000e-001  1.094254e+001
    endloop
  endfacet
  facet normal  0.000000e+000 -1.000000e+000  -0.000000e+000
    outer loop
      vertex  3.800000e+001  2.253000e-001  9.500000e+000
      vertex  3.603963e+001  2.253000e-001  1.094254e+001
      vertex  3.550598e+001  2.253000e-001  1.066246e+001
    endloop
  endfacet
  facet normal  0.000000e+000 -1.000000e+000  -0.000000e+000
    outer loop
      vertex  3.800000e+001  2.253000e-001  9.500000e+000
      vertex  3.550598e+001  2.253000e-001  1.066246e+001
      vertex  3.492081e+001  2.253000e-001  1.051823e+001
    endloop
  endfacet
  facet normal  -0.000000e+000 -1.000000e+000  -0.000000e+000
    outer loop
      vertex  3.800000e+001  2.253000e-001  9.500000e+000
      vertex  3.492081e+001  2.253000e-001  1.051823e+001
      vertex  3.431813e+001  2.253000e-001  1.051823e+001
    endloop
  endfacet
  facet normal  0.000000e+000 -1.000000e+000  -0.000000e+000
    outer loop
      vertex  3.800000e+001  2.253000e-001  9.500000e+000
      vertex  3.431813e+001  2.253000e-001  1.051823e+001
      vertex -1.000000e+000  2.253000e-001  9.500000e+000
    endloop
  endfacet
  facet normal  0.000000e+000 -1.000000e+000  0.000000e+000
    outer loop
      vertex  3.492081e+001  2.253000e-001  1.851823e+001
      vertex  3.431813e+001  2.253000e-001  1.851823e+001
      vertex  3.431813e+001  2.253000e-001  1.548177e+001
    endloop
  endfacet
  facet normal  0.000000e+000 -1.000000e+000  0.000000e+000
    outer loop
      vertex  3.492081e+001  2.253000e-001  1.851823e+001
      vertex  3.431813e+001  2.253000e-001  1.548177e+001
      vertex  3.492081e+001  2.253000e-001  1.548177e+001
    endloop
  endfacet
  facet normal  0.000000e+000 -9.999999e-001  0.000000e+000
    outer loop
      vertex  3.492081e+001  2.253000e-001  1.851823e+001
      vertex  3.492081e+001  2.253000e-001  1.548177e+001
      vertex  3.550598e+001  2.253000e-001  1.533754e+001
    endloop
  endfacet
  facet normal  0.000000e+000 -1.000000e+000  0.000000e+000
    outer loop
      vertex  3.492081e+001  2.253000e-001  1.851823e+001
      vertex  3.550598e+001  2.253000e-001  1.533754e+001
      vertex  3.603963e+001  2.253000e-001  1.505746e+001
    endloop
  endfacet
  facet normal  0.000000e+000 -1.000000e+000  0.000000e+000
    outer loop
      vertex  3.492081e+001  2.253000e-001  1.851823e+001
      vertex  3.603963e+001  2.253000e-001  1.505746e+001
      vertex  3.649075e+001  2.253000e-001  1.465781e+001
    endloop
  endfacet
  facet normal  0.000000e+000 -1.000000e+000  0.000000e+000
    outer loop
      vertex  3.492081e+001  2.253000e-001  1.851823e+001
      vertex  3.649075e+001  2.253000e-001  1.465781e+001
      vertex  3.683311e+001  2.253000e-001  1.416181e+001
    endloop
  endfacet
  facet normal  0.000000e+000 -9.999999e-001  0.000000e+000
    outer loop
      vertex  3.698658e+000  2.253000e-001  1.851823e+001
      vertex -1.500000e+000  2.253000e-001  9.633975e+000
      vertex  2.128723e+000  2.253000e-001  1.465781e+001
    endloop
  endfacet
  facet normal  0.000000e+000 -1.000000e+000  0.000000e+000
    outer loop
      vertex  3.698658e+000  2.253000e-001  1.851823e+001
      vertex  2.128723e+000  2.253000e-001  1.465781e+001
      vertex  2.579838e+000  2.253000e-001  1.505746e+001
    endloop
  endfacet
  facet normal  0.000000e+000 -1.000000e+000  0.000000e+000
    outer loop
      vertex  3.698658e+000  2.253000e-001  1.851823e+001
      vertex  2.579838e+000  2.253000e-001  1.505746e+001
      vertex  3.113488e+000  2.253000e-001  1.533754e+001
    endloop
  endfacet
  facet normal  0.000000e+000 -1.000000e+000  0.000000e+000
    outer loop
      vertex  3.698658e+000  2.253000e-001  1.851823e+001
      vertex  3.113488e+000  2.253000e-001  1.533754e+001
      vertex  3.698658e+000  2.253000e-001  1.548177e+001
    endloop
  endfacet
  facet normal  0.000000e+000 -9.999999e-001  0.000000e+000
    outer loop
      vertex  3.698658e+000  2.253000e-001  1.851823e+001
      vertex  3.698658e+000  2.253000e-001  1.548177e+001
      vertex  4.301342e+000  2.253000e-001  1.548177e+001
    endloop
  endfacet
  facet normal  0.000000e+000 -9.999999e-001  0.000000e+000
    outer loop
      vertex  3.698658e+000  2.253000e-001  1.851823e+001
      vertex  4.301342e+000  2.253000e-001  1.548177e+001
      vertex  4.301342e+000  2.253000e-001  1.851823e+001
    endloop
  endfacet
  facet normal  -0.000000e+000 -9.999999e-001  0.000000e+000
    outer loop
      vertex -1.500000e+000  2.253000e-001  9.633975e+000
      vertex  3.698658e+000  2.253000e-001  1.851823e+001
      vertex  3.113488e+000  2.253000e-001  1.866246e+001
    endloop
  endfacet
  facet normal  -0.000000e+000 -1.000000e+000  0.000000e+000
    outer loop
      vertex -1.500000e+000  2.253000e-001  9.633975e+000
      vertex  3.113488e+000  2.253000e-001  1.866246e+001
      vertex  2.579838e+000  2.253000e-001  1.894254e+001
    endloop
  endfacet
  facet normal  -0.000000e+000 -1.000000e+000  0.000000e+000
    outer loop
      vertex -1.500000e+000  2.253000e-001  9.633975e+000
      vertex  2.579838e+000  2.253000e-001  1.894254e+001
      vertex  2.128723e+000  2.253000e-001  1.934219e+001
    endloop
  endfacet
  facet normal  -0.000000e+000 -1.000000e+000  0.000000e+000
    outer loop
      vertex -1.500000e+000  2.253000e-001  9.633975e+000
      vertex  2.128723e+000  2.253000e-001  1.934219e+001
      vertex  1.786360e+000  2.253000e-001  1.983819e+001
    endloop
  endfacet
  facet normal  -0.000000e+000 -1.000000e+000  0.000000e+000
    outer loop
      vertex -1.500000e+000  2.253000e-001  9.633975e+000
      vertex  1.786360e+000  2.253000e-001  1.983819e+001
      vertex  1.572645e+000  2.253000e-001  2.040171e+001
    endloop
  endfacet
  facet normal  -0.000000e+000 -1.000000e+000  0.000000e+000
    outer loop
      vertex -1.500000e+000  2.253000e-001  9.633975e+000
      vertex  1.572645e+000  2.253000e-001  2.040171e+001
      vertex  1.500000e+000  2.253000e-001  2.100000e+001
    endloop
  endfacet
  facet normal  -0.000000e+000 -1.000000e+000  0.000000e+000
    outer loop
      vertex -1.500000e+000  2.253000e-001  9.633975e+000
      vertex  1.500000e+000  2.253000e-001  2.100000e+001
      vertex  1.572645e+000  2.253000e-001  2.159829e+001
    endloop
  endfacet
  facet normal  -0.000000e+000 -1.000000e+000  0.000000e+000
    outer loop
      vertex -1.000000e+000  2.253000e-001  9.500000e+000
      vertex  3.431813e+001  2.253000e-001  1.051823e+001
      vertex  2.726594e+001  2.253000e-001  1.051823e+001
    endloop
  endfacet
  facet normal  -0.000000e+000 -9.999999e-001  0.000000e+000
    outer loop
      vertex -1.000000e+000  2.253000e-001  9.500000e+000
      vertex  2.726594e+001  2.253000e-001  1.051823e+001
      vertex  2.666326e+001  2.253000e-001  1.051823e+001
    endloop
  endfacet
  facet normal  -0.000000e+000 -1.000000e+000  0.000000e+000
    outer loop
      vertex -1.000000e+000  2.253000e-001  9.500000e+000
      vertex  2.666326e+001  2.253000e-001  1.051823e+001
      vertex  1.961108e+001  2.253000e-001  1.051823e+001
    endloop
  endfacet
  facet normal  -0.000000e+000 -1.000000e+000  0.000000e+000
    outer loop
      vertex -1.000000e+000  2.253000e-001  9.500000e+000
      vertex  1.961108e+001  2.253000e-001  1.051823e+001
      vertex  1.900839e+001  2.253000e-001  1.051823e+001
    endloop
  endfacet
  facet normal  -0.000000e+000 -1.000000e+000  0.000000e+000
    outer loop
      vertex -1.000000e+000  2.253000e-001  9.500000e+000
      vertex  1.900839e+001  2.253000e-001  1.051823e+001
      vertex  1.195621e+001  2.253000e-001  1.051823e+001
    endloop
  endfacet
  facet normal  -0.000000e+000 -1.000000e+000  0.000000e+000
    outer loop
      vertex -1.000000e+000  2.253000e-001  9.500000e+000
      vertex  1.195621e+001  2.253000e-001  1.051823e+001
      vertex  1.135353e+001  2.253000e-001  1.051823e+001
    endloop
  endfacet
  facet normal  -0.000000e+000 -1.000000e+000  0.000000e+000
    outer loop
      vertex -1.000000e+000  2.253000e-001  9.500000e+000
      vertex  1.135353e+001  2.253000e-001  1.051823e+001
      vertex  4.301342e+000  2.253000e-001  1.051823e+001
    endloop
  endfacet
  facet normal  -0.000000e+000 -1.000000e+000  0.000000e+000
    outer loop
      vertex -1.000000e+000  2.253000e-001  9.500000e+000
      vertex  4.301342e+000  2.253000e-001  1.051823e+001
      vertex  3.698658e+000  2.253000e-001  1.051823e+001
    endloop
  endfacet
  facet normal  0.000000e+000 -1.000000e+000  0.000000e+000
    outer loop
      vertex -1.000000e+000  2.253000e-001  9.500000e+000
      vertex  3.698658e+000  2.253000e-001  1.051823e+001
      vertex -1.500000e+000  2.253000e-001  9.633975e+000
    endloop
  endfacet
  facet normal  0.000000e+000 -1.000000e+000  0.000000e+000
    outer loop
      vertex -1.000000e+000  2.253000e-001  9.500000e+000
      vertex -1.500000e+000  2.253000e-001  9.633975e+000
      vertex -1.258819e+000  2.253000e-001  9.534074e+000
    endloop
  endfacet
  facet normal  0.000000e+000 -1.000000e+000  -0.000000e+000
    outer loop
      vertex -1.000000e+000  2.253000e-001  2.450000e+001
      vertex -1.258819e+000  2.253000e-001  2.446593e+001
      vertex -1.500000e+000  2.253000e-001  2.436603e+001
    endloop
  endfacet
  facet normal  0.000000e+000 -1.000000e+000  0.000000e+000
    outer loop
      vertex -1.000000e+000  2.253000e-001  2.450000e+001
      vertex -1.500000e+000  2.253000e-001  2.436603e+001
      vertex  3.698658e+000  2.253000e-001  2.348177e+001
    endloop
  endfacet
  facet normal  0.000000e+000 -1.000000e+000  0.000000e+000
    outer loop
      vertex -1.000000e+000  2.253000e-001  2.450000e+001
      vertex  3.698658e+000  2.253000e-001  2.348177e+001
      vertex  4.301342e+000  2.253000e-001  2.348177e+001
    endloop
  endfacet
  facet normal  0.000000e+000 -1.000000e+000  0.000000e+000
    outer loop
      vertex -1.000000e+000  2.253000e-001  2.450000e+001
      vertex  4.301342e+000  2.253000e-001  2.348177e+001
      vertex  1.135353e+001  2.253000e-001  2.348177e+001
    endloop
  endfacet
  facet normal  0.000000e+000 -1.000000e+000  0.000000e+000
    outer loop
      vertex -1.000000e+000  2.253000e-001  2.450000e+001
      vertex  1.135353e+001  2.253000e-001  2.348177e+001
      vertex  1.195621e+001  2.253000e-001  2.348177e+001
    endloop
  endfacet
  facet normal  0.000000e+000 -1.000000e+000  0.000000e+000
    outer loop
      vertex -1.000000e+000  2.253000e-001  2.450000e+001
      vertex  1.195621e+001  2.253000e-001  2.348177e+001
      vertex  1.900839e+001  2.253000e-001  2.348177e+001
    endloop
  endfacet
  facet normal  0.000000e+000 -1.000000e+000  0.000000e+000
    outer loop
      vertex -1.000000e+000  2.253000e-001  2.450000e+001
      vertex  1.900839e+001  2.253000e-001  2.348177e+001
      vertex  1.961108e+001  2.253000e-001  2.348177e+001
    endloop
  endfacet
  facet normal  0.000000e+000 -9.999999e-001  0.000000e+000
    outer loop
      vertex -1.000000e+000  2.253000e-001  2.450000e+001
      vertex  1.961108e+001  2.253000e-001  2.348177e+001
      vertex  2.666326e+001  2.253000e-001  2.348177e+001
    endloop
  endfacet
  facet normal  0.000000e+000 -1.000000e+000  0.000000e+000
    outer loop
      vertex -1.000000e+000  2.253000e-001  2.450000e+001
      vertex  2.666326e+001  2.253000e-001  2.348177e+001
      vertex  2.726594e+001  2.253000e-001  2.348177e+001
    endloop
  endfacet
  facet normal  0.000000e+000 -1.000000e+000  0.000000e+000
    outer loop
      vertex -1.000000e+000  2.253000e-001  2.450000e+001
      vertex  2.726594e+001  2.253000e-001  2.348177e+001
      vertex  3.431813e+001  2.253000e-001  2.348177e+001
    endloop
  endfacet
  facet normal  -0.000000e+000 -9.999999e-001  0.000000e+000
    outer loop
      vertex -1.500000e+000  2.253000e-001  9.633975e+000
      vertex  3.698658e+000  2.253000e-001  1.051823e+001
      vertex  3.113488e+000  2.253000e-001  1.066246e+001
    endloop
  endfacet
  facet normal  -0.000000e+000 -9.999999e-001  0.000000e+000
    outer loop
      vertex -1.500000e+000  2.253000e-001  9.633975e+000
      vertex  3.113488e+000  2.253000e-001  1.066246e+001
      vertex  2.579838e+000  2.253000e-001  1.094254e+001
    endloop
  endfacet
  facet normal  -0.000000e+000 -1.000000e+000  0.000000e+000
    outer loop
      vertex -1.500000e+000  2.253000e-001  9.633975e+000
      vertex  2.579838e+000  2.253000e-001  1.094254e+001
      vertex  2.128723e+000  2.253000e-001  1.134219e+001
    endloop
  endfacet
  facet normal  -0.000000e+000 -1.000000e+000  0.000000e+000
    outer loop
      vertex -1.500000e+000  2.253000e-001  9.633975e+000
      vertex  2.128723e+000  2.253000e-001  1.134219e+001
      vertex  1.786360e+000  2.253000e-001  1.183819e+001
    endloop
  endfacet
  facet normal  -0.000000e+000 -1.000000e+000  0.000000e+000
    outer loop
      vertex -1.500000e+000  2.253000e-001  9.633975e+000
      vertex  1.786360e+000  2.253000e-001  1.183819e+001
      vertex  1.572645e+000  2.253000e-001  1.240171e+001
    endloop
  endfacet
  facet normal  -0.000000e+000 -1.000000e+000  0.000000e+000
    outer loop
      vertex -1.500000e+000  2.253000e-001  9.633975e+000
      vertex  1.572645e+000  2.253000e-001  1.240171e+001
      vertex  1.500000e+000  2.253000e-001  1.300000e+001
    endloop
  endfacet
  facet normal  -0.000000e+000 -1.000000e+000  0.000000e+000
    outer loop
      vertex -1.500000e+000  2.253000e-001  9.633975e+000
      vertex  1.500000e+000  2.253000e-001  1.300000e+001
      vertex  1.572645e+000  2.253000e-001  1.359829e+001
    endloop
  endfacet
  facet normal  -0.000000e+000 -1.000000e+000  0.000000e+000
    outer loop
      vertex -1.500000e+000  2.253000e-001  9.633975e+000
      vertex  1.572645e+000  2.253000e-001  1.359829e+001
      vertex  1.786360e+000  2.253000e-001  1.416181e+001
    endloop
  endfacet
  facet normal  -0.000000e+000 -1.000000e+000  0.000000e+000
    outer loop
      vertex -1.500000e+000  2.253000e-001  9.633975e+000
      vertex  1.786360e+000  2.253000e-001  1.416181e+001
      vertex  2.128723e+000  2.253000e-001  1.465781e+001
    endloop
  endfacet
  facet normal  0.000000e+000 -1.000000e+000  0.000000e+000
    outer loop
      vertex -1.500000e+000  2.253000e-001  2.436603e+001
      vertex -1.500000e+000  2.253000e-001  9.633975e+000
      vertex  1.572645e+000  2.253000e-001  2.159829e+001
    endloop
  endfacet
  facet normal  0.000000e+000 -1.000000e+000  0.000000e+000
    outer loop
      vertex -1.500000e+000  2.253000e-001  2.436603e+001
      vertex  1.572645e+000  2.253000e-001  2.159829e+001
      vertex  1.786360e+000  2.253000e-001  2.216181e+001
    endloop
  endfacet
  facet normal  0.000000e+000 -1.000000e+000  0.000000e+000
    outer loop
      vertex -1.500000e+000  2.253000e-001  2.436603e+001
      vertex  1.786360e+000  2.253000e-001  2.216181e+001
      vertex  2.128723e+000  2.253000e-001  2.265781e+001
    endloop
  endfacet
  facet normal  0.000000e+000 -1.000000e+000  0.000000e+000
    outer loop
      vertex -1.500000e+000  2.253000e-001  2.436603e+001
      vertex  2.128723e+000  2.253000e-001  2.265781e+001
      vertex  2.579838e+000  2.253000e-001  2.305746e+001
    endloop
  endfacet
  facet normal  0.000000e+000 -1.000000e+000  0.000000e+000
    outer loop
      vertex -1.500000e+000  2.253000e-001  2.436603e+001
      vertex  2.579838e+000  2.253000e-001  2.305746e+001
      vertex  3.113488e+000  2.253000e-001  2.333754e+001
    endloop
  endfacet
  facet normal  0.000000e+000 -1.000000e+000  0.000000e+000
    outer loop
      vertex -1.500000e+000  2.253000e-001  2.436603e+001
      vertex  3.113488e+000  2.253000e-001  2.333754e+001
      vertex  3.698658e+000  2.253000e-001  2.348177e+001
    endloop
  endfacet
  facet normal  0.000000e+000 -1.000000e+000  0.000000e+000
    outer loop
      vertex  3.683311e+001  2.253000e-001  1.416181e+001
      vertex  3.704683e+001  2.253000e-001  1.359829e+001
      vertex  3.603963e+001  2.253000e-001  1.894254e+001
    endloop
  endfacet
  facet normal  0.000000e+000 -1.000000e+000  -0.000000e+000
    outer loop
      vertex  3.683311e+001  2.253000e-001  1.416181e+001
      vertex  3.603963e+001  2.253000e-001  1.894254e+001
      vertex  3.550598e+001  2.253000e-001  1.866246e+001
    endloop
  endfacet
  facet normal  0.000000e+000 -1.000000e+000  -0.000000e+000
    outer loop
      vertex  3.683311e+001  2.253000e-001  1.416181e+001
      vertex  3.550598e+001  2.253000e-001  1.866246e+001
      vertex  3.492081e+001  2.253000e-001  1.851823e+001
    endloop
  endfacet
  facet normal  0.000000e+000 -1.000000e+000  0.000000e+000
    outer loop
      vertex  1.135353e+001  2.253000e-001  1.851823e+001
      vertex  1.135353e+001  2.253000e-001  1.548177e+001
      vertex  1.195621e+001  2.253000e-001  1.851823e+001
    endloop
  endfacet
  facet normal  0.000000e+000 -1.000000e+000  -0.000000e+000
    outer loop
      vertex  1.195621e+001  2.253000e-001  1.851823e+001
      vertex  1.135353e+001  2.253000e-001  1.548177e+001
      vertex  1.195621e+001  2.253000e-001  1.548177e+001
    endloop
  endfacet
  facet normal  0.000000e+000 -1.000000e+000  0.000000e+000
    outer loop
      vertex  1.195621e+001  2.253000e-001  1.851823e+001
      vertex  1.195621e+001  2.253000e-001  1.548177e+001
      vertex  1.900839e+001  2.253000e-001  1.851823e+001
    endloop
  endfacet
  facet normal  0.000000e+000 -1.000000e+000  0.000000e+000
    outer loop
      vertex  1.900839e+001  2.253000e-001  1.851823e+001
      vertex  1.900839e+001  2.253000e-001  1.548177e+001
      vertex  1.961108e+001  2.253000e-001  1.851823e+001
    endloop
  endfacet
  facet normal  0.000000e+000 -1.000000e+000  -0.000000e+000
    outer loop
      vertex  1.961108e+001  2.253000e-001  1.851823e+001
      vertex  1.900839e+001  2.253000e-001  1.548177e+001
      vertex  1.961108e+001  2.253000e-001  1.548177e+001
    endloop
  endfacet
  facet normal  0.000000e+000 -1.000000e+000  0.000000e+000
    outer loop
      vertex  1.961108e+001  2.253000e-001  1.851823e+001
      vertex  1.961108e+001  2.253000e-001  1.548177e+001
      vertex  2.666326e+001  2.253000e-001  1.851823e+001
    endloop
  endfacet
  facet normal  0.000000e+000 -9.999999e-001  0.000000e+000
    outer loop
      vertex  2.666326e+001  2.253000e-001  1.851823e+001
      vertex  2.666326e+001  2.253000e-001  1.548177e+001
      vertex  2.726594e+001  2.253000e-001  1.851823e+001
    endloop
  endfacet
  facet normal  0.000000e+000 -9.999999e-001  -0.000000e+000
    outer loop
      vertex  2.726594e+001  2.253000e-001  1.851823e+001
      vertex  2.666326e+001  2.253000e-001  1.548177e+001
      vertex  2.726594e+001  2.253000e-001  1.548177e+001
    endloop
  endfacet
  facet normal  0.000000e+000 -1.000000e+000  0.000000e+000
    outer loop
      vertex  2.726594e+001  2.253000e-001  1.851823e+001
      vertex  2.726594e+001  2.253000e-001  1.548177e+001
      vertex  3.431813e+001  2.253000e-001  1.851823e+001
    endloop
  endfacet
  facet normal  0.000000e+000 -1.000000e+000  0.000000e+000
    outer loop
      vertex  1.135353e+001  2.253000e-001  2.348177e+001
      vertex  4.301342e+000  2.253000e-001  2.348177e+001
      vertex  1.076836e+001  2.253000e-001  2.333754e+001
    endloop
  endfacet
  facet normal  0.000000e+000 -1.000000e+000  0.000000e+000
    outer loop
      vertex  1.076836e+001  2.253000e-001  2.333754e+001
      vertex  4.301342e+000  2.253000e-001  2.348177e+001
      vertex  4.886512e+000  2.253000e-001  2.333754e+001
    endloop
  endfacet
  facet normal  0.000000e+000 -1.000000e+000  0.000000e+000
    outer loop
      vertex  1.076836e+001  2.253000e-001  2.333754e+001
      vertex  4.886512e+000  2.253000e-001  2.333754e+001
      vertex  1.023471e+001  2.253000e-001  2.305746e+001
    endloop
  endfacet
  facet normal  0.000000e+000 -9.999999e-001  0.000000e+000
    outer loop
      vertex  1.023471e+001  2.253000e-001  2.305746e+001
      vertex  4.886512e+000  2.253000e-001  2.333754e+001
      vertex  5.420162e+000  2.253000e-001  2.305746e+001
    endloop
  endfacet
  facet normal  0.000000e+000 -1.000000e+000  0.000000e+000
    outer loop
      vertex  1.023471e+001  2.253000e-001  2.305746e+001
      vertex  5.420162e+000  2.253000e-001  2.305746e+001
      vertex  9.783590e+000  2.253000e-001  2.265781e+001
    endloop
  endfacet
  facet normal  0.000000e+000 -1.000000e+000  0.000000e+000
    outer loop
      vertex  9.783590e+000  2.253000e-001  2.265781e+001
      vertex  5.420162e+000  2.253000e-001  2.305746e+001
      vertex  5.871277e+000  2.253000e-001  2.265781e+001
    endloop
  endfacet
  facet normal  0.000000e+000 -9.999999e-001  0.000000e+000
    outer loop
      vertex  9.783590e+000  2.253000e-001  2.265781e+001
      vertex  5.871277e+000  2.253000e-001  2.265781e+001
      vertex  9.441227e+000  2.253000e-001  2.216181e+001
    endloop
  endfacet
  facet normal  0.000000e+000 -1.000000e+000  0.000000e+000
    outer loop
      vertex  9.441227e+000  2.253000e-001  2.216181e+001
      vertex  5.871277e+000  2.253000e-001  2.265781e+001
      vertex  6.213640e+000  2.253000e-001  2.216181e+001
    endloop
  endfacet
  facet normal  0.000000e+000 -1.000000e+000  0.000000e+000
    outer loop
      vertex  9.441227e+000  2.253000e-001  2.216181e+001
      vertex  6.213640e+000  2.253000e-001  2.216181e+001
      vertex  9.227513e+000  2.253000e-001  2.159829e+001
    endloop
  endfacet
  facet normal  0.000000e+000 -1.000000e+000  0.000000e+000
    outer loop
      vertex  9.227513e+000  2.253000e-001  2.159829e+001
      vertex  6.213640e+000  2.253000e-001  2.216181e+001
      vertex  6.427354e+000  2.253000e-001  2.159829e+001
    endloop
  endfacet
  facet normal  0.000000e+000 -1.000000e+000  0.000000e+000
    outer loop
      vertex  9.227513e+000  2.253000e-001  2.159829e+001
      vertex  6.427354e+000  2.253000e-001  2.159829e+001
      vertex  9.154867e+000  2.253000e-001  2.100000e+001
    endloop
  endfacet
  facet normal  0.000000e+000 -1.000000e+000  0.000000e+000
    outer loop
      vertex  9.154867e+000  2.253000e-001  2.100000e+001
      vertex  6.427354e+000  2.253000e-001  2.159829e+001
      vertex  6.500000e+000  2.253000e-001  2.100000e+001
    endloop
  endfacet
  facet normal  0.000000e+000 -1.000000e+000  0.000000e+000
    outer loop
      vertex  9.154867e+000  2.253000e-001  2.100000e+001
      vertex  6.500000e+000  2.253000e-001  2.100000e+001
      vertex  9.227513e+000  2.253000e-001  2.040171e+001
    endloop
  endfacet
  facet normal  0.000000e+000 -1.000000e+000  0.000000e+000
    outer loop
      vertex  9.227513e+000  2.253000e-001  2.040171e+001
      vertex  6.500000e+000  2.253000e-001  2.100000e+001
      vertex  6.427354e+000  2.253000e-001  2.040171e+001
    endloop
  endfacet
  facet normal  0.000000e+000 -1.000000e+000  0.000000e+000
    outer loop
      vertex  9.227513e+000  2.253000e-001  2.040171e+001
      vertex  6.427354e+000  2.253000e-001  2.040171e+001
      vertex  9.441227e+000  2.253000e-001  1.983819e+001
    endloop
  endfacet
  facet normal  0.000000e+000 -1.000000e+000  0.000000e+000
    outer loop
      vertex  9.441227e+000  2.253000e-001  1.983819e+001
      vertex  6.427354e+000  2.253000e-001  2.040171e+001
      vertex  6.213640e+000  2.253000e-001  1.983819e+001
    endloop
  endfacet
  facet normal  0.000000e+000 -1.000000e+000  0.000000e+000
    outer loop
      vertex  9.441227e+000  2.253000e-001  1.983819e+001
      vertex  6.213640e+000  2.253000e-001  1.983819e+001
      vertex  9.783590e+000  2.253000e-001  1.934219e+001
    endloop
  endfacet
  facet normal  0.000000e+000 -9.999999e-001  0.000000e+000
    outer loop
      vertex  9.783590e+000  2.253000e-001  1.934219e+001
      vertex  6.213640e+000  2.253000e-001  1.983819e+001
      vertex  5.871277e+000  2.253000e-001  1.934219e+001
    endloop
  endfacet
  facet normal  0.000000e+000 -1.000000e+000  0.000000e+000
    outer loop
      vertex  9.783590e+000  2.253000e-001  1.934219e+001
      vertex  5.871277e+000  2.253000e-001  1.934219e+001
      vertex  1.023471e+001  2.253000e-001  1.894254e+001
    endloop
  endfacet
  facet normal  0.000000e+000 -1.000000e+000  0.000000e+000
    outer loop
      vertex  1.023471e+001  2.253000e-001  1.894254e+001
      vertex  5.871277e+000  2.253000e-001  1.934219e+001
      vertex  5.420162e+000  2.253000e-001  1.894254e+001
    endloop
  endfacet
  facet normal  0.000000e+000 -9.999999e-001  0.000000e+000
    outer loop
      vertex  1.023471e+001  2.253000e-001  1.894254e+001
      vertex  5.420162e+000  2.253000e-001  1.894254e+001
      vertex  1.076836e+001  2.253000e-001  1.866246e+001
    endloop
  endfacet
  facet normal  0.000000e+000 -1.000000e+000  0.000000e+000
    outer loop
      vertex  1.076836e+001  2.253000e-001  1.866246e+001
      vertex  5.420162e+000  2.253000e-001  1.894254e+001
      vertex  4.886512e+000  2.253000e-001  1.866246e+001
    endloop
  endfacet
  facet normal  0.000000e+000 -1.000000e+000  0.000000e+000
    outer loop
      vertex  1.076836e+001  2.253000e-001  1.866246e+001
      vertex  4.886512e+000  2.253000e-001  1.866246e+001
      vertex  1.135353e+001  2.253000e-001  1.851823e+001
    endloop
  endfacet
  facet normal  0.000000e+000 -1.000000e+000  0.000000e+000
    outer loop
      vertex  1.135353e+001  2.253000e-001  1.851823e+001
      vertex  4.886512e+000  2.253000e-001  1.866246e+001
      vertex  4.301342e+000  2.253000e-001  1.851823e+001
    endloop
  endfacet
  facet normal  0.000000e+000 -1.000000e+000  0.000000e+000
    outer loop
      vertex  1.135353e+001  2.253000e-001  1.851823e+001
      vertex  4.301342e+000  2.253000e-001  1.851823e+001
      vertex  4.301342e+000  2.253000e-001  1.548177e+001
    endloop
  endfacet
  facet normal  0.000000e+000 -1.000000e+000  0.000000e+000
    outer loop
      vertex  4.301342e+000  2.253000e-001  1.051823e+001
      vertex  1.135353e+001  2.253000e-001  1.051823e+001
      vertex  4.886512e+000  2.253000e-001  1.066246e+001
    endloop
  endfacet
  facet normal  0.000000e+000 -1.000000e+000  0.000000e+000
    outer loop
      vertex  4.886512e+000  2.253000e-001  1.066246e+001
      vertex  1.135353e+001  2.253000e-001  1.051823e+001
      vertex  1.076836e+001  2.253000e-001  1.066246e+001
    endloop
  endfacet
  facet normal  0.000000e+000 -1.000000e+000  0.000000e+000
    outer loop
      vertex  4.886512e+000  2.253000e-001  1.066246e+001
      vertex  1.076836e+001  2.253000e-001  1.066246e+001
      vertex  5.420162e+000  2.253000e-001  1.094254e+001
    endloop
  endfacet
  facet normal  0.000000e+000 -9.999999e-001  0.000000e+000
    outer loop
      vertex  5.420162e+000  2.253000e-001  1.094254e+001
      vertex  1.076836e+001  2.253000e-001  1.066246e+001
      vertex  1.023471e+001  2.253000e-001  1.094254e+001
    endloop
  endfacet
  facet normal  0.000000e+000 -1.000000e+000  0.000000e+000
    outer loop
      vertex  5.420162e+000  2.253000e-001  1.094254e+001
      vertex  1.023471e+001  2.253000e-001  1.094254e+001
      vertex  5.871277e+000  2.253000e-001  1.134219e+001
    endloop
  endfacet
  facet normal  0.000000e+000 -9.999999e-001  0.000000e+000
    outer loop
      vertex  5.871277e+000  2.253000e-001  1.134219e+001
      vertex  1.023471e+001  2.253000e-001  1.094254e+001
      vertex  9.783590e+000  2.253000e-001  1.134219e+001
    endloop
  endfacet
  facet normal  0.000000e+000 -9.999999e-001  0.000000e+000
    outer loop
      vertex  5.871277e+000  2.253000e-001  1.134219e+001
      vertex  9.783590e+000  2.253000e-001  1.134219e+001
      vertex  6.213640e+000  2.253000e-001  1.183819e+001
    endloop
  endfacet
  facet normal  0.000000e+000 -1.000000e+000  0.000000e+000
    outer loop
      vertex  6.213640e+000  2.253000e-001  1.183819e+001
      vertex  9.783590e+000  2.253000e-001  1.134219e+001
      vertex  9.441227e+000  2.253000e-001  1.183819e+001
    endloop
  endfacet
  facet normal  0.000000e+000 -1.000000e+000  0.000000e+000
    outer loop
      vertex  6.213640e+000  2.253000e-001  1.183819e+001
      vertex  9.441227e+000  2.253000e-001  1.183819e+001
      vertex  6.427354e+000  2.253000e-001  1.240171e+001
    endloop
  endfacet
  facet normal  0.000000e+000 -1.000000e+000  0.000000e+000
    outer loop
      vertex  6.427354e+000  2.253000e-001  1.240171e+001
      vertex  9.441227e+000  2.253000e-001  1.183819e+001
      vertex  9.227513e+000  2.253000e-001  1.240171e+001
    endloop
  endfacet
  facet normal  0.000000e+000 -1.000000e+000  0.000000e+000
    outer loop
      vertex  6.427354e+000  2.253000e-001  1.240171e+001
      vertex  9.227513e+000  2.253000e-001  1.240171e+001
      vertex  6.500000e+000  2.253000e-001  1.300000e+001
    endloop
  endfacet
  facet normal  0.000000e+000 -1.000000e+000  0.000000e+000
    outer loop
      vertex  6.500000e+000  2.253000e-001  1.300000e+001
      vertex  9.227513e+000  2.253000e-001  1.240171e+001
      vertex  9.154867e+000  2.253000e-001  1.300000e+001
    endloop
  endfacet
  facet normal  0.000000e+000 -1.000000e+000  0.000000e+000
    outer loop
      vertex  6.500000e+000  2.253000e-001  1.300000e+001
      vertex  9.154867e+000  2.253000e-001  1.300000e+001
      vertex  6.427354e+000  2.253000e-001  1.359829e+001
    endloop
  endfacet
  facet normal  0.000000e+000 -1.000000e+000  0.000000e+000
    outer loop
      vertex  6.427354e+000  2.253000e-001  1.359829e+001
      vertex  9.154867e+000  2.253000e-001  1.300000e+001
      vertex  9.227513e+000  2.253000e-001  1.359829e+001
    endloop
  endfacet
  facet normal  0.000000e+000 -1.000000e+000  0.000000e+000
    outer loop
      vertex  6.427354e+000  2.253000e-001  1.359829e+001
      vertex  9.227513e+000  2.253000e-001  1.359829e+001
      vertex  6.213640e+000  2.253000e-001  1.416181e+001
    endloop
  endfacet
  facet normal  0.000000e+000 -1.000000e+000  0.000000e+000
    outer loop
      vertex  6.213640e+000  2.253000e-001  1.416181e+001
      vertex  9.227513e+000  2.253000e-001  1.359829e+001
      vertex  9.441227e+000  2.253000e-001  1.416181e+001
    endloop
  endfacet
  facet normal  0.000000e+000 -1.000000e+000  0.000000e+000
    outer loop
      vertex  6.213640e+000  2.253000e-001  1.416181e+001
      vertex  9.441227e+000  2.253000e-001  1.416181e+001
      vertex  5.871277e+000  2.253000e-001  1.465781e+001
    endloop
  endfacet
  facet normal  0.000000e+000 -9.999999e-001  0.000000e+000
    outer loop
      vertex  5.871277e+000  2.253000e-001  1.465781e+001
      vertex  9.441227e+000  2.253000e-001  1.416181e+001
      vertex  9.783590e+000  2.253000e-001  1.465781e+001
    endloop
  endfacet
  facet normal  0.000000e+000 -9.999999e-001  0.000000e+000
    outer loop
      vertex  5.871277e+000  2.253000e-001  1.465781e+001
      vertex  9.783590e+000  2.253000e-001  1.465781e+001
      vertex  5.420162e+000  2.253000e-001  1.505746e+001
    endloop
  endfacet
  facet normal  0.000000e+000 -1.000000e+000  0.000000e+000
    outer loop
      vertex  5.420162e+000  2.253000e-001  1.505746e+001
      vertex  9.783590e+000  2.253000e-001  1.465781e+001
      vertex  1.023471e+001  2.253000e-001  1.505746e+001
    endloop
  endfacet
  facet normal  0.000000e+000 -9.999999e-001  0.000000e+000
    outer loop
      vertex  5.420162e+000  2.253000e-001  1.505746e+001
      vertex  1.023471e+001  2.253000e-001  1.505746e+001
      vertex  4.886512e+000  2.253000e-001  1.533754e+001
    endloop
  endfacet
  facet normal  0.000000e+000 -1.000000e+000  0.000000e+000
    outer loop
      vertex  4.886512e+000  2.253000e-001  1.533754e+001
      vertex  1.023471e+001  2.253000e-001  1.505746e+001
      vertex  1.076836e+001  2.253000e-001  1.533754e+001
    endloop
  endfacet
  facet normal  0.000000e+000 -1.000000e+000  0.000000e+000
    outer loop
      vertex  4.886512e+000  2.253000e-001  1.533754e+001
      vertex  1.076836e+001  2.253000e-001  1.533754e+001
      vertex  4.301342e+000  2.253000e-001  1.548177e+001
    endloop
  endfacet
  facet normal  0.000000e+000 -1.000000e+000  0.000000e+000
    outer loop
      vertex  4.301342e+000  2.253000e-001  1.548177e+001
      vertex  1.076836e+001  2.253000e-001  1.533754e+001
      vertex  1.135353e+001  2.253000e-001  1.548177e+001
    endloop
  endfacet
  facet normal  0.000000e+000 -1.000000e+000  0.000000e+000
    outer loop
      vertex  4.301342e+000  2.253000e-001  1.548177e+001
      vertex  1.135353e+001  2.253000e-001  1.548177e+001
      vertex  1.135353e+001  2.253000e-001  1.851823e+001
    endloop
  endfacet
  facet normal  0.000000e+000 -1.000000e+000  0.000000e+000
    outer loop
      vertex  1.900839e+001  2.253000e-001  2.348177e+001
      vertex  1.195621e+001  2.253000e-001  2.348177e+001
      vertex  1.842322e+001  2.253000e-001  2.333754e+001
    endloop
  endfacet
  facet normal  0.000000e+000 -1.000000e+000  0.000000e+000
    outer loop
      vertex  1.842322e+001  2.253000e-001  2.333754e+001
      vertex  1.195621e+001  2.253000e-001  2.348177e+001
      vertex  1.254138e+001  2.253000e-001  2.333754e+001
    endloop
  endfacet
  facet normal  0.000000e+000 -1.000000e+000  0.000000e+000
    outer loop
      vertex  1.842322e+001  2.253000e-001  2.333754e+001
      vertex  1.254138e+001  2.253000e-001  2.333754e+001
      vertex  1.788957e+001  2.253000e-001  2.305746e+001
    endloop
  endfacet
  facet normal  0.000000e+000 -1.000000e+000  0.000000e+000
    outer loop
      vertex  1.788957e+001  2.253000e-001  2.305746e+001
      vertex  1.254138e+001  2.253000e-001  2.333754e+001
      vertex  1.307503e+001  2.253000e-001  2.305746e+001
    endloop
  endfacet
  facet normal  0.000000e+000 -1.000000e+000  0.000000e+000
    outer loop
      vertex  1.788957e+001  2.253000e-001  2.305746e+001
      vertex  1.307503e+001  2.253000e-001  2.305746e+001
      vertex  1.743846e+001  2.253000e-001  2.265781e+001
    endloop
  endfacet
  facet normal  0.000000e+000 -1.000000e+000  0.000000e+000
    outer loop
      vertex  1.743846e+001  2.253000e-001  2.265781e+001
      vertex  1.307503e+001  2.253000e-001  2.305746e+001
      vertex  1.352614e+001  2.253000e-001  2.265781e+001
    endloop
  endfacet
  facet normal  0.000000e+000 -9.999999e-001  0.000000e+000
    outer loop
      vertex  1.743846e+001  2.253000e-001  2.265781e+001
      vertex  1.352614e+001  2.253000e-001  2.265781e+001
      vertex  1.709609e+001  2.253000e-001  2.216181e+001
    endloop
  endfacet
  facet normal  0.000000e+000 -1.000000e+000  0.000000e+000
    outer loop
      vertex  1.709609e+001  2.253000e-001  2.216181e+001
      vertex  1.352614e+001  2.253000e-001  2.265781e+001
      vertex  1.386851e+001  2.253000e-001  2.216181e+001
    endloop
  endfacet
  facet normal  0.000000e+000 -1.000000e+000  0.000000e+000
    outer loop
      vertex  1.709609e+001  2.253000e-001  2.216181e+001
      vertex  1.386851e+001  2.253000e-001  2.216181e+001
      vertex  1.688238e+001  2.253000e-001  2.159829e+001
    endloop
  endfacet
  facet normal  0.000000e+000 -1.000000e+000  0.000000e+000
    outer loop
      vertex  1.688238e+001  2.253000e-001  2.159829e+001
      vertex  1.386851e+001  2.253000e-001  2.216181e+001
      vertex  1.408222e+001  2.253000e-001  2.159829e+001
    endloop
  endfacet
  facet normal  0.000000e+000 -1.000000e+000  0.000000e+000
    outer loop
      vertex  1.688238e+001  2.253000e-001  2.159829e+001
      vertex  1.408222e+001  2.253000e-001  2.159829e+001
      vertex  1.680973e+001  2.253000e-001  2.100000e+001
    endloop
  endfacet
  facet normal  0.000000e+000 -1.000000e+000  0.000000e+000
    outer loop
      vertex  1.680973e+001  2.253000e-001  2.100000e+001
      vertex  1.408222e+001  2.253000e-001  2.159829e+001
      vertex  1.415487e+001  2.253000e-001  2.100000e+001
    endloop
  endfacet
  facet normal  0.000000e+000 -1.000000e+000  0.000000e+000
    outer loop
      vertex  1.680973e+001  2.253000e-001  2.100000e+001
      vertex  1.415487e+001  2.253000e-001  2.100000e+001
      vertex  1.688238e+001  2.253000e-001  2.040171e+001
    endloop
  endfacet
  facet normal  0.000000e+000 -1.000000e+000  0.000000e+000
    outer loop
      vertex  1.688238e+001  2.253000e-001  2.040171e+001
      vertex  1.415487e+001  2.253000e-001  2.100000e+001
      vertex  1.408222e+001  2.253000e-001  2.040171e+001
    endloop
  endfacet
  facet normal  0.000000e+000 -1.000000e+000  0.000000e+000
    outer loop
      vertex  1.688238e+001  2.253000e-001  2.040171e+001
      vertex  1.408222e+001  2.253000e-001  2.040171e+001
      vertex  1.709609e+001  2.253000e-001  1.983819e+001
    endloop
  endfacet
  facet normal  0.000000e+000 -1.000000e+000  0.000000e+000
    outer loop
      vertex  1.709609e+001  2.253000e-001  1.983819e+001
      vertex  1.408222e+001  2.253000e-001  2.040171e+001
      vertex  1.386851e+001  2.253000e-001  1.983819e+001
    endloop
  endfacet
  facet normal  0.000000e+000 -1.000000e+000  0.000000e+000
    outer loop
      vertex  1.709609e+001  2.253000e-001  1.983819e+001
      vertex  1.386851e+001  2.253000e-001  1.983819e+001
      vertex  1.743846e+001  2.253000e-001  1.934219e+001
    endloop
  endfacet
  facet normal  0.000000e+000 -9.999999e-001  0.000000e+000
    outer loop
      vertex  1.743846e+001  2.253000e-001  1.934219e+001
      vertex  1.386851e+001  2.253000e-001  1.983819e+001
      vertex  1.352614e+001  2.253000e-001  1.934219e+001
    endloop
  endfacet
  facet normal  0.000000e+000 -1.000000e+000  0.000000e+000
    outer loop
      vertex  1.743846e+001  2.253000e-001  1.934219e+001
      vertex  1.352614e+001  2.253000e-001  1.934219e+001
      vertex  1.788957e+001  2.253000e-001  1.894254e+001
    endloop
  endfacet
  facet normal  0.000000e+000 -1.000000e+000  0.000000e+000
    outer loop
      vertex  1.788957e+001  2.253000e-001  1.894254e+001
      vertex  1.352614e+001  2.253000e-001  1.934219e+001
      vertex  1.307503e+001  2.253000e-001  1.894254e+001
    endloop
  endfacet
  facet normal  0.000000e+000 -1.000000e+000  0.000000e+000
    outer loop
      vertex  1.788957e+001  2.253000e-001  1.894254e+001
      vertex  1.307503e+001  2.253000e-001  1.894254e+001
      vertex  1.842322e+001  2.253000e-001  1.866246e+001
    endloop
  endfacet
  facet normal  0.000000e+000 -1.000000e+000  0.000000e+000
    outer loop
      vertex  1.842322e+001  2.253000e-001  1.866246e+001
      vertex  1.307503e+001  2.253000e-001  1.894254e+001
      vertex  1.254138e+001  2.253000e-001  1.866246e+001
    endloop
  endfacet
  facet normal  0.000000e+000 -1.000000e+000  0.000000e+000
    outer loop
      vertex  1.842322e+001  2.253000e-001  1.866246e+001
      vertex  1.254138e+001  2.253000e-001  1.866246e+001
      vertex  1.900839e+001  2.253000e-001  1.851823e+001
    endloop
  endfacet
  facet normal  0.000000e+000 -1.000000e+000  0.000000e+000
    outer loop
      vertex  1.900839e+001  2.253000e-001  1.851823e+001
      vertex  1.254138e+001  2.253000e-001  1.866246e+001
      vertex  1.195621e+001  2.253000e-001  1.851823e+001
    endloop
  endfacet
  facet normal  0.000000e+000 -1.000000e+000  0.000000e+000
    outer loop
      vertex  1.195621e+001  2.253000e-001  1.051823e+001
      vertex  1.900839e+001  2.253000e-001  1.051823e+001
      vertex  1.254138e+001  2.253000e-001  1.066246e+001
    endloop
  endfacet
  facet normal  0.000000e+000 -1.000000e+000  0.000000e+000
    outer loop
      vertex  1.254138e+001  2.253000e-001  1.066246e+001
      vertex  1.900839e+001  2.253000e-001  1.051823e+001
      vertex  1.842322e+001  2.253000e-001  1.066246e+001
    endloop
  endfacet
  facet normal  0.000000e+000 -1.000000e+000  0.000000e+000
    outer loop
      vertex  1.254138e+001  2.253000e-001  1.066246e+001
      vertex  1.842322e+001  2.253000e-001  1.066246e+001
      vertex  1.307503e+001  2.253000e-001  1.094254e+001
    endloop
  endfacet
  facet normal  0.000000e+000 -1.000000e+000  0.000000e+000
    outer loop
      vertex  1.307503e+001  2.253000e-001  1.094254e+001
      vertex  1.842322e+001  2.253000e-001  1.066246e+001
      vertex  1.788957e+001  2.253000e-001  1.094254e+001
    endloop
  endfacet
  facet normal  0.000000e+000 -9.999999e-001  0.000000e+000
    outer loop
      vertex  1.307503e+001  2.253000e-001  1.094254e+001
      vertex  1.788957e+001  2.253000e-001  1.094254e+001
      vertex  1.352614e+001  2.253000e-001  1.134219e+001
    endloop
  endfacet
  facet normal  0.000000e+000 -9.999999e-001  0.000000e+000
    outer loop
      vertex  1.352614e+001  2.253000e-001  1.134219e+001
      vertex  1.788957e+001  2.253000e-001  1.094254e+001
      vertex  1.743846e+001  2.253000e-001  1.134219e+001
    endloop
  endfacet
  facet normal  0.000000e+000 -9.999999e-001  0.000000e+000
    outer loop
      vertex  1.352614e+001  2.253000e-001  1.134219e+001
      vertex  1.743846e+001  2.253000e-001  1.134219e+001
      vertex  1.386851e+001  2.253000e-001  1.183819e+001
    endloop
  endfacet
  facet normal  0.000000e+000 -1.000000e+000  0.000000e+000
    outer loop
      vertex  1.386851e+001  2.253000e-001  1.183819e+001
      vertex  1.743846e+001  2.253000e-001  1.134219e+001
      vertex  1.709609e+001  2.253000e-001  1.183819e+001
    endloop
  endfacet
  facet normal  0.000000e+000 -1.000000e+000  0.000000e+000
    outer loop
      vertex  1.386851e+001  2.253000e-001  1.183819e+001
      vertex  1.709609e+001  2.253000e-001  1.183819e+001
      vertex  1.408222e+001  2.253000e-001  1.240171e+001
    endloop
  endfacet
  facet normal  0.000000e+000 -1.000000e+000  0.000000e+000
    outer loop
      vertex  1.408222e+001  2.253000e-001  1.240171e+001
      vertex  1.709609e+001  2.253000e-001  1.183819e+001
      vertex  1.688238e+001  2.253000e-001  1.240171e+001
    endloop
  endfacet
  facet normal  0.000000e+000 -1.000000e+000  0.000000e+000
    outer loop
      vertex  1.408222e+001  2.253000e-001  1.240171e+001
      vertex  1.688238e+001  2.253000e-001  1.240171e+001
      vertex  1.415487e+001  2.253000e-001  1.300000e+001
    endloop
  endfacet
  facet normal  0.000000e+000 -1.000000e+000  0.000000e+000
    outer loop
      vertex  1.415487e+001  2.253000e-001  1.300000e+001
      vertex  1.688238e+001  2.253000e-001  1.240171e+001
      vertex  1.680973e+001  2.253000e-001  1.300000e+001
    endloop
  endfacet
  facet normal  0.000000e+000 -1.000000e+000  0.000000e+000
    outer loop
      vertex  1.415487e+001  2.253000e-001  1.300000e+001
      vertex  1.680973e+001  2.253000e-001  1.300000e+001
      vertex  1.408222e+001  2.253000e-001  1.359829e+001
    endloop
  endfacet
  facet normal  0.000000e+000 -1.000000e+000  0.000000e+000
    outer loop
      vertex  1.408222e+001  2.253000e-001  1.359829e+001
      vertex  1.680973e+001  2.253000e-001  1.300000e+001
      vertex  1.688238e+001  2.253000e-001  1.359829e+001
    endloop
  endfacet
  facet normal  0.000000e+000 -1.000000e+000  0.000000e+000
    outer loop
      vertex  1.408222e+001  2.253000e-001  1.359829e+001
      vertex  1.688238e+001  2.253000e-001  1.359829e+001
      vertex  1.386851e+001  2.253000e-001  1.416181e+001
    endloop
  endfacet
  facet normal  0.000000e+000 -1.000000e+000  0.000000e+000
    outer loop
      vertex  1.386851e+001  2.253000e-001  1.416181e+001
      vertex  1.688238e+001  2.253000e-001  1.359829e+001
      vertex  1.709609e+001  2.253000e-001  1.416181e+001
    endloop
  endfacet
  facet normal  0.000000e+000 -1.000000e+000  0.000000e+000
    outer loop
      vertex  1.386851e+001  2.253000e-001  1.416181e+001
      vertex  1.709609e+001  2.253000e-001  1.416181e+001
      vertex  1.352614e+001  2.253000e-001  1.465781e+001
    endloop
  endfacet
  facet normal  0.000000e+000 -9.999999e-001  0.000000e+000
    outer loop
      vertex  1.352614e+001  2.253000e-001  1.465781e+001
      vertex  1.709609e+001  2.253000e-001  1.416181e+001
      vertex  1.743846e+001  2.253000e-001  1.465781e+001
    endloop
  endfacet
  facet normal  0.000000e+000 -9.999999e-001  0.000000e+000
    outer loop
      vertex  1.352614e+001  2.253000e-001  1.465781e+001
      vertex  1.743846e+001  2.253000e-001  1.465781e+001
      vertex  1.307503e+001  2.253000e-001  1.505746e+001
    endloop
  endfacet
  facet normal  0.000000e+000 -9.999999e-001  0.000000e+000
    outer loop
      vertex  1.307503e+001  2.253000e-001  1.505746e+001
      vertex  1.743846e+001  2.253000e-001  1.465781e+001
      vertex  1.788957e+001  2.253000e-001  1.505746e+001
    endloop
  endfacet
  facet normal  0.000000e+000 -1.000000e+000  0.000000e+000
    outer loop
      vertex  1.307503e+001  2.253000e-001  1.505746e+001
      vertex  1.788957e+001  2.253000e-001  1.505746e+001
      vertex  1.254138e+001  2.253000e-001  1.533754e+001
    endloop
  endfacet
  facet normal  0.000000e+000 -1.000000e+000  0.000000e+000
    outer loop
      vertex  1.254138e+001  2.253000e-001  1.533754e+001
      vertex  1.788957e+001  2.253000e-001  1.505746e+001
      vertex  1.842322e+001  2.253000e-001  1.533754e+001
    endloop
  endfacet
  facet normal  0.000000e+000 -1.000000e+000  0.000000e+000
    outer loop
      vertex  1.254138e+001  2.253000e-001  1.533754e+001
      vertex  1.842322e+001  2.253000e-001  1.533754e+001
      vertex  1.195621e+001  2.253000e-001  1.548177e+001
    endloop
  endfacet
  facet normal  0.000000e+000 -1.000000e+000  0.000000e+000
    outer loop
      vertex  1.195621e+001  2.253000e-001  1.548177e+001
      vertex  1.842322e+001  2.253000e-001  1.533754e+001
      vertex  1.900839e+001  2.253000e-001  1.548177e+001
    endloop
  endfacet
  facet normal  0.000000e+000 -1.000000e+000  0.000000e+000
    outer loop
      vertex  1.195621e+001  2.253000e-001  1.548177e+001
      vertex  1.900839e+001  2.253000e-001  1.548177e+001
      vertex  1.900839e+001  2.253000e-001  1.851823e+001
    endloop
  endfacet
  facet normal  0.000000e+000 -1.000000e+000  0.000000e+000
    outer loop
      vertex  2.666326e+001  2.253000e-001  2.348177e+001
      vertex  1.961108e+001  2.253000e-001  2.348177e+001
      vertex  2.607809e+001  2.253000e-001  2.333754e+001
    endloop
  endfacet
  facet normal  0.000000e+000 -1.000000e+000  0.000000e+000
    outer loop
      vertex  2.607809e+001  2.253000e-001  2.333754e+001
      vertex  1.961108e+001  2.253000e-001  2.348177e+001
      vertex  2.019625e+001  2.253000e-001  2.333754e+001
    endloop
  endfacet
  facet normal  0.000000e+000 -1.000000e+000  0.000000e+000
    outer loop
      vertex  2.607809e+001  2.253000e-001  2.333754e+001
      vertex  2.019625e+001  2.253000e-001  2.333754e+001
      vertex  2.554444e+001  2.253000e-001  2.305746e+001
    endloop
  endfacet
  facet normal  0.000000e+000 -1.000000e+000  0.000000e+000
    outer loop
      vertex  2.554444e+001  2.253000e-001  2.305746e+001
      vertex  2.019625e+001  2.253000e-001  2.333754e+001
      vertex  2.072990e+001  2.253000e-001  2.305746e+001
    endloop
  endfacet
  facet normal  0.000000e+000 -1.000000e+000  0.000000e+000
    outer loop
      vertex  2.554444e+001  2.253000e-001  2.305746e+001
      vertex  2.072990e+001  2.253000e-001  2.305746e+001
      vertex  2.509332e+001  2.253000e-001  2.265781e+001
    endloop
  endfacet
  facet normal  0.000000e+000 -1.000000e+000  0.000000e+000
    outer loop
      vertex  2.509332e+001  2.253000e-001  2.265781e+001
      vertex  2.072990e+001  2.253000e-001  2.305746e+001
      vertex  2.118101e+001  2.253000e-001  2.265781e+001
    endloop
  endfacet
  facet normal  0.000000e+000 -9.999999e-001  0.000000e+000
    outer loop
      vertex  2.509332e+001  2.253000e-001  2.265781e+001
      vertex  2.118101e+001  2.253000e-001  2.265781e+001
      vertex  2.475096e+001  2.253000e-001  2.216181e+001
    endloop
  endfacet
  facet normal  0.000000e+000 -1.000000e+000  0.000000e+000
    outer loop
      vertex  2.475096e+001  2.253000e-001  2.216181e+001
      vertex  2.118101e+001  2.253000e-001  2.265781e+001
      vertex  2.152337e+001  2.253000e-001  2.216181e+001
    endloop
  endfacet
  facet normal  0.000000e+000 -1.000000e+000  0.000000e+000
    outer loop
      vertex  2.475096e+001  2.253000e-001  2.216181e+001
      vertex  2.152337e+001  2.253000e-001  2.216181e+001
      vertex  2.453725e+001  2.253000e-001  2.159829e+001
    endloop
  endfacet
  facet normal  0.000000e+000 -1.000000e+000  0.000000e+000
    outer loop
      vertex  2.453725e+001  2.253000e-001  2.159829e+001
      vertex  2.152337e+001  2.253000e-001  2.216181e+001
      vertex  2.173709e+001  2.253000e-001  2.159829e+001
    endloop
  endfacet
  facet normal  0.000000e+000 -1.000000e+000  0.000000e+000
    outer loop
      vertex  2.453725e+001  2.253000e-001  2.159829e+001
      vertex  2.173709e+001  2.253000e-001  2.159829e+001
      vertex  2.446460e+001  2.253000e-001  2.100000e+001
    endloop
  endfacet
  facet normal  0.000000e+000 -1.000000e+000  0.000000e+000
    outer loop
      vertex  2.446460e+001  2.253000e-001  2.100000e+001
      vertex  2.173709e+001  2.253000e-001  2.159829e+001
      vertex  2.180973e+001  2.253000e-001  2.100000e+001
    endloop
  endfacet
  facet normal  0.000000e+000 -1.000000e+000  0.000000e+000
    outer loop
      vertex  2.446460e+001  2.253000e-001  2.100000e+001
      vertex  2.180973e+001  2.253000e-001  2.100000e+001
      vertex  2.453725e+001  2.253000e-001  2.040171e+001
    endloop
  endfacet
  facet normal  0.000000e+000 -1.000000e+000  0.000000e+000
    outer loop
      vertex  2.453725e+001  2.253000e-001  2.040171e+001
      vertex  2.180973e+001  2.253000e-001  2.100000e+001
      vertex  2.173709e+001  2.253000e-001  2.040171e+001
    endloop
  endfacet
  facet normal  0.000000e+000 -1.000000e+000  0.000000e+000
    outer loop
      vertex  2.453725e+001  2.253000e-001  2.040171e+001
      vertex  2.173709e+001  2.253000e-001  2.040171e+001
      vertex  2.475096e+001  2.253000e-001  1.983819e+001
    endloop
  endfacet
  facet normal  0.000000e+000 -1.000000e+000  0.000000e+000
    outer loop
      vertex  2.475096e+001  2.253000e-001  1.983819e+001
      vertex  2.173709e+001  2.253000e-001  2.040171e+001
      vertex  2.152337e+001  2.253000e-001  1.983819e+001
    endloop
  endfacet
  facet normal  0.000000e+000 -1.000000e+000  0.000000e+000
    outer loop
      vertex  2.475096e+001  2.253000e-001  1.983819e+001
      vertex  2.152337e+001  2.253000e-001  1.983819e+001
      vertex  2.509332e+001  2.253000e-001  1.934219e+001
    endloop
  endfacet
  facet normal  0.000000e+000 -9.999999e-001  0.000000e+000
    outer loop
      vertex  2.509332e+001  2.253000e-001  1.934219e+001
      vertex  2.152337e+001  2.253000e-001  1.983819e+001
      vertex  2.118101e+001  2.253000e-001  1.934219e+001
    endloop
  endfacet
  facet normal  0.000000e+000 -1.000000e+000  0.000000e+000
    outer loop
      vertex  2.509332e+001  2.253000e-001  1.934219e+001
      vertex  2.118101e+001  2.253000e-001  1.934219e+001
      vertex  2.554444e+001  2.253000e-001  1.894254e+001
    endloop
  endfacet
  facet normal  0.000000e+000 -1.000000e+000  0.000000e+000
    outer loop
      vertex  2.554444e+001  2.253000e-001  1.894254e+001
      vertex  2.118101e+001  2.253000e-001  1.934219e+001
      vertex  2.072990e+001  2.253000e-001  1.894254e+001
    endloop
  endfacet
  facet normal  0.000000e+000 -1.000000e+000  0.000000e+000
    outer loop
      vertex  2.554444e+001  2.253000e-001  1.894254e+001
      vertex  2.072990e+001  2.253000e-001  1.894254e+001
      vertex  2.607809e+001  2.253000e-001  1.866246e+001
    endloop
  endfacet
  facet normal  0.000000e+000 -1.000000e+000  0.000000e+000
    outer loop
      vertex  2.607809e+001  2.253000e-001  1.866246e+001
      vertex  2.072990e+001  2.253000e-001  1.894254e+001
      vertex  2.019625e+001  2.253000e-001  1.866246e+001
    endloop
  endfacet
  facet normal  0.000000e+000 -1.000000e+000  0.000000e+000
    outer loop
      vertex  2.607809e+001  2.253000e-001  1.866246e+001
      vertex  2.019625e+001  2.253000e-001  1.866246e+001
      vertex  2.666326e+001  2.253000e-001  1.851823e+001
    endloop
  endfacet
  facet normal  0.000000e+000 -1.000000e+000  0.000000e+000
    outer loop
      vertex  2.666326e+001  2.253000e-001  1.851823e+001
      vertex  2.019625e+001  2.253000e-001  1.866246e+001
      vertex  1.961108e+001  2.253000e-001  1.851823e+001
    endloop
  endfacet
  facet normal  0.000000e+000 -1.000000e+000  0.000000e+000
    outer loop
      vertex  1.961108e+001  2.253000e-001  1.051823e+001
      vertex  2.666326e+001  2.253000e-001  1.051823e+001
      vertex  2.019625e+001  2.253000e-001  1.066246e+001
    endloop
  endfacet
  facet normal  0.000000e+000 -1.000000e+000  0.000000e+000
    outer loop
      vertex  2.019625e+001  2.253000e-001  1.066246e+001
      vertex  2.666326e+001  2.253000e-001  1.051823e+001
      vertex  2.607809e+001  2.253000e-001  1.066246e+001
    endloop
  endfacet
  facet normal  0.000000e+000 -1.000000e+000  0.000000e+000
    outer loop
      vertex  2.019625e+001  2.253000e-001  1.066246e+001
      vertex  2.607809e+001  2.253000e-001  1.066246e+001
      vertex  2.072990e+001  2.253000e-001  1.094254e+001
    endloop
  endfacet
  facet normal  0.000000e+000 -1.000000e+000  0.000000e+000
    outer loop
      vertex  2.072990e+001  2.253000e-001  1.094254e+001
      vertex  2.607809e+001  2.253000e-001  1.066246e+001
      vertex  2.554444e+001  2.253000e-001  1.094254e+001
    endloop
  endfacet
  facet normal  0.000000e+000 -1.000000e+000  0.000000e+000
    outer loop
      vertex  2.072990e+001  2.253000e-001  1.094254e+001
      vertex  2.554444e+001  2.253000e-001  1.094254e+001
      vertex  2.118101e+001  2.253000e-001  1.134219e+001
    endloop
  endfacet
  facet normal  0.000000e+000 -9.999999e-001  0.000000e+000
    outer loop
      vertex  2.118101e+001  2.253000e-001  1.134219e+001
      vertex  2.554444e+001  2.253000e-001  1.094254e+001
      vertex  2.509332e+001  2.253000e-001  1.134219e+001
    endloop
  endfacet
  facet normal  0.000000e+000 -9.999999e-001  0.000000e+000
    outer loop
      vertex  2.118101e+001  2.253000e-001  1.134219e+001
      vertex  2.509332e+001  2.253000e-001  1.134219e+001
      vertex  2.152337e+001  2.253000e-001  1.183819e+001
    endloop
  endfacet
  facet normal  0.000000e+000 -1.000000e+000  0.000000e+000
    outer loop
      vertex  2.152337e+001  2.253000e-001  1.183819e+001
      vertex  2.509332e+001  2.253000e-001  1.134219e+001
      vertex  2.475096e+001  2.253000e-001  1.183819e+001
    endloop
  endfacet
  facet normal  0.000000e+000 -1.000000e+000  0.000000e+000
    outer loop
      vertex  2.152337e+001  2.253000e-001  1.183819e+001
      vertex  2.475096e+001  2.253000e-001  1.183819e+001
      vertex  2.173709e+001  2.253000e-001  1.240171e+001
    endloop
  endfacet
  facet normal  0.000000e+000 -1.000000e+000  0.000000e+000
    outer loop
      vertex  2.173709e+001  2.253000e-001  1.240171e+001
      vertex  2.475096e+001  2.253000e-001  1.183819e+001
      vertex  2.453725e+001  2.253000e-001  1.240171e+001
    endloop
  endfacet
  facet normal  0.000000e+000 -1.000000e+000  0.000000e+000
    outer loop
      vertex  2.173709e+001  2.253000e-001  1.240171e+001
      vertex  2.453725e+001  2.253000e-001  1.240171e+001
      vertex  2.180973e+001  2.253000e-001  1.300000e+001
    endloop
  endfacet
  facet normal  0.000000e+000 -1.000000e+000  0.000000e+000
    outer loop
      vertex  2.180973e+001  2.253000e-001  1.300000e+001
      vertex  2.453725e+001  2.253000e-001  1.240171e+001
      vertex  2.446460e+001  2.253000e-001  1.300000e+001
    endloop
  endfacet
  facet normal  0.000000e+000 -1.000000e+000  0.000000e+000
    outer loop
      vertex  2.180973e+001  2.253000e-001  1.300000e+001
      vertex  2.446460e+001  2.253000e-001  1.300000e+001
      vertex  2.173709e+001  2.253000e-001  1.359829e+001
    endloop
  endfacet
  facet normal  0.000000e+000 -1.000000e+000  0.000000e+000
    outer loop
      vertex  2.173709e+001  2.253000e-001  1.359829e+001
      vertex  2.446460e+001  2.253000e-001  1.300000e+001
      vertex  2.453725e+001  2.253000e-001  1.359829e+001
    endloop
  endfacet
  facet normal  0.000000e+000 -1.000000e+000  0.000000e+000
    outer loop
      vertex  2.173709e+001  2.253000e-001  1.359829e+001
      vertex  2.453725e+001  2.253000e-001  1.359829e+001
      vertex  2.152337e+001  2.253000e-001  1.416181e+001
    endloop
  endfacet
  facet normal  0.000000e+000 -1.000000e+000  0.000000e+000
    outer loop
      vertex  2.152337e+001  2.253000e-001  1.416181e+001
      vertex  2.453725e+001  2.253000e-001  1.359829e+001
      vertex  2.475096e+001  2.253000e-001  1.416181e+001
    endloop
  endfacet
  facet normal  0.000000e+000 -1.000000e+000  0.000000e+000
    outer loop
      vertex  2.152337e+001  2.253000e-001  1.416181e+001
      vertex  2.475096e+001  2.253000e-001  1.416181e+001
      vertex  2.118101e+001  2.253000e-001  1.465781e+001
    endloop
  endfacet
  facet normal  0.000000e+000 -9.999999e-001  0.000000e+000
    outer loop
      vertex  2.118101e+001  2.253000e-001  1.465781e+001
      vertex  2.475096e+001  2.253000e-001  1.416181e+001
      vertex  2.509332e+001  2.253000e-001  1.465781e+001
    endloop
  endfacet
  facet normal  0.000000e+000 -9.999999e-001  0.000000e+000
    outer loop
      vertex  2.118101e+001  2.253000e-001  1.465781e+001
      vertex  2.509332e+001  2.253000e-001  1.465781e+001
      vertex  2.072990e+001  2.253000e-001  1.505746e+001
    endloop
  endfacet
  facet normal  0.000000e+000 -1.000000e+000  0.000000e+000
    outer loop
      vertex  2.072990e+001  2.253000e-001  1.505746e+001
      vertex  2.509332e+001  2.253000e-001  1.465781e+001
      vertex  2.554444e+001  2.253000e-001  1.505746e+001
    endloop
  endfacet
  facet normal  0.000000e+000 -1.000000e+000  0.000000e+000
    outer loop
      vertex  2.072990e+001  2.253000e-001  1.505746e+001
      vertex  2.554444e+001  2.253000e-001  1.505746e+001
      vertex  2.019625e+001  2.253000e-001  1.533754e+001
    endloop
  endfacet
  facet normal  0.000000e+000 -1.000000e+000  0.000000e+000
    outer loop
      vertex  2.019625e+001  2.253000e-001  1.533754e+001
      vertex  2.554444e+001  2.253000e-001  1.505746e+001
      vertex  2.607809e+001  2.253000e-001  1.533754e+001
    endloop
  endfacet
  facet normal  0.000000e+000 -1.000000e+000  0.000000e+000
    outer loop
      vertex  2.019625e+001  2.253000e-001  1.533754e+001
      vertex  2.607809e+001  2.253000e-001  1.533754e+001
      vertex  1.961108e+001  2.253000e-001  1.548177e+001
    endloop
  endfacet
  facet normal  0.000000e+000 -1.000000e+000  0.000000e+000
    outer loop
      vertex  1.961108e+001  2.253000e-001  1.548177e+001
      vertex  2.607809e+001  2.253000e-001  1.533754e+001
      vertex  2.666326e+001  2.253000e-001  1.548177e+001
    endloop
  endfacet
  facet normal  0.000000e+000 -1.000000e+000  0.000000e+000
    outer loop
      vertex  1.961108e+001  2.253000e-001  1.548177e+001
      vertex  2.666326e+001  2.253000e-001  1.548177e+001
      vertex  2.666326e+001  2.253000e-001  1.851823e+001
    endloop
  endfacet
  facet normal  0.000000e+000 -1.000000e+000  0.000000e+000
    outer loop
      vertex  3.431813e+001  2.253000e-001  2.348177e+001
      vertex  2.726594e+001  2.253000e-001  2.348177e+001
      vertex  3.373296e+001  2.253000e-001  2.333754e+001
    endloop
  endfacet
  facet normal  0.000000e+000 -9.999999e-001  0.000000e+000
    outer loop
      vertex  3.373296e+001  2.253000e-001  2.333754e+001
      vertex  2.726594e+001  2.253000e-001  2.348177e+001
      vertex  2.785111e+001  2.253000e-001  2.333754e+001
    endloop
  endfacet
  facet normal  0.000000e+000 -1.000000e+000  0.000000e+000
    outer loop
      vertex  3.373296e+001  2.253000e-001  2.333754e+001
      vertex  2.785111e+001  2.253000e-001  2.333754e+001
      vertex  3.319931e+001  2.253000e-001  2.305746e+001
    endloop
  endfacet
  facet normal  0.000000e+000 -1.000000e+000  0.000000e+000
    outer loop
      vertex  3.319931e+001  2.253000e-001  2.305746e+001
      vertex  2.785111e+001  2.253000e-001  2.333754e+001
      vertex  2.838476e+001  2.253000e-001  2.305746e+001
    endloop
  endfacet
  facet normal  0.000000e+000 -1.000000e+000  0.000000e+000
    outer loop
      vertex  3.319931e+001  2.253000e-001  2.305746e+001
      vertex  2.838476e+001  2.253000e-001  2.305746e+001
      vertex  3.274819e+001  2.253000e-001  2.265781e+001
    endloop
  endfacet
  facet normal  0.000000e+000 -1.000000e+000  0.000000e+000
    outer loop
      vertex  3.274819e+001  2.253000e-001  2.265781e+001
      vertex  2.838476e+001  2.253000e-001  2.305746e+001
      vertex  2.883588e+001  2.253000e-001  2.265781e+001
    endloop
  endfacet
  facet normal  0.000000e+000 -9.999999e-001  0.000000e+000
    outer loop
      vertex  3.274819e+001  2.253000e-001  2.265781e+001
      vertex  2.883588e+001  2.253000e-001  2.265781e+001
      vertex  3.240583e+001  2.253000e-001  2.216181e+001
    endloop
  endfacet
  facet normal  0.000000e+000 -9.999999e-001  0.000000e+000
    outer loop
      vertex  3.240583e+001  2.253000e-001  2.216181e+001
      vertex  2.883588e+001  2.253000e-001  2.265781e+001
      vertex  2.917824e+001  2.253000e-001  2.216181e+001
    endloop
  endfacet
  facet normal  0.000000e+000 -1.000000e+000  0.000000e+000
    outer loop
      vertex  3.240583e+001  2.253000e-001  2.216181e+001
      vertex  2.917824e+001  2.253000e-001  2.216181e+001
      vertex  3.219212e+001  2.253000e-001  2.159829e+001
    endloop
  endfacet
  facet normal  0.000000e+000 -1.000000e+000  0.000000e+000
    outer loop
      vertex  3.219212e+001  2.253000e-001  2.159829e+001
      vertex  2.917824e+001  2.253000e-001  2.216181e+001
      vertex  2.939196e+001  2.253000e-001  2.159829e+001
    endloop
  endfacet
  facet normal  0.000000e+000 -1.000000e+000  0.000000e+000
    outer loop
      vertex  3.219212e+001  2.253000e-001  2.159829e+001
      vertex  2.939196e+001  2.253000e-001  2.159829e+001
      vertex  3.211947e+001  2.253000e-001  2.100000e+001
    endloop
  endfacet
  facet normal  0.000000e+000 -1.000000e+000  0.000000e+000
    outer loop
      vertex  3.211947e+001  2.253000e-001  2.100000e+001
      vertex  2.939196e+001  2.253000e-001  2.159829e+001
      vertex  2.946460e+001  2.253000e-001  2.100000e+001
    endloop
  endfacet
  facet normal  0.000000e+000 -1.000000e+000  0.000000e+000
    outer loop
      vertex  3.211947e+001  2.253000e-001  2.100000e+001
      vertex  2.946460e+001  2.253000e-001  2.100000e+001
      vertex  3.219212e+001  2.253000e-001  2.040171e+001
    endloop
  endfacet
  facet normal  0.000000e+000 -1.000000e+000  0.000000e+000
    outer loop
      vertex  3.219212e+001  2.253000e-001  2.040171e+001
      vertex  2.946460e+001  2.253000e-001  2.100000e+001
      vertex  2.939196e+001  2.253000e-001  2.040171e+001
    endloop
  endfacet
  facet normal  0.000000e+000 -1.000000e+000  0.000000e+000
    outer loop
      vertex  3.219212e+001  2.253000e-001  2.040171e+001
      vertex  2.939196e+001  2.253000e-001  2.040171e+001
      vertex  3.240583e+001  2.253000e-001  1.983819e+001
    endloop
  endfacet
  facet normal  0.000000e+000 -1.000000e+000  0.000000e+000
    outer loop
      vertex  3.240583e+001  2.253000e-001  1.983819e+001
      vertex  2.939196e+001  2.253000e-001  2.040171e+001
      vertex  2.917824e+001  2.253000e-001  1.983819e+001
    endloop
  endfacet
  facet normal  0.000000e+000 -9.999999e-001  0.000000e+000
    outer loop
      vertex  3.240583e+001  2.253000e-001  1.983819e+001
      vertex  2.917824e+001  2.253000e-001  1.983819e+001
      vertex  3.274819e+001  2.253000e-001  1.934219e+001
    endloop
  endfacet
  facet normal  0.000000e+000 -9.999999e-001  0.000000e+000
    outer loop
      vertex  3.274819e+001  2.253000e-001  1.934219e+001
      vertex  2.917824e+001  2.253000e-001  1.983819e+001
      vertex  2.883588e+001  2.253000e-001  1.934219e+001
    endloop
  endfacet
  facet normal  0.000000e+000 -1.000000e+000  0.000000e+000
    outer loop
      vertex  3.274819e+001  2.253000e-001  1.934219e+001
      vertex  2.883588e+001  2.253000e-001  1.934219e+001
      vertex  3.319931e+001  2.253000e-001  1.894254e+001
    endloop
  endfacet
  facet normal  0.000000e+000 -1.000000e+000  0.000000e+000
    outer loop
      vertex  3.319931e+001  2.253000e-001  1.894254e+001
      vertex  2.883588e+001  2.253000e-001  1.934219e+001
      vertex  2.838476e+001  2.253000e-001  1.894254e+001
    endloop
  endfacet
  facet normal  0.000000e+000 -1.000000e+000  0.000000e+000
    outer loop
      vertex  3.319931e+001  2.253000e-001  1.894254e+001
      vertex  2.838476e+001  2.253000e-001  1.894254e+001
      vertex  3.373296e+001  2.253000e-001  1.866246e+001
    endloop
  endfacet
  facet normal  0.000000e+000 -1.000000e+000  0.000000e+000
    outer loop
      vertex  3.373296e+001  2.253000e-001  1.866246e+001
      vertex  2.838476e+001  2.253000e-001  1.894254e+001
      vertex  2.785111e+001  2.253000e-001  1.866246e+001
    endloop
  endfacet
  facet normal  0.000000e+000 -9.999999e-001  0.000000e+000
    outer loop
      vertex  3.373296e+001  2.253000e-001  1.866246e+001
      vertex  2.785111e+001  2.253000e-001  1.866246e+001
      vertex  3.431813e+001  2.253000e-001  1.851823e+001
    endloop
  endfacet
  facet normal  0.000000e+000 -1.000000e+000  0.000000e+000
    outer loop
      vertex  3.431813e+001  2.253000e-001  1.851823e+001
      vertex  2.785111e+001  2.253000e-001  1.866246e+001
      vertex  2.726594e+001  2.253000e-001  1.851823e+001
    endloop
  endfacet
  facet normal  0.000000e+000 -1.000000e+000  0.000000e+000
    outer loop
      vertex  2.726594e+001  2.253000e-001  1.051823e+001
      vertex  3.431813e+001  2.253000e-001  1.051823e+001
      vertex  2.785111e+001  2.253000e-001  1.066246e+001
    endloop
  endfacet
  facet normal  0.000000e+000 -9.999999e-001  0.000000e+000
    outer loop
      vertex  2.785111e+001  2.253000e-001  1.066246e+001
      vertex  3.431813e+001  2.253000e-001  1.051823e+001
      vertex  3.373296e+001  2.253000e-001  1.066246e+001
    endloop
  endfacet
  facet normal  0.000000e+000 -1.000000e+000  0.000000e+000
    outer loop
      vertex  2.785111e+001  2.253000e-001  1.066246e+001
      vertex  3.373296e+001  2.253000e-001  1.066246e+001
      vertex  2.838476e+001  2.253000e-001  1.094254e+001
    endloop
  endfacet
  facet normal  0.000000e+000 -1.000000e+000  0.000000e+000
    outer loop
      vertex  2.838476e+001  2.253000e-001  1.094254e+001
      vertex  3.373296e+001  2.253000e-001  1.066246e+001
      vertex  3.319931e+001  2.253000e-001  1.094254e+001
    endloop
  endfacet
  facet normal  0.000000e+000 -9.999999e-001  0.000000e+000
    outer loop
      vertex  2.838476e+001  2.253000e-001  1.094254e+001
      vertex  3.319931e+001  2.253000e-001  1.094254e+001
      vertex  2.883588e+001  2.253000e-001  1.134219e+001
    endloop
  endfacet
  facet normal  0.000000e+000 -9.999999e-001  0.000000e+000
    outer loop
      vertex  2.883588e+001  2.253000e-001  1.134219e+001
      vertex  3.319931e+001  2.253000e-001  1.094254e+001
      vertex  3.274819e+001  2.253000e-001  1.134219e+001
    endloop
  endfacet
  facet normal  0.000000e+000 -9.999999e-001  0.000000e+000
    outer loop
      vertex  2.883588e+001  2.253000e-001  1.134219e+001
      vertex  3.274819e+001  2.253000e-001  1.134219e+001
      vertex  2.917824e+001  2.253000e-001  1.183819e+001
    endloop
  endfacet
  facet normal  0.000000e+000 -9.999999e-001  0.000000e+000
    outer loop
      vertex  2.917824e+001  2.253000e-001  1.183819e+001
      vertex  3.274819e+001  2.253000e-001  1.134219e+001
      vertex  3.240583e+001  2.253000e-001  1.183819e+001
    endloop
  endfacet
  facet normal  0.000000e+000 -1.000000e+000  0.000000e+000
    outer loop
      vertex  2.917824e+001  2.253000e-001  1.183819e+001
      vertex  3.240583e+001  2.253000e-001  1.183819e+001
      vertex  2.939196e+001  2.253000e-001  1.240171e+001
    endloop
  endfacet
  facet normal  0.000000e+000 -1.000000e+000  0.000000e+000
    outer loop
      vertex  2.939196e+001  2.253000e-001  1.240171e+001
      vertex  3.240583e+001  2.253000e-001  1.183819e+001
      vertex  3.219212e+001  2.253000e-001  1.240171e+001
    endloop
  endfacet
  facet normal  0.000000e+000 -1.000000e+000  0.000000e+000
    outer loop
      vertex  2.939196e+001  2.253000e-001  1.240171e+001
      vertex  3.219212e+001  2.253000e-001  1.240171e+001
      vertex  2.946460e+001  2.253000e-001  1.300000e+001
    endloop
  endfacet
  facet normal  0.000000e+000 -1.000000e+000  0.000000e+000
    outer loop
      vertex  2.946460e+001  2.253000e-001  1.300000e+001
      vertex  3.219212e+001  2.253000e-001  1.240171e+001
      vertex  3.211947e+001  2.253000e-001  1.300000e+001
    endloop
  endfacet
  facet normal  0.000000e+000 -1.000000e+000  0.000000e+000
    outer loop
      vertex  2.946460e+001  2.253000e-001  1.300000e+001
      vertex  3.211947e+001  2.253000e-001  1.300000e+001
      vertex  2.939196e+001  2.253000e-001  1.359829e+001
    endloop
  endfacet
  facet normal  0.000000e+000 -1.000000e+000  0.000000e+000
    outer loop
      vertex  2.939196e+001  2.253000e-001  1.359829e+001
      vertex  3.211947e+001  2.253000e-001  1.300000e+001
      vertex  3.219212e+001  2.253000e-001  1.359829e+001
    endloop
  endfacet
  facet normal  0.000000e+000 -1.000000e+000  0.000000e+000
    outer loop
      vertex  2.939196e+001  2.253000e-001  1.359829e+001
      vertex  3.219212e+001  2.253000e-001  1.359829e+001
      vertex  2.917824e+001  2.253000e-001  1.416181e+001
    endloop
  endfacet
  facet normal  0.000000e+000 -1.000000e+000  0.000000e+000
    outer loop
      vertex  2.917824e+001  2.253000e-001  1.416181e+001
      vertex  3.219212e+001  2.253000e-001  1.359829e+001
      vertex  3.240583e+001  2.253000e-001  1.416181e+001
    endloop
  endfacet
  facet normal  0.000000e+000 -9.999999e-001  0.000000e+000
    outer loop
      vertex  2.917824e+001  2.253000e-001  1.416181e+001
      vertex  3.240583e+001  2.253000e-001  1.416181e+001
      vertex  2.883588e+001  2.253000e-001  1.465781e+001
    endloop
  endfacet
  facet normal  0.000000e+000 -9.999999e-001  0.000000e+000
    outer loop
      vertex  2.883588e+001  2.253000e-001  1.465781e+001
      vertex  3.240583e+001  2.253000e-001  1.416181e+001
      vertex  3.274819e+001  2.253000e-001  1.465781e+001
    endloop
  endfacet
  facet normal  0.000000e+000 -9.999999e-001  0.000000e+000
    outer loop
      vertex  2.883588e+001  2.253000e-001  1.465781e+001
      vertex  3.274819e+001  2.253000e-001  1.465781e+001
      vertex  2.838476e+001  2.253000e-001  1.505746e+001
    endloop
  endfacet
  facet normal  0.000000e+000 -9.999999e-001  0.000000e+000
    outer loop
      vertex  2.838476e+001  2.253000e-001  1.505746e+001
      vertex  3.274819e+001  2.253000e-001  1.465781e+001
      vertex  3.319931e+001  2.253000e-001  1.505746e+001
    endloop
  endfacet
  facet normal  0.000000e+000 -1.000000e+000  0.000000e+000
    outer loop
      vertex  2.838476e+001  2.253000e-001  1.505746e+001
      vertex  3.319931e+001  2.253000e-001  1.505746e+001
      vertex  2.785111e+001  2.253000e-001  1.533754e+001
    endloop
  endfacet
  facet normal  0.000000e+000 -1.000000e+000  0.000000e+000
    outer loop
      vertex  2.785111e+001  2.253000e-001  1.533754e+001
      vertex  3.319931e+001  2.253000e-001  1.505746e+001
      vertex  3.373296e+001  2.253000e-001  1.533754e+001
    endloop
  endfacet
  facet normal  0.000000e+000 -9.999999e-001  0.000000e+000
    outer loop
      vertex  2.785111e+001  2.253000e-001  1.533754e+001
      vertex  3.373296e+001  2.253000e-001  1.533754e+001
      vertex  2.726594e+001  2.253000e-001  1.548177e+001
    endloop
  endfacet
  facet normal  0.000000e+000 -1.000000e+000  0.000000e+000
    outer loop
      vertex  2.726594e+001  2.253000e-001  1.548177e+001
      vertex  3.373296e+001  2.253000e-001  1.533754e+001
      vertex  3.431813e+001  2.253000e-001  1.548177e+001
    endloop
  endfacet
  facet normal  0.000000e+000 -1.000000e+000  0.000000e+000
    outer loop
      vertex  2.726594e+001  2.253000e-001  1.548177e+001
      vertex  3.431813e+001  2.253000e-001  1.548177e+001
      vertex  3.431813e+001  2.253000e-001  1.851823e+001
    endloop
  endfacet
  facet normal -2.393159e-001  0.000000e+000  9.709418e-001
    outer loop
      vertex  3.492081e+001  1.222530e+001  1.851823e+001
      vertex  3.550598e+001  2.253000e-001  1.866246e+001
      vertex  3.550598e+001  1.222530e+001  1.866246e+001
    endloop
  endfacet
  facet normal -4.647231e-001  0.000000e+000  8.854561e-001
    outer loop
      vertex  3.550598e+001  1.222530e+001  1.866246e+001
      vertex  3.550598e+001  2.253000e-001  1.866246e+001
      vertex  3.603963e+001  2.253000e-001  1.894254e+001
    endloop
  endfacet
  facet normal -4.647231e-001  0.000000e+000  8.854561e-001
    outer loop
      vertex  3.550598e+001  1.222530e+001  1.866246e+001
      vertex  3.603963e+001  2.253000e-001  1.894254e+001
      vertex  3.603963e+001  1.222530e+001  1.894254e+001
    endloop
  endfacet
  facet normal -6.631225e-001  0.000000e+000  7.485110e-001
    outer loop
      vertex  3.603963e+001  1.222530e+001  1.894254e+001
      vertex  3.603963e+001  2.253000e-001  1.894254e+001
      vertex  3.649075e+001  2.253000e-001  1.934219e+001
    endloop
  endfacet
  facet normal -6.631225e-001  0.000000e+000  7.485110e-001
    outer loop
      vertex  3.603963e+001  1.222530e+001  1.894254e+001
      vertex  3.649075e+001  2.253000e-001  1.934219e+001
      vertex  3.649075e+001  1.222530e+001  1.934219e+001
    endloop
  endfacet
  facet normal -8.229821e-001  0.000000e+000  5.680673e-001
    outer loop
      vertex  3.649075e+001  1.222530e+001  1.934219e+001
      vertex  3.649075e+001  2.253000e-001  1.934219e+001
      vertex  3.683311e+001  2.253000e-001  1.983819e+001
    endloop
  endfacet
  facet normal -8.229821e-001  0.000000e+000  5.680673e-001
    outer loop
      vertex  3.649075e+001  1.222530e+001  1.934219e+001
      vertex  3.683311e+001  2.253000e-001  1.983819e+001
      vertex  3.683311e+001  1.222530e+001  1.983819e+001
    endloop
  endfacet
  facet normal -9.350162e-001  0.000000e+000  3.546052e-001
    outer loop
      vertex  3.683311e+001  1.222530e+001  1.983819e+001
      vertex  3.683311e+001  2.253000e-001  1.983819e+001
      vertex  3.704683e+001  2.253000e-001  2.040171e+001
    endloop
  endfacet
  facet normal -9.350162e-001  0.000000e+000  3.546052e-001
    outer loop
      vertex  3.683311e+001  1.222530e+001  1.983819e+001
      vertex  3.704683e+001  2.253000e-001  2.040171e+001
      vertex  3.704683e+001  1.222530e+001  2.040171e+001
    endloop
  endfacet
  facet normal -9.927093e-001  0.000000e+000  1.205331e-001
    outer loop
      vertex  3.704683e+001  1.222530e+001  2.040171e+001
      vertex  3.704683e+001  2.253000e-001  2.040171e+001
      vertex  3.711947e+001  2.253000e-001  2.100000e+001
    endloop
  endfacet
  facet normal -9.927093e-001  0.000000e+000  1.205331e-001
    outer loop
      vertex  3.704683e+001  1.222530e+001  2.040171e+001
      vertex  3.711947e+001  2.253000e-001  2.100000e+001
      vertex  3.711947e+001  1.222530e+001  2.100000e+001
    endloop
  endfacet
  facet normal -2.393159e-001  0.000000e+000  9.709418e-001
    outer loop
      vertex  3.550598e+001  2.253000e-001  1.866246e+001
      vertex  3.492081e+001  1.222530e+001  1.851823e+001
      vertex  3.492081e+001  2.253000e-001  1.851823e+001
    endloop
  endfacet
  facet normal  0.000000e+000  -0.000000e+000  9.999999e-001
    outer loop
      vertex  3.492081e+001  2.253000e-001  1.851823e+001
      vertex  3.492081e+001  1.222530e+001  1.851823e+001
      vertex  3.431813e+001  1.222530e+001  1.851823e+001
    endloop
  endfacet
  facet normal  0.000000e+000  0.000000e+000  9.999999e-001
    outer loop
      vertex  3.492081e+001  2.253000e-001  1.851823e+001
      vertex  3.431813e+001  1.222530e+001  1.851823e+001
      vertex  3.431813e+001  2.253000e-001  1.851823e+001
    endloop
  endfacet
  facet normal  2.393159e-001  -0.000000e+000  9.709418e-001
    outer loop
      vertex  3.431813e+001  2.253000e-001  1.851823e+001
      vertex  3.431813e+001  1.222530e+001  1.851823e+001
      vertex  3.373296e+001  1.222530e+001  1.866246e+001
    endloop
  endfacet
  facet normal  2.393159e-001  0.000000e+000  9.709418e-001
    outer loop
      vertex  3.431813e+001  2.253000e-001  1.851823e+001
      vertex  3.373296e+001  1.222530e+001  1.866246e+001
      vertex  3.373296e+001  2.253000e-001  1.866246e+001
    endloop
  endfacet
  facet normal  4.647231e-001  -0.000000e+000  8.854561e-001
    outer loop
      vertex  3.373296e+001  2.253000e-001  1.866246e+001
      vertex  3.373296e+001  1.222530e+001  1.866246e+001
      vertex  3.319931e+001  1.222530e+001  1.894254e+001
    endloop
  endfacet
  facet normal  4.647231e-001  0.000000e+000  8.854561e-001
    outer loop
      vertex  3.373296e+001  2.253000e-001  1.866246e+001
      vertex  3.319931e+001  1.222530e+001  1.894254e+001
      vertex  3.319931e+001  2.253000e-001  1.894254e+001
    endloop
  endfacet
  facet normal  6.631225e-001  -0.000000e+000  7.485110e-001
    outer loop
      vertex  3.319931e+001  2.253000e-001  1.894254e+001
      vertex  3.319931e+001  1.222530e+001  1.894254e+001
      vertex  3.274819e+001  1.222530e+001  1.934219e+001
    endloop
  endfacet
  facet normal  6.631225e-001  0.000000e+000  7.485110e-001
    outer loop
      vertex  3.319931e+001  2.253000e-001  1.894254e+001
      vertex  3.274819e+001  1.222530e+001  1.934219e+001
      vertex  3.274819e+001  2.253000e-001  1.934219e+001
    endloop
  endfacet
  facet normal  8.229851e-001  -0.000000e+000  5.680631e-001
    outer loop
      vertex  3.274819e+001  2.253000e-001  1.934219e+001
      vertex  3.274819e+001  1.222530e+001  1.934219e+001
      vertex  3.240583e+001  1.222530e+001  1.983819e+001
    endloop
  endfacet
  facet normal  8.229851e-001  0.000000e+000  5.680631e-001
    outer loop
      vertex  3.274819e+001  2.253000e-001  1.934219e+001
      vertex  3.240583e+001  1.222530e+001  1.983819e+001
      vertex  3.240583e+001  2.253000e-001  1.983819e+001
    endloop
  endfacet
  facet normal  9.350162e-001  -0.000000e+000  3.546052e-001
    outer loop
      vertex  3.240583e+001  2.253000e-001  1.983819e+001
      vertex  3.240583e+001  1.222530e+001  1.983819e+001
      vertex  3.219212e+001  1.222530e+001  2.040171e+001
    endloop
  endfacet
  facet normal  9.350162e-001  0.000000e+000  3.546052e-001
    outer loop
      vertex  3.240583e+001  2.253000e-001  1.983819e+001
      vertex  3.219212e+001  1.222530e+001  2.040171e+001
      vertex  3.219212e+001  2.253000e-001  2.040171e+001
    endloop
  endfacet
  facet normal  9.927086e-001  -0.000000e+000  1.205393e-001
    outer loop
      vertex  3.219212e+001  2.253000e-001  2.040171e+001
      vertex  3.219212e+001  1.222530e+001  2.040171e+001
      vertex  3.211947e+001  1.222530e+001  2.100000e+001
    endloop
  endfacet
  facet normal  9.927086e-001  0.000000e+000  1.205393e-001
    outer loop
      vertex  3.219212e+001  2.253000e-001  2.040171e+001
      vertex  3.211947e+001  1.222530e+001  2.100000e+001
      vertex  3.211947e+001  2.253000e-001  2.100000e+001
    endloop
  endfacet
  facet normal  2.393159e-001  0.000000e+000 -9.709418e-001
    outer loop
      vertex  3.431813e+001  1.222530e+001  2.348177e+001
      vertex  3.373296e+001  2.253000e-001  2.333754e+001
      vertex  3.373296e+001  1.222530e+001  2.333754e+001
    endloop
  endfacet
  facet normal  4.647231e-001  0.000000e+000 -8.854561e-001
    outer loop
      vertex  3.373296e+001  1.222530e+001  2.333754e+001
      vertex  3.373296e+001  2.253000e-001  2.333754e+001
      vertex  3.319931e+001  2.253000e-001  2.305746e+001
    endloop
  endfacet
  facet normal  4.647231e-001  0.000000e+000 -8.854561e-001
    outer loop
      vertex  3.373296e+001  1.222530e+001  2.333754e+001
      vertex  3.319931e+001  2.253000e-001  2.305746e+001
      vertex  3.319931e+001  1.222530e+001  2.305746e+001
    endloop
  endfacet
  facet normal  6.631225e-001  0.000000e+000 -7.485110e-001
    outer loop
      vertex  3.319931e+001  1.222530e+001  2.305746e+001
      vertex  3.319931e+001  2.253000e-001  2.305746e+001
      vertex  3.274819e+001  2.253000e-001  2.265781e+001
    endloop
  endfacet
  facet normal  6.631225e-001  0.000000e+000 -7.485110e-001
    outer loop
      vertex  3.319931e+001  1.222530e+001  2.305746e+001
      vertex  3.274819e+001  2.253000e-001  2.265781e+001
      vertex  3.274819e+001  1.222530e+001  2.265781e+001
    endloop
  endfacet
  facet normal  8.229851e-001  0.000000e+000 -5.680631e-001
    outer loop
      vertex  3.274819e+001  1.222530e+001  2.265781e+001
      vertex  3.274819e+001  2.253000e-001  2.265781e+001
      vertex  3.240583e+001  2.253000e-001  2.216181e+001
    endloop
  endfacet
  facet normal  8.229851e-001  0.000000e+000 -5.680631e-001
    outer loop
      vertex  3.274819e+001  1.222530e+001  2.265781e+001
      vertex  3.240583e+001  2.253000e-001  2.216181e+001
      vertex  3.240583e+001  1.222530e+001  2.216181e+001
    endloop
  endfacet
  facet normal  9.350162e-001  0.000000e+000 -3.546052e-001
    outer loop
      vertex  3.240583e+001  1.222530e+001  2.216181e+001
      vertex  3.240583e+001  2.253000e-001  2.216181e+001
      vertex  3.219212e+001  2.253000e-001  2.159829e+001
    endloop
  endfacet
  facet normal  9.350162e-001  0.000000e+000 -3.546052e-001
    outer loop
      vertex  3.240583e+001  1.222530e+001  2.216181e+001
      vertex  3.219212e+001  2.253000e-001  2.159829e+001
      vertex  3.219212e+001  1.222530e+001  2.159829e+001
    endloop
  endfacet
  facet normal  9.927086e-001  0.000000e+000 -1.205393e-001
    outer loop
      vertex  3.219212e+001  1.222530e+001  2.159829e+001
      vertex  3.219212e+001  2.253000e-001  2.159829e+001
      vertex  3.211947e+001  2.253000e-001  2.100000e+001
    endloop
  endfacet
  facet normal  9.927086e-001  0.000000e+000 -1.205393e-001
    outer loop
      vertex  3.219212e+001  1.222530e+001  2.159829e+001
      vertex  3.211947e+001  2.253000e-001  2.100000e+001
      vertex  3.211947e+001  1.222530e+001  2.100000e+001
    endloop
  endfacet
  facet normal  2.393159e-001  0.000000e+000 -9.709418e-001
    outer loop
      vertex  3.373296e+001  2.253000e-001  2.333754e+001
      vertex  3.431813e+001  1.222530e+001  2.348177e+001
      vertex  3.431813e+001  2.253000e-001  2.348177e+001
    endloop
  endfacet
  facet normal  0.000000e+000  0.000000e+000 -9.999999e-001
    outer loop
      vertex  3.431813e+001  2.253000e-001  2.348177e+001
      vertex  3.431813e+001  1.222530e+001  2.348177e+001
      vertex  3.492081e+001  1.222530e+001  2.348177e+001
    endloop
  endfacet
  facet normal  0.000000e+000  -0.000000e+000 -9.999999e-001
    outer loop
      vertex  3.431813e+001  2.253000e-001  2.348177e+001
      vertex  3.492081e+001  1.222530e+001  2.348177e+001
      vertex  3.492081e+001  2.253000e-001  2.348177e+001
    endloop
  endfacet
  facet normal -2.393159e-001  0.000000e+000 -9.709418e-001
    outer loop
      vertex  3.492081e+001  2.253000e-001  2.348177e+001
      vertex  3.492081e+001  1.222530e+001  2.348177e+001
      vertex  3.550598e+001  1.222530e+001  2.333754e+001
    endloop
  endfacet
  facet normal -2.393159e-001  -0.000000e+000 -9.709418e-001
    outer loop
      vertex  3.492081e+001  2.253000e-001  2.348177e+001
      vertex  3.550598e+001  1.222530e+001  2.333754e+001
      vertex  3.550598e+001  2.253000e-001  2.333754e+001
    endloop
  endfacet
  facet normal -4.647231e-001  0.000000e+000 -8.854561e-001
    outer loop
      vertex  3.550598e+001  2.253000e-001  2.333754e+001
      vertex  3.550598e+001  1.222530e+001  2.333754e+001
      vertex  3.603963e+001  1.222530e+001  2.305746e+001
    endloop
  endfacet
  facet normal -4.647231e-001  -0.000000e+000 -8.854561e-001
    outer loop
      vertex  3.550598e+001  2.253000e-001  2.333754e+001
      vertex  3.603963e+001  1.222530e+001  2.305746e+001
      vertex  3.603963e+001  2.253000e-001  2.305746e+001
    endloop
  endfacet
  facet normal -6.631225e-001  0.000000e+000 -7.485110e-001
    outer loop
      vertex  3.603963e+001  2.253000e-001  2.305746e+001
      vertex  3.603963e+001  1.222530e+001  2.305746e+001
      vertex  3.649075e+001  1.222530e+001  2.265781e+001
    endloop
  endfacet
  facet normal -6.631225e-001  -0.000000e+000 -7.485110e-001
    outer loop
      vertex  3.603963e+001  2.253000e-001  2.305746e+001
      vertex  3.649075e+001  1.222530e+001  2.265781e+001
      vertex  3.649075e+001  2.253000e-001  2.265781e+001
    endloop
  endfacet
  facet normal -8.229821e-001  0.000000e+000 -5.680673e-001
    outer loop
      vertex  3.649075e+001  2.253000e-001  2.265781e+001
      vertex  3.649075e+001  1.222530e+001  2.265781e+001
      vertex  3.683311e+001  1.222530e+001  2.216181e+001
    endloop
  endfacet
  facet normal -8.229821e-001  -0.000000e+000 -5.680673e-001
    outer loop
      vertex  3.649075e+001  2.253000e-001  2.265781e+001
      vertex  3.683311e+001  1.222530e+001  2.216181e+001
      vertex  3.683311e+001  2.253000e-001  2.216181e+001
    endloop
  endfacet
  facet normal -9.350162e-001  0.000000e+000 -3.546052e-001
    outer loop
      vertex  3.683311e+001  2.253000e-001  2.216181e+001
      vertex  3.683311e+001  1.222530e+001  2.216181e+001
      vertex  3.704683e+001  1.222530e+001  2.159829e+001
    endloop
  endfacet
  facet normal -9.350162e-001  -0.000000e+000 -3.546052e-001
    outer loop
      vertex  3.683311e+001  2.253000e-001  2.216181e+001
      vertex  3.704683e+001  1.222530e+001  2.159829e+001
      vertex  3.704683e+001  2.253000e-001  2.159829e+001
    endloop
  endfacet
  facet normal -9.927093e-001  0.000000e+000 -1.205331e-001
    outer loop
      vertex  3.704683e+001  2.253000e-001  2.159829e+001
      vertex  3.704683e+001  1.222530e+001  2.159829e+001
      vertex  3.711947e+001  1.222530e+001  2.100000e+001
    endloop
  endfacet
  facet normal -9.927093e-001  -0.000000e+000 -1.205331e-001
    outer loop
      vertex  3.704683e+001  2.253000e-001  2.159829e+001
      vertex  3.711947e+001  1.222530e+001  2.100000e+001
      vertex  3.711947e+001  2.253000e-001  2.100000e+001
    endloop
  endfacet
  facet normal -2.393159e-001  0.000000e+000  9.709418e-001
    outer loop
      vertex  3.492081e+001  1.222530e+001  1.051823e+001
      vertex  3.550598e+001  2.253000e-001  1.066246e+001
      vertex  3.550598e+001  1.222530e+001  1.066246e+001
    endloop
  endfacet
  facet normal -4.647231e-001  0.000000e+000  8.854561e-001
    outer loop
      vertex  3.550598e+001  1.222530e+001  1.066246e+001
      vertex  3.550598e+001  2.253000e-001  1.066246e+001
      vertex  3.603963e+001  2.253000e-001  1.094254e+001
    endloop
  endfacet
  facet normal -4.647231e-001  0.000000e+000  8.854561e-001
    outer loop
      vertex  3.550598e+001  1.222530e+001  1.066246e+001
      vertex  3.603963e+001  2.253000e-001  1.094254e+001
      vertex  3.603963e+001  1.222530e+001  1.094254e+001
    endloop
  endfacet
  facet normal -6.631234e-001  0.000000e+000  7.485102e-001
    outer loop
      vertex  3.603963e+001  1.222530e+001  1.094254e+001
      vertex  3.603963e+001  2.253000e-001  1.094254e+001
      vertex  3.649075e+001  2.253000e-001  1.134219e+001
    endloop
  endfacet
  facet normal -6.631234e-001  0.000000e+000  7.485102e-001
    outer loop
      vertex  3.603963e+001  1.222530e+001  1.094254e+001
      vertex  3.649075e+001  2.253000e-001  1.134219e+001
      vertex  3.649075e+001  1.222530e+001  1.134219e+001
    endloop
  endfacet
  facet normal -8.229821e-001  0.000000e+000  5.680673e-001
    outer loop
      vertex  3.649075e+001  1.222530e+001  1.134219e+001
      vertex  3.649075e+001  2.253000e-001  1.134219e+001
      vertex  3.683311e+001  2.253000e-001  1.183819e+001
    endloop
  endfacet
  facet normal -8.229821e-001  0.000000e+000  5.680673e-001
    outer loop
      vertex  3.649075e+001  1.222530e+001  1.134219e+001
      vertex  3.683311e+001  2.253000e-001  1.183819e+001
      vertex  3.683311e+001  1.222530e+001  1.183819e+001
    endloop
  endfacet
  facet normal -9.350162e-001  0.000000e+000  3.546052e-001
    outer loop
      vertex  3.683311e+001  1.222530e+001  1.183819e+001
      vertex  3.683311e+001  2.253000e-001  1.183819e+001
      vertex  3.704683e+001  2.253000e-001  1.240171e+001
    endloop
  endfacet
  facet normal -9.350162e-001  0.000000e+000  3.546052e-001
    outer loop
      vertex  3.683311e+001  1.222530e+001  1.183819e+001
      vertex  3.704683e+001  2.253000e-001  1.240171e+001
      vertex  3.704683e+001  1.222530e+001  1.240171e+001
    endloop
  endfacet
  facet normal -9.927093e-001  0.000000e+000  1.205331e-001
    outer loop
      vertex  3.704683e+001  1.222530e+001  1.240171e+001
      vertex  3.704683e+001  2.253000e-001  1.240171e+001
      vertex  3.711947e+001  2.253000e-001  1.300000e+001
    endloop
  endfacet
  facet normal -9.927093e-001  0.000000e+000  1.205331e-001
    outer loop
      vertex  3.704683e+001  1.222530e+001  1.240171e+001
      vertex  3.711947e+001  2.253000e-001  1.300000e+001
      vertex  3.711947e+001  1.222530e+001  1.300000e+001
    endloop
  endfacet
  facet normal -2.393159e-001  0.000000e+000  9.709418e-001
    outer loop
      vertex  3.550598e+001  2.253000e-001  1.066246e+001
      vertex  3.492081e+001  1.222530e+001  1.051823e+001
      vertex  3.492081e+001  2.253000e-001  1.051823e+001
    endloop
  endfacet
  facet normal  0.000000e+000  -0.000000e+000  9.999999e-001
    outer loop
      vertex  3.492081e+001  2.253000e-001  1.051823e+001
      vertex  3.492081e+001  1.222530e+001  1.051823e+001
      vertex  3.431813e+001  1.222530e+001  1.051823e+001
    endloop
  endfacet
  facet normal  0.000000e+000  0.000000e+000  9.999999e-001
    outer loop
      vertex  3.492081e+001  2.253000e-001  1.051823e+001
      vertex  3.431813e+001  1.222530e+001  1.051823e+001
      vertex  3.431813e+001  2.253000e-001  1.051823e+001
    endloop
  endfacet
  facet normal  2.393159e-001  -0.000000e+000  9.709418e-001
    outer loop
      vertex  3.431813e+001  2.253000e-001  1.051823e+001
      vertex  3.431813e+001  1.222530e+001  1.051823e+001
      vertex  3.373296e+001  1.222530e+001  1.066246e+001
    endloop
  endfacet
  facet normal  2.393159e-001  0.000000e+000  9.709418e-001
    outer loop
      vertex  3.431813e+001  2.253000e-001  1.051823e+001
      vertex  3.373296e+001  1.222530e+001  1.066246e+001
      vertex  3.373296e+001  2.253000e-001  1.066246e+001
    endloop
  endfacet
  facet normal  4.647231e-001  -0.000000e+000  8.854561e-001
    outer loop
      vertex  3.373296e+001  2.253000e-001  1.066246e+001
      vertex  3.373296e+001  1.222530e+001  1.066246e+001
      vertex  3.319931e+001  1.222530e+001  1.094254e+001
    endloop
  endfacet
  facet normal  4.647231e-001  0.000000e+000  8.854561e-001
    outer loop
      vertex  3.373296e+001  2.253000e-001  1.066246e+001
      vertex  3.319931e+001  1.222530e+001  1.094254e+001
      vertex  3.319931e+001  2.253000e-001  1.094254e+001
    endloop
  endfacet
  facet normal  6.631234e-001  -0.000000e+000  7.485102e-001
    outer loop
      vertex  3.319931e+001  2.253000e-001  1.094254e+001
      vertex  3.319931e+001  1.222530e+001  1.094254e+001
      vertex  3.274819e+001  1.222530e+001  1.134219e+001
    endloop
  endfacet
  facet normal  6.631234e-001  0.000000e+000  7.485102e-001
    outer loop
      vertex  3.319931e+001  2.253000e-001  1.094254e+001
      vertex  3.274819e+001  1.222530e+001  1.134219e+001
      vertex  3.274819e+001  2.253000e-001  1.134219e+001
    endloop
  endfacet
  facet normal  8.229851e-001  -0.000000e+000  5.680631e-001
    outer loop
      vertex  3.274819e+001  2.253000e-001  1.134219e+001
      vertex  3.274819e+001  1.222530e+001  1.134219e+001
      vertex  3.240583e+001  1.222530e+001  1.183819e+001
    endloop
  endfacet
  facet normal  8.229851e-001  0.000000e+000  5.680631e-001
    outer loop
      vertex  3.274819e+001  2.253000e-001  1.134219e+001
      vertex  3.240583e+001  1.222530e+001  1.183819e+001
      vertex  3.240583e+001  2.253000e-001  1.183819e+001
    endloop
  endfacet
  facet normal  9.350162e-001  -0.000000e+000  3.546052e-001
    outer loop
      vertex  3.240583e+001  2.253000e-001  1.183819e+001
      vertex  3.240583e+001  1.222530e+001  1.183819e+001
      vertex  3.219212e+001  1.222530e+001  1.240171e+001
    endloop
  endfacet
  facet normal  9.350162e-001  0.000000e+000  3.546052e-001
    outer loop
      vertex  3.240583e+001  2.253000e-001  1.183819e+001
      vertex  3.219212e+001  1.222530e+001  1.240171e+001
      vertex  3.219212e+001  2.253000e-001  1.240171e+001
    endloop
  endfacet
  facet normal  9.927086e-001  -0.000000e+000  1.205393e-001
    outer loop
      vertex  3.219212e+001  2.253000e-001  1.240171e+001
      vertex  3.219212e+001  1.222530e+001  1.240171e+001
      vertex  3.211947e+001  1.222530e+001  1.300000e+001
    endloop
  endfacet
  facet normal  9.927086e-001  0.000000e+000  1.205393e-001
    outer loop
      vertex  3.219212e+001  2.253000e-001  1.240171e+001
      vertex  3.211947e+001  1.222530e+001  1.300000e+001
      vertex  3.211947e+001  2.253000e-001  1.300000e+001
    endloop
  endfacet
  facet normal  2.393159e-001  0.000000e+000 -9.709418e-001
    outer loop
      vertex  3.431813e+001  1.222530e+001  1.548177e+001
      vertex  3.373296e+001  2.253000e-001  1.533754e+001
      vertex  3.373296e+001  1.222530e+001  1.533754e+001
    endloop
  endfacet
  facet normal  4.647231e-001  0.000000e+000 -8.854561e-001
    outer loop
      vertex  3.373296e+001  1.222530e+001  1.533754e+001
      vertex  3.373296e+001  2.253000e-001  1.533754e+001
      vertex  3.319931e+001  2.253000e-001  1.505746e+001
    endloop
  endfacet
  facet normal  4.647231e-001  0.000000e+000 -8.854561e-001
    outer loop
      vertex  3.373296e+001  1.222530e+001  1.533754e+001
      vertex  3.319931e+001  2.253000e-001  1.505746e+001
      vertex  3.319931e+001  1.222530e+001  1.505746e+001
    endloop
  endfacet
  facet normal  6.631234e-001  0.000000e+000 -7.485102e-001
    outer loop
      vertex  3.319931e+001  1.222530e+001  1.505746e+001
      vertex  3.319931e+001  2.253000e-001  1.505746e+001
      vertex  3.274819e+001  2.253000e-001  1.465781e+001
    endloop
  endfacet
  facet normal  6.631234e-001  0.000000e+000 -7.485102e-001
    outer loop
      vertex  3.319931e+001  1.222530e+001  1.505746e+001
      vertex  3.274819e+001  2.253000e-001  1.465781e+001
      vertex  3.274819e+001  1.222530e+001  1.465781e+001
    endloop
  endfacet
  facet normal  8.229851e-001  0.000000e+000 -5.680631e-001
    outer loop
      vertex  3.274819e+001  1.222530e+001  1.465781e+001
      vertex  3.274819e+001  2.253000e-001  1.465781e+001
      vertex  3.240583e+001  2.253000e-001  1.416181e+001
    endloop
  endfacet
  facet normal  8.229851e-001  0.000000e+000 -5.680631e-001
    outer loop
      vertex  3.274819e+001  1.222530e+001  1.465781e+001
      vertex  3.240583e+001  2.253000e-001  1.416181e+001
      vertex  3.240583e+001  1.222530e+001  1.416181e+001
    endloop
  endfacet
  facet normal  9.350162e-001  0.000000e+000 -3.546052e-001
    outer loop
      vertex  3.240583e+001  1.222530e+001  1.416181e+001
      vertex  3.240583e+001  2.253000e-001  1.416181e+001
      vertex  3.219212e+001  2.253000e-001  1.359829e+001
    endloop
  endfacet
  facet normal  9.350162e-001  0.000000e+000 -3.546052e-001
    outer loop
      vertex  3.240583e+001  1.222530e+001  1.416181e+001
      vertex  3.219212e+001  2.253000e-001  1.359829e+001
      vertex  3.219212e+001  1.222530e+001  1.359829e+001
    endloop
  endfacet
  facet normal  9.927086e-001  0.000000e+000 -1.205393e-001
    outer loop
      vertex  3.219212e+001  1.222530e+001  1.359829e+001
      vertex  3.219212e+001  2.253000e-001  1.359829e+001
      vertex  3.211947e+001  2.253000e-001  1.300000e+001
    endloop
  endfacet
  facet normal  9.927086e-001  0.000000e+000 -1.205393e-001
    outer loop
      vertex  3.219212e+001  1.222530e+001  1.359829e+001
      vertex  3.211947e+001  2.253000e-001  1.300000e+001
      vertex  3.211947e+001  1.222530e+001  1.300000e+001
    endloop
  endfacet
  facet normal  2.393159e-001  0.000000e+000 -9.709418e-001
    outer loop
      vertex  3.373296e+001  2.253000e-001  1.533754e+001
      vertex  3.431813e+001  1.222530e+001  1.548177e+001
      vertex  3.431813e+001  2.253000e-001  1.548177e+001
    endloop
  endfacet
  facet normal  0.000000e+000  0.000000e+000 -9.999999e-001
    outer loop
      vertex  3.431813e+001  2.253000e-001  1.548177e+001
      vertex  3.431813e+001  1.222530e+001  1.548177e+001
      vertex  3.492081e+001  1.222530e+001  1.548177e+001
    endloop
  endfacet
  facet normal  0.000000e+000  -0.000000e+000 -9.999999e-001
    outer loop
      vertex  3.431813e+001  2.253000e-001  1.548177e+001
      vertex  3.492081e+001  1.222530e+001  1.548177e+001
      vertex  3.492081e+001  2.253000e-001  1.548177e+001
    endloop
  endfacet
  facet normal -2.393159e-001  0.000000e+000 -9.709418e-001
    outer loop
      vertex  3.492081e+001  2.253000e-001  1.548177e+001
      vertex  3.492081e+001  1.222530e+001  1.548177e+001
      vertex  3.550598e+001  1.222530e+001  1.533754e+001
    endloop
  endfacet
  facet normal -2.393159e-001  -0.000000e+000 -9.709418e-001
    outer loop
      vertex  3.492081e+001  2.253000e-001  1.548177e+001
      vertex  3.550598e+001  1.222530e+001  1.533754e+001
      vertex  3.550598e+001  2.253000e-001  1.533754e+001
    endloop
  endfacet
  facet normal -4.647231e-001  0.000000e+000 -8.854561e-001
    outer loop
      vertex  3.550598e+001  2.253000e-001  1.533754e+001
      vertex  3.550598e+001  1.222530e+001  1.533754e+001
      vertex  3.603963e+001  1.222530e+001  1.505746e+001
    endloop
  endfacet
  facet normal -4.647231e-001  -0.000000e+000 -8.854561e-001
    outer loop
      vertex  3.550598e+001  2.253000e-001  1.533754e+001
      vertex  3.603963e+001  1.222530e+001  1.505746e+001
      vertex  3.603963e+001  2.253000e-001  1.505746e+001
    endloop
  endfacet
  facet normal -6.631234e-001  0.000000e+000 -7.485102e-001
    outer loop
      vertex  3.603963e+001  2.253000e-001  1.505746e+001
      vertex  3.603963e+001  1.222530e+001  1.505746e+001
      vertex  3.649075e+001  1.222530e+001  1.465781e+001
    endloop
  endfacet
  facet normal -6.631234e-001  -0.000000e+000 -7.485102e-001
    outer loop
      vertex  3.603963e+001  2.253000e-001  1.505746e+001
      vertex  3.649075e+001  1.222530e+001  1.465781e+001
      vertex  3.649075e+001  2.253000e-001  1.465781e+001
    endloop
  endfacet
  facet normal -8.229821e-001  0.000000e+000 -5.680673e-001
    outer loop
      vertex  3.649075e+001  2.253000e-001  1.465781e+001
      vertex  3.649075e+001  1.222530e+001  1.465781e+001
      vertex  3.683311e+001  1.222530e+001  1.416181e+001
    endloop
  endfacet
  facet normal -8.229821e-001  -0.000000e+000 -5.680673e-001
    outer loop
      vertex  3.649075e+001  2.253000e-001  1.465781e+001
      vertex  3.683311e+001  1.222530e+001  1.416181e+001
      vertex  3.683311e+001  2.253000e-001  1.416181e+001
    endloop
  endfacet
  facet normal -9.350162e-001  0.000000e+000 -3.546052e-001
    outer loop
      vertex  3.683311e+001  2.253000e-001  1.416181e+001
      vertex  3.683311e+001  1.222530e+001  1.416181e+001
      vertex  3.704683e+001  1.222530e+001  1.359829e+001
    endloop
  endfacet
  facet normal -9.350162e-001  -0.000000e+000 -3.546052e-001
    outer loop
      vertex  3.683311e+001  2.253000e-001  1.416181e+001
      vertex  3.704683e+001  1.222530e+001  1.359829e+001
      vertex  3.704683e+001  2.253000e-001  1.359829e+001
    endloop
  endfacet
  facet normal -9.927093e-001  0.000000e+000 -1.205331e-001
    outer loop
      vertex  3.704683e+001  2.253000e-001  1.359829e+001
      vertex  3.704683e+001  1.222530e+001  1.359829e+001
      vertex  3.711947e+001  1.222530e+001  1.300000e+001
    endloop
  endfacet
  facet normal -9.927093e-001  -0.000000e+000 -1.205331e-001
    outer loop
      vertex  3.704683e+001  2.253000e-001  1.359829e+001
      vertex  3.711947e+001  1.222530e+001  1.300000e+001
      vertex  3.711947e+001  2.253000e-001  1.300000e+001
    endloop
  endfacet
  facet normal -2.393159e-001  0.000000e+000  9.709418e-001
    outer loop
      vertex  2.726594e+001  1.222530e+001  1.851823e+001
      vertex  2.785111e+001  2.253000e-001  1.866246e+001
      vertex  2.785111e+001  1.222530e+001  1.866246e+001
    endloop
  endfacet
  facet normal -4.647231e-001  0.000000e+000  8.854561e-001
    outer loop
      vertex  2.785111e+001  1.222530e+001  1.866246e+001
      vertex  2.785111e+001  2.253000e-001  1.866246e+001
      vertex  2.838476e+001  2.253000e-001  1.894254e+001
    endloop
  endfacet
  facet normal -4.647231e-001  0.000000e+000  8.854561e-001
    outer loop
      vertex  2.785111e+001  1.222530e+001  1.866246e+001
      vertex  2.838476e+001  2.253000e-001  1.894254e+001
      vertex  2.838476e+001  1.222530e+001  1.894254e+001
    endloop
  endfacet
  facet normal -6.631225e-001  0.000000e+000  7.485110e-001
    outer loop
      vertex  2.838476e+001  1.222530e+001  1.894254e+001
      vertex  2.838476e+001  2.253000e-001  1.894254e+001
      vertex  2.883588e+001  2.253000e-001  1.934219e+001
    endloop
  endfacet
  facet normal -6.631225e-001  0.000000e+000  7.485110e-001
    outer loop
      vertex  2.838476e+001  1.222530e+001  1.894254e+001
      vertex  2.883588e+001  2.253000e-001  1.934219e+001
      vertex  2.883588e+001  1.222530e+001  1.934219e+001
    endloop
  endfacet
  facet normal -8.229836e-001  0.000000e+000  5.680652e-001
    outer loop
      vertex  2.883588e+001  1.222530e+001  1.934219e+001
      vertex  2.883588e+001  2.253000e-001  1.934219e+001
      vertex  2.917824e+001  2.253000e-001  1.983819e+001
    endloop
  endfacet
  facet normal -8.229836e-001  0.000000e+000  5.680652e-001
    outer loop
      vertex  2.883588e+001  1.222530e+001  1.934219e+001
      vertex  2.917824e+001  2.253000e-001  1.983819e+001
      vertex  2.917824e+001  1.222530e+001  1.983819e+001
    endloop
  endfacet
  facet normal -9.350162e-001  0.000000e+000  3.546052e-001
    outer loop
      vertex  2.917824e+001  1.222530e+001  1.983819e+001
      vertex  2.917824e+001  2.253000e-001  1.983819e+001
      vertex  2.939196e+001  2.253000e-001  2.040171e+001
    endloop
  endfacet
  facet normal -9.350162e-001  0.000000e+000  3.546052e-001
    outer loop
      vertex  2.917824e+001  1.222530e+001  1.983819e+001
      vertex  2.939196e+001  2.253000e-001  2.040171e+001
      vertex  2.939196e+001  1.222530e+001  2.040171e+001
    endloop
  endfacet
  facet normal -9.927089e-001  0.000000e+000  1.205362e-001
    outer loop
      vertex  2.939196e+001  1.222530e+001  2.040171e+001
      vertex  2.939196e+001  2.253000e-001  2.040171e+001
      vertex  2.946460e+001  2.253000e-001  2.100000e+001
    endloop
  endfacet
  facet normal -9.927089e-001  0.000000e+000  1.205362e-001
    outer loop
      vertex  2.939196e+001  1.222530e+001  2.040171e+001
      vertex  2.946460e+001  2.253000e-001  2.100000e+001
      vertex  2.946460e+001  1.222530e+001  2.100000e+001
    endloop
  endfacet
  facet normal -2.393159e-001  0.000000e+000  9.709418e-001
    outer loop
      vertex  2.785111e+001  2.253000e-001  1.866246e+001
      vertex  2.726594e+001  1.222530e+001  1.851823e+001
      vertex  2.726594e+001  2.253000e-001  1.851823e+001
    endloop
  endfacet
  facet normal  0.000000e+000  -0.000000e+000  1.000000e+000
    outer loop
      vertex  2.726594e+001  2.253000e-001  1.851823e+001
      vertex  2.726594e+001  1.222530e+001  1.851823e+001
      vertex  2.666326e+001  1.222530e+001  1.851823e+001
    endloop
  endfacet
  facet normal  0.000000e+000  0.000000e+000  1.000000e+000
    outer loop
      vertex  2.726594e+001  2.253000e-001  1.851823e+001
      vertex  2.666326e+001  1.222530e+001  1.851823e+001
      vertex  2.666326e+001  2.253000e-001  1.851823e+001
    endloop
  endfacet
  facet normal  2.393159e-001  -0.000000e+000  9.709418e-001
    outer loop
      vertex  2.666326e+001  2.253000e-001  1.851823e+001
      vertex  2.666326e+001  1.222530e+001  1.851823e+001
      vertex  2.607809e+001  1.222530e+001  1.866246e+001
    endloop
  endfacet
  facet normal  2.393159e-001  0.000000e+000  9.709418e-001
    outer loop
      vertex  2.666326e+001  2.253000e-001  1.851823e+001
      vertex  2.607809e+001  1.222530e+001  1.866246e+001
      vertex  2.607809e+001  2.253000e-001  1.866246e+001
    endloop
  endfacet
  facet normal  4.647231e-001  -0.000000e+000  8.854561e-001
    outer loop
      vertex  2.607809e+001  2.253000e-001  1.866246e+001
      vertex  2.607809e+001  1.222530e+001  1.866246e+001
      vertex  2.554444e+001  1.222530e+001  1.894254e+001
    endloop
  endfacet
  facet normal  4.647231e-001  0.000000e+000  8.854561e-001
    outer loop
      vertex  2.607809e+001  2.253000e-001  1.866246e+001
      vertex  2.554444e+001  1.222530e+001  1.894254e+001
      vertex  2.554444e+001  2.253000e-001  1.894254e+001
    endloop
  endfacet
  facet normal  6.631209e-001  -0.000000e+000  7.485123e-001
    outer loop
      vertex  2.554444e+001  2.253000e-001  1.894254e+001
      vertex  2.554444e+001  1.222530e+001  1.894254e+001
      vertex  2.509332e+001  1.222530e+001  1.934219e+001
    endloop
  endfacet
  facet normal  6.631209e-001  0.000000e+000  7.485123e-001
    outer loop
      vertex  2.554444e+001  2.253000e-001  1.894254e+001
      vertex  2.509332e+001  1.222530e+001  1.934219e+001
      vertex  2.509332e+001  2.253000e-001  1.934219e+001
    endloop
  endfacet
  facet normal  8.229836e-001  -0.000000e+000  5.680652e-001
    outer loop
      vertex  2.509332e+001  2.253000e-001  1.934219e+001
      vertex  2.509332e+001  1.222530e+001  1.934219e+001
      vertex  2.475096e+001  1.222530e+001  1.983819e+001
    endloop
  endfacet
  facet normal  8.229836e-001  0.000000e+000  5.680652e-001
    outer loop
      vertex  2.509332e+001  2.253000e-001  1.934219e+001
      vertex  2.475096e+001  1.222530e+001  1.983819e+001
      vertex  2.475096e+001  2.253000e-001  1.983819e+001
    endloop
  endfacet
  facet normal  9.350162e-001  -0.000000e+000  3.546052e-001
    outer loop
      vertex  2.475096e+001  2.253000e-001  1.983819e+001
      vertex  2.475096e+001  1.222530e+001  1.983819e+001
      vertex  2.453725e+001  1.222530e+001  2.040171e+001
    endloop
  endfacet
  facet normal  9.350162e-001  0.000000e+000  3.546052e-001
    outer loop
      vertex  2.475096e+001  2.253000e-001  1.983819e+001
      vertex  2.453725e+001  1.222530e+001  2.040171e+001
      vertex  2.453725e+001  2.253000e-001  2.040171e+001
    endloop
  endfacet
  facet normal  9.927089e-001  -0.000000e+000  1.205362e-001
    outer loop
      vertex  2.453725e+001  2.253000e-001  2.040171e+001
      vertex  2.453725e+001  1.222530e+001  2.040171e+001
      vertex  2.446460e+001  1.222530e+001  2.100000e+001
    endloop
  endfacet
  facet normal  9.927089e-001  0.000000e+000  1.205362e-001
    outer loop
      vertex  2.453725e+001  2.253000e-001  2.040171e+001
      vertex  2.446460e+001  1.222530e+001  2.100000e+001
      vertex  2.446460e+001  2.253000e-001  2.100000e+001
    endloop
  endfacet
  facet normal  2.393159e-001  0.000000e+000 -9.709418e-001
    outer loop
      vertex  2.666326e+001  1.222530e+001  2.348177e+001
      vertex  2.607809e+001  2.253000e-001  2.333754e+001
      vertex  2.607809e+001  1.222530e+001  2.333754e+001
    endloop
  endfacet
  facet normal  4.647231e-001  0.000000e+000 -8.854561e-001
    outer loop
      vertex  2.607809e+001  1.222530e+001  2.333754e+001
      vertex  2.607809e+001  2.253000e-001  2.333754e+001
      vertex  2.554444e+001  2.253000e-001  2.305746e+001
    endloop
  endfacet
  facet normal  4.647231e-001  0.000000e+000 -8.854561e-001
    outer loop
      vertex  2.607809e+001  1.222530e+001  2.333754e+001
      vertex  2.554444e+001  2.253000e-001  2.305746e+001
      vertex  2.554444e+001  1.222530e+001  2.305746e+001
    endloop
  endfacet
  facet normal  6.631209e-001  0.000000e+000 -7.485123e-001
    outer loop
      vertex  2.554444e+001  1.222530e+001  2.305746e+001
      vertex  2.554444e+001  2.253000e-001  2.305746e+001
      vertex  2.509332e+001  2.253000e-001  2.265781e+001
    endloop
  endfacet
  facet normal  6.631209e-001  0.000000e+000 -7.485123e-001
    outer loop
      vertex  2.554444e+001  1.222530e+001  2.305746e+001
      vertex  2.509332e+001  2.253000e-001  2.265781e+001
      vertex  2.509332e+001  1.222530e+001  2.265781e+001
    endloop
  endfacet
  facet normal  8.229836e-001  0.000000e+000 -5.680652e-001
    outer loop
      vertex  2.509332e+001  1.222530e+001  2.265781e+001
      vertex  2.509332e+001  2.253000e-001  2.265781e+001
      vertex  2.475096e+001  2.253000e-001  2.216181e+001
    endloop
  endfacet
  facet normal  8.229836e-001  0.000000e+000 -5.680652e-001
    outer loop
      vertex  2.509332e+001  1.222530e+001  2.265781e+001
      vertex  2.475096e+001  2.253000e-001  2.216181e+001
      vertex  2.475096e+001  1.222530e+001  2.216181e+001
    endloop
  endfacet
  facet normal  9.350162e-001  0.000000e+000 -3.546052e-001
    outer loop
      vertex  2.475096e+001  1.222530e+001  2.216181e+001
      vertex  2.475096e+001  2.253000e-001  2.216181e+001
      vertex  2.453725e+001  2.253000e-001  2.159829e+001
    endloop
  endfacet
  facet normal  9.350162e-001  0.000000e+000 -3.546052e-001
    outer loop
      vertex  2.475096e+001  1.222530e+001  2.216181e+001
      vertex  2.453725e+001  2.253000e-001  2.159829e+001
      vertex  2.453725e+001  1.222530e+001  2.159829e+001
    endloop
  endfacet
  facet normal  9.927089e-001  0.000000e+000 -1.205362e-001
    outer loop
      vertex  2.453725e+001  1.222530e+001  2.159829e+001
      vertex  2.453725e+001  2.253000e-001  2.159829e+001
      vertex  2.446460e+001  2.253000e-001  2.100000e+001
    endloop
  endfacet
  facet normal  9.927089e-001  0.000000e+000 -1.205362e-001
    outer loop
      vertex  2.453725e+001  1.222530e+001  2.159829e+001
      vertex  2.446460e+001  2.253000e-001  2.100000e+001
      vertex  2.446460e+001  1.222530e+001  2.100000e+001
    endloop
  endfacet
  facet normal  2.393159e-001  0.000000e+000 -9.709418e-001
    outer loop
      vertex  2.607809e+001  2.253000e-001  2.333754e+001
      vertex  2.666326e+001  1.222530e+001  2.348177e+001
      vertex  2.666326e+001  2.253000e-001  2.348177e+001
    endloop
  endfacet
  facet normal  0.000000e+000  0.000000e+000 -1.000000e+000
    outer loop
      vertex  2.666326e+001  2.253000e-001  2.348177e+001
      vertex  2.666326e+001  1.222530e+001  2.348177e+001
      vertex  2.726594e+001  1.222530e+001  2.348177e+001
    endloop
  endfacet
  facet normal  0.000000e+000  -0.000000e+000 -1.000000e+000
    outer loop
      vertex  2.666326e+001  2.253000e-001  2.348177e+001
      vertex  2.726594e+001  1.222530e+001  2.348177e+001
      vertex  2.726594e+001  2.253000e-001  2.348177e+001
    endloop
  endfacet
  facet normal -2.393159e-001  0.000000e+000 -9.709418e-001
    outer loop
      vertex  2.726594e+001  2.253000e-001  2.348177e+001
      vertex  2.726594e+001  1.222530e+001  2.348177e+001
      vertex  2.785111e+001  1.222530e+001  2.333754e+001
    endloop
  endfacet
  facet normal -2.393159e-001  -0.000000e+000 -9.709418e-001
    outer loop
      vertex  2.726594e+001  2.253000e-001  2.348177e+001
      vertex  2.785111e+001  1.222530e+001  2.333754e+001
      vertex  2.785111e+001  2.253000e-001  2.333754e+001
    endloop
  endfacet
  facet normal -4.647231e-001  0.000000e+000 -8.854561e-001
    outer loop
      vertex  2.785111e+001  2.253000e-001  2.333754e+001
      vertex  2.785111e+001  1.222530e+001  2.333754e+001
      vertex  2.838476e+001  1.222530e+001  2.305746e+001
    endloop
  endfacet
  facet normal -4.647231e-001  -0.000000e+000 -8.854561e-001
    outer loop
      vertex  2.785111e+001  2.253000e-001  2.333754e+001
      vertex  2.838476e+001  1.222530e+001  2.305746e+001
      vertex  2.838476e+001  2.253000e-001  2.305746e+001
    endloop
  endfacet
  facet normal -6.631225e-001  0.000000e+000 -7.485110e-001
    outer loop
      vertex  2.838476e+001  2.253000e-001  2.305746e+001
      vertex  2.838476e+001  1.222530e+001  2.305746e+001
      vertex  2.883588e+001  1.222530e+001  2.265781e+001
    endloop
  endfacet
  facet normal -6.631225e-001  -0.000000e+000 -7.485110e-001
    outer loop
      vertex  2.838476e+001  2.253000e-001  2.305746e+001
      vertex  2.883588e+001  1.222530e+001  2.265781e+001
      vertex  2.883588e+001  2.253000e-001  2.265781e+001
    endloop
  endfacet
  facet normal -8.229836e-001  0.000000e+000 -5.680652e-001
    outer loop
      vertex  2.883588e+001  2.253000e-001  2.265781e+001
      vertex  2.883588e+001  1.222530e+001  2.265781e+001
      vertex  2.917824e+001  1.222530e+001  2.216181e+001
    endloop
  endfacet
  facet normal -8.229836e-001  -0.000000e+000 -5.680652e-001
    outer loop
      vertex  2.883588e+001  2.253000e-001  2.265781e+001
      vertex  2.917824e+001  1.222530e+001  2.216181e+001
      vertex  2.917824e+001  2.253000e-001  2.216181e+001
    endloop
  endfacet
  facet normal -9.350162e-001  0.000000e+000 -3.546052e-001
    outer loop
      vertex  2.917824e+001  2.253000e-001  2.216181e+001
      vertex  2.917824e+001  1.222530e+001  2.216181e+001
      vertex  2.939196e+001  1.222530e+001  2.159829e+001
    endloop
  endfacet
  facet normal -9.350162e-001  -0.000000e+000 -3.546052e-001
    outer loop
      vertex  2.917824e+001  2.253000e-001  2.216181e+001
      vertex  2.939196e+001  1.222530e+001  2.159829e+001
      vertex  2.939196e+001  2.253000e-001  2.159829e+001
    endloop
  endfacet
  facet normal -9.927089e-001  0.000000e+000 -1.205362e-001
    outer loop
      vertex  2.939196e+001  2.253000e-001  2.159829e+001
      vertex  2.939196e+001  1.222530e+001  2.159829e+001
      vertex  2.946460e+001  1.222530e+001  2.100000e+001
    endloop
  endfacet
  facet normal -9.927089e-001  -0.000000e+000 -1.205362e-001
    outer loop
      vertex  2.939196e+001  2.253000e-001  2.159829e+001
      vertex  2.946460e+001  1.222530e+001  2.100000e+001
      vertex  2.946460e+001  2.253000e-001  2.100000e+001
    endloop
  endfacet
  facet normal -2.393159e-001  0.000000e+000  9.709418e-001
    outer loop
      vertex  2.726594e+001  1.222530e+001  1.051823e+001
      vertex  2.785111e+001  2.253000e-001  1.066246e+001
      vertex  2.785111e+001  1.222530e+001  1.066246e+001
    endloop
  endfacet
  facet normal -4.647231e-001  0.000000e+000  8.854561e-001
    outer loop
      vertex  2.785111e+001  1.222530e+001  1.066246e+001
      vertex  2.785111e+001  2.253000e-001  1.066246e+001
      vertex  2.838476e+001  2.253000e-001  1.094254e+001
    endloop
  endfacet
  facet normal -4.647231e-001  0.000000e+000  8.854561e-001
    outer loop
      vertex  2.785111e+001  1.222530e+001  1.066246e+001
      vertex  2.838476e+001  2.253000e-001  1.094254e+001
      vertex  2.838476e+001  1.222530e+001  1.094254e+001
    endloop
  endfacet
  facet normal -6.631234e-001  0.000000e+000  7.485102e-001
    outer loop
      vertex  2.838476e+001  1.222530e+001  1.094254e+001
      vertex  2.838476e+001  2.253000e-001  1.094254e+001
      vertex  2.883588e+001  2.253000e-001  1.134219e+001
    endloop
  endfacet
  facet normal -6.631234e-001  0.000000e+000  7.485102e-001
    outer loop
      vertex  2.838476e+001  1.222530e+001  1.094254e+001
      vertex  2.883588e+001  2.253000e-001  1.134219e+001
      vertex  2.883588e+001  1.222530e+001  1.134219e+001
    endloop
  endfacet
  facet normal -8.229836e-001  0.000000e+000  5.680652e-001
    outer loop
      vertex  2.883588e+001  1.222530e+001  1.134219e+001
      vertex  2.883588e+001  2.253000e-001  1.134219e+001
      vertex  2.917824e+001  2.253000e-001  1.183819e+001
    endloop
  endfacet
  facet normal -8.229836e-001  0.000000e+000  5.680652e-001
    outer loop
      vertex  2.883588e+001  1.222530e+001  1.134219e+001
      vertex  2.917824e+001  2.253000e-001  1.183819e+001
      vertex  2.917824e+001  1.222530e+001  1.183819e+001
    endloop
  endfacet
  facet normal -9.350162e-001  0.000000e+000  3.546052e-001
    outer loop
      vertex  2.917824e+001  1.222530e+001  1.183819e+001
      vertex  2.917824e+001  2.253000e-001  1.183819e+001
      vertex  2.939196e+001  2.253000e-001  1.240171e+001
    endloop
  endfacet
  facet normal -9.350162e-001  0.000000e+000  3.546052e-001
    outer loop
      vertex  2.917824e+001  1.222530e+001  1.183819e+001
      vertex  2.939196e+001  2.253000e-001  1.240171e+001
      vertex  2.939196e+001  1.222530e+001  1.240171e+001
    endloop
  endfacet
  facet normal -9.927089e-001  0.000000e+000  1.205362e-001
    outer loop
      vertex  2.939196e+001  1.222530e+001  1.240171e+001
      vertex  2.939196e+001  2.253000e-001  1.240171e+001
      vertex  2.946460e+001  2.253000e-001  1.300000e+001
    endloop
  endfacet
  facet normal -9.927089e-001  0.000000e+000  1.205362e-001
    outer loop
      vertex  2.939196e+001  1.222530e+001  1.240171e+001
      vertex  2.946460e+001  2.253000e-001  1.300000e+001
      vertex  2.946460e+001  1.222530e+001  1.300000e+001
    endloop
  endfacet
  facet normal -2.393159e-001  0.000000e+000  9.709418e-001
    outer loop
      vertex  2.785111e+001  2.253000e-001  1.066246e+001
      vertex  2.726594e+001  1.222530e+001  1.051823e+001
      vertex  2.726594e+001  2.253000e-001  1.051823e+001
    endloop
  endfacet
  facet normal  0.000000e+000  -0.000000e+000  1.000000e+000
    outer loop
      vertex  2.726594e+001  2.253000e-001  1.051823e+001
      vertex  2.726594e+001  1.222530e+001  1.051823e+001
      vertex  2.666326e+001  1.222530e+001  1.051823e+001
    endloop
  endfacet
  facet normal  0.000000e+000  0.000000e+000  1.000000e+000
    outer loop
      vertex  2.726594e+001  2.253000e-001  1.051823e+001
      vertex  2.666326e+001  1.222530e+001  1.051823e+001
      vertex  2.666326e+001  2.253000e-001  1.051823e+001
    endloop
  endfacet
  facet normal  2.393159e-001  -0.000000e+000  9.709418e-001
    outer loop
      vertex  2.666326e+001  2.253000e-001  1.051823e+001
      vertex  2.666326e+001  1.222530e+001  1.051823e+001
      vertex  2.607809e+001  1.222530e+001  1.066246e+001
    endloop
  endfacet
  facet normal  2.393159e-001  0.000000e+000  9.709418e-001
    outer loop
      vertex  2.666326e+001  2.253000e-001  1.051823e+001
      vertex  2.607809e+001  1.222530e+001  1.066246e+001
      vertex  2.607809e+001  2.253000e-001  1.066246e+001
    endloop
  endfacet
  facet normal  4.647231e-001  -0.000000e+000  8.854561e-001
    outer loop
      vertex  2.607809e+001  2.253000e-001  1.066246e+001
      vertex  2.607809e+001  1.222530e+001  1.066246e+001
      vertex  2.554444e+001  1.222530e+001  1.094254e+001
    endloop
  endfacet
  facet normal  4.647231e-001  0.000000e+000  8.854561e-001
    outer loop
      vertex  2.607809e+001  2.253000e-001  1.066246e+001
      vertex  2.554444e+001  1.222530e+001  1.094254e+001
      vertex  2.554444e+001  2.253000e-001  1.094254e+001
    endloop
  endfacet
  facet normal  6.631218e-001  -0.000000e+000  7.485116e-001
    outer loop
      vertex  2.554444e+001  2.253000e-001  1.094254e+001
      vertex  2.554444e+001  1.222530e+001  1.094254e+001
      vertex  2.509332e+001  1.222530e+001  1.134219e+001
    endloop
  endfacet
  facet normal  6.631218e-001  0.000000e+000  7.485116e-001
    outer loop
      vertex  2.554444e+001  2.253000e-001  1.094254e+001
      vertex  2.509332e+001  1.222530e+001  1.134219e+001
      vertex  2.509332e+001  2.253000e-001  1.134219e+001
    endloop
  endfacet
  facet normal  8.229836e-001  -0.000000e+000  5.680652e-001
    outer loop
      vertex  2.509332e+001  2.253000e-001  1.134219e+001
      vertex  2.509332e+001  1.222530e+001  1.134219e+001
      vertex  2.475096e+001  1.222530e+001  1.183819e+001
    endloop
  endfacet
  facet normal  8.229836e-001  0.000000e+000  5.680652e-001
    outer loop
      vertex  2.509332e+001  2.253000e-001  1.134219e+001
      vertex  2.475096e+001  1.222530e+001  1.183819e+001
      vertex  2.475096e+001  2.253000e-001  1.183819e+001
    endloop
  endfacet
  facet normal  9.350162e-001  -0.000000e+000  3.546052e-001
    outer loop
      vertex  2.475096e+001  2.253000e-001  1.183819e+001
      vertex  2.475096e+001  1.222530e+001  1.183819e+001
      vertex  2.453725e+001  1.222530e+001  1.240171e+001
    endloop
  endfacet
  facet normal  9.350162e-001  0.000000e+000  3.546052e-001
    outer loop
      vertex  2.475096e+001  2.253000e-001  1.183819e+001
      vertex  2.453725e+001  1.222530e+001  1.240171e+001
      vertex  2.453725e+001  2.253000e-001  1.240171e+001
    endloop
  endfacet
  facet normal  9.927089e-001  -0.000000e+000  1.205362e-001
    outer loop
      vertex  2.453725e+001  2.253000e-001  1.240171e+001
      vertex  2.453725e+001  1.222530e+001  1.240171e+001
      vertex  2.446460e+001  1.222530e+001  1.300000e+001
    endloop
  endfacet
  facet normal  9.927089e-001  0.000000e+000  1.205362e-001
    outer loop
      vertex  2.453725e+001  2.253000e-001  1.240171e+001
      vertex  2.446460e+001  1.222530e+001  1.300000e+001
      vertex  2.446460e+001  2.253000e-001  1.300000e+001
    endloop
  endfacet
  facet normal  2.393159e-001  0.000000e+000 -9.709418e-001
    outer loop
      vertex  2.666326e+001  1.222530e+001  1.548177e+001
      vertex  2.607809e+001  2.253000e-001  1.533754e+001
      vertex  2.607809e+001  1.222530e+001  1.533754e+001
    endloop
  endfacet
  facet normal  4.647231e-001  0.000000e+000 -8.854561e-001
    outer loop
      vertex  2.607809e+001  1.222530e+001  1.533754e+001
      vertex  2.607809e+001  2.253000e-001  1.533754e+001
      vertex  2.554444e+001  2.253000e-001  1.505746e+001
    endloop
  endfacet
  facet normal  4.647231e-001  0.000000e+000 -8.854561e-001
    outer loop
      vertex  2.607809e+001  1.222530e+001  1.533754e+001
      vertex  2.554444e+001  2.253000e-001  1.505746e+001
      vertex  2.554444e+001  1.222530e+001  1.505746e+001
    endloop
  endfacet
  facet normal  6.631218e-001  0.000000e+000 -7.485116e-001
    outer loop
      vertex  2.554444e+001  1.222530e+001  1.505746e+001
      vertex  2.554444e+001  2.253000e-001  1.505746e+001
      vertex  2.509332e+001  2.253000e-001  1.465781e+001
    endloop
  endfacet
  facet normal  6.631218e-001  0.000000e+000 -7.485116e-001
    outer loop
      vertex  2.554444e+001  1.222530e+001  1.505746e+001
      vertex  2.509332e+001  2.253000e-001  1.465781e+001
      vertex  2.509332e+001  1.222530e+001  1.465781e+001
    endloop
  endfacet
  facet normal  8.229836e-001  0.000000e+000 -5.680652e-001
    outer loop
      vertex  2.509332e+001  1.222530e+001  1.465781e+001
      vertex  2.509332e+001  2.253000e-001  1.465781e+001
      vertex  2.475096e+001  2.253000e-001  1.416181e+001
    endloop
  endfacet
  facet normal  8.229836e-001  0.000000e+000 -5.680652e-001
    outer loop
      vertex  2.509332e+001  1.222530e+001  1.465781e+001
      vertex  2.475096e+001  2.253000e-001  1.416181e+001
      vertex  2.475096e+001  1.222530e+001  1.416181e+001
    endloop
  endfacet
  facet normal  9.350162e-001  0.000000e+000 -3.546052e-001
    outer loop
      vertex  2.475096e+001  1.222530e+001  1.416181e+001
      vertex  2.475096e+001  2.253000e-001  1.416181e+001
      vertex  2.453725e+001  2.253000e-001  1.359829e+001
    endloop
  endfacet
  facet normal  9.350162e-001  0.000000e+000 -3.546052e-001
    outer loop
      vertex  2.475096e+001  1.222530e+001  1.416181e+001
      vertex  2.453725e+001  2.253000e-001  1.359829e+001
      vertex  2.453725e+001  1.222530e+001  1.359829e+001
    endloop
  endfacet
  facet normal  9.927089e-001  0.000000e+000 -1.205362e-001
    outer loop
      vertex  2.453725e+001  1.222530e+001  1.359829e+001
      vertex  2.453725e+001  2.253000e-001  1.359829e+001
      vertex  2.446460e+001  2.253000e-001  1.300000e+001
    endloop
  endfacet
  facet normal  9.927089e-001  0.000000e+000 -1.205362e-001
    outer loop
      vertex  2.453725e+001  1.222530e+001  1.359829e+001
      vertex  2.446460e+001  2.253000e-001  1.300000e+001
      vertex  2.446460e+001  1.222530e+001  1.300000e+001
    endloop
  endfacet
  facet normal  2.393159e-001  0.000000e+000 -9.709418e-001
    outer loop
      vertex  2.607809e+001  2.253000e-001  1.533754e+001
      vertex  2.666326e+001  1.222530e+001  1.548177e+001
      vertex  2.666326e+001  2.253000e-001  1.548177e+001
    endloop
  endfacet
  facet normal  0.000000e+000  0.000000e+000 -1.000000e+000
    outer loop
      vertex  2.666326e+001  2.253000e-001  1.548177e+001
      vertex  2.666326e+001  1.222530e+001  1.548177e+001
      vertex  2.726594e+001  1.222530e+001  1.548177e+001
    endloop
  endfacet
  facet normal  0.000000e+000  -0.000000e+000 -1.000000e+000
    outer loop
      vertex  2.666326e+001  2.253000e-001  1.548177e+001
      vertex  2.726594e+001  1.222530e+001  1.548177e+001
      vertex  2.726594e+001  2.253000e-001  1.548177e+001
    endloop
  endfacet
  facet normal -2.393159e-001  0.000000e+000 -9.709418e-001
    outer loop
      vertex  2.726594e+001  2.253000e-001  1.548177e+001
      vertex  2.726594e+001  1.222530e+001  1.548177e+001
      vertex  2.785111e+001  1.222530e+001  1.533754e+001
    endloop
  endfacet
  facet normal -2.393159e-001  -0.000000e+000 -9.709418e-001
    outer loop
      vertex  2.726594e+001  2.253000e-001  1.548177e+001
      vertex  2.785111e+001  1.222530e+001  1.533754e+001
      vertex  2.785111e+001  2.253000e-001  1.533754e+001
    endloop
  endfacet
  facet normal -4.647231e-001  0.000000e+000 -8.854561e-001
    outer loop
      vertex  2.785111e+001  2.253000e-001  1.533754e+001
      vertex  2.785111e+001  1.222530e+001  1.533754e+001
      vertex  2.838476e+001  1.222530e+001  1.505746e+001
    endloop
  endfacet
  facet normal -4.647231e-001  -0.000000e+000 -8.854561e-001
    outer loop
      vertex  2.785111e+001  2.253000e-001  1.533754e+001
      vertex  2.838476e+001  1.222530e+001  1.505746e+001
      vertex  2.838476e+001  2.253000e-001  1.505746e+001
    endloop
  endfacet
  facet normal -6.631234e-001  0.000000e+000 -7.485102e-001
    outer loop
      vertex  2.838476e+001  2.253000e-001  1.505746e+001
      vertex  2.838476e+001  1.222530e+001  1.505746e+001
      vertex  2.883588e+001  1.222530e+001  1.465781e+001
    endloop
  endfacet
  facet normal -6.631234e-001  -0.000000e+000 -7.485102e-001
    outer loop
      vertex  2.838476e+001  2.253000e-001  1.505746e+001
      vertex  2.883588e+001  1.222530e+001  1.465781e+001
      vertex  2.883588e+001  2.253000e-001  1.465781e+001
    endloop
  endfacet
  facet normal -8.229836e-001  0.000000e+000 -5.680652e-001
    outer loop
      vertex  2.883588e+001  2.253000e-001  1.465781e+001
      vertex  2.883588e+001  1.222530e+001  1.465781e+001
      vertex  2.917824e+001  1.222530e+001  1.416181e+001
    endloop
  endfacet
  facet normal -8.229836e-001  -0.000000e+000 -5.680652e-001
    outer loop
      vertex  2.883588e+001  2.253000e-001  1.465781e+001
      vertex  2.917824e+001  1.222530e+001  1.416181e+001
      vertex  2.917824e+001  2.253000e-001  1.416181e+001
    endloop
  endfacet
  facet normal -9.350162e-001  0.000000e+000 -3.546052e-001
    outer loop
      vertex  2.917824e+001  2.253000e-001  1.416181e+001
      vertex  2.917824e+001  1.222530e+001  1.416181e+001
      vertex  2.939196e+001  1.222530e+001  1.359829e+001
    endloop
  endfacet
  facet normal -9.350162e-001  -0.000000e+000 -3.546052e-001
    outer loop
      vertex  2.917824e+001  2.253000e-001  1.416181e+001
      vertex  2.939196e+001  1.222530e+001  1.359829e+001
      vertex  2.939196e+001  2.253000e-001  1.359829e+001
    endloop
  endfacet
  facet normal -9.927089e-001  0.000000e+000 -1.205362e-001
    outer loop
      vertex  2.939196e+001  2.253000e-001  1.359829e+001
      vertex  2.939196e+001  1.222530e+001  1.359829e+001
      vertex  2.946460e+001  1.222530e+001  1.300000e+001
    endloop
  endfacet
  facet normal -9.927089e-001  -0.000000e+000 -1.205362e-001
    outer loop
      vertex  2.939196e+001  2.253000e-001  1.359829e+001
      vertex  2.946460e+001  1.222530e+001  1.300000e+001
      vertex  2.946460e+001  2.253000e-001  1.300000e+001
    endloop
  endfacet
  facet normal -2.393159e-001  0.000000e+000  9.709418e-001
    outer loop
      vertex  1.961108e+001  1.222530e+001  1.851823e+001
      vertex  2.019625e+001  2.253000e-001  1.866246e+001
      vertex  2.019625e+001  1.222530e+001  1.866246e+001
    endloop
  endfacet
  facet normal -4.647231e-001  0.000000e+000  8.854561e-001
    outer loop
      vertex  2.019625e+001  1.222530e+001  1.866246e+001
      vertex  2.019625e+001  2.253000e-001  1.866246e+001
      vertex  2.072990e+001  2.253000e-001  1.894254e+001
    endloop
  endfacet
  facet normal -4.647231e-001  0.000000e+000  8.854561e-001
    outer loop
      vertex  2.019625e+001  1.222530e+001  1.866246e+001
      vertex  2.072990e+001  2.253000e-001  1.894254e+001
      vertex  2.072990e+001  1.222530e+001  1.894254e+001
    endloop
  endfacet
  facet normal -6.631225e-001  0.000000e+000  7.485110e-001
    outer loop
      vertex  2.072990e+001  1.222530e+001  1.894254e+001
      vertex  2.072990e+001  2.253000e-001  1.894254e+001
      vertex  2.118101e+001  2.253000e-001  1.934219e+001
    endloop
  endfacet
  facet normal -6.631225e-001  0.000000e+000  7.485110e-001
    outer loop
      vertex  2.072990e+001  1.222530e+001  1.894254e+001
      vertex  2.118101e+001  2.253000e-001  1.934219e+001
      vertex  2.118101e+001  1.222530e+001  1.934219e+001
    endloop
  endfacet
  facet normal -8.229836e-001  0.000000e+000  5.680652e-001
    outer loop
      vertex  2.118101e+001  1.222530e+001  1.934219e+001
      vertex  2.118101e+001  2.253000e-001  1.934219e+001
      vertex  2.152337e+001  2.253000e-001  1.983819e+001
    endloop
  endfacet
  facet normal -8.229836e-001  0.000000e+000  5.680652e-001
    outer loop
      vertex  2.118101e+001  1.222530e+001  1.934219e+001
      vertex  2.152337e+001  2.253000e-001  1.983819e+001
      vertex  2.152337e+001  1.222530e+001  1.983819e+001
    endloop
  endfacet
  facet normal -9.350162e-001  0.000000e+000  3.546052e-001
    outer loop
      vertex  2.152337e+001  1.222530e+001  1.983819e+001
      vertex  2.152337e+001  2.253000e-001  1.983819e+001
      vertex  2.173709e+001  2.253000e-001  2.040171e+001
    endloop
  endfacet
  facet normal -9.350162e-001  0.000000e+000  3.546052e-001
    outer loop
      vertex  2.152337e+001  1.222530e+001  1.983819e+001
      vertex  2.173709e+001  2.253000e-001  2.040171e+001
      vertex  2.173709e+001  1.222530e+001  2.040171e+001
    endloop
  endfacet
  facet normal -9.927089e-001  0.000000e+000  1.205362e-001
    outer loop
      vertex  2.173709e+001  1.222530e+001  2.040171e+001
      vertex  2.173709e+001  2.253000e-001  2.040171e+001
      vertex  2.180973e+001  2.253000e-001  2.100000e+001
    endloop
  endfacet
  facet normal -9.927089e-001  0.000000e+000  1.205362e-001
    outer loop
      vertex  2.173709e+001  1.222530e+001  2.040171e+001
      vertex  2.180973e+001  2.253000e-001  2.100000e+001
      vertex  2.180973e+001  1.222530e+001  2.100000e+001
    endloop
  endfacet
  facet normal -2.393159e-001  0.000000e+000  9.709418e-001
    outer loop
      vertex  2.019625e+001  2.253000e-001  1.866246e+001
      vertex  1.961108e+001  1.222530e+001  1.851823e+001
      vertex  1.961108e+001  2.253000e-001  1.851823e+001
    endloop
  endfacet
  facet normal  0.000000e+000  -0.000000e+000  9.999999e-001
    outer loop
      vertex  1.961108e+001  2.253000e-001  1.851823e+001
      vertex  1.961108e+001  1.222530e+001  1.851823e+001
      vertex  1.900839e+001  1.222530e+001  1.851823e+001
    endloop
  endfacet
  facet normal  0.000000e+000  0.000000e+000  9.999999e-001
    outer loop
      vertex  1.961108e+001  2.253000e-001  1.851823e+001
      vertex  1.900839e+001  1.222530e+001  1.851823e+001
      vertex  1.900839e+001  2.253000e-001  1.851823e+001
    endloop
  endfacet
  facet normal  2.393166e-001  -0.000000e+000  9.709415e-001
    outer loop
      vertex  1.900839e+001  2.253000e-001  1.851823e+001
      vertex  1.900839e+001  1.222530e+001  1.851823e+001
      vertex  1.842322e+001  1.222530e+001  1.866246e+001
    endloop
  endfacet
  facet normal  2.393166e-001  0.000000e+000  9.709415e-001
    outer loop
      vertex  1.900839e+001  2.253000e-001  1.851823e+001
      vertex  1.842322e+001  1.222530e+001  1.866246e+001
      vertex  1.842322e+001  2.253000e-001  1.866246e+001
    endloop
  endfacet
  facet normal  4.647218e-001  -0.000000e+000  8.854567e-001
    outer loop
      vertex  1.842322e+001  2.253000e-001  1.866246e+001
      vertex  1.842322e+001  1.222530e+001  1.866246e+001
      vertex  1.788957e+001  1.222530e+001  1.894254e+001
    endloop
  endfacet
  facet normal  4.647218e-001  0.000000e+000  8.854567e-001
    outer loop
      vertex  1.842322e+001  2.253000e-001  1.866246e+001
      vertex  1.788957e+001  1.222530e+001  1.894254e+001
      vertex  1.788957e+001  2.253000e-001  1.894254e+001
    endloop
  endfacet
  facet normal  6.631225e-001  -0.000000e+000  7.485110e-001
    outer loop
      vertex  1.788957e+001  2.253000e-001  1.894254e+001
      vertex  1.788957e+001  1.222530e+001  1.894254e+001
      vertex  1.743846e+001  1.222530e+001  1.934219e+001
    endloop
  endfacet
  facet normal  6.631225e-001  0.000000e+000  7.485110e-001
    outer loop
      vertex  1.788957e+001  2.253000e-001  1.894254e+001
      vertex  1.743846e+001  1.222530e+001  1.934219e+001
      vertex  1.743846e+001  2.253000e-001  1.934219e+001
    endloop
  endfacet
  facet normal  8.229836e-001  -0.000000e+000  5.680652e-001
    outer loop
      vertex  1.743846e+001  2.253000e-001  1.934219e+001
      vertex  1.743846e+001  1.222530e+001  1.934219e+001
      vertex  1.709609e+001  1.222530e+001  1.983819e+001
    endloop
  endfacet
  facet normal  8.229836e-001  0.000000e+000  5.680652e-001
    outer loop
      vertex  1.743846e+001  2.253000e-001  1.934219e+001
      vertex  1.709609e+001  1.222530e+001  1.983819e+001
      vertex  1.709609e+001  2.253000e-001  1.983819e+001
    endloop
  endfacet
  facet normal  9.350162e-001  -0.000000e+000  3.546052e-001
    outer loop
      vertex  1.709609e+001  2.253000e-001  1.983819e+001
      vertex  1.709609e+001  1.222530e+001  1.983819e+001
      vertex  1.688238e+001  1.222530e+001  2.040171e+001
    endloop
  endfacet
  facet normal  9.350162e-001  0.000000e+000  3.546052e-001
    outer loop
      vertex  1.709609e+001  2.253000e-001  1.983819e+001
      vertex  1.688238e+001  1.222530e+001  2.040171e+001
      vertex  1.688238e+001  2.253000e-001  2.040171e+001
    endloop
  endfacet
  facet normal  9.927089e-001  -0.000000e+000  1.205362e-001
    outer loop
      vertex  1.688238e+001  2.253000e-001  2.040171e+001
      vertex  1.688238e+001  1.222530e+001  2.040171e+001
      vertex  1.680973e+001  1.222530e+001  2.100000e+001
    endloop
  endfacet
  facet normal  9.927089e-001  0.000000e+000  1.205362e-001
    outer loop
      vertex  1.688238e+001  2.253000e-001  2.040171e+001
      vertex  1.680973e+001  1.222530e+001  2.100000e+001
      vertex  1.680973e+001  2.253000e-001  2.100000e+001
    endloop
  endfacet
  facet normal  2.393166e-001  0.000000e+000 -9.709415e-001
    outer loop
      vertex  1.900839e+001  1.222530e+001  2.348177e+001
      vertex  1.842322e+001  2.253000e-001  2.333754e+001
      vertex  1.842322e+001  1.222530e+001  2.333754e+001
    endloop
  endfacet
  facet normal  4.647218e-001  0.000000e+000 -8.854567e-001
    outer loop
      vertex  1.842322e+001  1.222530e+001  2.333754e+001
      vertex  1.842322e+001  2.253000e-001  2.333754e+001
      vertex  1.788957e+001  2.253000e-001  2.305746e+001
    endloop
  endfacet
  facet normal  4.647218e-001  0.000000e+000 -8.854567e-001
    outer loop
      vertex  1.842322e+001  1.222530e+001  2.333754e+001
      vertex  1.788957e+001  2.253000e-001  2.305746e+001
      vertex  1.788957e+001  1.222530e+001  2.305746e+001
    endloop
  endfacet
  facet normal  6.631225e-001  0.000000e+000 -7.485110e-001
    outer loop
      vertex  1.788957e+001  1.222530e+001  2.305746e+001
      vertex  1.788957e+001  2.253000e-001  2.305746e+001
      vertex  1.743846e+001  2.253000e-001  2.265781e+001
    endloop
  endfacet
  facet normal  6.631225e-001  0.000000e+000 -7.485110e-001
    outer loop
      vertex  1.788957e+001  1.222530e+001  2.305746e+001
      vertex  1.743846e+001  2.253000e-001  2.265781e+001
      vertex  1.743846e+001  1.222530e+001  2.265781e+001
    endloop
  endfacet
  facet normal  8.229836e-001  0.000000e+000 -5.680652e-001
    outer loop
      vertex  1.743846e+001  1.222530e+001  2.265781e+001
      vertex  1.743846e+001  2.253000e-001  2.265781e+001
      vertex  1.709609e+001  2.253000e-001  2.216181e+001
    endloop
  endfacet
  facet normal  8.229836e-001  0.000000e+000 -5.680652e-001
    outer loop
      vertex  1.743846e+001  1.222530e+001  2.265781e+001
      vertex  1.709609e+001  2.253000e-001  2.216181e+001
      vertex  1.709609e+001  1.222530e+001  2.216181e+001
    endloop
  endfacet
  facet normal  9.350162e-001  0.000000e+000 -3.546052e-001
    outer loop
      vertex  1.709609e+001  1.222530e+001  2.216181e+001
      vertex  1.709609e+001  2.253000e-001  2.216181e+001
      vertex  1.688238e+001  2.253000e-001  2.159829e+001
    endloop
  endfacet
  facet normal  9.350162e-001  0.000000e+000 -3.546052e-001
    outer loop
      vertex  1.709609e+001  1.222530e+001  2.216181e+001
      vertex  1.688238e+001  2.253000e-001  2.159829e+001
      vertex  1.688238e+001  1.222530e+001  2.159829e+001
    endloop
  endfacet
  facet normal  9.927089e-001  0.000000e+000 -1.205362e-001
    outer loop
      vertex  1.688238e+001  1.222530e+001  2.159829e+001
      vertex  1.688238e+001  2.253000e-001  2.159829e+001
      vertex  1.680973e+001  2.253000e-001  2.100000e+001
    endloop
  endfacet
  facet normal  9.927089e-001  0.000000e+000 -1.205362e-001
    outer loop
      vertex  1.688238e+001  1.222530e+001  2.159829e+001
      vertex  1.680973e+001  2.253000e-001  2.100000e+001
      vertex  1.680973e+001  1.222530e+001  2.100000e+001
    endloop
  endfacet
  facet normal  2.393166e-001  0.000000e+000 -9.709415e-001
    outer loop
      vertex  1.842322e+001  2.253000e-001  2.333754e+001
      vertex  1.900839e+001  1.222530e+001  2.348177e+001
      vertex  1.900839e+001  2.253000e-001  2.348177e+001
    endloop
  endfacet
  facet normal  0.000000e+000  0.000000e+000 -9.999999e-001
    outer loop
      vertex  1.900839e+001  2.253000e-001  2.348177e+001
      vertex  1.900839e+001  1.222530e+001  2.348177e+001
      vertex  1.961108e+001  1.222530e+001  2.348177e+001
    endloop
  endfacet
  facet normal  0.000000e+000  -0.000000e+000 -9.999999e-001
    outer loop
      vertex  1.900839e+001  2.253000e-001  2.348177e+001
      vertex  1.961108e+001  1.222530e+001  2.348177e+001
      vertex  1.961108e+001  2.253000e-001  2.348177e+001
    endloop
  endfacet
  facet normal -2.393159e-001  0.000000e+000 -9.709418e-001
    outer loop
      vertex  1.961108e+001  2.253000e-001  2.348177e+001
      vertex  1.961108e+001  1.222530e+001  2.348177e+001
      vertex  2.019625e+001  1.222530e+001  2.333754e+001
    endloop
  endfacet
  facet normal -2.393159e-001  -0.000000e+000 -9.709418e-001
    outer loop
      vertex  1.961108e+001  2.253000e-001  2.348177e+001
      vertex  2.019625e+001  1.222530e+001  2.333754e+001
      vertex  2.019625e+001  2.253000e-001  2.333754e+001
    endloop
  endfacet
  facet normal -4.647231e-001  0.000000e+000 -8.854561e-001
    outer loop
      vertex  2.019625e+001  2.253000e-001  2.333754e+001
      vertex  2.019625e+001  1.222530e+001  2.333754e+001
      vertex  2.072990e+001  1.222530e+001  2.305746e+001
    endloop
  endfacet
  facet normal -4.647231e-001  -0.000000e+000 -8.854561e-001
    outer loop
      vertex  2.019625e+001  2.253000e-001  2.333754e+001
      vertex  2.072990e+001  1.222530e+001  2.305746e+001
      vertex  2.072990e+001  2.253000e-001  2.305746e+001
    endloop
  endfacet
  facet normal -6.631225e-001  0.000000e+000 -7.485110e-001
    outer loop
      vertex  2.072990e+001  2.253000e-001  2.305746e+001
      vertex  2.072990e+001  1.222530e+001  2.305746e+001
      vertex  2.118101e+001  1.222530e+001  2.265781e+001
    endloop
  endfacet
  facet normal -6.631225e-001  -0.000000e+000 -7.485110e-001
    outer loop
      vertex  2.072990e+001  2.253000e-001  2.305746e+001
      vertex  2.118101e+001  1.222530e+001  2.265781e+001
      vertex  2.118101e+001  2.253000e-001  2.265781e+001
    endloop
  endfacet
  facet normal -8.229836e-001  0.000000e+000 -5.680652e-001
    outer loop
      vertex  2.118101e+001  2.253000e-001  2.265781e+001
      vertex  2.118101e+001  1.222530e+001  2.265781e+001
      vertex  2.152337e+001  1.222530e+001  2.216181e+001
    endloop
  endfacet
  facet normal -8.229836e-001  -0.000000e+000 -5.680652e-001
    outer loop
      vertex  2.118101e+001  2.253000e-001  2.265781e+001
      vertex  2.152337e+001  1.222530e+001  2.216181e+001
      vertex  2.152337e+001  2.253000e-001  2.216181e+001
    endloop
  endfacet
  facet normal -9.350162e-001  0.000000e+000 -3.546052e-001
    outer loop
      vertex  2.152337e+001  2.253000e-001  2.216181e+001
      vertex  2.152337e+001  1.222530e+001  2.216181e+001
      vertex  2.173709e+001  1.222530e+001  2.159829e+001
    endloop
  endfacet
  facet normal -9.350162e-001  -0.000000e+000 -3.546052e-001
    outer loop
      vertex  2.152337e+001  2.253000e-001  2.216181e+001
      vertex  2.173709e+001  1.222530e+001  2.159829e+001
      vertex  2.173709e+001  2.253000e-001  2.159829e+001
    endloop
  endfacet
  facet normal -9.927089e-001  0.000000e+000 -1.205362e-001
    outer loop
      vertex  2.173709e+001  2.253000e-001  2.159829e+001
      vertex  2.173709e+001  1.222530e+001  2.159829e+001
      vertex  2.180973e+001  1.222530e+001  2.100000e+001
    endloop
  endfacet
  facet normal -9.927089e-001  -0.000000e+000 -1.205362e-001
    outer loop
      vertex  2.173709e+001  2.253000e-001  2.159829e+001
      vertex  2.180973e+001  1.222530e+001  2.100000e+001
      vertex  2.180973e+001  2.253000e-001  2.100000e+001
    endloop
  endfacet
  facet normal -2.393159e-001  0.000000e+000  9.709418e-001
    outer loop
      vertex  1.961108e+001  1.222530e+001  1.051823e+001
      vertex  2.019625e+001  2.253000e-001  1.066246e+001
      vertex  2.019625e+001  1.222530e+001  1.066246e+001
    endloop
  endfacet
  facet normal -4.647231e-001  0.000000e+000  8.854561e-001
    outer loop
      vertex  2.019625e+001  1.222530e+001  1.066246e+001
      vertex  2.019625e+001  2.253000e-001  1.066246e+001
      vertex  2.072990e+001  2.253000e-001  1.094254e+001
    endloop
  endfacet
  facet normal -4.647231e-001  0.000000e+000  8.854561e-001
    outer loop
      vertex  2.019625e+001  1.222530e+001  1.066246e+001
      vertex  2.072990e+001  2.253000e-001  1.094254e+001
      vertex  2.072990e+001  1.222530e+001  1.094254e+001
    endloop
  endfacet
  facet normal -6.631234e-001  0.000000e+000  7.485102e-001
    outer loop
      vertex  2.072990e+001  1.222530e+001  1.094254e+001
      vertex  2.072990e+001  2.253000e-001  1.094254e+001
      vertex  2.118101e+001  2.253000e-001  1.134219e+001
    endloop
  endfacet
  facet normal -6.631234e-001  0.000000e+000  7.485102e-001
    outer loop
      vertex  2.072990e+001  1.222530e+001  1.094254e+001
      vertex  2.118101e+001  2.253000e-001  1.134219e+001
      vertex  2.118101e+001  1.222530e+001  1.134219e+001
    endloop
  endfacet
  facet normal -8.229836e-001  0.000000e+000  5.680652e-001
    outer loop
      vertex  2.118101e+001  1.222530e+001  1.134219e+001
      vertex  2.118101e+001  2.253000e-001  1.134219e+001
      vertex  2.152337e+001  2.253000e-001  1.183819e+001
    endloop
  endfacet
  facet normal -8.229836e-001  0.000000e+000  5.680652e-001
    outer loop
      vertex  2.118101e+001  1.222530e+001  1.134219e+001
      vertex  2.152337e+001  2.253000e-001  1.183819e+001
      vertex  2.152337e+001  1.222530e+001  1.183819e+001
    endloop
  endfacet
  facet normal -9.350162e-001  0.000000e+000  3.546052e-001
    outer loop
      vertex  2.152337e+001  1.222530e+001  1.183819e+001
      vertex  2.152337e+001  2.253000e-001  1.183819e+001
      vertex  2.173709e+001  2.253000e-001  1.240171e+001
    endloop
  endfacet
  facet normal -9.350162e-001  0.000000e+000  3.546052e-001
    outer loop
      vertex  2.152337e+001  1.222530e+001  1.183819e+001
      vertex  2.173709e+001  2.253000e-001  1.240171e+001
      vertex  2.173709e+001  1.222530e+001  1.240171e+001
    endloop
  endfacet
  facet normal -9.927089e-001  0.000000e+000  1.205362e-001
    outer loop
      vertex  2.173709e+001  1.222530e+001  1.240171e+001
      vertex  2.173709e+001  2.253000e-001  1.240171e+001
      vertex  2.180973e+001  2.253000e-001  1.300000e+001
    endloop
  endfacet
  facet normal -9.927089e-001  0.000000e+000  1.205362e-001
    outer loop
      vertex  2.173709e+001  1.222530e+001  1.240171e+001
      vertex  2.180973e+001  2.253000e-001  1.300000e+001
      vertex  2.180973e+001  1.222530e+001  1.300000e+001
    endloop
  endfacet
  facet normal -2.393159e-001  0.000000e+000  9.709418e-001
    outer loop
      vertex  2.019625e+001  2.253000e-001  1.066246e+001
      vertex  1.961108e+001  1.222530e+001  1.051823e+001
      vertex  1.961108e+001  2.253000e-001  1.051823e+001
    endloop
  endfacet
  facet normal  0.000000e+000  -0.000000e+000  9.999999e-001
    outer loop
      vertex  1.961108e+001  2.253000e-001  1.051823e+001
      vertex  1.961108e+001  1.222530e+001  1.051823e+001
      vertex  1.900839e+001  1.222530e+001  1.051823e+001
    endloop
  endfacet
  facet normal  0.000000e+000  0.000000e+000  9.999999e-001
    outer loop
      vertex  1.961108e+001  2.253000e-001  1.051823e+001
      vertex  1.900839e+001  1.222530e+001  1.051823e+001
      vertex  1.900839e+001  2.253000e-001  1.051823e+001
    endloop
  endfacet
  facet normal  2.393166e-001  -0.000000e+000  9.709415e-001
    outer loop
      vertex  1.900839e+001  2.253000e-001  1.051823e+001
      vertex  1.900839e+001  1.222530e+001  1.051823e+001
      vertex  1.842322e+001  1.222530e+001  1.066246e+001
    endloop
  endfacet
  facet normal  2.393166e-001  0.000000e+000  9.709415e-001
    outer loop
      vertex  1.900839e+001  2.253000e-001  1.051823e+001
      vertex  1.842322e+001  1.222530e+001  1.066246e+001
      vertex  1.842322e+001  2.253000e-001  1.066246e+001
    endloop
  endfacet
  facet normal  4.647218e-001  -0.000000e+000  8.854567e-001
    outer loop
      vertex  1.842322e+001  2.253000e-001  1.066246e+001
      vertex  1.842322e+001  1.222530e+001  1.066246e+001
      vertex  1.788957e+001  1.222530e+001  1.094254e+001
    endloop
  endfacet
  facet normal  4.647218e-001  0.000000e+000  8.854567e-001
    outer loop
      vertex  1.842322e+001  2.253000e-001  1.066246e+001
      vertex  1.788957e+001  1.222530e+001  1.094254e+001
      vertex  1.788957e+001  2.253000e-001  1.094254e+001
    endloop
  endfacet
  facet normal  6.631234e-001  -0.000000e+000  7.485102e-001
    outer loop
      vertex  1.788957e+001  2.253000e-001  1.094254e+001
      vertex  1.788957e+001  1.222530e+001  1.094254e+001
      vertex  1.743846e+001  1.222530e+001  1.134219e+001
    endloop
  endfacet
  facet normal  6.631234e-001  0.000000e+000  7.485102e-001
    outer loop
      vertex  1.788957e+001  2.253000e-001  1.094254e+001
      vertex  1.743846e+001  1.222530e+001  1.134219e+001
      vertex  1.743846e+001  2.253000e-001  1.134219e+001
    endloop
  endfacet
  facet normal  8.229836e-001  -0.000000e+000  5.680652e-001
    outer loop
      vertex  1.743846e+001  2.253000e-001  1.134219e+001
      vertex  1.743846e+001  1.222530e+001  1.134219e+001
      vertex  1.709609e+001  1.222530e+001  1.183819e+001
    endloop
  endfacet
  facet normal  8.229836e-001  0.000000e+000  5.680652e-001
    outer loop
      vertex  1.743846e+001  2.253000e-001  1.134219e+001
      vertex  1.709609e+001  1.222530e+001  1.183819e+001
      vertex  1.709609e+001  2.253000e-001  1.183819e+001
    endloop
  endfacet
  facet normal  9.350162e-001  -0.000000e+000  3.546052e-001
    outer loop
      vertex  1.709609e+001  2.253000e-001  1.183819e+001
      vertex  1.709609e+001  1.222530e+001  1.183819e+001
      vertex  1.688238e+001  1.222530e+001  1.240171e+001
    endloop
  endfacet
  facet normal  9.350162e-001  0.000000e+000  3.546052e-001
    outer loop
      vertex  1.709609e+001  2.253000e-001  1.183819e+001
      vertex  1.688238e+001  1.222530e+001  1.240171e+001
      vertex  1.688238e+001  2.253000e-001  1.240171e+001
    endloop
  endfacet
  facet normal  9.927089e-001  -0.000000e+000  1.205362e-001
    outer loop
      vertex  1.688238e+001  2.253000e-001  1.240171e+001
      vertex  1.688238e+001  1.222530e+001  1.240171e+001
      vertex  1.680973e+001  1.222530e+001  1.300000e+001
    endloop
  endfacet
  facet normal  9.927089e-001  0.000000e+000  1.205362e-001
    outer loop
      vertex  1.688238e+001  2.253000e-001  1.240171e+001
      vertex  1.680973e+001  1.222530e+001  1.300000e+001
      vertex  1.680973e+001  2.253000e-001  1.300000e+001
    endloop
  endfacet
  facet normal  2.393166e-001  0.000000e+000 -9.709415e-001
    outer loop
      vertex  1.900839e+001  1.222530e+001  1.548177e+001
      vertex  1.842322e+001  2.253000e-001  1.533754e+001
      vertex  1.842322e+001  1.222530e+001  1.533754e+001
    endloop
  endfacet
  facet normal  4.647218e-001  0.000000e+000 -8.854567e-001
    outer loop
      vertex  1.842322e+001  1.222530e+001  1.533754e+001
      vertex  1.842322e+001  2.253000e-001  1.533754e+001
      vertex  1.788957e+001  2.253000e-001  1.505746e+001
    endloop
  endfacet
  facet normal  4.647218e-001  0.000000e+000 -8.854567e-001
    outer loop
      vertex  1.842322e+001  1.222530e+001  1.533754e+001
      vertex  1.788957e+001  2.253000e-001  1.505746e+001
      vertex  1.788957e+001  1.222530e+001  1.505746e+001
    endloop
  endfacet
  facet normal  6.631234e-001  0.000000e+000 -7.485102e-001
    outer loop
      vertex  1.788957e+001  1.222530e+001  1.505746e+001
      vertex  1.788957e+001  2.253000e-001  1.505746e+001
      vertex  1.743846e+001  2.253000e-001  1.465781e+001
    endloop
  endfacet
  facet normal  6.631234e-001  0.000000e+000 -7.485102e-001
    outer loop
      vertex  1.788957e+001  1.222530e+001  1.505746e+001
      vertex  1.743846e+001  2.253000e-001  1.465781e+001
      vertex  1.743846e+001  1.222530e+001  1.465781e+001
    endloop
  endfacet
  facet normal  8.229836e-001  0.000000e+000 -5.680652e-001
    outer loop
      vertex  1.743846e+001  1.222530e+001  1.465781e+001
      vertex  1.743846e+001  2.253000e-001  1.465781e+001
      vertex  1.709609e+001  2.253000e-001  1.416181e+001
    endloop
  endfacet
  facet normal  8.229836e-001  0.000000e+000 -5.680652e-001
    outer loop
      vertex  1.743846e+001  1.222530e+001  1.465781e+001
      vertex  1.709609e+001  2.253000e-001  1.416181e+001
      vertex  1.709609e+001  1.222530e+001  1.416181e+001
    endloop
  endfacet
  facet normal  9.350162e-001  0.000000e+000 -3.546052e-001
    outer loop
      vertex  1.709609e+001  1.222530e+001  1.416181e+001
      vertex  1.709609e+001  2.253000e-001  1.416181e+001
      vertex  1.688238e+001  2.253000e-001  1.359829e+001
    endloop
  endfacet
  facet normal  9.350162e-001  0.000000e+000 -3.546052e-001
    outer loop
      vertex  1.709609e+001  1.222530e+001  1.416181e+001
      vertex  1.688238e+001  2.253000e-001  1.359829e+001
      vertex  1.688238e+001  1.222530e+001  1.359829e+001
    endloop
  endfacet
  facet normal  9.927089e-001  0.000000e+000 -1.205362e-001
    outer loop
      vertex  1.688238e+001  1.222530e+001  1.359829e+001
      vertex  1.688238e+001  2.253000e-001  1.359829e+001
      vertex  1.680973e+001  2.253000e-001  1.300000e+001
    endloop
  endfacet
  facet normal  9.927089e-001  0.000000e+000 -1.205362e-001
    outer loop
      vertex  1.688238e+001  1.222530e+001  1.359829e+001
      vertex  1.680973e+001  2.253000e-001  1.300000e+001
      vertex  1.680973e+001  1.222530e+001  1.300000e+001
    endloop
  endfacet
  facet normal  2.393166e-001  0.000000e+000 -9.709415e-001
    outer loop
      vertex  1.842322e+001  2.253000e-001  1.533754e+001
      vertex  1.900839e+001  1.222530e+001  1.548177e+001
      vertex  1.900839e+001  2.253000e-001  1.548177e+001
    endloop
  endfacet
  facet normal  0.000000e+000  0.000000e+000 -9.999999e-001
    outer loop
      vertex  1.900839e+001  2.253000e-001  1.548177e+001
      vertex  1.900839e+001  1.222530e+001  1.548177e+001
      vertex  1.961108e+001  1.222530e+001  1.548177e+001
    endloop
  endfacet
  facet normal  0.000000e+000  -0.000000e+000 -9.999999e-001
    outer loop
      vertex  1.900839e+001  2.253000e-001  1.548177e+001
      vertex  1.961108e+001  1.222530e+001  1.548177e+001
      vertex  1.961108e+001  2.253000e-001  1.548177e+001
    endloop
  endfacet
  facet normal -2.393159e-001  0.000000e+000 -9.709418e-001
    outer loop
      vertex  1.961108e+001  2.253000e-001  1.548177e+001
      vertex  1.961108e+001  1.222530e+001  1.548177e+001
      vertex  2.019625e+001  1.222530e+001  1.533754e+001
    endloop
  endfacet
  facet normal -2.393159e-001  -0.000000e+000 -9.709418e-001
    outer loop
      vertex  1.961108e+001  2.253000e-001  1.548177e+001
      vertex  2.019625e+001  1.222530e+001  1.533754e+001
      vertex  2.019625e+001  2.253000e-001  1.533754e+001
    endloop
  endfacet
  facet normal -4.647231e-001  0.000000e+000 -8.854561e-001
    outer loop
      vertex  2.019625e+001  2.253000e-001  1.533754e+001
      vertex  2.019625e+001  1.222530e+001  1.533754e+001
      vertex  2.072990e+001  1.222530e+001  1.505746e+001
    endloop
  endfacet
  facet normal -4.647231e-001  -0.000000e+000 -8.854561e-001
    outer loop
      vertex  2.019625e+001  2.253000e-001  1.533754e+001
      vertex  2.072990e+001  1.222530e+001  1.505746e+001
      vertex  2.072990e+001  2.253000e-001  1.505746e+001
    endloop
  endfacet
  facet normal -6.631234e-001  0.000000e+000 -7.485102e-001
    outer loop
      vertex  2.072990e+001  2.253000e-001  1.505746e+001
      vertex  2.072990e+001  1.222530e+001  1.505746e+001
      vertex  2.118101e+001  1.222530e+001  1.465781e+001
    endloop
  endfacet
  facet normal -6.631234e-001  -0.000000e+000 -7.485102e-001
    outer loop
      vertex  2.072990e+001  2.253000e-001  1.505746e+001
      vertex  2.118101e+001  1.222530e+001  1.465781e+001
      vertex  2.118101e+001  2.253000e-001  1.465781e+001
    endloop
  endfacet
  facet normal -8.229836e-001  0.000000e+000 -5.680652e-001
    outer loop
      vertex  2.118101e+001  2.253000e-001  1.465781e+001
      vertex  2.118101e+001  1.222530e+001  1.465781e+001
      vertex  2.152337e+001  1.222530e+001  1.416181e+001
    endloop
  endfacet
  facet normal -8.229836e-001  -0.000000e+000 -5.680652e-001
    outer loop
      vertex  2.118101e+001  2.253000e-001  1.465781e+001
      vertex  2.152337e+001  1.222530e+001  1.416181e+001
      vertex  2.152337e+001  2.253000e-001  1.416181e+001
    endloop
  endfacet
  facet normal -9.350162e-001  0.000000e+000 -3.546052e-001
    outer loop
      vertex  2.152337e+001  2.253000e-001  1.416181e+001
      vertex  2.152337e+001  1.222530e+001  1.416181e+001
      vertex  2.173709e+001  1.222530e+001  1.359829e+001
    endloop
  endfacet
  facet normal -9.350162e-001  -0.000000e+000 -3.546052e-001
    outer loop
      vertex  2.152337e+001  2.253000e-001  1.416181e+001
      vertex  2.173709e+001  1.222530e+001  1.359829e+001
      vertex  2.173709e+001  2.253000e-001  1.359829e+001
    endloop
  endfacet
  facet normal -9.927089e-001  0.000000e+000 -1.205362e-001
    outer loop
      vertex  2.173709e+001  2.253000e-001  1.359829e+001
      vertex  2.173709e+001  1.222530e+001  1.359829e+001
      vertex  2.180973e+001  1.222530e+001  1.300000e+001
    endloop
  endfacet
  facet normal -9.927089e-001  -0.000000e+000 -1.205362e-001
    outer loop
      vertex  2.173709e+001  2.253000e-001  1.359829e+001
      vertex  2.180973e+001  1.222530e+001  1.300000e+001
      vertex  2.180973e+001  2.253000e-001  1.300000e+001
    endloop
  endfacet
  facet normal -2.393159e-001  0.000000e+000  9.709418e-001
    outer loop
      vertex  1.195621e+001  1.222530e+001  1.851823e+001
      vertex  1.254138e+001  2.253000e-001  1.866246e+001
      vertex  1.254138e+001  1.222530e+001  1.866246e+001
    endloop
  endfacet
  facet normal -4.647231e-001  0.000000e+000  8.854561e-001
    outer loop
      vertex  1.254138e+001  1.222530e+001  1.866246e+001
      vertex  1.254138e+001  2.253000e-001  1.866246e+001
      vertex  1.307503e+001  2.253000e-001  1.894254e+001
    endloop
  endfacet
  facet normal -4.647231e-001  0.000000e+000  8.854561e-001
    outer loop
      vertex  1.254138e+001  1.222530e+001  1.866246e+001
      vertex  1.307503e+001  2.253000e-001  1.894254e+001
      vertex  1.307503e+001  1.222530e+001  1.894254e+001
    endloop
  endfacet
  facet normal -6.631225e-001  0.000000e+000  7.485110e-001
    outer loop
      vertex  1.307503e+001  1.222530e+001  1.894254e+001
      vertex  1.307503e+001  2.253000e-001  1.894254e+001
      vertex  1.352614e+001  2.253000e-001  1.934219e+001
    endloop
  endfacet
  facet normal -6.631225e-001  0.000000e+000  7.485110e-001
    outer loop
      vertex  1.307503e+001  1.222530e+001  1.894254e+001
      vertex  1.352614e+001  2.253000e-001  1.934219e+001
      vertex  1.352614e+001  1.222530e+001  1.934219e+001
    endloop
  endfacet
  facet normal -8.229836e-001  0.000000e+000  5.680652e-001
    outer loop
      vertex  1.352614e+001  1.222530e+001  1.934219e+001
      vertex  1.352614e+001  2.253000e-001  1.934219e+001
      vertex  1.386851e+001  2.253000e-001  1.983819e+001
    endloop
  endfacet
  facet normal -8.229836e-001  0.000000e+000  5.680652e-001
    outer loop
      vertex  1.352614e+001  1.222530e+001  1.934219e+001
      vertex  1.386851e+001  2.253000e-001  1.983819e+001
      vertex  1.386851e+001  1.222530e+001  1.983819e+001
    endloop
  endfacet
  facet normal -9.350162e-001  0.000000e+000  3.546052e-001
    outer loop
      vertex  1.386851e+001  1.222530e+001  1.983819e+001
      vertex  1.386851e+001  2.253000e-001  1.983819e+001
      vertex  1.408222e+001  2.253000e-001  2.040171e+001
    endloop
  endfacet
  facet normal -9.350162e-001  0.000000e+000  3.546052e-001
    outer loop
      vertex  1.386851e+001  1.222530e+001  1.983819e+001
      vertex  1.408222e+001  2.253000e-001  2.040171e+001
      vertex  1.408222e+001  1.222530e+001  2.040171e+001
    endloop
  endfacet
  facet normal -9.927089e-001  0.000000e+000  1.205362e-001
    outer loop
      vertex  1.408222e+001  1.222530e+001  2.040171e+001
      vertex  1.408222e+001  2.253000e-001  2.040171e+001
      vertex  1.415487e+001  2.253000e-001  2.100000e+001
    endloop
  endfacet
  facet normal -9.927089e-001  0.000000e+000  1.205362e-001
    outer loop
      vertex  1.408222e+001  1.222530e+001  2.040171e+001
      vertex  1.415487e+001  2.253000e-001  2.100000e+001
      vertex  1.415487e+001  1.222530e+001  2.100000e+001
    endloop
  endfacet
  facet normal -2.393159e-001  0.000000e+000  9.709418e-001
    outer loop
      vertex  1.254138e+001  2.253000e-001  1.866246e+001
      vertex  1.195621e+001  1.222530e+001  1.851823e+001
      vertex  1.195621e+001  2.253000e-001  1.851823e+001
    endloop
  endfacet
  facet normal  0.000000e+000  -0.000000e+000  1.000000e+000
    outer loop
      vertex  1.195621e+001  2.253000e-001  1.851823e+001
      vertex  1.195621e+001  1.222530e+001  1.851823e+001
      vertex  1.135353e+001  1.222530e+001  1.851823e+001
    endloop
  endfacet
  facet normal  0.000000e+000  0.000000e+000  1.000000e+000
    outer loop
      vertex  1.195621e+001  2.253000e-001  1.851823e+001
      vertex  1.135353e+001  1.222530e+001  1.851823e+001
      vertex  1.135353e+001  2.253000e-001  1.851823e+001
    endloop
  endfacet
  facet normal  2.393159e-001  -0.000000e+000  9.709418e-001
    outer loop
      vertex  1.135353e+001  2.253000e-001  1.851823e+001
      vertex  1.135353e+001  1.222530e+001  1.851823e+001
      vertex  1.076836e+001  1.222530e+001  1.866246e+001
    endloop
  endfacet
  facet normal  2.393159e-001  0.000000e+000  9.709418e-001
    outer loop
      vertex  1.135353e+001  2.253000e-001  1.851823e+001
      vertex  1.076836e+001  1.222530e+001  1.866246e+001
      vertex  1.076836e+001  2.253000e-001  1.866246e+001
    endloop
  endfacet
  facet normal  4.647231e-001  -0.000000e+000  8.854561e-001
    outer loop
      vertex  1.076836e+001  2.253000e-001  1.866246e+001
      vertex  1.076836e+001  1.222530e+001  1.866246e+001
      vertex  1.023471e+001  1.222530e+001  1.894254e+001
    endloop
  endfacet
  facet normal  4.647231e-001  0.000000e+000  8.854561e-001
    outer loop
      vertex  1.076836e+001  2.253000e-001  1.866246e+001
      vertex  1.023471e+001  1.222530e+001  1.894254e+001
      vertex  1.023471e+001  2.253000e-001  1.894254e+001
    endloop
  endfacet
  facet normal  6.631216e-001  -0.000000e+000  7.485116e-001
    outer loop
      vertex  1.023471e+001  2.253000e-001  1.894254e+001
      vertex  1.023471e+001  1.222530e+001  1.894254e+001
      vertex  9.783590e+000  1.222530e+001  1.934219e+001
    endloop
  endfacet
  facet normal  6.631216e-001  0.000000e+000  7.485116e-001
    outer loop
      vertex  1.023471e+001  2.253000e-001  1.894254e+001
      vertex  9.783590e+000  1.222530e+001  1.934219e+001
      vertex  9.783590e+000  2.253000e-001  1.934219e+001
    endloop
  endfacet
  facet normal  8.229836e-001  -0.000000e+000  5.680652e-001
    outer loop
      vertex  9.783590e+000  2.253000e-001  1.934219e+001
      vertex  9.783590e+000  1.222530e+001  1.934219e+001
      vertex  9.441227e+000  1.222530e+001  1.983819e+001
    endloop
  endfacet
  facet normal  8.229836e-001  0.000000e+000  5.680652e-001
    outer loop
      vertex  9.783590e+000  2.253000e-001  1.934219e+001
      vertex  9.441227e+000  1.222530e+001  1.983819e+001
      vertex  9.441227e+000  2.253000e-001  1.983819e+001
    endloop
  endfacet
  facet normal  9.350166e-001  -0.000000e+000  3.546038e-001
    outer loop
      vertex  9.441227e+000  2.253000e-001  1.983819e+001
      vertex  9.441227e+000  1.222530e+001  1.983819e+001
      vertex  9.227513e+000  1.222530e+001  2.040171e+001
    endloop
  endfacet
  facet normal  9.350166e-001  0.000000e+000  3.546038e-001
    outer loop
      vertex  9.441227e+000  2.253000e-001  1.983819e+001
      vertex  9.227513e+000  1.222530e+001  2.040171e+001
      vertex  9.227513e+000  2.253000e-001  2.040171e+001
    endloop
  endfacet
  facet normal  9.927087e-001  -0.000000e+000  1.205377e-001
    outer loop
      vertex  9.227513e+000  2.253000e-001  2.040171e+001
      vertex  9.227513e+000  1.222530e+001  2.040171e+001
      vertex  9.154867e+000  1.222530e+001  2.100000e+001
    endloop
  endfacet
  facet normal  9.927087e-001  0.000000e+000  1.205377e-001
    outer loop
      vertex  9.227513e+000  2.253000e-001  2.040171e+001
      vertex  9.154867e+000  1.222530e+001  2.100000e+001
      vertex  9.154867e+000  2.253000e-001  2.100000e+001
    endloop
  endfacet
  facet normal  2.393159e-001  0.000000e+000 -9.709418e-001
    outer loop
      vertex  1.135353e+001  1.222530e+001  2.348177e+001
      vertex  1.076836e+001  2.253000e-001  2.333754e+001
      vertex  1.076836e+001  1.222530e+001  2.333754e+001
    endloop
  endfacet
  facet normal  4.647231e-001  0.000000e+000 -8.854561e-001
    outer loop
      vertex  1.076836e+001  1.222530e+001  2.333754e+001
      vertex  1.076836e+001  2.253000e-001  2.333754e+001
      vertex  1.023471e+001  2.253000e-001  2.305746e+001
    endloop
  endfacet
  facet normal  4.647231e-001  0.000000e+000 -8.854561e-001
    outer loop
      vertex  1.076836e+001  1.222530e+001  2.333754e+001
      vertex  1.023471e+001  2.253000e-001  2.305746e+001
      vertex  1.023471e+001  1.222530e+001  2.305746e+001
    endloop
  endfacet
  facet normal  6.631216e-001  0.000000e+000 -7.485116e-001
    outer loop
      vertex  1.023471e+001  1.222530e+001  2.305746e+001
      vertex  1.023471e+001  2.253000e-001  2.305746e+001
      vertex  9.783590e+000  2.253000e-001  2.265781e+001
    endloop
  endfacet
  facet normal  6.631216e-001  0.000000e+000 -7.485116e-001
    outer loop
      vertex  1.023471e+001  1.222530e+001  2.305746e+001
      vertex  9.783590e+000  2.253000e-001  2.265781e+001
      vertex  9.783590e+000  1.222530e+001  2.265781e+001
    endloop
  endfacet
  facet normal  8.229836e-001  0.000000e+000 -5.680652e-001
    outer loop
      vertex  9.783590e+000  1.222530e+001  2.265781e+001
      vertex  9.783590e+000  2.253000e-001  2.265781e+001
      vertex  9.441227e+000  2.253000e-001  2.216181e+001
    endloop
  endfacet
  facet normal  8.229836e-001  0.000000e+000 -5.680652e-001
    outer loop
      vertex  9.783590e+000  1.222530e+001  2.265781e+001
      vertex  9.441227e+000  2.253000e-001  2.216181e+001
      vertex  9.441227e+000  1.222530e+001  2.216181e+001
    endloop
  endfacet
  facet normal  9.350166e-001  0.000000e+000 -3.546038e-001
    outer loop
      vertex  9.441227e+000  1.222530e+001  2.216181e+001
      vertex  9.441227e+000  2.253000e-001  2.216181e+001
      vertex  9.227513e+000  2.253000e-001  2.159829e+001
    endloop
  endfacet
  facet normal  9.350166e-001  0.000000e+000 -3.546038e-001
    outer loop
      vertex  9.441227e+000  1.222530e+001  2.216181e+001
      vertex  9.227513e+000  2.253000e-001  2.159829e+001
      vertex  9.227513e+000  1.222530e+001  2.159829e+001
    endloop
  endfacet
  facet normal  9.927087e-001  0.000000e+000 -1.205377e-001
    outer loop
      vertex  9.227513e+000  1.222530e+001  2.159829e+001
      vertex  9.227513e+000  2.253000e-001  2.159829e+001
      vertex  9.154867e+000  2.253000e-001  2.100000e+001
    endloop
  endfacet
  facet normal  9.927087e-001  0.000000e+000 -1.205377e-001
    outer loop
      vertex  9.227513e+000  1.222530e+001  2.159829e+001
      vertex  9.154867e+000  2.253000e-001  2.100000e+001
      vertex  9.154867e+000  1.222530e+001  2.100000e+001
    endloop
  endfacet
  facet normal  2.393159e-001  0.000000e+000 -9.709418e-001
    outer loop
      vertex  1.076836e+001  2.253000e-001  2.333754e+001
      vertex  1.135353e+001  1.222530e+001  2.348177e+001
      vertex  1.135353e+001  2.253000e-001  2.348177e+001
    endloop
  endfacet
  facet normal  0.000000e+000  0.000000e+000 -1.000000e+000
    outer loop
      vertex  1.135353e+001  2.253000e-001  2.348177e+001
      vertex  1.135353e+001  1.222530e+001  2.348177e+001
      vertex  1.195621e+001  1.222530e+001  2.348177e+001
    endloop
  endfacet
  facet normal  0.000000e+000  -0.000000e+000 -1.000000e+000
    outer loop
      vertex  1.135353e+001  2.253000e-001  2.348177e+001
      vertex  1.195621e+001  1.222530e+001  2.348177e+001
      vertex  1.195621e+001  2.253000e-001  2.348177e+001
    endloop
  endfacet
  facet normal -2.393159e-001  0.000000e+000 -9.709418e-001
    outer loop
      vertex  1.195621e+001  2.253000e-001  2.348177e+001
      vertex  1.195621e+001  1.222530e+001  2.348177e+001
      vertex  1.254138e+001  1.222530e+001  2.333754e+001
    endloop
  endfacet
  facet normal -2.393159e-001  -0.000000e+000 -9.709418e-001
    outer loop
      vertex  1.195621e+001  2.253000e-001  2.348177e+001
      vertex  1.254138e+001  1.222530e+001  2.333754e+001
      vertex  1.254138e+001  2.253000e-001  2.333754e+001
    endloop
  endfacet
  facet normal -4.647231e-001  0.000000e+000 -8.854561e-001
    outer loop
      vertex  1.254138e+001  2.253000e-001  2.333754e+001
      vertex  1.254138e+001  1.222530e+001  2.333754e+001
      vertex  1.307503e+001  1.222530e+001  2.305746e+001
    endloop
  endfacet
  facet normal -4.647231e-001  -0.000000e+000 -8.854561e-001
    outer loop
      vertex  1.254138e+001  2.253000e-001  2.333754e+001
      vertex  1.307503e+001  1.222530e+001  2.305746e+001
      vertex  1.307503e+001  2.253000e-001  2.305746e+001
    endloop
  endfacet
  facet normal -6.631225e-001  0.000000e+000 -7.485110e-001
    outer loop
      vertex  1.307503e+001  2.253000e-001  2.305746e+001
      vertex  1.307503e+001  1.222530e+001  2.305746e+001
      vertex  1.352614e+001  1.222530e+001  2.265781e+001
    endloop
  endfacet
  facet normal -6.631225e-001  -0.000000e+000 -7.485110e-001
    outer loop
      vertex  1.307503e+001  2.253000e-001  2.305746e+001
      vertex  1.352614e+001  1.222530e+001  2.265781e+001
      vertex  1.352614e+001  2.253000e-001  2.265781e+001
    endloop
  endfacet
  facet normal -8.229836e-001  0.000000e+000 -5.680652e-001
    outer loop
      vertex  1.352614e+001  2.253000e-001  2.265781e+001
      vertex  1.352614e+001  1.222530e+001  2.265781e+001
      vertex  1.386851e+001  1.222530e+001  2.216181e+001
    endloop
  endfacet
  facet normal -8.229836e-001  -0.000000e+000 -5.680652e-001
    outer loop
      vertex  1.352614e+001  2.253000e-001  2.265781e+001
      vertex  1.386851e+001  1.222530e+001  2.216181e+001
      vertex  1.386851e+001  2.253000e-001  2.216181e+001
    endloop
  endfacet
  facet normal -9.350162e-001  0.000000e+000 -3.546052e-001
    outer loop
      vertex  1.386851e+001  2.253000e-001  2.216181e+001
      vertex  1.386851e+001  1.222530e+001  2.216181e+001
      vertex  1.408222e+001  1.222530e+001  2.159829e+001
    endloop
  endfacet
  facet normal -9.350162e-001  -0.000000e+000 -3.546052e-001
    outer loop
      vertex  1.386851e+001  2.253000e-001  2.216181e+001
      vertex  1.408222e+001  1.222530e+001  2.159829e+001
      vertex  1.408222e+001  2.253000e-001  2.159829e+001
    endloop
  endfacet
  facet normal -9.927089e-001  0.000000e+000 -1.205362e-001
    outer loop
      vertex  1.408222e+001  2.253000e-001  2.159829e+001
      vertex  1.408222e+001  1.222530e+001  2.159829e+001
      vertex  1.415487e+001  1.222530e+001  2.100000e+001
    endloop
  endfacet
  facet normal -9.927089e-001  -0.000000e+000 -1.205362e-001
    outer loop
      vertex  1.408222e+001  2.253000e-001  2.159829e+001
      vertex  1.415487e+001  1.222530e+001  2.100000e+001
      vertex  1.415487e+001  2.253000e-001  2.100000e+001
    endloop
  endfacet
  facet normal -2.393159e-001  0.000000e+000  9.709418e-001
    outer loop
      vertex  1.195621e+001  1.222530e+001  1.051823e+001
      vertex  1.254138e+001  2.253000e-001  1.066246e+001
      vertex  1.254138e+001  1.222530e+001  1.066246e+001
    endloop
  endfacet
  facet normal -4.647231e-001  0.000000e+000  8.854561e-001
    outer loop
      vertex  1.254138e+001  1.222530e+001  1.066246e+001
      vertex  1.254138e+001  2.253000e-001  1.066246e+001
      vertex  1.307503e+001  2.253000e-001  1.094254e+001
    endloop
  endfacet
  facet normal -4.647231e-001  0.000000e+000  8.854561e-001
    outer loop
      vertex  1.254138e+001  1.222530e+001  1.066246e+001
      vertex  1.307503e+001  2.253000e-001  1.094254e+001
      vertex  1.307503e+001  1.222530e+001  1.094254e+001
    endloop
  endfacet
  facet normal -6.631234e-001  0.000000e+000  7.485102e-001
    outer loop
      vertex  1.307503e+001  1.222530e+001  1.094254e+001
      vertex  1.307503e+001  2.253000e-001  1.094254e+001
      vertex  1.352614e+001  2.253000e-001  1.134219e+001
    endloop
  endfacet
  facet normal -6.631234e-001  0.000000e+000  7.485102e-001
    outer loop
      vertex  1.307503e+001  1.222530e+001  1.094254e+001
      vertex  1.352614e+001  2.253000e-001  1.134219e+001
      vertex  1.352614e+001  1.222530e+001  1.134219e+001
    endloop
  endfacet
  facet normal -8.229836e-001  0.000000e+000  5.680652e-001
    outer loop
      vertex  1.352614e+001  1.222530e+001  1.134219e+001
      vertex  1.352614e+001  2.253000e-001  1.134219e+001
      vertex  1.386851e+001  2.253000e-001  1.183819e+001
    endloop
  endfacet
  facet normal -8.229836e-001  0.000000e+000  5.680652e-001
    outer loop
      vertex  1.352614e+001  1.222530e+001  1.134219e+001
      vertex  1.386851e+001  2.253000e-001  1.183819e+001
      vertex  1.386851e+001  1.222530e+001  1.183819e+001
    endloop
  endfacet
  facet normal -9.350162e-001  0.000000e+000  3.546052e-001
    outer loop
      vertex  1.386851e+001  1.222530e+001  1.183819e+001
      vertex  1.386851e+001  2.253000e-001  1.183819e+001
      vertex  1.408222e+001  2.253000e-001  1.240171e+001
    endloop
  endfacet
  facet normal -9.350162e-001  0.000000e+000  3.546052e-001
    outer loop
      vertex  1.386851e+001  1.222530e+001  1.183819e+001
      vertex  1.408222e+001  2.253000e-001  1.240171e+001
      vertex  1.408222e+001  1.222530e+001  1.240171e+001
    endloop
  endfacet
  facet normal -9.927089e-001  0.000000e+000  1.205362e-001
    outer loop
      vertex  1.408222e+001  1.222530e+001  1.240171e+001
      vertex  1.408222e+001  2.253000e-001  1.240171e+001
      vertex  1.415487e+001  2.253000e-001  1.300000e+001
    endloop
  endfacet
  facet normal -9.927089e-001  0.000000e+000  1.205362e-001
    outer loop
      vertex  1.408222e+001  1.222530e+001  1.240171e+001
      vertex  1.415487e+001  2.253000e-001  1.300000e+001
      vertex  1.415487e+001  1.222530e+001  1.300000e+001
    endloop
  endfacet
  facet normal -2.393159e-001  0.000000e+000  9.709418e-001
    outer loop
      vertex  1.254138e+001  2.253000e-001  1.066246e+001
      vertex  1.195621e+001  1.222530e+001  1.051823e+001
      vertex  1.195621e+001  2.253000e-001  1.051823e+001
    endloop
  endfacet
  facet normal  0.000000e+000  -0.000000e+000  1.000000e+000
    outer loop
      vertex  1.195621e+001  2.253000e-001  1.051823e+001
      vertex  1.195621e+001  1.222530e+001  1.051823e+001
      vertex  1.135353e+001  1.222530e+001  1.051823e+001
    endloop
  endfacet
  facet normal  0.000000e+000  0.000000e+000  1.000000e+000
    outer loop
      vertex  1.195621e+001  2.253000e-001  1.051823e+001
      vertex  1.135353e+001  1.222530e+001  1.051823e+001
      vertex  1.135353e+001  2.253000e-001  1.051823e+001
    endloop
  endfacet
  facet normal  2.393159e-001  -0.000000e+000  9.709418e-001
    outer loop
      vertex  1.135353e+001  2.253000e-001  1.051823e+001
      vertex  1.135353e+001  1.222530e+001  1.051823e+001
      vertex  1.076836e+001  1.222530e+001  1.066246e+001
    endloop
  endfacet
  facet normal  2.393159e-001  0.000000e+000  9.709418e-001
    outer loop
      vertex  1.135353e+001  2.253000e-001  1.051823e+001
      vertex  1.076836e+001  1.222530e+001  1.066246e+001
      vertex  1.076836e+001  2.253000e-001  1.066246e+001
    endloop
  endfacet
  facet normal  4.647231e-001  -0.000000e+000  8.854561e-001
    outer loop
      vertex  1.076836e+001  2.253000e-001  1.066246e+001
      vertex  1.076836e+001  1.222530e+001  1.066246e+001
      vertex  1.023471e+001  1.222530e+001  1.094254e+001
    endloop
  endfacet
  facet normal  4.647231e-001  0.000000e+000  8.854561e-001
    outer loop
      vertex  1.076836e+001  2.253000e-001  1.066246e+001
      vertex  1.023471e+001  1.222530e+001  1.094254e+001
      vertex  1.023471e+001  2.253000e-001  1.094254e+001
    endloop
  endfacet
  facet normal  6.631225e-001  -0.000000e+000  7.485108e-001
    outer loop
      vertex  1.023471e+001  2.253000e-001  1.094254e+001
      vertex  1.023471e+001  1.222530e+001  1.094254e+001
      vertex  9.783590e+000  1.222530e+001  1.134219e+001
    endloop
  endfacet
  facet normal  6.631225e-001  0.000000e+000  7.485108e-001
    outer loop
      vertex  1.023471e+001  2.253000e-001  1.094254e+001
      vertex  9.783590e+000  1.222530e+001  1.134219e+001
      vertex  9.783590e+000  2.253000e-001  1.134219e+001
    endloop
  endfacet
  facet normal  8.229836e-001  -0.000000e+000  5.680652e-001
    outer loop
      vertex  9.783590e+000  2.253000e-001  1.134219e+001
      vertex  9.783590e+000  1.222530e+001  1.134219e+001
      vertex  9.441227e+000  1.222530e+001  1.183819e+001
    endloop
  endfacet
  facet normal  8.229836e-001  0.000000e+000  5.680652e-001
    outer loop
      vertex  9.783590e+000  2.253000e-001  1.134219e+001
      vertex  9.441227e+000  1.222530e+001  1.183819e+001
      vertex  9.441227e+000  2.253000e-001  1.183819e+001
    endloop
  endfacet
  facet normal  9.350166e-001  -0.000000e+000  3.546038e-001
    outer loop
      vertex  9.441227e+000  2.253000e-001  1.183819e+001
      vertex  9.441227e+000  1.222530e+001  1.183819e+001
      vertex  9.227513e+000  1.222530e+001  1.240171e+001
    endloop
  endfacet
  facet normal  9.350166e-001  0.000000e+000  3.546038e-001
    outer loop
      vertex  9.441227e+000  2.253000e-001  1.183819e+001
      vertex  9.227513e+000  1.222530e+001  1.240171e+001
      vertex  9.227513e+000  2.253000e-001  1.240171e+001
    endloop
  endfacet
  facet normal  9.927087e-001  -0.000000e+000  1.205377e-001
    outer loop
      vertex  9.227513e+000  2.253000e-001  1.240171e+001
      vertex  9.227513e+000  1.222530e+001  1.240171e+001
      vertex  9.154867e+000  1.222530e+001  1.300000e+001
    endloop
  endfacet
  facet normal  9.927087e-001  0.000000e+000  1.205377e-001
    outer loop
      vertex  9.227513e+000  2.253000e-001  1.240171e+001
      vertex  9.154867e+000  1.222530e+001  1.300000e+001
      vertex  9.154867e+000  2.253000e-001  1.300000e+001
    endloop
  endfacet
  facet normal  2.393159e-001  0.000000e+000 -9.709418e-001
    outer loop
      vertex  1.135353e+001  1.222530e+001  1.548177e+001
      vertex  1.076836e+001  2.253000e-001  1.533754e+001
      vertex  1.076836e+001  1.222530e+001  1.533754e+001
    endloop
  endfacet
  facet normal  4.647231e-001  0.000000e+000 -8.854561e-001
    outer loop
      vertex  1.076836e+001  1.222530e+001  1.533754e+001
      vertex  1.076836e+001  2.253000e-001  1.533754e+001
      vertex  1.023471e+001  2.253000e-001  1.505746e+001
    endloop
  endfacet
  facet normal  4.647231e-001  0.000000e+000 -8.854561e-001
    outer loop
      vertex  1.076836e+001  1.222530e+001  1.533754e+001
      vertex  1.023471e+001  2.253000e-001  1.505746e+001
      vertex  1.023471e+001  1.222530e+001  1.505746e+001
    endloop
  endfacet
  facet normal  6.631225e-001  0.000000e+000 -7.485108e-001
    outer loop
      vertex  1.023471e+001  1.222530e+001  1.505746e+001
      vertex  1.023471e+001  2.253000e-001  1.505746e+001
      vertex  9.783590e+000  2.253000e-001  1.465781e+001
    endloop
  endfacet
  facet normal  6.631225e-001  0.000000e+000 -7.485108e-001
    outer loop
      vertex  1.023471e+001  1.222530e+001  1.505746e+001
      vertex  9.783590e+000  2.253000e-001  1.465781e+001
      vertex  9.783590e+000  1.222530e+001  1.465781e+001
    endloop
  endfacet
  facet normal  8.229836e-001  0.000000e+000 -5.680652e-001
    outer loop
      vertex  9.783590e+000  1.222530e+001  1.465781e+001
      vertex  9.783590e+000  2.253000e-001  1.465781e+001
      vertex  9.441227e+000  2.253000e-001  1.416181e+001
    endloop
  endfacet
  facet normal  8.229836e-001  0.000000e+000 -5.680652e-001
    outer loop
      vertex  9.783590e+000  1.222530e+001  1.465781e+001
      vertex  9.441227e+000  2.253000e-001  1.416181e+001
      vertex  9.441227e+000  1.222530e+001  1.416181e+001
    endloop
  endfacet
  facet normal  9.350166e-001  0.000000e+000 -3.546038e-001
    outer loop
      vertex  9.441227e+000  1.222530e+001  1.416181e+001
      vertex  9.441227e+000  2.253000e-001  1.416181e+001
      vertex  9.227513e+000  2.253000e-001  1.359829e+001
    endloop
  endfacet
  facet normal  9.350166e-001  0.000000e+000 -3.546038e-001
    outer loop
      vertex  9.441227e+000  1.222530e+001  1.416181e+001
      vertex  9.227513e+000  2.253000e-001  1.359829e+001
      vertex  9.227513e+000  1.222530e+001  1.359829e+001
    endloop
  endfacet
  facet normal  9.927087e-001  0.000000e+000 -1.205377e-001
    outer loop
      vertex  9.227513e+000  1.222530e+001  1.359829e+001
      vertex  9.227513e+000  2.253000e-001  1.359829e+001
      vertex  9.154867e+000  2.253000e-001  1.300000e+001
    endloop
  endfacet
  facet normal  9.927087e-001  0.000000e+000 -1.205377e-001
    outer loop
      vertex  9.227513e+000  1.222530e+001  1.359829e+001
      vertex  9.154867e+000  2.253000e-001  1.300000e+001
      vertex  9.154867e+000  1.222530e+001  1.300000e+001
    endloop
  endfacet
  facet normal  2.393159e-001  0.000000e+000 -9.709418e-001
    outer loop
      vertex  1.076836e+001  2.253000e-001  1.533754e+001
      vertex  1.135353e+001  1.222530e+001  1.548177e+001
      vertex  1.135353e+001  2.253000e-001  1.548177e+001
    endloop
  endfacet
  facet normal  0.000000e+000  0.000000e+000 -1.000000e+000
    outer loop
      vertex  1.135353e+001  2.253000e-001  1.548177e+001
      vertex  1.135353e+001  1.222530e+001  1.548177e+001
      vertex  1.195621e+001  1.222530e+001  1.548177e+001
    endloop
  endfacet
  facet normal  0.000000e+000  -0.000000e+000 -1.000000e+000
    outer loop
      vertex  1.135353e+001  2.253000e-001  1.548177e+001
      vertex  1.195621e+001  1.222530e+001  1.548177e+001
      vertex  1.195621e+001  2.253000e-001  1.548177e+001
    endloop
  endfacet
  facet normal -2.393159e-001  0.000000e+000 -9.709418e-001
    outer loop
      vertex  1.195621e+001  2.253000e-001  1.548177e+001
      vertex  1.195621e+001  1.222530e+001  1.548177e+001
      vertex  1.254138e+001  1.222530e+001  1.533754e+001
    endloop
  endfacet
  facet normal -2.393159e-001  -0.000000e+000 -9.709418e-001
    outer loop
      vertex  1.195621e+001  2.253000e-001  1.548177e+001
      vertex  1.254138e+001  1.222530e+001  1.533754e+001
      vertex  1.254138e+001  2.253000e-001  1.533754e+001
    endloop
  endfacet
  facet normal -4.647231e-001  0.000000e+000 -8.854561e-001
    outer loop
      vertex  1.254138e+001  2.253000e-001  1.533754e+001
      vertex  1.254138e+001  1.222530e+001  1.533754e+001
      vertex  1.307503e+001  1.222530e+001  1.505746e+001
    endloop
  endfacet
  facet normal -4.647231e-001  -0.000000e+000 -8.854561e-001
    outer loop
      vertex  1.254138e+001  2.253000e-001  1.533754e+001
      vertex  1.307503e+001  1.222530e+001  1.505746e+001
      vertex  1.307503e+001  2.253000e-001  1.505746e+001
    endloop
  endfacet
  facet normal -6.631234e-001  0.000000e+000 -7.485102e-001
    outer loop
      vertex  1.307503e+001  2.253000e-001  1.505746e+001
      vertex  1.307503e+001  1.222530e+001  1.505746e+001
      vertex  1.352614e+001  1.222530e+001  1.465781e+001
    endloop
  endfacet
  facet normal -6.631234e-001  -0.000000e+000 -7.485102e-001
    outer loop
      vertex  1.307503e+001  2.253000e-001  1.505746e+001
      vertex  1.352614e+001  1.222530e+001  1.465781e+001
      vertex  1.352614e+001  2.253000e-001  1.465781e+001
    endloop
  endfacet
  facet normal -8.229836e-001  0.000000e+000 -5.680652e-001
    outer loop
      vertex  1.352614e+001  2.253000e-001  1.465781e+001
      vertex  1.352614e+001  1.222530e+001  1.465781e+001
      vertex  1.386851e+001  1.222530e+001  1.416181e+001
    endloop
  endfacet
  facet normal -8.229836e-001  -0.000000e+000 -5.680652e-001
    outer loop
      vertex  1.352614e+001  2.253000e-001  1.465781e+001
      vertex  1.386851e+001  1.222530e+001  1.416181e+001
      vertex  1.386851e+001  2.253000e-001  1.416181e+001
    endloop
  endfacet
  facet normal -9.350162e-001  0.000000e+000 -3.546052e-001
    outer loop
      vertex  1.386851e+001  2.253000e-001  1.416181e+001
      vertex  1.386851e+001  1.222530e+001  1.416181e+001
      vertex  1.408222e+001  1.222530e+001  1.359829e+001
    endloop
  endfacet
  facet normal -9.350162e-001  -0.000000e+000 -3.546052e-001
    outer loop
      vertex  1.386851e+001  2.253000e-001  1.416181e+001
      vertex  1.408222e+001  1.222530e+001  1.359829e+001
      vertex  1.408222e+001  2.253000e-001  1.359829e+001
    endloop
  endfacet
  facet normal -9.927089e-001  0.000000e+000 -1.205362e-001
    outer loop
      vertex  1.408222e+001  2.253000e-001  1.359829e+001
      vertex  1.408222e+001  1.222530e+001  1.359829e+001
      vertex  1.415487e+001  1.222530e+001  1.300000e+001
    endloop
  endfacet
  facet normal -9.927089e-001  -0.000000e+000 -1.205362e-001
    outer loop
      vertex  1.408222e+001  2.253000e-001  1.359829e+001
      vertex  1.415487e+001  1.222530e+001  1.300000e+001
      vertex  1.415487e+001  2.253000e-001  1.300000e+001
    endloop
  endfacet
  facet normal -2.393159e-001  0.000000e+000  9.709418e-001
    outer loop
      vertex  4.301342e+000  1.222530e+001  1.051823e+001
      vertex  4.886512e+000  2.253000e-001  1.066246e+001
      vertex  4.886512e+000  1.222530e+001  1.066246e+001
    endloop
  endfacet
  facet normal -4.647231e-001  0.000000e+000  8.854561e-001
    outer loop
      vertex  4.886512e+000  1.222530e+001  1.066246e+001
      vertex  4.886512e+000  2.253000e-001  1.066246e+001
      vertex  5.420162e+000  2.253000e-001  1.094254e+001
    endloop
  endfacet
  facet normal -4.647231e-001  0.000000e+000  8.854561e-001
    outer loop
      vertex  4.886512e+000  1.222530e+001  1.066246e+001
      vertex  5.420162e+000  2.253000e-001  1.094254e+001
      vertex  5.420162e+000  1.222530e+001  1.094254e+001
    endloop
  endfacet
  facet normal -6.631229e-001  0.000000e+000  7.485105e-001
    outer loop
      vertex  5.420162e+000  1.222530e+001  1.094254e+001
      vertex  5.420162e+000  2.253000e-001  1.094254e+001
      vertex  5.871277e+000  2.253000e-001  1.134219e+001
    endloop
  endfacet
  facet normal -6.631229e-001  0.000000e+000  7.485105e-001
    outer loop
      vertex  5.420162e+000  1.222530e+001  1.094254e+001
      vertex  5.871277e+000  2.253000e-001  1.134219e+001
      vertex  5.871277e+000  1.222530e+001  1.134219e+001
    endloop
  endfacet
  facet normal -8.229836e-001  0.000000e+000  5.680652e-001
    outer loop
      vertex  5.871277e+000  1.222530e+001  1.134219e+001
      vertex  5.871277e+000  2.253000e-001  1.134219e+001
      vertex  6.213640e+000  2.253000e-001  1.183819e+001
    endloop
  endfacet
  facet normal -8.229836e-001  0.000000e+000  5.680652e-001
    outer loop
      vertex  5.871277e+000  1.222530e+001  1.134219e+001
      vertex  6.213640e+000  2.253000e-001  1.183819e+001
      vertex  6.213640e+000  1.222530e+001  1.183819e+001
    endloop
  endfacet
  facet normal -9.350165e-001  0.000000e+000  3.546045e-001
    outer loop
      vertex  6.213640e+000  1.222530e+001  1.183819e+001
      vertex  6.213640e+000  2.253000e-001  1.183819e+001
      vertex  6.427354e+000  2.253000e-001  1.240171e+001
    endloop
  endfacet
  facet normal -9.350165e-001  0.000000e+000  3.546045e-001
    outer loop
      vertex  6.213640e+000  1.222530e+001  1.183819e+001
      vertex  6.427354e+000  2.253000e-001  1.240171e+001
      vertex  6.427354e+000  1.222530e+001  1.240171e+001
    endloop
  endfacet
  facet normal -9.927089e-001  0.000000e+000  1.205370e-001
    outer loop
      vertex  6.427354e+000  1.222530e+001  1.240171e+001
      vertex  6.427354e+000  2.253000e-001  1.240171e+001
      vertex  6.500000e+000  2.253000e-001  1.300000e+001
    endloop
  endfacet
  facet normal -9.927089e-001  0.000000e+000  1.205370e-001
    outer loop
      vertex  6.427354e+000  1.222530e+001  1.240171e+001
      vertex  6.500000e+000  2.253000e-001  1.300000e+001
      vertex  6.500000e+000  1.222530e+001  1.300000e+001
    endloop
  endfacet
  facet normal -2.393159e-001  0.000000e+000  9.709418e-001
    outer loop
      vertex  4.886512e+000  2.253000e-001  1.066246e+001
      vertex  4.301342e+000  1.222530e+001  1.051823e+001
      vertex  4.301342e+000  2.253000e-001  1.051823e+001
    endloop
  endfacet
  facet normal  0.000000e+000  -0.000000e+000  9.999999e-001
    outer loop
      vertex  4.301342e+000  2.253000e-001  1.051823e+001
      vertex  4.301342e+000  1.222530e+001  1.051823e+001
      vertex  3.698658e+000  1.222530e+001  1.051823e+001
    endloop
  endfacet
  facet normal  0.000000e+000  0.000000e+000  9.999999e-001
    outer loop
      vertex  4.301342e+000  2.253000e-001  1.051823e+001
      vertex  3.698658e+000  1.222530e+001  1.051823e+001
      vertex  3.698658e+000  2.253000e-001  1.051823e+001
    endloop
  endfacet
  facet normal  2.393160e-001  -0.000000e+000  9.709417e-001
    outer loop
      vertex  3.698658e+000  2.253000e-001  1.051823e+001
      vertex  3.698658e+000  1.222530e+001  1.051823e+001
      vertex  3.113488e+000  1.222530e+001  1.066246e+001
    endloop
  endfacet
  facet normal  2.393160e-001  0.000000e+000  9.709417e-001
    outer loop
      vertex  3.698658e+000  2.253000e-001  1.051823e+001
      vertex  3.113488e+000  1.222530e+001  1.066246e+001
      vertex  3.113488e+000  2.253000e-001  1.066246e+001
    endloop
  endfacet
  facet normal  4.647230e-001  -0.000000e+000  8.854562e-001
    outer loop
      vertex  3.113488e+000  2.253000e-001  1.066246e+001
      vertex  3.113488e+000  1.222530e+001  1.066246e+001
      vertex  2.579838e+000  1.222530e+001  1.094254e+001
    endloop
  endfacet
  facet normal  4.647230e-001  0.000000e+000  8.854562e-001
    outer loop
      vertex  3.113488e+000  2.253000e-001  1.066246e+001
      vertex  2.579838e+000  1.222530e+001  1.094254e+001
      vertex  2.579838e+000  2.253000e-001  1.094254e+001
    endloop
  endfacet
  facet normal  6.631231e-001  -0.000000e+000  7.485103e-001
    outer loop
      vertex  2.579838e+000  2.253000e-001  1.094254e+001
      vertex  2.579838e+000  1.222530e+001  1.094254e+001
      vertex  2.128723e+000  1.222530e+001  1.134219e+001
    endloop
  endfacet
  facet normal  6.631231e-001  0.000000e+000  7.485103e-001
    outer loop
      vertex  2.579838e+000  2.253000e-001  1.094254e+001
      vertex  2.128723e+000  1.222530e+001  1.134219e+001
      vertex  2.128723e+000  2.253000e-001  1.134219e+001
    endloop
  endfacet
  facet normal  8.229837e-001  -0.000000e+000  5.680650e-001
    outer loop
      vertex  2.128723e+000  2.253000e-001  1.134219e+001
      vertex  2.128723e+000  1.222530e+001  1.134219e+001
      vertex  1.786360e+000  1.222530e+001  1.183819e+001
    endloop
  endfacet
  facet normal  8.229837e-001  0.000000e+000  5.680650e-001
    outer loop
      vertex  2.128723e+000  2.253000e-001  1.134219e+001
      vertex  1.786360e+000  1.222530e+001  1.183819e+001
      vertex  1.786360e+000  2.253000e-001  1.183819e+001
    endloop
  endfacet
  facet normal  9.350162e-001  -0.000000e+000  3.546050e-001
    outer loop
      vertex  1.786360e+000  2.253000e-001  1.183819e+001
      vertex  1.786360e+000  1.222530e+001  1.183819e+001
      vertex  1.572645e+000  1.222530e+001  1.240171e+001
    endloop
  endfacet
  facet normal  9.350162e-001  0.000000e+000  3.546050e-001
    outer loop
      vertex  1.786360e+000  2.253000e-001  1.183819e+001
      vertex  1.572645e+000  1.222530e+001  1.240171e+001
      vertex  1.572645e+000  2.253000e-001  1.240171e+001
    endloop
  endfacet
  facet normal  9.927089e-001  -0.000000e+000  1.205366e-001
    outer loop
      vertex  1.572645e+000  2.253000e-001  1.240171e+001
      vertex  1.572645e+000  1.222530e+001  1.240171e+001
      vertex  1.500000e+000  1.222530e+001  1.300000e+001
    endloop
  endfacet
  facet normal  9.927089e-001  0.000000e+000  1.205366e-001
    outer loop
      vertex  1.572645e+000  2.253000e-001  1.240171e+001
      vertex  1.500000e+000  1.222530e+001  1.300000e+001
      vertex  1.500000e+000  2.253000e-001  1.300000e+001
    endloop
  endfacet
  facet normal  2.393160e-001  0.000000e+000 -9.709417e-001
    outer loop
      vertex  3.698658e+000  1.222530e+001  1.548177e+001
      vertex  3.113488e+000  2.253000e-001  1.533754e+001
      vertex  3.113488e+000  1.222530e+001  1.533754e+001
    endloop
  endfacet
  facet normal  4.647230e-001  0.000000e+000 -8.854562e-001
    outer loop
      vertex  3.113488e+000  1.222530e+001  1.533754e+001
      vertex  3.113488e+000  2.253000e-001  1.533754e+001
      vertex  2.579838e+000  2.253000e-001  1.505746e+001
    endloop
  endfacet
  facet normal  4.647230e-001  0.000000e+000 -8.854562e-001
    outer loop
      vertex  3.113488e+000  1.222530e+001  1.533754e+001
      vertex  2.579838e+000  2.253000e-001  1.505746e+001
      vertex  2.579838e+000  1.222530e+001  1.505746e+001
    endloop
  endfacet
  facet normal  6.631231e-001  0.000000e+000 -7.485103e-001
    outer loop
      vertex  2.579838e+000  1.222530e+001  1.505746e+001
      vertex  2.579838e+000  2.253000e-001  1.505746e+001
      vertex  2.128723e+000  2.253000e-001  1.465781e+001
    endloop
  endfacet
  facet normal  6.631231e-001  0.000000e+000 -7.485103e-001
    outer loop
      vertex  2.579838e+000  1.222530e+001  1.505746e+001
      vertex  2.128723e+000  2.253000e-001  1.465781e+001
      vertex  2.128723e+000  1.222530e+001  1.465781e+001
    endloop
  endfacet
  facet normal  8.229837e-001  0.000000e+000 -5.680650e-001
    outer loop
      vertex  2.128723e+000  1.222530e+001  1.465781e+001
      vertex  2.128723e+000  2.253000e-001  1.465781e+001
      vertex  1.786360e+000  2.253000e-001  1.416181e+001
    endloop
  endfacet
  facet normal  8.229837e-001  0.000000e+000 -5.680650e-001
    outer loop
      vertex  2.128723e+000  1.222530e+001  1.465781e+001
      vertex  1.786360e+000  2.253000e-001  1.416181e+001
      vertex  1.786360e+000  1.222530e+001  1.416181e+001
    endloop
  endfacet
  facet normal  9.350162e-001  0.000000e+000 -3.546050e-001
    outer loop
      vertex  1.786360e+000  1.222530e+001  1.416181e+001
      vertex  1.786360e+000  2.253000e-001  1.416181e+001
      vertex  1.572645e+000  2.253000e-001  1.359829e+001
    endloop
  endfacet
  facet normal  9.350162e-001  0.000000e+000 -3.546050e-001
    outer loop
      vertex  1.786360e+000  1.222530e+001  1.416181e+001
      vertex  1.572645e+000  2.253000e-001  1.359829e+001
      vertex  1.572645e+000  1.222530e+001  1.359829e+001
    endloop
  endfacet
  facet normal  9.927089e-001  0.000000e+000 -1.205366e-001
    outer loop
      vertex  1.572645e+000  1.222530e+001  1.359829e+001
      vertex  1.572645e+000  2.253000e-001  1.359829e+001
      vertex  1.500000e+000  2.253000e-001  1.300000e+001
    endloop
  endfacet
  facet normal  9.927089e-001  0.000000e+000 -1.205366e-001
    outer loop
      vertex  1.572645e+000  1.222530e+001  1.359829e+001
      vertex  1.500000e+000  2.253000e-001  1.300000e+001
      vertex  1.500000e+000  1.222530e+001  1.300000e+001
    endloop
  endfacet
  facet normal  2.393160e-001  0.000000e+000 -9.709417e-001
    outer loop
      vertex  3.113488e+000  2.253000e-001  1.533754e+001
      vertex  3.698658e+000  1.222530e+001  1.548177e+001
      vertex  3.698658e+000  2.253000e-001  1.548177e+001
    endloop
  endfacet
  facet normal  0.000000e+000  0.000000e+000 -9.999999e-001
    outer loop
      vertex  3.698658e+000  2.253000e-001  1.548177e+001
      vertex  3.698658e+000  1.222530e+001  1.548177e+001
      vertex  4.301342e+000  1.222530e+001  1.548177e+001
    endloop
  endfacet
  facet normal  0.000000e+000  -0.000000e+000 -9.999999e-001
    outer loop
      vertex  3.698658e+000  2.253000e-001  1.548177e+001
      vertex  4.301342e+000  1.222530e+001  1.548177e+001
      vertex  4.301342e+000  2.253000e-001  1.548177e+001
    endloop
  endfacet
  facet normal -2.393159e-001  0.000000e+000 -9.709418e-001
    outer loop
      vertex  4.301342e+000  2.253000e-001  1.548177e+001
      vertex  4.301342e+000  1.222530e+001  1.548177e+001
      vertex  4.886512e+000  1.222530e+001  1.533754e+001
    endloop
  endfacet
  facet normal -2.393159e-001  -0.000000e+000 -9.709418e-001
    outer loop
      vertex  4.301342e+000  2.253000e-001  1.548177e+001
      vertex  4.886512e+000  1.222530e+001  1.533754e+001
      vertex  4.886512e+000  2.253000e-001  1.533754e+001
    endloop
  endfacet
  facet normal -4.647231e-001  0.000000e+000 -8.854561e-001
    outer loop
      vertex  4.886512e+000  2.253000e-001  1.533754e+001
      vertex  4.886512e+000  1.222530e+001  1.533754e+001
      vertex  5.420162e+000  1.222530e+001  1.505746e+001
    endloop
  endfacet
  facet normal -4.647231e-001  -0.000000e+000 -8.854561e-001
    outer loop
      vertex  4.886512e+000  2.253000e-001  1.533754e+001
      vertex  5.420162e+000  1.222530e+001  1.505746e+001
      vertex  5.420162e+000  2.253000e-001  1.505746e+001
    endloop
  endfacet
  facet normal -6.631229e-001  0.000000e+000 -7.485105e-001
    outer loop
      vertex  5.420162e+000  2.253000e-001  1.505746e+001
      vertex  5.420162e+000  1.222530e+001  1.505746e+001
      vertex  5.871277e+000  1.222530e+001  1.465781e+001
    endloop
  endfacet
  facet normal -6.631229e-001  -0.000000e+000 -7.485105e-001
    outer loop
      vertex  5.420162e+000  2.253000e-001  1.505746e+001
      vertex  5.871277e+000  1.222530e+001  1.465781e+001
      vertex  5.871277e+000  2.253000e-001  1.465781e+001
    endloop
  endfacet
  facet normal -8.229836e-001  0.000000e+000 -5.680652e-001
    outer loop
      vertex  5.871277e+000  2.253000e-001  1.465781e+001
      vertex  5.871277e+000  1.222530e+001  1.465781e+001
      vertex  6.213640e+000  1.222530e+001  1.416181e+001
    endloop
  endfacet
  facet normal -8.229836e-001  -0.000000e+000 -5.680652e-001
    outer loop
      vertex  5.871277e+000  2.253000e-001  1.465781e+001
      vertex  6.213640e+000  1.222530e+001  1.416181e+001
      vertex  6.213640e+000  2.253000e-001  1.416181e+001
    endloop
  endfacet
  facet normal -9.350165e-001  0.000000e+000 -3.546045e-001
    outer loop
      vertex  6.213640e+000  2.253000e-001  1.416181e+001
      vertex  6.213640e+000  1.222530e+001  1.416181e+001
      vertex  6.427354e+000  1.222530e+001  1.359829e+001
    endloop
  endfacet
  facet normal -9.350165e-001  -0.000000e+000 -3.546045e-001
    outer loop
      vertex  6.213640e+000  2.253000e-001  1.416181e+001
      vertex  6.427354e+000  1.222530e+001  1.359829e+001
      vertex  6.427354e+000  2.253000e-001  1.359829e+001
    endloop
  endfacet
  facet normal -9.927089e-001  0.000000e+000 -1.205370e-001
    outer loop
      vertex  6.427354e+000  2.253000e-001  1.359829e+001
      vertex  6.427354e+000  1.222530e+001  1.359829e+001
      vertex  6.500000e+000  1.222530e+001  1.300000e+001
    endloop
  endfacet
  facet normal -9.927089e-001  -0.000000e+000 -1.205370e-001
    outer loop
      vertex  6.427354e+000  2.253000e-001  1.359829e+001
      vertex  6.500000e+000  1.222530e+001  1.300000e+001
      vertex  6.500000e+000  2.253000e-001  1.300000e+001
    endloop
  endfacet
  facet normal -2.393159e-001  0.000000e+000  9.709418e-001
    outer loop
      vertex  4.301342e+000  1.222530e+001  1.851823e+001
      vertex  4.886512e+000  2.253000e-001  1.866246e+001
      vertex  4.886512e+000  1.222530e+001  1.866246e+001
    endloop
  endfacet
  facet normal -4.647231e-001  0.000000e+000  8.854561e-001
    outer loop
      vertex  4.886512e+000  1.222530e+001  1.866246e+001
      vertex  4.886512e+000  2.253000e-001  1.866246e+001
      vertex  5.420162e+000  2.253000e-001  1.894254e+001
    endloop
  endfacet
  facet normal -4.647231e-001  0.000000e+000  8.854561e-001
    outer loop
      vertex  4.886512e+000  1.222530e+001  1.866246e+001
      vertex  5.420162e+000  2.253000e-001  1.894254e+001
      vertex  5.420162e+000  1.222530e+001  1.894254e+001
    endloop
  endfacet
  facet normal -6.631221e-001  0.000000e+000  7.485113e-001
    outer loop
      vertex  5.420162e+000  1.222530e+001  1.894254e+001
      vertex  5.420162e+000  2.253000e-001  1.894254e+001
      vertex  5.871277e+000  2.253000e-001  1.934219e+001
    endloop
  endfacet
  facet normal -6.631221e-001  0.000000e+000  7.485113e-001
    outer loop
      vertex  5.420162e+000  1.222530e+001  1.894254e+001
      vertex  5.871277e+000  2.253000e-001  1.934219e+001
      vertex  5.871277e+000  1.222530e+001  1.934219e+001
    endloop
  endfacet
  facet normal -8.229836e-001  0.000000e+000  5.680652e-001
    outer loop
      vertex  5.871277e+000  1.222530e+001  1.934219e+001
      vertex  5.871277e+000  2.253000e-001  1.934219e+001
      vertex  6.213640e+000  2.253000e-001  1.983819e+001
    endloop
  endfacet
  facet normal -8.229836e-001  0.000000e+000  5.680652e-001
    outer loop
      vertex  5.871277e+000  1.222530e+001  1.934219e+001
      vertex  6.213640e+000  2.253000e-001  1.983819e+001
      vertex  6.213640e+000  1.222530e+001  1.983819e+001
    endloop
  endfacet
  facet normal -9.350165e-001  0.000000e+000  3.546045e-001
    outer loop
      vertex  6.213640e+000  1.222530e+001  1.983819e+001
      vertex  6.213640e+000  2.253000e-001  1.983819e+001
      vertex  6.427354e+000  2.253000e-001  2.040171e+001
    endloop
  endfacet
  facet normal -9.350165e-001  0.000000e+000  3.546045e-001
    outer loop
      vertex  6.213640e+000  1.222530e+001  1.983819e+001
      vertex  6.427354e+000  2.253000e-001  2.040171e+001
      vertex  6.427354e+000  1.222530e+001  2.040171e+001
    endloop
  endfacet
  facet normal -9.927089e-001  0.000000e+000  1.205370e-001
    outer loop
      vertex  6.427354e+000  1.222530e+001  2.040171e+001
      vertex  6.427354e+000  2.253000e-001  2.040171e+001
      vertex  6.500000e+000  2.253000e-001  2.100000e+001
    endloop
  endfacet
  facet normal -9.927089e-001  0.000000e+000  1.205370e-001
    outer loop
      vertex  6.427354e+000  1.222530e+001  2.040171e+001
      vertex  6.500000e+000  2.253000e-001  2.100000e+001
      vertex  6.500000e+000  1.222530e+001  2.100000e+001
    endloop
  endfacet
  facet normal -2.393159e-001  0.000000e+000  9.709418e-001
    outer loop
      vertex  4.886512e+000  2.253000e-001  1.866246e+001
      vertex  4.301342e+000  1.222530e+001  1.851823e+001
      vertex  4.301342e+000  2.253000e-001  1.851823e+001
    endloop
  endfacet
  facet normal  0.000000e+000  -0.000000e+000  9.999999e-001
    outer loop
      vertex  4.301342e+000  2.253000e-001  1.851823e+001
      vertex  4.301342e+000  1.222530e+001  1.851823e+001
      vertex  3.698658e+000  1.222530e+001  1.851823e+001
    endloop
  endfacet
  facet normal  0.000000e+000  0.000000e+000  9.999999e-001
    outer loop
      vertex  4.301342e+000  2.253000e-001  1.851823e+001
      vertex  3.698658e+000  1.222530e+001  1.851823e+001
      vertex  3.698658e+000  2.253000e-001  1.851823e+001
    endloop
  endfacet
  facet normal  2.393160e-001  -0.000000e+000  9.709417e-001
    outer loop
      vertex  3.698658e+000  2.253000e-001  1.851823e+001
      vertex  3.698658e+000  1.222530e+001  1.851823e+001
      vertex  3.113488e+000  1.222530e+001  1.866246e+001
    endloop
  endfacet
  facet normal  2.393160e-001  0.000000e+000  9.709417e-001
    outer loop
      vertex  3.698658e+000  2.253000e-001  1.851823e+001
      vertex  3.113488e+000  1.222530e+001  1.866246e+001
      vertex  3.113488e+000  2.253000e-001  1.866246e+001
    endloop
  endfacet
  facet normal  4.647230e-001  -0.000000e+000  8.854562e-001
    outer loop
      vertex  3.113488e+000  2.253000e-001  1.866246e+001
      vertex  3.113488e+000  1.222530e+001  1.866246e+001
      vertex  2.579838e+000  1.222530e+001  1.894254e+001
    endloop
  endfacet
  facet normal  4.647230e-001  0.000000e+000  8.854562e-001
    outer loop
      vertex  3.113488e+000  2.253000e-001  1.866246e+001
      vertex  2.579838e+000  1.222530e+001  1.894254e+001
      vertex  2.579838e+000  2.253000e-001  1.894254e+001
    endloop
  endfacet
  facet normal  6.631223e-001  -0.000000e+000  7.485111e-001
    outer loop
      vertex  2.579838e+000  2.253000e-001  1.894254e+001
      vertex  2.579838e+000  1.222530e+001  1.894254e+001
      vertex  2.128723e+000  1.222530e+001  1.934219e+001
    endloop
  endfacet
  facet normal  6.631223e-001  0.000000e+000  7.485111e-001
    outer loop
      vertex  2.579838e+000  2.253000e-001  1.894254e+001
      vertex  2.128723e+000  1.222530e+001  1.934219e+001
      vertex  2.128723e+000  2.253000e-001  1.934219e+001
    endloop
  endfacet
  facet normal  8.229837e-001  -0.000000e+000  5.680650e-001
    outer loop
      vertex  2.128723e+000  2.253000e-001  1.934219e+001
      vertex  2.128723e+000  1.222530e+001  1.934219e+001
      vertex  1.786360e+000  1.222530e+001  1.983819e+001
    endloop
  endfacet
  facet normal  8.229837e-001  0.000000e+000  5.680650e-001
    outer loop
      vertex  2.128723e+000  2.253000e-001  1.934219e+001
      vertex  1.786360e+000  1.222530e+001  1.983819e+001
      vertex  1.786360e+000  2.253000e-001  1.983819e+001
    endloop
  endfacet
  facet normal  9.350162e-001  -0.000000e+000  3.546050e-001
    outer loop
      vertex  1.786360e+000  2.253000e-001  1.983819e+001
      vertex  1.786360e+000  1.222530e+001  1.983819e+001
      vertex  1.572645e+000  1.222530e+001  2.040171e+001
    endloop
  endfacet
  facet normal  9.350162e-001  0.000000e+000  3.546050e-001
    outer loop
      vertex  1.786360e+000  2.253000e-001  1.983819e+001
      vertex  1.572645e+000  1.222530e+001  2.040171e+001
      vertex  1.572645e+000  2.253000e-001  2.040171e+001
    endloop
  endfacet
  facet normal  9.927089e-001  -0.000000e+000  1.205366e-001
    outer loop
      vertex  1.572645e+000  2.253000e-001  2.040171e+001
      vertex  1.572645e+000  1.222530e+001  2.040171e+001
      vertex  1.500000e+000  1.222530e+001  2.100000e+001
    endloop
  endfacet
  facet normal  9.927089e-001  0.000000e+000  1.205366e-001
    outer loop
      vertex  1.572645e+000  2.253000e-001  2.040171e+001
      vertex  1.500000e+000  1.222530e+001  2.100000e+001
      vertex  1.500000e+000  2.253000e-001  2.100000e+001
    endloop
  endfacet
  facet normal  2.393160e-001  0.000000e+000 -9.709417e-001
    outer loop
      vertex  3.698658e+000  1.222530e+001  2.348177e+001
      vertex  3.113488e+000  2.253000e-001  2.333754e+001
      vertex  3.113488e+000  1.222530e+001  2.333754e+001
    endloop
  endfacet
  facet normal  4.647230e-001  0.000000e+000 -8.854562e-001
    outer loop
      vertex  3.113488e+000  1.222530e+001  2.333754e+001
      vertex  3.113488e+000  2.253000e-001  2.333754e+001
      vertex  2.579838e+000  2.253000e-001  2.305746e+001
    endloop
  endfacet
  facet normal  4.647230e-001  0.000000e+000 -8.854562e-001
    outer loop
      vertex  3.113488e+000  1.222530e+001  2.333754e+001
      vertex  2.579838e+000  2.253000e-001  2.305746e+001
      vertex  2.579838e+000  1.222530e+001  2.305746e+001
    endloop
  endfacet
  facet normal  6.631223e-001  0.000000e+000 -7.485111e-001
    outer loop
      vertex  2.579838e+000  1.222530e+001  2.305746e+001
      vertex  2.579838e+000  2.253000e-001  2.305746e+001
      vertex  2.128723e+000  2.253000e-001  2.265781e+001
    endloop
  endfacet
  facet normal  6.631223e-001  0.000000e+000 -7.485111e-001
    outer loop
      vertex  2.579838e+000  1.222530e+001  2.305746e+001
      vertex  2.128723e+000  2.253000e-001  2.265781e+001
      vertex  2.128723e+000  1.222530e+001  2.265781e+001
    endloop
  endfacet
  facet normal  8.229837e-001  0.000000e+000 -5.680650e-001
    outer loop
      vertex  2.128723e+000  1.222530e+001  2.265781e+001
      vertex  2.128723e+000  2.253000e-001  2.265781e+001
      vertex  1.786360e+000  2.253000e-001  2.216181e+001
    endloop
  endfacet
  facet normal  8.229837e-001  0.000000e+000 -5.680650e-001
    outer loop
      vertex  2.128723e+000  1.222530e+001  2.265781e+001
      vertex  1.786360e+000  2.253000e-001  2.216181e+001
      vertex  1.786360e+000  1.222530e+001  2.216181e+001
    endloop
  endfacet
  facet normal  9.350162e-001  0.000000e+000 -3.546050e-001
    outer loop
      vertex  1.786360e+000  1.222530e+001  2.216181e+001
      vertex  1.786360e+000  2.253000e-001  2.216181e+001
      vertex  1.572645e+000  2.253000e-001  2.159829e+001
    endloop
  endfacet
  facet normal  9.350162e-001  0.000000e+000 -3.546050e-001
    outer loop
      vertex  1.786360e+000  1.222530e+001  2.216181e+001
      vertex  1.572645e+000  2.253000e-001  2.159829e+001
      vertex  1.572645e+000  1.222530e+001  2.159829e+001
    endloop
  endfacet
  facet normal  9.927089e-001  0.000000e+000 -1.205366e-001
    outer loop
      vertex  1.572645e+000  1.222530e+001  2.159829e+001
      vertex  1.572645e+000  2.253000e-001  2.159829e+001
      vertex  1.500000e+000  2.253000e-001  2.100000e+001
    endloop
  endfacet
  facet normal  9.927089e-001  0.000000e+000 -1.205366e-001
    outer loop
      vertex  1.572645e+000  1.222530e+001  2.159829e+001
      vertex  1.500000e+000  2.253000e-001  2.100000e+001
      vertex  1.500000e+000  1.222530e+001  2.100000e+001
    endloop
  endfacet
  facet normal  2.393160e-001  0.000000e+000 -9.709417e-001
    outer loop
      vertex  3.113488e+000  2.253000e-001  2.333754e+001
      vertex  3.698658e+000  1.222530e+001  2.348177e+001
      vertex  3.698658e+000  2.253000e-001  2.348177e+001
    endloop
  endfacet
  facet normal  0.000000e+000  0.000000e+000 -9.999999e-001
    outer loop
      vertex  3.698658e+000  2.253000e-001  2.348177e+001
      vertex  3.698658e+000  1.222530e+001  2.348177e+001
      vertex  4.301342e+000  1.222530e+001  2.348177e+001
    endloop
  endfacet
  facet normal  0.000000e+000  -0.000000e+000 -9.999999e-001
    outer loop
      vertex  3.698658e+000  2.253000e-001  2.348177e+001
      vertex  4.301342e+000  1.222530e+001  2.348177e+001
      vertex  4.301342e+000  2.253000e-001  2.348177e+001
    endloop
  endfacet
  facet normal -2.393159e-001  0.000000e+000 -9.709418e-001
    outer loop
      vertex  4.301342e+000  2.253000e-001  2.348177e+001
      vertex  4.301342e+000  1.222530e+001  2.348177e+001
      vertex  4.886512e+000  1.222530e+001  2.333754e+001
    endloop
  endfacet
  facet normal -2.393159e-001  -0.000000e+000 -9.709418e-001
    outer loop
      vertex  4.301342e+000  2.253000e-001  2.348177e+001
      vertex  4.886512e+000  1.222530e+001  2.333754e+001
      vertex  4.886512e+000  2.253000e-001  2.333754e+001
    endloop
  endfacet
  facet normal -4.647231e-001  0.000000e+000 -8.854561e-001
    outer loop
      vertex  4.886512e+000  2.253000e-001  2.333754e+001
      vertex  4.886512e+000  1.222530e+001  2.333754e+001
      vertex  5.420162e+000  1.222530e+001  2.305746e+001
    endloop
  endfacet
  facet normal -4.647231e-001  -0.000000e+000 -8.854561e-001
    outer loop
      vertex  4.886512e+000  2.253000e-001  2.333754e+001
      vertex  5.420162e+000  1.222530e+001  2.305746e+001
      vertex  5.420162e+000  2.253000e-001  2.305746e+001
    endloop
  endfacet
  facet normal -6.631221e-001  0.000000e+000 -7.485113e-001
    outer loop
      vertex  5.420162e+000  2.253000e-001  2.305746e+001
      vertex  5.420162e+000  1.222530e+001  2.305746e+001
      vertex  5.871277e+000  1.222530e+001  2.265781e+001
    endloop
  endfacet
  facet normal -6.631221e-001  -0.000000e+000 -7.485113e-001
    outer loop
      vertex  5.420162e+000  2.253000e-001  2.305746e+001
      vertex  5.871277e+000  1.222530e+001  2.265781e+001
      vertex  5.871277e+000  2.253000e-001  2.265781e+001
    endloop
  endfacet
  facet normal -8.229836e-001  0.000000e+000 -5.680652e-001
    outer loop
      vertex  5.871277e+000  2.253000e-001  2.265781e+001
      vertex  5.871277e+000  1.222530e+001  2.265781e+001
      vertex  6.213640e+000  1.222530e+001  2.216181e+001
    endloop
  endfacet
  facet normal -8.229836e-001  -0.000000e+000 -5.680652e-001
    outer loop
      vertex  5.871277e+000  2.253000e-001  2.265781e+001
      vertex  6.213640e+000  1.222530e+001  2.216181e+001
      vertex  6.213640e+000  2.253000e-001  2.216181e+001
    endloop
  endfacet
  facet normal -9.350165e-001  0.000000e+000 -3.546045e-001
    outer loop
      vertex  6.213640e+000  2.253000e-001  2.216181e+001
      vertex  6.213640e+000  1.222530e+001  2.216181e+001
      vertex  6.427354e+000  1.222530e+001  2.159829e+001
    endloop
  endfacet
  facet normal -9.350165e-001  -0.000000e+000 -3.546045e-001
    outer loop
      vertex  6.213640e+000  2.253000e-001  2.216181e+001
      vertex  6.427354e+000  1.222530e+001  2.159829e+001
      vertex  6.427354e+000  2.253000e-001  2.159829e+001
    endloop
  endfacet
  facet normal -9.927089e-001  0.000000e+000 -1.205370e-001
    outer loop
      vertex  6.427354e+000  2.253000e-001  2.159829e+001
      vertex  6.427354e+000  1.222530e+001  2.159829e+001
      vertex  6.500000e+000  1.222530e+001  2.100000e+001
    endloop
  endfacet
  facet normal -9.927089e-001  -0.000000e+000 -1.205370e-001
    outer loop
      vertex  6.427354e+000  2.253000e-001  2.159829e+001
      vertex  6.500000e+000  1.222530e+001  2.100000e+001
      vertex  6.500000e+000  2.253000e-001  2.100000e+001
    endloop
  endfacet
  facet normal -1.314341e-001  0.000000e+000 -9.913250e-001
    outer loop
      vertex -1.000000e+000  1.022530e+001  9.500000e+000
      vertex -1.258940e+000  1.022530e+001  9.534331e+000
      vertex -1.000000e+000  1.222530e+001  9.500000e+000
    endloop
  endfacet
  facet normal -1.314341e-001  0.000000e+000 -9.913250e-001
    outer loop
      vertex -1.000000e+000  1.222530e+001  9.500000e+000
      vertex -1.258940e+000  1.022530e+001  9.534331e+000
      vertex -1.258940e+000  1.222530e+001  9.534331e+000
    endloop
  endfacet
  facet normal -3.826091e-001  0.000000e+000 -9.239103e-001
    outer loop
      vertex -1.258940e+000  1.022530e+001  9.534331e+000
      vertex -1.500000e+000  1.022530e+001  9.634159e+000
      vertex -1.258940e+000  1.222530e+001  9.534331e+000
    endloop
  endfacet
  facet normal -3.826091e-001  0.000000e+000 -9.239103e-001
    outer loop
      vertex -1.258940e+000  1.222530e+001  9.534331e+000
      vertex -1.500000e+000  1.022530e+001  9.634159e+000
      vertex -1.500000e+000  1.222530e+001  9.634159e+000
    endloop
  endfacet
  facet normal -3.826123e-001  0.000000e+000  9.239090e-001
    outer loop
      vertex -1.500000e+000  1.022530e+001  2.436584e+001
      vertex -1.258940e+000  1.022530e+001  2.446567e+001
      vertex -1.500000e+000  1.222530e+001  2.436584e+001
    endloop
  endfacet
  facet normal -3.826123e-001  0.000000e+000  9.239090e-001
    outer loop
      vertex -1.500000e+000  1.222530e+001  2.436584e+001
      vertex -1.258940e+000  1.022530e+001  2.446567e+001
      vertex -1.258940e+000  1.222530e+001  2.446567e+001
    endloop
  endfacet
  facet normal -1.314305e-001  0.000000e+000  9.913254e-001
    outer loop
      vertex -1.258940e+000  1.022530e+001  2.446567e+001
      vertex -1.000000e+000  1.022530e+001  2.450000e+001
      vertex -1.258940e+000  1.222530e+001  2.446567e+001
    endloop
  endfacet
  facet normal -1.314305e-001  0.000000e+000  9.913254e-001
    outer loop
      vertex -1.258940e+000  1.222530e+001  2.446567e+001
      vertex -1.000000e+000  1.022530e+001  2.450000e+001
      vertex -1.000000e+000  1.222530e+001  2.450000e+001
    endloop
  endfacet
  facet normal -3.826123e-001  1.709350e-005  9.239090e-001
    outer loop
      vertex -1.500000e+000  1.022530e+001  2.436584e+001
      vertex -1.500000e+000  2.253000e-001  2.436603e+001
      vertex -1.258940e+000  1.022530e+001  2.446567e+001
    endloop
  endfacet
  facet normal -3.826798e-001  1.900091e-005  9.238811e-001
    outer loop
      vertex -1.258940e+000  1.022530e+001  2.446567e+001
      vertex -1.500000e+000  2.253000e-001  2.436603e+001
      vertex -1.258819e+000  2.253000e-001  2.446593e+001
    endloop
  endfacet
  facet normal -1.314305e-001  2.375275e-005  9.913254e-001
    outer loop
      vertex -1.258940e+000  1.022530e+001  2.446567e+001
      vertex -1.258819e+000  2.253000e-001  2.446593e+001
      vertex -1.000000e+000  1.022530e+001  2.450000e+001
    endloop
  endfacet
  facet normal -1.305285e-001  0.000000e+000  9.914446e-001
    outer loop
      vertex -1.000000e+000  1.022530e+001  2.450000e+001
      vertex -1.258819e+000  2.253000e-001  2.446593e+001
      vertex -1.000000e+000  2.253000e-001  2.450000e+001
    endloop
  endfacet
  facet normal -1.314341e-001  0.000000e+000 -9.913250e-001
    outer loop
      vertex -1.000000e+000  1.022530e+001  9.500000e+000
      vertex -1.000000e+000  2.253000e-001  9.500000e+000
      vertex -1.258940e+000  1.022530e+001  9.534331e+000
    endloop
  endfacet
  facet normal -1.305249e-001  2.395583e-005 -9.914451e-001
    outer loop
      vertex -1.258940e+000  1.022530e+001  9.534331e+000
      vertex -1.000000e+000  2.253000e-001  9.500000e+000
      vertex -1.258819e+000  2.253000e-001  9.534074e+000
    endloop
  endfacet
  facet normal -3.826091e-001  1.917873e-005 -9.239103e-001
    outer loop
      vertex -1.258940e+000  1.022530e+001  9.534331e+000
      vertex -1.258819e+000  2.253000e-001  9.534074e+000
      vertex -1.500000e+000  1.022530e+001  9.634159e+000
    endloop
  endfacet
  facet normal -3.826860e-001  1.700483e-005 -9.238784e-001
    outer loop
      vertex -1.500000e+000  1.022530e+001  9.634159e+000
      vertex -1.258819e+000  2.253000e-001  9.534074e+000
      vertex -1.500000e+000  2.253000e-001  9.633975e+000
    endloop
  endfacet
  facet normal -1.000000e+000  0.000000e+000  0.000000e+000
    outer loop
      vertex -1.500000e+000  1.222530e+001  9.634159e+000
      vertex -1.500000e+000  1.022530e+001  9.634159e+000
      vertex -1.500000e+000  1.222530e+001  2.436584e+001
    endloop
  endfacet
  facet normal -1.000000e+000  -0.000000e+000  0.000000e+000
    outer loop
      vertex -1.500000e+000  2.253000e-001  2.436603e+001
      vertex -1.500000e+000  1.022530e+001  2.436584e+001
      vertex -1.500000e+000  2.253000e-001  9.633975e+000
    endloop
  endfacet
  facet normal -1.000000e+000  0.000000e+000  0.000000e+000
    outer loop
      vertex -1.500000e+000  2.253000e-001  9.633975e+000
      vertex -1.500000e+000  1.022530e+001  2.436584e+001
      vertex -1.500000e+000  1.222530e+001  2.436584e+001
    endloop
  endfacet
  facet normal -1.000000e+000  0.000000e+000  0.000000e+000
    outer loop
      vertex -1.500000e+000  2.253000e-001  9.633975e+000
      vertex -1.500000e+000  1.222530e+001  2.436584e+001
      vertex -1.500000e+000  1.022530e+001  9.634159e+000
    endloop
  endfacet
  facet normal  0.000000e+000  0.000000e+000 -1.000000e+000
    outer loop
      vertex -1.000000e+000  1.022530e+001  9.500000e+000
      vertex -1.000000e+000  1.222530e+001  9.500000e+000
      vertex  1.216228e+001  1.222530e+001  9.500000e+000
    endloop
  endfacet
  facet normal  0.000000e+000  0.000000e+000 -1.000000e+000
    outer loop
      vertex -1.000000e+000  2.253000e-001  9.500000e+000
      vertex -1.000000e+000  1.022530e+001  9.500000e+000
      vertex  1.216228e+001  1.222530e+001  9.500000e+000
    endloop
  endfacet
  facet normal  0.000000e+000  -0.000000e+000 -1.000000e+000
    outer loop
      vertex -1.000000e+000  2.253000e-001  9.500000e+000
      vertex  1.216228e+001  1.222530e+001  9.500000e+000
      vertex  1.216228e+001  1.022530e+001  9.500000e+000
    endloop
  endfacet
  facet normal  0.000000e+000  -0.000000e+000 -1.000000e+000
    outer loop
      vertex -1.000000e+000  2.253000e-001  9.500000e+000
      vertex  1.216228e+001  1.022530e+001  9.500000e+000
      vertex  3.800000e+001  1.022530e+001  9.500000e+000
    endloop
  endfacet
  facet normal  0.000000e+000  -0.000000e+000 -1.000000e+000
    outer loop
      vertex -1.000000e+000  2.253000e-001  9.500000e+000
      vertex  3.800000e+001  1.022530e+001  9.500000e+000
      vertex  3.800000e+001  2.253000e-001  9.500000e+000
    endloop
  endfacet
  facet normal  0.000000e+000  0.000000e+000  1.000000e+000
    outer loop
      vertex -1.000000e+000  1.222530e+001  2.450000e+001
      vertex -1.000000e+000  1.022530e+001  2.450000e+001
      vertex  1.216228e+001  1.222530e+001  2.450000e+001
    endloop
  endfacet
  facet normal  0.000000e+000  -0.000000e+000  1.000000e+000
    outer loop
      vertex -1.000000e+000  2.253000e-001  2.450000e+001
      vertex  3.800000e+001  2.253000e-001  2.450000e+001
      vertex  3.800000e+001  1.022530e+001  2.450000e+001
    endloop
  endfacet
  facet normal  0.000000e+000  0.000000e+000  1.000000e+000
    outer loop
      vertex -1.000000e+000  2.253000e-001  2.450000e+001
      vertex  3.800000e+001  1.022530e+001  2.450000e+001
      vertex  1.216228e+001  1.022530e+001  2.450000e+001
    endloop
  endfacet
  facet normal  0.000000e+000  -0.000000e+000  1.000000e+000
    outer loop
      vertex -1.000000e+000  2.253000e-001  2.450000e+001
      vertex  1.216228e+001  1.022530e+001  2.450000e+001
      vertex  1.216228e+001  1.222530e+001  2.450000e+001
    endloop
  endfacet
  facet normal  0.000000e+000  0.000000e+000  1.000000e+000
    outer loop
      vertex -1.000000e+000  2.253000e-001  2.450000e+001
      vertex  1.216228e+001  1.222530e+001  2.450000e+001
      vertex -1.000000e+000  1.022530e+001  2.450000e+001
    endloop
  endfacet
  facet normal -1.000000e+000  0.000000e+000  0.000000e+000
    outer loop
      vertex  1.216228e+001  1.022530e+001  2.450000e+001
      vertex  1.216228e+001  1.022530e+001  3.100000e+001
      vertex  1.216228e+001  1.222530e+001  2.450000e+001
    endloop
  endfacet
  facet normal -1.000000e+000  0.000000e+000  0.000000e+000
    outer loop
      vertex  1.216228e+001  1.222530e+001  2.450000e+001
      vertex  1.216228e+001  1.022530e+001  3.100000e+001
      vertex  1.216228e+001  1.222530e+001  3.100000e+001
    endloop
  endfacet
  facet normal -1.000000e+000  0.000000e+000  0.000000e+000
    outer loop
      vertex  1.216228e+001  1.022530e+001  3.000000e+000
      vertex  1.216228e+001  1.022530e+001  9.500000e+000
      vertex  1.216228e+001  1.222530e+001  3.000000e+000
    endloop
  endfacet
  facet normal -1.000000e+000  0.000000e+000  0.000000e+000
    outer loop
      vertex  1.216228e+001  1.222530e+001  3.000000e+000
      vertex  1.216228e+001  1.022530e+001  9.500000e+000
      vertex  1.216228e+001  1.222530e+001  9.500000e+000
    endloop
  endfacet
  facet normal  0.000000e+000 -1.000000e+000  0.000000e+000
    outer loop
      vertex  6.273128e+001  1.022530e+001  5.055360e+000
      vertex  6.307713e+001  1.022530e+001  4.765151e+000
      vertex  6.230702e+001  1.022530e+001  2.864928e+001
    endloop
  endfacet
  facet normal  0.000000e+000 -1.000000e+000  0.000000e+000
    outer loop
      vertex  1.516228e+001  1.022530e+001  5.684342e-014
      vertex  6.200000e+001  1.022530e+001  5.518930e-014
      vertex  6.185553e+001  1.022530e+001  2.649277e+000
    endloop
  endfacet
  facet normal  -0.000000e+000 -1.000000e+000  0.000000e+000
    outer loop
      vertex  1.516228e+001  1.022530e+001  5.684342e-014
      vertex  6.185553e+001  1.022530e+001  2.649277e+000
      vertex  1.530702e+001  1.022530e+001  2.649277e+000
    endloop
  endfacet
  facet normal  -0.000000e+000 -1.000000e+000  0.000000e+000
    outer loop
      vertex  1.516228e+001  1.022530e+001  5.684342e-014
      vertex  1.530702e+001  1.022530e+001  2.649277e+000
      vertex  1.485553e+001  1.022530e+001  2.649277e+000
    endloop
  endfacet
  facet normal  0.000000e+000 -9.999999e-001  -0.000000e+000
    outer loop
      vertex  1.516228e+001  1.022530e+001  5.684342e-014
      vertex  1.485553e+001  1.022530e+001  2.649277e+000
      vertex  1.449471e+001  1.022530e+001  7.521626e-002
    endloop
  endfacet
  facet normal  0.000000e+000 -1.000000e+000  0.000000e+000
    outer loop
      vertex  6.230702e+001  1.022530e+001  2.649277e+000
      vertex  6.185553e+001  1.022530e+001  2.649277e+000
      vertex  6.200000e+001  1.022530e+001  5.518930e-014
    endloop
  endfacet
  facet normal  0.000000e+000 -9.999999e-001  0.000000e+000
    outer loop
      vertex  6.230702e+001  1.022530e+001  2.649277e+000
      vertex  6.200000e+001  1.022530e+001  5.518930e-014
      vertex  6.266756e+001  1.022530e+001  7.521626e-002
    endloop
  endfacet
  facet normal  0.000000e+000 -1.000000e+000  0.000000e+000
    outer loop
      vertex  6.230702e+001  1.022530e+001  2.649277e+000
      vertex  6.266756e+001  1.022530e+001  7.521626e-002
      vertex  6.330165e+001  1.022530e+001  2.970934e-001
    endloop
  endfacet
  facet normal  0.000000e+000 -9.999999e-001  0.000000e+000
    outer loop
      vertex  6.230702e+001  1.022530e+001  2.649277e+000
      vertex  6.330165e+001  1.022530e+001  2.970934e-001
      vertex  6.387047e+001  1.022530e+001  6.545056e-001
    endloop
  endfacet
  facet normal  0.000000e+000 -1.000000e+000  0.000000e+000
    outer loop
      vertex  6.230702e+001  1.022530e+001  2.649277e+000
      vertex  6.387047e+001  1.022530e+001  6.545056e-001
      vertex  6.434550e+001  1.022530e+001  1.129531e+000
    endloop
  endfacet
  facet normal  0.000000e+000 -1.000000e+000  0.000000e+000
    outer loop
      vertex  6.230702e+001  1.022530e+001  2.649277e+000
      vertex  6.434550e+001  1.022530e+001  1.129531e+000
      vertex  6.470290e+001  1.022530e+001  1.698349e+000
    endloop
  endfacet
  facet normal  0.000000e+000 -1.000000e+000  0.000000e+000
    outer loop
      vertex  6.230702e+001  1.022530e+001  2.649277e+000
      vertex  6.470290e+001  1.022530e+001  1.698349e+000
      vertex  6.492478e+001  1.022530e+001  2.332437e+000
    endloop
  endfacet
  facet normal  0.000000e+000 -1.000000e+000  0.000000e+000
    outer loop
      vertex  6.230702e+001  1.022530e+001  2.649277e+000
      vertex  6.492478e+001  1.022530e+001  2.332437e+000
      vertex  6.273128e+001  1.022530e+001  2.803694e+000
    endloop
  endfacet
  facet normal  0.000000e+000 -1.000000e+000  0.000000e+000
    outer loop
      vertex  6.230702e+001  1.022530e+001  3.120978e+001
      vertex  6.273128e+001  1.022530e+001  3.105536e+001
      vertex  6.500000e+001  1.022530e+001  3.100000e+001
    endloop
  endfacet
  facet normal  0.000000e+000 -1.000000e+000  0.000000e+000
    outer loop
      vertex  6.230702e+001  1.022530e+001  3.120978e+001
      vertex  6.500000e+001  1.022530e+001  3.100000e+001
      vertex  6.492479e+001  1.022530e+001  3.166756e+001
    endloop
  endfacet
  facet normal  -0.000000e+000 -9.999999e-001  0.000000e+000
    outer loop
      vertex  6.230702e+001  1.022530e+001  3.120978e+001
      vertex  6.492479e+001  1.022530e+001  3.166756e+001
      vertex  6.470291e+001  1.022530e+001  3.230165e+001
    endloop
  endfacet
  facet normal  -0.000000e+000 -1.000000e+000  0.000000e+000
    outer loop
      vertex  6.230702e+001  1.022530e+001  3.120978e+001
      vertex  6.470291e+001  1.022530e+001  3.230165e+001
      vertex  6.434550e+001  1.022530e+001  3.287048e+001
    endloop
  endfacet
  facet normal  -0.000000e+000 -1.000000e+000  0.000000e+000
    outer loop
      vertex  6.230702e+001  1.022530e+001  3.120978e+001
      vertex  6.434550e+001  1.022530e+001  3.287048e+001
      vertex  6.387048e+001  1.022530e+001  3.334550e+001
    endloop
  endfacet
  facet normal  -0.000000e+000 -1.000000e+000  0.000000e+000
    outer loop
      vertex  6.230702e+001  1.022530e+001  3.120978e+001
      vertex  6.387048e+001  1.022530e+001  3.334550e+001
      vertex  6.330165e+001  1.022530e+001  3.370292e+001
    endloop
  endfacet
  facet normal  -0.000000e+000 -1.000000e+000  0.000000e+000
    outer loop
      vertex  6.230702e+001  1.022530e+001  3.120978e+001
      vertex  6.330165e+001  1.022530e+001  3.370292e+001
      vertex  6.266756e+001  1.022530e+001  3.392479e+001
    endloop
  endfacet
  facet normal  -0.000000e+000 -9.999999e-001  0.000000e+000
    outer loop
      vertex  6.230702e+001  1.022530e+001  3.120978e+001
      vertex  6.266756e+001  1.022530e+001  3.392479e+001
      vertex  6.200000e+001  1.022530e+001  3.400000e+001
    endloop
  endfacet
  facet normal  0.000000e+000 -1.000000e+000  -0.000000e+000
    outer loop
      vertex  6.230702e+001  1.022530e+001  3.120978e+001
      vertex  6.200000e+001  1.022530e+001  3.400000e+001
      vertex  6.185553e+001  1.022530e+001  3.120978e+001
    endloop
  endfacet
  facet normal  0.000000e+000 -1.000000e+000  0.000000e+000
    outer loop
      vertex  1.223749e+001  1.022530e+001  2.332437e+000
      vertex  1.245937e+001  1.022530e+001  1.698349e+000
      vertex  1.281678e+001  1.022530e+001  1.129531e+000
    endloop
  endfacet
  facet normal  0.000000e+000 -1.000000e+000  0.000000e+000
    outer loop
      vertex  1.223749e+001  1.022530e+001  2.332437e+000
      vertex  1.281678e+001  1.022530e+001  1.129531e+000
      vertex  1.329181e+001  1.022530e+001  6.545056e-001
    endloop
  endfacet
  facet normal  0.000000e+000 -1.000000e+000  0.000000e+000
    outer loop
      vertex  1.223749e+001  1.022530e+001  2.332437e+000
      vertex  1.329181e+001  1.022530e+001  6.545056e-001
      vertex  1.386063e+001  1.022530e+001  2.970934e-001
    endloop
  endfacet
  facet normal  0.000000e+000 -1.000000e+000  0.000000e+000
    outer loop
      vertex  1.223749e+001  1.022530e+001  2.332437e+000
      vertex  1.386063e+001  1.022530e+001  2.970934e-001
      vertex  1.449471e+001  1.022530e+001  7.521626e-002
    endloop
  endfacet
  facet normal  0.000000e+000 -1.000000e+000  0.000000e+000
    outer loop
      vertex  1.223749e+001  1.022530e+001  2.332437e+000
      vertex  1.449471e+001  1.022530e+001  7.521626e-002
      vertex  1.485553e+001  1.022530e+001  2.649277e+000
    endloop
  endfacet
  facet normal  -0.000000e+000 -1.000000e+000  0.000000e+000
    outer loop
      vertex  1.223749e+001  1.022530e+001  2.332437e+000
      vertex  1.485553e+001  1.022530e+001  2.649277e+000
      vertex  1.443128e+001  1.022530e+001  2.803694e+000
    endloop
  endfacet
  facet normal  -0.000000e+000 -1.000000e+000  0.000000e+000
    outer loop
      vertex  1.223749e+001  1.022530e+001  2.332437e+000
      vertex  1.443128e+001  1.022530e+001  2.803694e+000
      vertex  1.408542e+001  1.022530e+001  3.093903e+000
    endloop
  endfacet
  facet normal  0.000000e+000 -1.000000e+000  0.000000e+000
    outer loop
      vertex  1.223749e+001  1.022530e+001  2.332437e+000
      vertex  1.408542e+001  1.022530e+001  3.093903e+000
      vertex  1.216228e+001  1.022530e+001  3.000000e+000
    endloop
  endfacet
  facet normal  0.000000e+000 -1.000000e+000  0.000000e+000
    outer loop
      vertex  1.216228e+001  1.022530e+001  9.500000e+000
      vertex  1.216228e+001  1.022530e+001  3.000000e+000
      vertex  1.408542e+001  1.022530e+001  4.765151e+000
    endloop
  endfacet
  facet normal  0.000000e+000 -1.000000e+000  0.000000e+000
    outer loop
      vertex  1.216228e+001  1.022530e+001  9.500000e+000
      vertex  1.408542e+001  1.022530e+001  4.765151e+000
      vertex  1.443128e+001  1.022530e+001  5.055360e+000
    endloop
  endfacet
  facet normal  0.000000e+000 -1.000000e+000  0.000000e+000
    outer loop
      vertex  1.216228e+001  1.022530e+001  9.500000e+000
      vertex  1.443128e+001  1.022530e+001  5.055360e+000
      vertex  1.485553e+001  1.022530e+001  5.209777e+000
    endloop
  endfacet
  facet normal  0.000000e+000 -1.000000e+000  0.000000e+000
    outer loop
      vertex  1.216228e+001  1.022530e+001  9.500000e+000
      vertex  1.485553e+001  1.022530e+001  5.209777e+000
      vertex  1.530702e+001  1.022530e+001  5.209777e+000
    endloop
  endfacet
  facet normal  0.000000e+000 -1.000000e+000  0.000000e+000
    outer loop
      vertex  1.216228e+001  1.022530e+001  9.500000e+000
      vertex  1.530702e+001  1.022530e+001  5.209777e+000
      vertex  6.185553e+001  1.022530e+001  5.209777e+000
    endloop
  endfacet
  facet normal  0.000000e+000 -9.999999e-001  0.000000e+000
    outer loop
      vertex  1.216228e+001  1.022530e+001  9.500000e+000
      vertex  6.185553e+001  1.022530e+001  5.209777e+000
      vertex  3.800000e+001  1.022530e+001  9.500000e+000
    endloop
  endfacet
  facet normal  0.000000e+000 -1.000000e+000  0.000000e+000
    outer loop
      vertex  1.223749e+001  1.022530e+001  3.166756e+001
      vertex  1.449471e+001  1.022530e+001  3.392479e+001
      vertex  1.386063e+001  1.022530e+001  3.370291e+001
    endloop
  endfacet
  facet normal  0.000000e+000 -1.000000e+000  0.000000e+000
    outer loop
      vertex  1.223749e+001  1.022530e+001  3.166756e+001
      vertex  1.386063e+001  1.022530e+001  3.370291e+001
      vertex  1.329181e+001  1.022530e+001  3.334549e+001
    endloop
  endfacet
  facet normal  0.000000e+000 -1.000000e+000  0.000000e+000
    outer loop
      vertex  1.223749e+001  1.022530e+001  3.166756e+001
      vertex  1.329181e+001  1.022530e+001  3.334549e+001
      vertex  1.281678e+001  1.022530e+001  3.287047e+001
    endloop
  endfacet
  facet normal  0.000000e+000 -9.999999e-001  0.000000e+000
    outer loop
      vertex  1.223749e+001  1.022530e+001  3.166756e+001
      vertex  1.281678e+001  1.022530e+001  3.287047e+001
      vertex  1.245937e+001  1.022530e+001  3.230165e+001
    endloop
  endfacet
  facet normal  0.000000e+000 -1.000000e+000  0.000000e+000
    outer loop
      vertex  1.216228e+001  1.022530e+001  2.450000e+001
      vertex  3.800000e+001  1.022530e+001  2.450000e+001
      vertex  6.185553e+001  1.022530e+001  2.864928e+001
    endloop
  endfacet
  facet normal  -0.000000e+000 -1.000000e+000  0.000000e+000
    outer loop
      vertex  1.216228e+001  1.022530e+001  2.450000e+001
      vertex  6.185553e+001  1.022530e+001  2.864928e+001
      vertex  1.530702e+001  1.022530e+001  2.864928e+001
    endloop
  endfacet
  facet normal  -0.000000e+000 -1.000000e+000  0.000000e+000
    outer loop
      vertex  1.216228e+001  1.022530e+001  2.450000e+001
      vertex  1.530702e+001  1.022530e+001  2.864928e+001
      vertex  1.485553e+001  1.022530e+001  2.864928e+001
    endloop
  endfacet
  facet normal  -0.000000e+000 -1.000000e+000  0.000000e+000
    outer loop
      vertex  1.216228e+001  1.022530e+001  2.450000e+001
      vertex  1.485553e+001  1.022530e+001  2.864928e+001
      vertex  1.443128e+001  1.022530e+001  2.880369e+001
    endloop
  endfacet
  facet normal  -0.000000e+000 -1.000000e+000  0.000000e+000
    outer loop
      vertex  1.216228e+001  1.022530e+001  2.450000e+001
      vertex  1.443128e+001  1.022530e+001  2.880369e+001
      vertex  1.408542e+001  1.022530e+001  2.909390e+001
    endloop
  endfacet
  facet normal  -0.000000e+000 -1.000000e+000  0.000000e+000
    outer loop
      vertex  1.216228e+001  1.022530e+001  2.450000e+001
      vertex  1.408542e+001  1.022530e+001  2.909390e+001
      vertex  1.385968e+001  1.022530e+001  2.948490e+001
    endloop
  endfacet
  facet normal  -0.000000e+000 -1.000000e+000  0.000000e+000
    outer loop
      vertex  1.216228e+001  1.022530e+001  2.450000e+001
      vertex  1.385968e+001  1.022530e+001  2.948490e+001
      vertex  1.378128e+001  1.022530e+001  2.992953e+001
    endloop
  endfacet
  facet normal  -0.000000e+000 -1.000000e+000  0.000000e+000
    outer loop
      vertex  1.216228e+001  1.022530e+001  2.450000e+001
      vertex  1.378128e+001  1.022530e+001  2.992953e+001
      vertex  1.385968e+001  1.022530e+001  3.037415e+001
    endloop
  endfacet
  facet normal  0.000000e+000 -1.000000e+000  0.000000e+000
    outer loop
      vertex  1.216228e+001  1.022530e+001  3.100000e+001
      vertex  1.216228e+001  1.022530e+001  2.450000e+001
      vertex  1.385968e+001  1.022530e+001  3.037415e+001
    endloop
  endfacet
  facet normal  0.000000e+000 -1.000000e+000  0.000000e+000
    outer loop
      vertex  1.216228e+001  1.022530e+001  3.100000e+001
      vertex  1.385968e+001  1.022530e+001  3.037415e+001
      vertex  1.408542e+001  1.022530e+001  3.076515e+001
    endloop
  endfacet
  facet normal  0.000000e+000 -1.000000e+000  0.000000e+000
    outer loop
      vertex  1.216228e+001  1.022530e+001  3.100000e+001
      vertex  1.408542e+001  1.022530e+001  3.076515e+001
      vertex  1.443128e+001  1.022530e+001  3.105536e+001
    endloop
  endfacet
  facet normal  -0.000000e+000 -1.000000e+000  0.000000e+000
    outer loop
      vertex  1.216228e+001  1.022530e+001  3.100000e+001
      vertex  1.443128e+001  1.022530e+001  3.105536e+001
      vertex  1.485553e+001  1.022530e+001  3.120978e+001
    endloop
  endfacet
  facet normal  -0.000000e+000 -9.999999e-001  0.000000e+000
    outer loop
      vertex  1.216228e+001  1.022530e+001  3.100000e+001
      vertex  1.485553e+001  1.022530e+001  3.120978e+001
      vertex  1.223749e+001  1.022530e+001  3.166756e+001
    endloop
  endfacet
  facet normal  -0.000000e+000 -1.000000e+000  0.000000e+000
    outer loop
      vertex  1.216228e+001  1.022530e+001  3.000000e+000
      vertex  1.408542e+001  1.022530e+001  3.093903e+000
      vertex  1.385968e+001  1.022530e+001  3.484901e+000
    endloop
  endfacet
  facet normal  -0.000000e+000 -1.000000e+000  0.000000e+000
    outer loop
      vertex  1.216228e+001  1.022530e+001  3.000000e+000
      vertex  1.385968e+001  1.022530e+001  3.484901e+000
      vertex  1.378128e+001  1.022530e+001  3.929527e+000
    endloop
  endfacet
  facet normal  -0.000000e+000 -1.000000e+000  0.000000e+000
    outer loop
      vertex  1.216228e+001  1.022530e+001  3.000000e+000
      vertex  1.378128e+001  1.022530e+001  3.929527e+000
      vertex  1.385968e+001  1.022530e+001  4.374153e+000
    endloop
  endfacet
  facet normal  -0.000000e+000 -1.000000e+000  0.000000e+000
    outer loop
      vertex  1.216228e+001  1.022530e+001  3.000000e+000
      vertex  1.385968e+001  1.022530e+001  4.374153e+000
      vertex  1.408542e+001  1.022530e+001  4.765151e+000
    endloop
  endfacet
  facet normal  0.000000e+000 -1.000000e+000  -0.000000e+000
    outer loop
      vertex  6.500000e+001  1.022530e+001  3.000000e+000
      vertex  6.338128e+001  1.022530e+001  2.992953e+001
      vertex  6.330288e+001  1.022530e+001  2.948490e+001
    endloop
  endfacet
  facet normal  0.000000e+000 -1.000000e+000  -0.000000e+000
    outer loop
      vertex  6.500000e+001  1.022530e+001  3.000000e+000
      vertex  6.330288e+001  1.022530e+001  2.948490e+001
      vertex  6.307713e+001  1.022530e+001  2.909390e+001
    endloop
  endfacet
  facet normal  0.000000e+000 -1.000000e+000  -0.000000e+000
    outer loop
      vertex  6.500000e+001  1.022530e+001  3.000000e+000
      vertex  6.307713e+001  1.022530e+001  2.909390e+001
      vertex  6.273128e+001  1.022530e+001  2.880369e+001
    endloop
  endfacet
  facet normal  0.000000e+000 -1.000000e+000  -0.000000e+000
    outer loop
      vertex  6.500000e+001  1.022530e+001  3.000000e+000
      vertex  6.273128e+001  1.022530e+001  2.880369e+001
      vertex  6.230702e+001  1.022530e+001  2.864928e+001
    endloop
  endfacet
  facet normal  0.000000e+000 -1.000000e+000  0.000000e+000
    outer loop
      vertex  6.500000e+001  1.022530e+001  3.000000e+000
      vertex  6.230702e+001  1.022530e+001  2.864928e+001
      vertex  6.307713e+001  1.022530e+001  4.765151e+000
    endloop
  endfacet
  facet normal  0.000000e+000 -1.000000e+000  0.000000e+000
    outer loop
      vertex  6.500000e+001  1.022530e+001  3.000000e+000
      vertex  6.307713e+001  1.022530e+001  4.765151e+000
      vertex  6.330288e+001  1.022530e+001  4.374153e+000
    endloop
  endfacet
  facet normal  0.000000e+000 -1.000000e+000  0.000000e+000
    outer loop
      vertex  6.500000e+001  1.022530e+001  3.000000e+000
      vertex  6.330288e+001  1.022530e+001  4.374153e+000
      vertex  6.338128e+001  1.022530e+001  3.929527e+000
    endloop
  endfacet
  facet normal  0.000000e+000 -1.000000e+000  -0.000000e+000
    outer loop
      vertex  6.500000e+001  1.022530e+001  3.000000e+000
      vertex  6.338128e+001  1.022530e+001  3.929527e+000
      vertex  6.330288e+001  1.022530e+001  3.484901e+000
    endloop
  endfacet
  facet normal  0.000000e+000 -1.000000e+000  -0.000000e+000
    outer loop
      vertex  6.500000e+001  1.022530e+001  3.000000e+000
      vertex  6.330288e+001  1.022530e+001  3.484901e+000
      vertex  6.307713e+001  1.022530e+001  3.093903e+000
    endloop
  endfacet
  facet normal  0.000000e+000 -1.000000e+000  -0.000000e+000
    outer loop
      vertex  6.500000e+001  1.022530e+001  3.000000e+000
      vertex  6.307713e+001  1.022530e+001  3.093903e+000
      vertex  6.273128e+001  1.022530e+001  2.803694e+000
    endloop
  endfacet
  facet normal  0.000000e+000 -1.000000e+000  0.000000e+000
    outer loop
      vertex  6.500000e+001  1.022530e+001  3.000000e+000
      vertex  6.273128e+001  1.022530e+001  2.803694e+000
      vertex  6.492478e+001  1.022530e+001  2.332437e+000
    endloop
  endfacet
  facet normal  0.000000e+000 -1.000000e+000  0.000000e+000
    outer loop
      vertex  6.500000e+001  1.022530e+001  3.100000e+001
      vertex  6.273128e+001  1.022530e+001  3.105536e+001
      vertex  6.307713e+001  1.022530e+001  3.076515e+001
    endloop
  endfacet
  facet normal  0.000000e+000 -1.000000e+000  0.000000e+000
    outer loop
      vertex  6.500000e+001  1.022530e+001  3.100000e+001
      vertex  6.307713e+001  1.022530e+001  3.076515e+001
      vertex  6.330288e+001  1.022530e+001  3.037415e+001
    endloop
  endfacet
  facet normal  0.000000e+000 -1.000000e+000  0.000000e+000
    outer loop
      vertex  6.500000e+001  1.022530e+001  3.100000e+001
      vertex  6.330288e+001  1.022530e+001  3.037415e+001
      vertex  6.338128e+001  1.022530e+001  2.992953e+001
    endloop
  endfacet
  facet normal  0.000000e+000 -1.000000e+000  0.000000e+000
    outer loop
      vertex  6.500000e+001  1.022530e+001  3.100000e+001
      vertex  6.338128e+001  1.022530e+001  2.992953e+001
      vertex  6.500000e+001  1.022530e+001  3.000000e+000
    endloop
  endfacet
  facet normal  0.000000e+000 -1.000000e+000  0.000000e+000
    outer loop
      vertex  3.800000e+001  1.022530e+001  2.450000e+001
      vertex  3.800000e+001  1.022530e+001  9.500000e+000
      vertex  6.185553e+001  1.022530e+001  2.864928e+001
    endloop
  endfacet
  facet normal  0.000000e+000 -1.000000e+000  -0.000000e+000
    outer loop
      vertex  6.185553e+001  1.022530e+001  2.864928e+001
      vertex  3.800000e+001  1.022530e+001  9.500000e+000
      vertex  6.185553e+001  1.022530e+001  5.209777e+000
    endloop
  endfacet
  facet normal  0.000000e+000 -1.000000e+000  0.000000e+000
    outer loop
      vertex  6.185553e+001  1.022530e+001  2.864928e+001
      vertex  6.185553e+001  1.022530e+001  5.209777e+000
      vertex  6.230702e+001  1.022530e+001  2.864928e+001
    endloop
  endfacet
  facet normal  0.000000e+000 -1.000000e+000  -0.000000e+000
    outer loop
      vertex  6.230702e+001  1.022530e+001  2.864928e+001
      vertex  6.185553e+001  1.022530e+001  5.209777e+000
      vertex  6.230702e+001  1.022530e+001  5.209777e+000
    endloop
  endfacet
  facet normal  0.000000e+000 -1.000000e+000  0.000000e+000
    outer loop
      vertex  6.230702e+001  1.022530e+001  2.864928e+001
      vertex  6.230702e+001  1.022530e+001  5.209777e+000
      vertex  6.273128e+001  1.022530e+001  5.055360e+000
    endloop
  endfacet
  facet normal  0.000000e+000 -1.000000e+000  0.000000e+000
    outer loop
      vertex  1.449471e+001  1.022530e+001  3.392479e+001
      vertex  1.223749e+001  1.022530e+001  3.166756e+001
      vertex  1.516228e+001  1.022530e+001  3.400000e+001
    endloop
  endfacet
  facet normal  0.000000e+000 -9.999999e-001  0.000000e+000
    outer loop
      vertex  1.516228e+001  1.022530e+001  3.400000e+001
      vertex  1.223749e+001  1.022530e+001  3.166756e+001
      vertex  1.485553e+001  1.022530e+001  3.120978e+001
    endloop
  endfacet
  facet normal  0.000000e+000 -1.000000e+000  0.000000e+000
    outer loop
      vertex  1.516228e+001  1.022530e+001  3.400000e+001
      vertex  1.485553e+001  1.022530e+001  3.120978e+001
      vertex  6.200000e+001  1.022530e+001  3.400000e+001
    endloop
  endfacet
  facet normal  0.000000e+000 -1.000000e+000  0.000000e+000
    outer loop
      vertex  6.200000e+001  1.022530e+001  3.400000e+001
      vertex  1.485553e+001  1.022530e+001  3.120978e+001
      vertex  1.530702e+001  1.022530e+001  3.120978e+001
    endloop
  endfacet
  facet normal  0.000000e+000 -1.000000e+000  0.000000e+000
    outer loop
      vertex  6.200000e+001  1.022530e+001  3.400000e+001
      vertex  1.530702e+001  1.022530e+001  3.120978e+001
      vertex  6.185553e+001  1.022530e+001  3.120978e+001
    endloop
  endfacet
  facet normal  0.000000e+000 -1.000000e+000  0.000000e+000
    outer loop
      vertex  6.185553e+001  1.022530e+001  3.120978e+001
      vertex  1.530702e+001  1.022530e+001  3.120978e+001
      vertex  6.143127e+001  1.022530e+001  3.105536e+001
    endloop
  endfacet
  facet normal  0.000000e+000 -9.999999e-001  0.000000e+000
    outer loop
      vertex  6.143127e+001  1.022530e+001  3.105536e+001
      vertex  1.530702e+001  1.022530e+001  3.120978e+001
      vertex  1.573128e+001  1.022530e+001  3.105536e+001
    endloop
  endfacet
  facet normal  0.000000e+000 -1.000000e+000  0.000000e+000
    outer loop
      vertex  6.143127e+001  1.022530e+001  3.105536e+001
      vertex  1.573128e+001  1.022530e+001  3.105536e+001
      vertex  6.108542e+001  1.022530e+001  3.076515e+001
    endloop
  endfacet
  facet normal  0.000000e+000 -1.000000e+000  0.000000e+000
    outer loop
      vertex  6.108542e+001  1.022530e+001  3.076515e+001
      vertex  1.573128e+001  1.022530e+001  3.105536e+001
      vertex  1.607713e+001  1.022530e+001  3.076515e+001
    endloop
  endfacet
  facet normal  0.000000e+000 -1.000000e+000  0.000000e+000
    outer loop
      vertex  6.108542e+001  1.022530e+001  3.076515e+001
      vertex  1.607713e+001  1.022530e+001  3.076515e+001
      vertex  6.085968e+001  1.022530e+001  3.037415e+001
    endloop
  endfacet
  facet normal  0.000000e+000 -1.000000e+000  0.000000e+000
    outer loop
      vertex  6.085968e+001  1.022530e+001  3.037415e+001
      vertex  1.607713e+001  1.022530e+001  3.076515e+001
      vertex  1.630288e+001  1.022530e+001  3.037415e+001
    endloop
  endfacet
  facet normal  0.000000e+000 -1.000000e+000  0.000000e+000
    outer loop
      vertex  6.085968e+001  1.022530e+001  3.037415e+001
      vertex  1.630288e+001  1.022530e+001  3.037415e+001
      vertex  6.078128e+001  1.022530e+001  2.992953e+001
    endloop
  endfacet
  facet normal  0.000000e+000 -1.000000e+000  0.000000e+000
    outer loop
      vertex  6.078128e+001  1.022530e+001  2.992953e+001
      vertex  1.630288e+001  1.022530e+001  3.037415e+001
      vertex  1.638128e+001  1.022530e+001  2.992953e+001
    endloop
  endfacet
  facet normal  0.000000e+000 -1.000000e+000  0.000000e+000
    outer loop
      vertex  6.078128e+001  1.022530e+001  2.992953e+001
      vertex  1.638128e+001  1.022530e+001  2.992953e+001
      vertex  6.085968e+001  1.022530e+001  2.948490e+001
    endloop
  endfacet
  facet normal  0.000000e+000 -1.000000e+000  0.000000e+000
    outer loop
      vertex  6.085968e+001  1.022530e+001  2.948490e+001
      vertex  1.638128e+001  1.022530e+001  2.992953e+001
      vertex  1.630288e+001  1.022530e+001  2.948490e+001
    endloop
  endfacet
  facet normal  0.000000e+000 -1.000000e+000  0.000000e+000
    outer loop
      vertex  6.085968e+001  1.022530e+001  2.948490e+001
      vertex  1.630288e+001  1.022530e+001  2.948490e+001
      vertex  6.108542e+001  1.022530e+001  2.909390e+001
    endloop
  endfacet
  facet normal  0.000000e+000 -1.000000e+000  0.000000e+000
    outer loop
      vertex  6.108542e+001  1.022530e+001  2.909390e+001
      vertex  1.630288e+001  1.022530e+001  2.948490e+001
      vertex  1.607713e+001  1.022530e+001  2.909390e+001
    endloop
  endfacet
  facet normal  0.000000e+000 -1.000000e+000  0.000000e+000
    outer loop
      vertex  6.108542e+001  1.022530e+001  2.909390e+001
      vertex  1.607713e+001  1.022530e+001  2.909390e+001
      vertex  6.143127e+001  1.022530e+001  2.880369e+001
    endloop
  endfacet
  facet normal  0.000000e+000 -1.000000e+000  0.000000e+000
    outer loop
      vertex  6.143127e+001  1.022530e+001  2.880369e+001
      vertex  1.607713e+001  1.022530e+001  2.909390e+001
      vertex  1.573128e+001  1.022530e+001  2.880369e+001
    endloop
  endfacet
  facet normal  0.000000e+000 -1.000000e+000  0.000000e+000
    outer loop
      vertex  6.143127e+001  1.022530e+001  2.880369e+001
      vertex  1.573128e+001  1.022530e+001  2.880369e+001
      vertex  6.185553e+001  1.022530e+001  2.864928e+001
    endloop
  endfacet
  facet normal  0.000000e+000 -1.000000e+000  0.000000e+000
    outer loop
      vertex  6.185553e+001  1.022530e+001  2.864928e+001
      vertex  1.573128e+001  1.022530e+001  2.880369e+001
      vertex  1.530702e+001  1.022530e+001  2.864928e+001
    endloop
  endfacet
  facet normal  0.000000e+000 -1.000000e+000  0.000000e+000
    outer loop
      vertex  6.185553e+001  1.022530e+001  5.209777e+000
      vertex  1.530702e+001  1.022530e+001  5.209777e+000
      vertex  6.143127e+001  1.022530e+001  5.055360e+000
    endloop
  endfacet
  facet normal  0.000000e+000 -1.000000e+000  0.000000e+000
    outer loop
      vertex  6.143127e+001  1.022530e+001  5.055360e+000
      vertex  1.530702e+001  1.022530e+001  5.209777e+000
      vertex  1.573128e+001  1.022530e+001  5.055360e+000
    endloop
  endfacet
  facet normal  0.000000e+000 -1.000000e+000  0.000000e+000
    outer loop
      vertex  6.143127e+001  1.022530e+001  5.055360e+000
      vertex  1.573128e+001  1.022530e+001  5.055360e+000
      vertex  6.108542e+001  1.022530e+001  4.765151e+000
    endloop
  endfacet
  facet normal  0.000000e+000 -1.000000e+000  0.000000e+000
    outer loop
      vertex  6.108542e+001  1.022530e+001  4.765151e+000
      vertex  1.573128e+001  1.022530e+001  5.055360e+000
      vertex  1.607713e+001  1.022530e+001  4.765151e+000
    endloop
  endfacet
  facet normal  0.000000e+000 -1.000000e+000  0.000000e+000
    outer loop
      vertex  6.108542e+001  1.022530e+001  4.765151e+000
      vertex  1.607713e+001  1.022530e+001  4.765151e+000
      vertex  6.085968e+001  1.022530e+001  4.374153e+000
    endloop
  endfacet
  facet normal  0.000000e+000 -1.000000e+000  0.000000e+000
    outer loop
      vertex  6.085968e+001  1.022530e+001  4.374153e+000
      vertex  1.607713e+001  1.022530e+001  4.765151e+000
      vertex  1.630288e+001  1.022530e+001  4.374153e+000
    endloop
  endfacet
  facet normal  0.000000e+000 -1.000000e+000  0.000000e+000
    outer loop
      vertex  6.085968e+001  1.022530e+001  4.374153e+000
      vertex  1.630288e+001  1.022530e+001  4.374153e+000
      vertex  6.078128e+001  1.022530e+001  3.929527e+000
    endloop
  endfacet
  facet normal  0.000000e+000 -1.000000e+000  0.000000e+000
    outer loop
      vertex  6.078128e+001  1.022530e+001  3.929527e+000
      vertex  1.630288e+001  1.022530e+001  4.374153e+000
      vertex  1.638128e+001  1.022530e+001  3.929527e+000
    endloop
  endfacet
  facet normal  0.000000e+000 -1.000000e+000  0.000000e+000
    outer loop
      vertex  6.078128e+001  1.022530e+001  3.929527e+000
      vertex  1.638128e+001  1.022530e+001  3.929527e+000
      vertex  6.085968e+001  1.022530e+001  3.484901e+000
    endloop
  endfacet
  facet normal  0.000000e+000 -9.999999e-001  0.000000e+000
    outer loop
      vertex  6.085968e+001  1.022530e+001  3.484901e+000
      vertex  1.638128e+001  1.022530e+001  3.929527e+000
      vertex  1.630288e+001  1.022530e+001  3.484901e+000
    endloop
  endfacet
  facet normal  0.000000e+000 -1.000000e+000  0.000000e+000
    outer loop
      vertex  6.085968e+001  1.022530e+001  3.484901e+000
      vertex  1.630288e+001  1.022530e+001  3.484901e+000
      vertex  6.108542e+001  1.022530e+001  3.093903e+000
    endloop
  endfacet
  facet normal  0.000000e+000 -1.000000e+000  0.000000e+000
    outer loop
      vertex  6.108542e+001  1.022530e+001  3.093903e+000
      vertex  1.630288e+001  1.022530e+001  3.484901e+000
      vertex  1.607713e+001  1.022530e+001  3.093903e+000
    endloop
  endfacet
  facet normal  0.000000e+000 -1.000000e+000  0.000000e+000
    outer loop
      vertex  6.108542e+001  1.022530e+001  3.093903e+000
      vertex  1.607713e+001  1.022530e+001  3.093903e+000
      vertex  6.143127e+001  1.022530e+001  2.803694e+000
    endloop
  endfacet
  facet normal  0.000000e+000 -1.000000e+000  0.000000e+000
    outer loop
      vertex  6.143127e+001  1.022530e+001  2.803694e+000
      vertex  1.607713e+001  1.022530e+001  3.093903e+000
      vertex  1.573128e+001  1.022530e+001  2.803694e+000
    endloop
  endfacet
  facet normal  0.000000e+000 -1.000000e+000  0.000000e+000
    outer loop
      vertex  6.143127e+001  1.022530e+001  2.803694e+000
      vertex  1.573128e+001  1.022530e+001  2.803694e+000
      vertex  6.185553e+001  1.022530e+001  2.649277e+000
    endloop
  endfacet
  facet normal  0.000000e+000 -1.000000e+000  0.000000e+000
    outer loop
      vertex  6.185553e+001  1.022530e+001  2.649277e+000
      vertex  1.573128e+001  1.022530e+001  2.803694e+000
      vertex  1.530702e+001  1.022530e+001  2.649277e+000
    endloop
  endfacet
  facet normal  1.000000e+000  0.000000e+000  0.000000e+000
    outer loop
      vertex  3.800000e+001  2.253000e-001  2.450000e+001
      vertex  3.800000e+001  2.253000e-001  9.500000e+000
      vertex  3.800000e+001  1.022530e+001  2.450000e+001
    endloop
  endfacet
  facet normal  1.000000e+000  0.000000e+000  0.000000e+000
    outer loop
      vertex  3.800000e+001  1.022530e+001  2.450000e+001
      vertex  3.800000e+001  2.253000e-001  9.500000e+000
      vertex  3.800000e+001  1.022530e+001  9.500000e+000
    endloop
  endfacet
  facet normal  3.420188e-001  0.000000e+000 -9.396931e-001
    outer loop
      vertex  6.185553e+001  1.222530e+001  5.209777e+000
      vertex  6.143127e+001  1.022530e+001  5.055360e+000
      vertex  6.143127e+001  1.222530e+001  5.055360e+000
    endloop
  endfacet
  facet normal  6.427900e-001  0.000000e+000 -7.660424e-001
    outer loop
      vertex  6.143127e+001  1.222530e+001  5.055360e+000
      vertex  6.143127e+001  1.022530e+001  5.055360e+000
      vertex  6.108542e+001  1.022530e+001  4.765151e+000
    endloop
  endfacet
  facet normal  6.427900e-001  0.000000e+000 -7.660424e-001
    outer loop
      vertex  6.143127e+001  1.222530e+001  5.055360e+000
      vertex  6.108542e+001  1.022530e+001  4.765151e+000
      vertex  6.108542e+001  1.222530e+001  4.765151e+000
    endloop
  endfacet
  facet normal  8.660255e-001  0.000000e+000 -4.999998e-001
    outer loop
      vertex  6.108542e+001  1.222530e+001  4.765151e+000
      vertex  6.108542e+001  1.022530e+001  4.765151e+000
      vertex  6.085968e+001  1.022530e+001  4.374153e+000
    endloop
  endfacet
  facet normal  8.660255e-001  0.000000e+000 -4.999998e-001
    outer loop
      vertex  6.108542e+001  1.222530e+001  4.765151e+000
      vertex  6.085968e+001  1.022530e+001  4.374153e+000
      vertex  6.085968e+001  1.222530e+001  4.374153e+000
    endloop
  endfacet
  facet normal  9.848077e-001  0.000000e+000 -1.736483e-001
    outer loop
      vertex  6.085968e+001  1.222530e+001  4.374153e+000
      vertex  6.085968e+001  1.022530e+001  4.374153e+000
      vertex  6.078128e+001  1.022530e+001  3.929527e+000
    endloop
  endfacet
  facet normal  9.848077e-001  0.000000e+000 -1.736483e-001
    outer loop
      vertex  6.085968e+001  1.222530e+001  4.374153e+000
      vertex  6.078128e+001  1.022530e+001  3.929527e+000
      vertex  6.078128e+001  1.222530e+001  3.929527e+000
    endloop
  endfacet
  facet normal  3.420188e-001  0.000000e+000 -9.396931e-001
    outer loop
      vertex  6.143127e+001  1.022530e+001  5.055360e+000
      vertex  6.185553e+001  1.222530e+001  5.209777e+000
      vertex  6.185553e+001  1.022530e+001  5.209777e+000
    endloop
  endfacet
  facet normal  0.000000e+000  0.000000e+000 -1.000000e+000
    outer loop
      vertex  6.185553e+001  1.022530e+001  5.209777e+000
      vertex  6.185553e+001  1.222530e+001  5.209777e+000
      vertex  6.230702e+001  1.222530e+001  5.209777e+000
    endloop
  endfacet
  facet normal  0.000000e+000  -0.000000e+000 -1.000000e+000
    outer loop
      vertex  6.185553e+001  1.022530e+001  5.209777e+000
      vertex  6.230702e+001  1.222530e+001  5.209777e+000
      vertex  6.230702e+001  1.022530e+001  5.209777e+000
    endloop
  endfacet
  facet normal -3.420188e-001  0.000000e+000 -9.396931e-001
    outer loop
      vertex  6.230702e+001  1.022530e+001  5.209777e+000
      vertex  6.230702e+001  1.222530e+001  5.209777e+000
      vertex  6.273128e+001  1.222530e+001  5.055360e+000
    endloop
  endfacet
  facet normal -3.420188e-001  -0.000000e+000 -9.396931e-001
    outer loop
      vertex  6.230702e+001  1.022530e+001  5.209777e+000
      vertex  6.273128e+001  1.222530e+001  5.055360e+000
      vertex  6.273128e+001  1.022530e+001  5.055360e+000
    endloop
  endfacet
  facet normal -6.427900e-001  0.000000e+000 -7.660424e-001
    outer loop
      vertex  6.273128e+001  1.022530e+001  5.055360e+000
      vertex  6.273128e+001  1.222530e+001  5.055360e+000
      vertex  6.307713e+001  1.222530e+001  4.765151e+000
    endloop
  endfacet
  facet normal -6.427900e-001  -0.000000e+000 -7.660424e-001
    outer loop
      vertex  6.273128e+001  1.022530e+001  5.055360e+000
      vertex  6.307713e+001  1.222530e+001  4.765151e+000
      vertex  6.307713e+001  1.022530e+001  4.765151e+000
    endloop
  endfacet
  facet normal -8.660255e-001  0.000000e+000 -4.999998e-001
    outer loop
      vertex  6.307713e+001  1.022530e+001  4.765151e+000
      vertex  6.307713e+001  1.222530e+001  4.765151e+000
      vertex  6.330288e+001  1.222530e+001  4.374153e+000
    endloop
  endfacet
  facet normal -8.660255e-001  -0.000000e+000 -4.999998e-001
    outer loop
      vertex  6.307713e+001  1.022530e+001  4.765151e+000
      vertex  6.330288e+001  1.222530e+001  4.374153e+000
      vertex  6.330288e+001  1.022530e+001  4.374153e+000
    endloop
  endfacet
  facet normal -9.848077e-001  0.000000e+000 -1.736483e-001
    outer loop
      vertex  6.330288e+001  1.022530e+001  4.374153e+000
      vertex  6.330288e+001  1.222530e+001  4.374153e+000
      vertex  6.338128e+001  1.222530e+001  3.929527e+000
    endloop
  endfacet
  facet normal -9.848077e-001  -0.000000e+000 -1.736483e-001
    outer loop
      vertex  6.330288e+001  1.022530e+001  4.374153e+000
      vertex  6.338128e+001  1.222530e+001  3.929527e+000
      vertex  6.338128e+001  1.022530e+001  3.929527e+000
    endloop
  endfacet
  facet normal -3.420188e-001  0.000000e+000  9.396931e-001
    outer loop
      vertex  6.230702e+001  1.222530e+001  2.649277e+000
      vertex  6.273128e+001  1.022530e+001  2.803694e+000
      vertex  6.273128e+001  1.222530e+001  2.803694e+000
    endloop
  endfacet
  facet normal -6.427898e-001  0.000000e+000  7.660426e-001
    outer loop
      vertex  6.273128e+001  1.222530e+001  2.803694e+000
      vertex  6.273128e+001  1.022530e+001  2.803694e+000
      vertex  6.307713e+001  1.022530e+001  3.093903e+000
    endloop
  endfacet
  facet normal -6.427898e-001  0.000000e+000  7.660426e-001
    outer loop
      vertex  6.273128e+001  1.222530e+001  2.803694e+000
      vertex  6.307713e+001  1.022530e+001  3.093903e+000
      vertex  6.307713e+001  1.222530e+001  3.093903e+000
    endloop
  endfacet
  facet normal -8.660258e-001  0.000000e+000  4.999993e-001
    outer loop
      vertex  6.307713e+001  1.222530e+001  3.093903e+000
      vertex  6.307713e+001  1.022530e+001  3.093903e+000
      vertex  6.330288e+001  1.022530e+001  3.484901e+000
    endloop
  endfacet
  facet normal -8.660258e-001  0.000000e+000  4.999993e-001
    outer loop
      vertex  6.307713e+001  1.222530e+001  3.093903e+000
      vertex  6.330288e+001  1.022530e+001  3.484901e+000
      vertex  6.330288e+001  1.222530e+001  3.484901e+000
    endloop
  endfacet
  facet normal -9.848077e-001  0.000000e+000  1.736484e-001
    outer loop
      vertex  6.330288e+001  1.222530e+001  3.484901e+000
      vertex  6.330288e+001  1.022530e+001  3.484901e+000
      vertex  6.338128e+001  1.022530e+001  3.929527e+000
    endloop
  endfacet
  facet normal -9.848077e-001  0.000000e+000  1.736484e-001
    outer loop
      vertex  6.330288e+001  1.222530e+001  3.484901e+000
      vertex  6.338128e+001  1.022530e+001  3.929527e+000
      vertex  6.338128e+001  1.222530e+001  3.929527e+000
    endloop
  endfacet
  facet normal -3.420188e-001  0.000000e+000  9.396931e-001
    outer loop
      vertex  6.273128e+001  1.022530e+001  2.803694e+000
      vertex  6.230702e+001  1.222530e+001  2.649277e+000
      vertex  6.230702e+001  1.022530e+001  2.649277e+000
    endloop
  endfacet
  facet normal  0.000000e+000  -0.000000e+000  1.000000e+000
    outer loop
      vertex  6.230702e+001  1.022530e+001  2.649277e+000
      vertex  6.230702e+001  1.222530e+001  2.649277e+000
      vertex  6.185553e+001  1.222530e+001  2.649277e+000
    endloop
  endfacet
  facet normal  0.000000e+000  0.000000e+000  1.000000e+000
    outer loop
      vertex  6.230702e+001  1.022530e+001  2.649277e+000
      vertex  6.185553e+001  1.222530e+001  2.649277e+000
      vertex  6.185553e+001  1.022530e+001  2.649277e+000
    endloop
  endfacet
  facet normal  3.420188e-001  -0.000000e+000  9.396931e-001
    outer loop
      vertex  6.185553e+001  1.022530e+001  2.649277e+000
      vertex  6.185553e+001  1.222530e+001  2.649277e+000
      vertex  6.143127e+001  1.222530e+001  2.803694e+000
    endloop
  endfacet
  facet normal  3.420188e-001  0.000000e+000  9.396931e-001
    outer loop
      vertex  6.185553e+001  1.022530e+001  2.649277e+000
      vertex  6.143127e+001  1.222530e+001  2.803694e+000
      vertex  6.143127e+001  1.022530e+001  2.803694e+000
    endloop
  endfacet
  facet normal  6.427898e-001  -0.000000e+000  7.660426e-001
    outer loop
      vertex  6.143127e+001  1.022530e+001  2.803694e+000
      vertex  6.143127e+001  1.222530e+001  2.803694e+000
      vertex  6.108542e+001  1.222530e+001  3.093903e+000
    endloop
  endfacet
  facet normal  6.427898e-001  0.000000e+000  7.660426e-001
    outer loop
      vertex  6.143127e+001  1.022530e+001  2.803694e+000
      vertex  6.108542e+001  1.222530e+001  3.093903e+000
      vertex  6.108542e+001  1.022530e+001  3.093903e+000
    endloop
  endfacet
  facet normal  8.660258e-001  -0.000000e+000  4.999993e-001
    outer loop
      vertex  6.108542e+001  1.022530e+001  3.093903e+000
      vertex  6.108542e+001  1.222530e+001  3.093903e+000
      vertex  6.085968e+001  1.222530e+001  3.484901e+000
    endloop
  endfacet
  facet normal  8.660258e-001  0.000000e+000  4.999993e-001
    outer loop
      vertex  6.108542e+001  1.022530e+001  3.093903e+000
      vertex  6.085968e+001  1.222530e+001  3.484901e+000
      vertex  6.085968e+001  1.022530e+001  3.484901e+000
    endloop
  endfacet
  facet normal  9.848077e-001  -0.000000e+000  1.736484e-001
    outer loop
      vertex  6.085968e+001  1.022530e+001  3.484901e+000
      vertex  6.085968e+001  1.222530e+001  3.484901e+000
      vertex  6.078128e+001  1.222530e+001  3.929527e+000
    endloop
  endfacet
  facet normal  9.848077e-001  0.000000e+000  1.736484e-001
    outer loop
      vertex  6.085968e+001  1.022530e+001  3.484901e+000
      vertex  6.078128e+001  1.222530e+001  3.929527e+000
      vertex  6.078128e+001  1.022530e+001  3.929527e+000
    endloop
  endfacet
  facet normal  3.420202e-001  0.000000e+000 -9.396926e-001
    outer loop
      vertex  1.485553e+001  1.222530e+001  5.209777e+000
      vertex  1.443128e+001  1.022530e+001  5.055360e+000
      vertex  1.443128e+001  1.222530e+001  5.055360e+000
    endloop
  endfacet
  facet normal  6.427879e-001  0.000000e+000 -7.660441e-001
    outer loop
      vertex  1.443128e+001  1.222530e+001  5.055360e+000
      vertex  1.443128e+001  1.022530e+001  5.055360e+000
      vertex  1.408542e+001  1.022530e+001  4.765151e+000
    endloop
  endfacet
  facet normal  6.427879e-001  0.000000e+000 -7.660441e-001
    outer loop
      vertex  1.443128e+001  1.222530e+001  5.055360e+000
      vertex  1.408542e+001  1.022530e+001  4.765151e+000
      vertex  1.408542e+001  1.222530e+001  4.765151e+000
    endloop
  endfacet
  facet normal  8.660247e-001  0.000000e+000 -5.000014e-001
    outer loop
      vertex  1.408542e+001  1.222530e+001  4.765151e+000
      vertex  1.408542e+001  1.022530e+001  4.765151e+000
      vertex  1.385968e+001  1.022530e+001  4.374153e+000
    endloop
  endfacet
  facet normal  8.660247e-001  0.000000e+000 -5.000014e-001
    outer loop
      vertex  1.408542e+001  1.222530e+001  4.765151e+000
      vertex  1.385968e+001  1.022530e+001  4.374153e+000
      vertex  1.385968e+001  1.222530e+001  4.374153e+000
    endloop
  endfacet
  facet normal  9.848081e-001  0.000000e+000 -1.736462e-001
    outer loop
      vertex  1.385968e+001  1.222530e+001  4.374153e+000
      vertex  1.385968e+001  1.022530e+001  4.374153e+000
      vertex  1.378128e+001  1.022530e+001  3.929527e+000
    endloop
  endfacet
  facet normal  9.848081e-001  0.000000e+000 -1.736462e-001
    outer loop
      vertex  1.385968e+001  1.222530e+001  4.374153e+000
      vertex  1.378128e+001  1.022530e+001  3.929527e+000
      vertex  1.378128e+001  1.222530e+001  3.929527e+000
    endloop
  endfacet
  facet normal  3.420202e-001  0.000000e+000 -9.396926e-001
    outer loop
      vertex  1.443128e+001  1.022530e+001  5.055360e+000
      vertex  1.485553e+001  1.222530e+001  5.209777e+000
      vertex  1.485553e+001  1.022530e+001  5.209777e+000
    endloop
  endfacet
  facet normal  0.000000e+000  0.000000e+000 -9.999999e-001
    outer loop
      vertex  1.485553e+001  1.022530e+001  5.209777e+000
      vertex  1.485553e+001  1.222530e+001  5.209777e+000
      vertex  1.530702e+001  1.222530e+001  5.209777e+000
    endloop
  endfacet
  facet normal  0.000000e+000  -0.000000e+000 -9.999999e-001
    outer loop
      vertex  1.485553e+001  1.022530e+001  5.209777e+000
      vertex  1.530702e+001  1.222530e+001  5.209777e+000
      vertex  1.530702e+001  1.022530e+001  5.209777e+000
    endloop
  endfacet
  facet normal -3.420202e-001  0.000000e+000 -9.396926e-001
    outer loop
      vertex  1.530702e+001  1.022530e+001  5.209777e+000
      vertex  1.530702e+001  1.222530e+001  5.209777e+000
      vertex  1.573128e+001  1.222530e+001  5.055360e+000
    endloop
  endfacet
  facet normal -3.420202e-001  -0.000000e+000 -9.396926e-001
    outer loop
      vertex  1.530702e+001  1.022530e+001  5.209777e+000
      vertex  1.573128e+001  1.222530e+001  5.055360e+000
      vertex  1.573128e+001  1.022530e+001  5.055360e+000
    endloop
  endfacet
  facet normal -6.427890e-001  0.000000e+000 -7.660432e-001
    outer loop
      vertex  1.573128e+001  1.022530e+001  5.055360e+000
      vertex  1.573128e+001  1.222530e+001  5.055360e+000
      vertex  1.607713e+001  1.222530e+001  4.765151e+000
    endloop
  endfacet
  facet normal -6.427890e-001  -0.000000e+000 -7.660432e-001
    outer loop
      vertex  1.573128e+001  1.022530e+001  5.055360e+000
      vertex  1.607713e+001  1.222530e+001  4.765151e+000
      vertex  1.607713e+001  1.022530e+001  4.765151e+000
    endloop
  endfacet
  facet normal -8.660237e-001  0.000000e+000 -5.000030e-001
    outer loop
      vertex  1.607713e+001  1.022530e+001  4.765151e+000
      vertex  1.607713e+001  1.222530e+001  4.765151e+000
      vertex  1.630288e+001  1.222530e+001  4.374153e+000
    endloop
  endfacet
  facet normal -8.660237e-001  -0.000000e+000 -5.000030e-001
    outer loop
      vertex  1.607713e+001  1.022530e+001  4.765151e+000
      vertex  1.630288e+001  1.222530e+001  4.374153e+000
      vertex  1.630288e+001  1.022530e+001  4.374153e+000
    endloop
  endfacet
  facet normal -9.848077e-001  0.000000e+000 -1.736483e-001
    outer loop
      vertex  1.630288e+001  1.022530e+001  4.374153e+000
      vertex  1.630288e+001  1.222530e+001  4.374153e+000
      vertex  1.638128e+001  1.222530e+001  3.929527e+000
    endloop
  endfacet
  facet normal -9.848077e-001  -0.000000e+000 -1.736483e-001
    outer loop
      vertex  1.630288e+001  1.022530e+001  4.374153e+000
      vertex  1.638128e+001  1.222530e+001  3.929527e+000
      vertex  1.638128e+001  1.022530e+001  3.929527e+000
    endloop
  endfacet
  facet normal -3.420202e-001  0.000000e+000  9.396926e-001
    outer loop
      vertex  1.530702e+001  1.222530e+001  2.649277e+000
      vertex  1.573128e+001  1.022530e+001  2.803694e+000
      vertex  1.573128e+001  1.222530e+001  2.803694e+000
    endloop
  endfacet
  facet normal -6.427886e-001  0.000000e+000  7.660435e-001
    outer loop
      vertex  1.573128e+001  1.222530e+001  2.803694e+000
      vertex  1.573128e+001  1.022530e+001  2.803694e+000
      vertex  1.607713e+001  1.022530e+001  3.093903e+000
    endloop
  endfacet
  facet normal -6.427886e-001  0.000000e+000  7.660435e-001
    outer loop
      vertex  1.573128e+001  1.222530e+001  2.803694e+000
      vertex  1.607713e+001  1.022530e+001  3.093903e+000
      vertex  1.607713e+001  1.222530e+001  3.093903e+000
    endloop
  endfacet
  facet normal -8.660240e-001  0.000000e+000  5.000025e-001
    outer loop
      vertex  1.607713e+001  1.222530e+001  3.093903e+000
      vertex  1.607713e+001  1.022530e+001  3.093903e+000
      vertex  1.630288e+001  1.022530e+001  3.484901e+000
    endloop
  endfacet
  facet normal -8.660240e-001  0.000000e+000  5.000025e-001
    outer loop
      vertex  1.607713e+001  1.222530e+001  3.093903e+000
      vertex  1.630288e+001  1.022530e+001  3.484901e+000
      vertex  1.630288e+001  1.222530e+001  3.484901e+000
    endloop
  endfacet
  facet normal -9.848077e-001  0.000000e+000  1.736484e-001
    outer loop
      vertex  1.630288e+001  1.222530e+001  3.484901e+000
      vertex  1.630288e+001  1.022530e+001  3.484901e+000
      vertex  1.638128e+001  1.022530e+001  3.929527e+000
    endloop
  endfacet
  facet normal -9.848077e-001  0.000000e+000  1.736484e-001
    outer loop
      vertex  1.630288e+001  1.222530e+001  3.484901e+000
      vertex  1.638128e+001  1.022530e+001  3.929527e+000
      vertex  1.638128e+001  1.222530e+001  3.929527e+000
    endloop
  endfacet
  facet normal -3.420202e-001  0.000000e+000  9.396926e-001
    outer loop
      vertex  1.573128e+001  1.022530e+001  2.803694e+000
      vertex  1.530702e+001  1.222530e+001  2.649277e+000
      vertex  1.530702e+001  1.022530e+001  2.649277e+000
    endloop
  endfacet
  facet normal  0.000000e+000  -0.000000e+000  9.999999e-001
    outer loop
      vertex  1.530702e+001  1.022530e+001  2.649277e+000
      vertex  1.530702e+001  1.222530e+001  2.649277e+000
      vertex  1.485553e+001  1.222530e+001  2.649277e+000
    endloop
  endfacet
  facet normal  0.000000e+000  0.000000e+000  9.999999e-001
    outer loop
      vertex  1.530702e+001  1.022530e+001  2.649277e+000
      vertex  1.485553e+001  1.222530e+001  2.649277e+000
      vertex  1.485553e+001  1.022530e+001  2.649277e+000
    endloop
  endfacet
  facet normal  3.420202e-001  -0.000000e+000  9.396926e-001
    outer loop
      vertex  1.485553e+001  1.022530e+001  2.649277e+000
      vertex  1.485553e+001  1.222530e+001  2.649277e+000
      vertex  1.443128e+001  1.222530e+001  2.803694e+000
    endloop
  endfacet
  facet normal  3.420202e-001  0.000000e+000  9.396926e-001
    outer loop
      vertex  1.485553e+001  1.022530e+001  2.649277e+000
      vertex  1.443128e+001  1.222530e+001  2.803694e+000
      vertex  1.443128e+001  1.022530e+001  2.803694e+000
    endloop
  endfacet
  facet normal  6.427876e-001  -0.000000e+000  7.660443e-001
    outer loop
      vertex  1.443128e+001  1.022530e+001  2.803694e+000
      vertex  1.443128e+001  1.222530e+001  2.803694e+000
      vertex  1.408542e+001  1.222530e+001  3.093903e+000
    endloop
  endfacet
  facet normal  6.427876e-001  0.000000e+000  7.660443e-001
    outer loop
      vertex  1.443128e+001  1.022530e+001  2.803694e+000
      vertex  1.408542e+001  1.222530e+001  3.093903e+000
      vertex  1.408542e+001  1.022530e+001  3.093903e+000
    endloop
  endfacet
  facet normal  8.660249e-001  -0.000000e+000  5.000010e-001
    outer loop
      vertex  1.408542e+001  1.022530e+001  3.093903e+000
      vertex  1.408542e+001  1.222530e+001  3.093903e+000
      vertex  1.385968e+001  1.222530e+001  3.484901e+000
    endloop
  endfacet
  facet normal  8.660249e-001  0.000000e+000  5.000010e-001
    outer loop
      vertex  1.408542e+001  1.022530e+001  3.093903e+000
      vertex  1.385968e+001  1.222530e+001  3.484901e+000
      vertex  1.385968e+001  1.022530e+001  3.484901e+000
    endloop
  endfacet
  facet normal  9.848081e-001  -0.000000e+000  1.736463e-001
    outer loop
      vertex  1.385968e+001  1.022530e+001  3.484901e+000
      vertex  1.385968e+001  1.222530e+001  3.484901e+000
      vertex  1.378128e+001  1.222530e+001  3.929527e+000
    endloop
  endfacet
  facet normal  9.848081e-001  0.000000e+000  1.736463e-001
    outer loop
      vertex  1.385968e+001  1.022530e+001  3.484901e+000
      vertex  1.378128e+001  1.222530e+001  3.929527e+000
      vertex  1.378128e+001  1.022530e+001  3.929527e+000
    endloop
  endfacet
  facet normal  3.420226e-001  0.000000e+000 -9.396918e-001
    outer loop
      vertex  6.185553e+001  1.222530e+001  3.120978e+001
      vertex  6.143127e+001  1.022530e+001  3.105536e+001
      vertex  6.143127e+001  1.222530e+001  3.105536e+001
    endloop
  endfacet
  facet normal  6.427895e-001  0.000000e+000 -7.660429e-001
    outer loop
      vertex  6.143127e+001  1.222530e+001  3.105536e+001
      vertex  6.143127e+001  1.022530e+001  3.105536e+001
      vertex  6.108542e+001  1.022530e+001  3.076515e+001
    endloop
  endfacet
  facet normal  6.427895e-001  0.000000e+000 -7.660429e-001
    outer loop
      vertex  6.143127e+001  1.222530e+001  3.105536e+001
      vertex  6.108542e+001  1.022530e+001  3.076515e+001
      vertex  6.108542e+001  1.222530e+001  3.076515e+001
    endloop
  endfacet
  facet normal  8.660253e-001  0.000000e+000 -5.000002e-001
    outer loop
      vertex  6.108542e+001  1.222530e+001  3.076515e+001
      vertex  6.108542e+001  1.022530e+001  3.076515e+001
      vertex  6.085968e+001  1.022530e+001  3.037415e+001
    endloop
  endfacet
  facet normal  8.660253e-001  0.000000e+000 -5.000002e-001
    outer loop
      vertex  6.108542e+001  1.222530e+001  3.076515e+001
      vertex  6.085968e+001  1.022530e+001  3.037415e+001
      vertex  6.085968e+001  1.222530e+001  3.037415e+001
    endloop
  endfacet
  facet normal  9.848077e-001  0.000000e+000 -1.736484e-001
    outer loop
      vertex  6.085968e+001  1.222530e+001  3.037415e+001
      vertex  6.085968e+001  1.022530e+001  3.037415e+001
      vertex  6.078128e+001  1.022530e+001  2.992953e+001
    endloop
  endfacet
  facet normal  9.848077e-001  0.000000e+000 -1.736484e-001
    outer loop
      vertex  6.085968e+001  1.222530e+001  3.037415e+001
      vertex  6.078128e+001  1.022530e+001  2.992953e+001
      vertex  6.078128e+001  1.222530e+001  2.992953e+001
    endloop
  endfacet
  facet normal  3.420226e-001  0.000000e+000 -9.396918e-001
    outer loop
      vertex  6.143127e+001  1.022530e+001  3.105536e+001
      vertex  6.185553e+001  1.222530e+001  3.120978e+001
      vertex  6.185553e+001  1.022530e+001  3.120978e+001
    endloop
  endfacet
  facet normal  0.000000e+000  0.000000e+000 -1.000000e+000
    outer loop
      vertex  6.185553e+001  1.022530e+001  3.120978e+001
      vertex  6.185553e+001  1.222530e+001  3.120978e+001
      vertex  6.230702e+001  1.222530e+001  3.120978e+001
    endloop
  endfacet
  facet normal  0.000000e+000  -0.000000e+000 -1.000000e+000
    outer loop
      vertex  6.185553e+001  1.022530e+001  3.120978e+001
      vertex  6.230702e+001  1.222530e+001  3.120978e+001
      vertex  6.230702e+001  1.022530e+001  3.120978e+001
    endloop
  endfacet
  facet normal -3.420226e-001  0.000000e+000 -9.396918e-001
    outer loop
      vertex  6.230702e+001  1.022530e+001  3.120978e+001
      vertex  6.230702e+001  1.222530e+001  3.120978e+001
      vertex  6.273128e+001  1.222530e+001  3.105536e+001
    endloop
  endfacet
  facet normal -3.420226e-001  -0.000000e+000 -9.396918e-001
    outer loop
      vertex  6.230702e+001  1.022530e+001  3.120978e+001
      vertex  6.273128e+001  1.222530e+001  3.105536e+001
      vertex  6.273128e+001  1.022530e+001  3.105536e+001
    endloop
  endfacet
  facet normal -6.427895e-001  0.000000e+000 -7.660429e-001
    outer loop
      vertex  6.273128e+001  1.022530e+001  3.105536e+001
      vertex  6.273128e+001  1.222530e+001  3.105536e+001
      vertex  6.307713e+001  1.222530e+001  3.076515e+001
    endloop
  endfacet
  facet normal -6.427895e-001  -0.000000e+000 -7.660429e-001
    outer loop
      vertex  6.273128e+001  1.022530e+001  3.105536e+001
      vertex  6.307713e+001  1.222530e+001  3.076515e+001
      vertex  6.307713e+001  1.022530e+001  3.076515e+001
    endloop
  endfacet
  facet normal -8.660253e-001  0.000000e+000 -5.000002e-001
    outer loop
      vertex  6.307713e+001  1.022530e+001  3.076515e+001
      vertex  6.307713e+001  1.222530e+001  3.076515e+001
      vertex  6.330288e+001  1.222530e+001  3.037415e+001
    endloop
  endfacet
  facet normal -8.660253e-001  -0.000000e+000 -5.000002e-001
    outer loop
      vertex  6.307713e+001  1.022530e+001  3.076515e+001
      vertex  6.330288e+001  1.222530e+001  3.037415e+001
      vertex  6.330288e+001  1.022530e+001  3.037415e+001
    endloop
  endfacet
  facet normal -9.848077e-001  0.000000e+000 -1.736484e-001
    outer loop
      vertex  6.330288e+001  1.022530e+001  3.037415e+001
      vertex  6.330288e+001  1.222530e+001  3.037415e+001
      vertex  6.338128e+001  1.222530e+001  2.992953e+001
    endloop
  endfacet
  facet normal -9.848077e-001  -0.000000e+000 -1.736484e-001
    outer loop
      vertex  6.330288e+001  1.022530e+001  3.037415e+001
      vertex  6.338128e+001  1.222530e+001  2.992953e+001
      vertex  6.338128e+001  1.022530e+001  2.992953e+001
    endloop
  endfacet
  facet normal -3.420188e-001  0.000000e+000  9.396931e-001
    outer loop
      vertex  6.230702e+001  1.222530e+001  2.864928e+001
      vertex  6.273128e+001  1.022530e+001  2.880369e+001
      vertex  6.273128e+001  1.222530e+001  2.880369e+001
    endloop
  endfacet
  facet normal -6.427895e-001  0.000000e+000  7.660429e-001
    outer loop
      vertex  6.273128e+001  1.222530e+001  2.880369e+001
      vertex  6.273128e+001  1.022530e+001  2.880369e+001
      vertex  6.307713e+001  1.022530e+001  2.909390e+001
    endloop
  endfacet
  facet normal -6.427895e-001  0.000000e+000  7.660429e-001
    outer loop
      vertex  6.273128e+001  1.222530e+001  2.880369e+001
      vertex  6.307713e+001  1.022530e+001  2.909390e+001
      vertex  6.307713e+001  1.222530e+001  2.909390e+001
    endloop
  endfacet
  facet normal -8.660263e-001  0.000000e+000  4.999984e-001
    outer loop
      vertex  6.307713e+001  1.222530e+001  2.909390e+001
      vertex  6.307713e+001  1.022530e+001  2.909390e+001
      vertex  6.330288e+001  1.022530e+001  2.948490e+001
    endloop
  endfacet
  facet normal -8.660263e-001  0.000000e+000  4.999984e-001
    outer loop
      vertex  6.307713e+001  1.222530e+001  2.909390e+001
      vertex  6.330288e+001  1.022530e+001  2.948490e+001
      vertex  6.330288e+001  1.222530e+001  2.948490e+001
    endloop
  endfacet
  facet normal -9.848077e-001  0.000000e+000  1.736484e-001
    outer loop
      vertex  6.330288e+001  1.222530e+001  2.948490e+001
      vertex  6.330288e+001  1.022530e+001  2.948490e+001
      vertex  6.338128e+001  1.022530e+001  2.992953e+001
    endloop
  endfacet
  facet normal -9.848077e-001  0.000000e+000  1.736484e-001
    outer loop
      vertex  6.330288e+001  1.222530e+001  2.948490e+001
      vertex  6.338128e+001  1.022530e+001  2.992953e+001
      vertex  6.338128e+001  1.222530e+001  2.992953e+001
    endloop
  endfacet
  facet normal -3.420188e-001  0.000000e+000  9.396931e-001
    outer loop
      vertex  6.273128e+001  1.022530e+001  2.880369e+001
      vertex  6.230702e+001  1.222530e+001  2.864928e+001
      vertex  6.230702e+001  1.022530e+001  2.864928e+001
    endloop
  endfacet
  facet normal  0.000000e+000  -0.000000e+000  1.000000e+000
    outer loop
      vertex  6.230702e+001  1.022530e+001  2.864928e+001
      vertex  6.230702e+001  1.222530e+001  2.864928e+001
      vertex  6.185553e+001  1.222530e+001  2.864928e+001
    endloop
  endfacet
  facet normal  0.000000e+000  0.000000e+000  1.000000e+000
    outer loop
      vertex  6.230702e+001  1.022530e+001  2.864928e+001
      vertex  6.185553e+001  1.222530e+001  2.864928e+001
      vertex  6.185553e+001  1.022530e+001  2.864928e+001
    endloop
  endfacet
  facet normal  3.420188e-001  -0.000000e+000  9.396931e-001
    outer loop
      vertex  6.185553e+001  1.022530e+001  2.864928e+001
      vertex  6.185553e+001  1.222530e+001  2.864928e+001
      vertex  6.143127e+001  1.222530e+001  2.880369e+001
    endloop
  endfacet
  facet normal  3.420188e-001  0.000000e+000  9.396931e-001
    outer loop
      vertex  6.185553e+001  1.022530e+001  2.864928e+001
      vertex  6.143127e+001  1.222530e+001  2.880369e+001
      vertex  6.143127e+001  1.022530e+001  2.880369e+001
    endloop
  endfacet
  facet normal  6.427895e-001  -0.000000e+000  7.660429e-001
    outer loop
      vertex  6.143127e+001  1.022530e+001  2.880369e+001
      vertex  6.143127e+001  1.222530e+001  2.880369e+001
      vertex  6.108542e+001  1.222530e+001  2.909390e+001
    endloop
  endfacet
  facet normal  6.427895e-001  0.000000e+000  7.660429e-001
    outer loop
      vertex  6.143127e+001  1.022530e+001  2.880369e+001
      vertex  6.108542e+001  1.222530e+001  2.909390e+001
      vertex  6.108542e+001  1.022530e+001  2.909390e+001
    endloop
  endfacet
  facet normal  8.660263e-001  -0.000000e+000  4.999984e-001
    outer loop
      vertex  6.108542e+001  1.022530e+001  2.909390e+001
      vertex  6.108542e+001  1.222530e+001  2.909390e+001
      vertex  6.085968e+001  1.222530e+001  2.948490e+001
    endloop
  endfacet
  facet normal  8.660263e-001  0.000000e+000  4.999984e-001
    outer loop
      vertex  6.108542e+001  1.022530e+001  2.909390e+001
      vertex  6.085968e+001  1.222530e+001  2.948490e+001
      vertex  6.085968e+001  1.022530e+001  2.948490e+001
    endloop
  endfacet
  facet normal  9.848077e-001  -0.000000e+000  1.736484e-001
    outer loop
      vertex  6.085968e+001  1.022530e+001  2.948490e+001
      vertex  6.085968e+001  1.222530e+001  2.948490e+001
      vertex  6.078128e+001  1.222530e+001  2.992953e+001
    endloop
  endfacet
  facet normal  9.848077e-001  0.000000e+000  1.736484e-001
    outer loop
      vertex  6.085968e+001  1.022530e+001  2.948490e+001
      vertex  6.078128e+001  1.222530e+001  2.992953e+001
      vertex  6.078128e+001  1.022530e+001  2.992953e+001
    endloop
  endfacet
  facet normal  3.420239e-001  0.000000e+000 -9.396913e-001
    outer loop
      vertex  1.485553e+001  1.222530e+001  3.120978e+001
      vertex  1.443128e+001  1.022530e+001  3.105536e+001
      vertex  1.443128e+001  1.222530e+001  3.105536e+001
    endloop
  endfacet
  facet normal  6.427874e-001  0.000000e+000 -7.660447e-001
    outer loop
      vertex  1.443128e+001  1.222530e+001  3.105536e+001
      vertex  1.443128e+001  1.022530e+001  3.105536e+001
      vertex  1.408542e+001  1.022530e+001  3.076515e+001
    endloop
  endfacet
  facet normal  6.427874e-001  0.000000e+000 -7.660447e-001
    outer loop
      vertex  1.443128e+001  1.222530e+001  3.105536e+001
      vertex  1.408542e+001  1.022530e+001  3.076515e+001
      vertex  1.408542e+001  1.222530e+001  3.076515e+001
    endloop
  endfacet
  facet normal  8.660243e-001  0.000000e+000 -5.000018e-001
    outer loop
      vertex  1.408542e+001  1.222530e+001  3.076515e+001
      vertex  1.408542e+001  1.022530e+001  3.076515e+001
      vertex  1.385968e+001  1.022530e+001  3.037415e+001
    endloop
  endfacet
  facet normal  8.660243e-001  0.000000e+000 -5.000018e-001
    outer loop
      vertex  1.408542e+001  1.222530e+001  3.076515e+001
      vertex  1.385968e+001  1.022530e+001  3.037415e+001
      vertex  1.385968e+001  1.222530e+001  3.037415e+001
    endloop
  endfacet
  facet normal  9.848081e-001  0.000000e+000 -1.736464e-001
    outer loop
      vertex  1.385968e+001  1.222530e+001  3.037415e+001
      vertex  1.385968e+001  1.022530e+001  3.037415e+001
      vertex  1.378128e+001  1.022530e+001  2.992953e+001
    endloop
  endfacet
  facet normal  9.848081e-001  0.000000e+000 -1.736464e-001
    outer loop
      vertex  1.385968e+001  1.222530e+001  3.037415e+001
      vertex  1.378128e+001  1.022530e+001  2.992953e+001
      vertex  1.378128e+001  1.222530e+001  2.992953e+001
    endloop
  endfacet
  facet normal  3.420239e-001  0.000000e+000 -9.396913e-001
    outer loop
      vertex  1.443128e+001  1.022530e+001  3.105536e+001
      vertex  1.485553e+001  1.222530e+001  3.120978e+001
      vertex  1.485553e+001  1.022530e+001  3.120978e+001
    endloop
  endfacet
  facet normal  0.000000e+000  0.000000e+000 -9.999999e-001
    outer loop
      vertex  1.485553e+001  1.022530e+001  3.120978e+001
      vertex  1.485553e+001  1.222530e+001  3.120978e+001
      vertex  1.530702e+001  1.222530e+001  3.120978e+001
    endloop
  endfacet
  facet normal  0.000000e+000  -0.000000e+000 -9.999999e-001
    outer loop
      vertex  1.485553e+001  1.022530e+001  3.120978e+001
      vertex  1.530702e+001  1.222530e+001  3.120978e+001
      vertex  1.530702e+001  1.022530e+001  3.120978e+001
    endloop
  endfacet
  facet normal -3.420239e-001  0.000000e+000 -9.396913e-001
    outer loop
      vertex  1.530702e+001  1.022530e+001  3.120978e+001
      vertex  1.530702e+001  1.222530e+001  3.120978e+001
      vertex  1.573128e+001  1.222530e+001  3.105536e+001
    endloop
  endfacet
  facet normal -3.420239e-001  -0.000000e+000 -9.396913e-001
    outer loop
      vertex  1.530702e+001  1.022530e+001  3.120978e+001
      vertex  1.573128e+001  1.222530e+001  3.105536e+001
      vertex  1.573128e+001  1.022530e+001  3.105536e+001
    endloop
  endfacet
  facet normal -6.427884e-001  0.000000e+000 -7.660438e-001
    outer loop
      vertex  1.573128e+001  1.022530e+001  3.105536e+001
      vertex  1.573128e+001  1.222530e+001  3.105536e+001
      vertex  1.607713e+001  1.222530e+001  3.076515e+001
    endloop
  endfacet
  facet normal -6.427884e-001  -0.000000e+000 -7.660438e-001
    outer loop
      vertex  1.573128e+001  1.022530e+001  3.105536e+001
      vertex  1.607713e+001  1.222530e+001  3.076515e+001
      vertex  1.607713e+001  1.022530e+001  3.076515e+001
    endloop
  endfacet
  facet normal -8.660234e-001  0.000000e+000 -5.000034e-001
    outer loop
      vertex  1.607713e+001  1.022530e+001  3.076515e+001
      vertex  1.607713e+001  1.222530e+001  3.076515e+001
      vertex  1.630288e+001  1.222530e+001  3.037415e+001
    endloop
  endfacet
  facet normal -8.660234e-001  -0.000000e+000 -5.000034e-001
    outer loop
      vertex  1.607713e+001  1.022530e+001  3.076515e+001
      vertex  1.630288e+001  1.222530e+001  3.037415e+001
      vertex  1.630288e+001  1.022530e+001  3.037415e+001
    endloop
  endfacet
  facet normal -9.848077e-001  0.000000e+000 -1.736484e-001
    outer loop
      vertex  1.630288e+001  1.022530e+001  3.037415e+001
      vertex  1.630288e+001  1.222530e+001  3.037415e+001
      vertex  1.638128e+001  1.222530e+001  2.992953e+001
    endloop
  endfacet
  facet normal -9.848077e-001  -0.000000e+000 -1.736484e-001
    outer loop
      vertex  1.630288e+001  1.022530e+001  3.037415e+001
      vertex  1.638128e+001  1.222530e+001  2.992953e+001
      vertex  1.638128e+001  1.022530e+001  2.992953e+001
    endloop
  endfacet
  facet normal -3.420202e-001  0.000000e+000  9.396926e-001
    outer loop
      vertex  1.530702e+001  1.222530e+001  2.864928e+001
      vertex  1.573128e+001  1.022530e+001  2.880369e+001
      vertex  1.573128e+001  1.222530e+001  2.880369e+001
    endloop
  endfacet
  facet normal -6.427884e-001  0.000000e+000  7.660438e-001
    outer loop
      vertex  1.573128e+001  1.222530e+001  2.880369e+001
      vertex  1.573128e+001  1.022530e+001  2.880369e+001
      vertex  1.607713e+001  1.022530e+001  2.909390e+001
    endloop
  endfacet
  facet normal -6.427884e-001  0.000000e+000  7.660438e-001
    outer loop
      vertex  1.573128e+001  1.222530e+001  2.880369e+001
      vertex  1.607713e+001  1.022530e+001  2.909390e+001
      vertex  1.607713e+001  1.222530e+001  2.909390e+001
    endloop
  endfacet
  facet normal -8.660246e-001  0.000000e+000  5.000016e-001
    outer loop
      vertex  1.607713e+001  1.222530e+001  2.909390e+001
      vertex  1.607713e+001  1.022530e+001  2.909390e+001
      vertex  1.630288e+001  1.022530e+001  2.948490e+001
    endloop
  endfacet
  facet normal -8.660246e-001  0.000000e+000  5.000016e-001
    outer loop
      vertex  1.607713e+001  1.222530e+001  2.909390e+001
      vertex  1.630288e+001  1.022530e+001  2.948490e+001
      vertex  1.630288e+001  1.222530e+001  2.948490e+001
    endloop
  endfacet
  facet normal -9.848077e-001  0.000000e+000  1.736484e-001
    outer loop
      vertex  1.630288e+001  1.222530e+001  2.948490e+001
      vertex  1.630288e+001  1.022530e+001  2.948490e+001
      vertex  1.638128e+001  1.022530e+001  2.992953e+001
    endloop
  endfacet
  facet normal -9.848077e-001  0.000000e+000  1.736484e-001
    outer loop
      vertex  1.630288e+001  1.222530e+001  2.948490e+001
      vertex  1.638128e+001  1.022530e+001  2.992953e+001
      vertex  1.638128e+001  1.222530e+001  2.992953e+001
    endloop
  endfacet
  facet normal -3.420202e-001  0.000000e+000  9.396926e-001
    outer loop
      vertex  1.573128e+001  1.022530e+001  2.880369e+001
      vertex  1.530702e+001  1.222530e+001  2.864928e+001
      vertex  1.530702e+001  1.022530e+001  2.864928e+001
    endloop
  endfacet
  facet normal  0.000000e+000  -0.000000e+000  9.999999e-001
    outer loop
      vertex  1.530702e+001  1.022530e+001  2.864928e+001
      vertex  1.530702e+001  1.222530e+001  2.864928e+001
      vertex  1.485553e+001  1.222530e+001  2.864928e+001
    endloop
  endfacet
  facet normal  0.000000e+000  0.000000e+000  9.999999e-001
    outer loop
      vertex  1.530702e+001  1.022530e+001  2.864928e+001
      vertex  1.485553e+001  1.222530e+001  2.864928e+001
      vertex  1.485553e+001  1.022530e+001  2.864928e+001
    endloop
  endfacet
  facet normal  3.420202e-001  -0.000000e+000  9.396926e-001
    outer loop
      vertex  1.485553e+001  1.022530e+001  2.864928e+001
      vertex  1.485553e+001  1.222530e+001  2.864928e+001
      vertex  1.443128e+001  1.222530e+001  2.880369e+001
    endloop
  endfacet
  facet normal  3.420202e-001  0.000000e+000  9.396926e-001
    outer loop
      vertex  1.485553e+001  1.022530e+001  2.864928e+001
      vertex  1.443128e+001  1.222530e+001  2.880369e+001
      vertex  1.443128e+001  1.022530e+001  2.880369e+001
    endloop
  endfacet
  facet normal  6.427874e-001  -0.000000e+000  7.660447e-001
    outer loop
      vertex  1.443128e+001  1.022530e+001  2.880369e+001
      vertex  1.443128e+001  1.222530e+001  2.880369e+001
      vertex  1.408542e+001  1.222530e+001  2.909390e+001
    endloop
  endfacet
  facet normal  6.427874e-001  0.000000e+000  7.660447e-001
    outer loop
      vertex  1.443128e+001  1.022530e+001  2.880369e+001
      vertex  1.408542e+001  1.222530e+001  2.909390e+001
      vertex  1.408542e+001  1.022530e+001  2.909390e+001
    endloop
  endfacet
  facet normal  8.660254e-001  -0.000000e+000  5.000000e-001
    outer loop
      vertex  1.408542e+001  1.022530e+001  2.909390e+001
      vertex  1.408542e+001  1.222530e+001  2.909390e+001
      vertex  1.385968e+001  1.222530e+001  2.948490e+001
    endloop
  endfacet
  facet normal  8.660254e-001  0.000000e+000  5.000000e-001
    outer loop
      vertex  1.408542e+001  1.022530e+001  2.909390e+001
      vertex  1.385968e+001  1.222530e+001  2.948490e+001
      vertex  1.385968e+001  1.022530e+001  2.948490e+001
    endloop
  endfacet
  facet normal  9.848081e-001  -0.000000e+000  1.736464e-001
    outer loop
      vertex  1.385968e+001  1.022530e+001  2.948490e+001
      vertex  1.385968e+001  1.222530e+001  2.948490e+001
      vertex  1.378128e+001  1.222530e+001  2.992953e+001
    endloop
  endfacet
  facet normal  9.848081e-001  0.000000e+000  1.736464e-001
    outer loop
      vertex  1.385968e+001  1.022530e+001  2.948490e+001
      vertex  1.378128e+001  1.222530e+001  2.992953e+001
      vertex  1.378128e+001  1.022530e+001  2.992953e+001
    endloop
  endfacet
  facet normal -9.937122e-001  0.000000e+000  1.119646e-001
    outer loop
      vertex  1.216228e+001  1.222530e+001  3.100000e+001
      vertex  1.216228e+001  1.022530e+001  3.100000e+001
      vertex  1.223749e+001  1.222530e+001  3.166756e+001
    endloop
  endfacet
  facet normal -9.937122e-001  0.000000e+000  1.119646e-001
    outer loop
      vertex  1.223749e+001  1.222530e+001  3.166756e+001
      vertex  1.216228e+001  1.022530e+001  3.100000e+001
      vertex  1.223749e+001  1.022530e+001  3.166756e+001
    endloop
  endfacet
  facet normal -9.438833e-001  0.000000e+000  3.302790e-001
    outer loop
      vertex  1.223749e+001  1.222530e+001  3.166756e+001
      vertex  1.223749e+001  1.022530e+001  3.166756e+001
      vertex  1.245937e+001  1.222530e+001  3.230165e+001
    endloop
  endfacet
  facet normal -9.438833e-001  0.000000e+000  3.302790e-001
    outer loop
      vertex  1.245937e+001  1.222530e+001  3.230165e+001
      vertex  1.223749e+001  1.022530e+001  3.166756e+001
      vertex  1.245937e+001  1.022530e+001  3.230165e+001
    endloop
  endfacet
  facet normal -8.467236e-001  0.000000e+000  5.320330e-001
    outer loop
      vertex  1.245937e+001  1.222530e+001  3.230165e+001
      vertex  1.245937e+001  1.022530e+001  3.230165e+001
      vertex  1.281678e+001  1.222530e+001  3.287047e+001
    endloop
  endfacet
  facet normal -8.467236e-001  0.000000e+000  5.320330e-001
    outer loop
      vertex  1.281678e+001  1.222530e+001  3.287047e+001
      vertex  1.245937e+001  1.022530e+001  3.230165e+001
      vertex  1.281678e+001  1.022530e+001  3.287047e+001
    endloop
  endfacet
  facet normal -7.071068e-001  0.000000e+000  7.071068e-001
    outer loop
      vertex  1.281678e+001  1.222530e+001  3.287047e+001
      vertex  1.281678e+001  1.022530e+001  3.287047e+001
      vertex  1.329181e+001  1.222530e+001  3.334549e+001
    endloop
  endfacet
  facet normal -7.071068e-001  0.000000e+000  7.071068e-001
    outer loop
      vertex  1.329181e+001  1.222530e+001  3.334549e+001
      vertex  1.281678e+001  1.022530e+001  3.287047e+001
      vertex  1.329181e+001  1.022530e+001  3.334549e+001
    endloop
  endfacet
  facet normal -5.320344e-001  0.000000e+000  8.467228e-001
    outer loop
      vertex  1.329181e+001  1.222530e+001  3.334549e+001
      vertex  1.329181e+001  1.022530e+001  3.334549e+001
      vertex  1.386063e+001  1.222530e+001  3.370291e+001
    endloop
  endfacet
  facet normal -5.320344e-001  0.000000e+000  8.467228e-001
    outer loop
      vertex  1.386063e+001  1.222530e+001  3.370291e+001
      vertex  1.329181e+001  1.022530e+001  3.334549e+001
      vertex  1.386063e+001  1.022530e+001  3.370291e+001
    endloop
  endfacet
  facet normal -3.302802e-001  0.000000e+000  9.438829e-001
    outer loop
      vertex  1.386063e+001  1.222530e+001  3.370291e+001
      vertex  1.386063e+001  1.022530e+001  3.370291e+001
      vertex  1.449471e+001  1.222530e+001  3.392479e+001
    endloop
  endfacet
  facet normal -3.302802e-001  0.000000e+000  9.438829e-001
    outer loop
      vertex  1.449471e+001  1.222530e+001  3.392479e+001
      vertex  1.386063e+001  1.022530e+001  3.370291e+001
      vertex  1.449471e+001  1.022530e+001  3.392479e+001
    endloop
  endfacet
  facet normal -1.119618e-001  0.000000e+000  9.937125e-001
    outer loop
      vertex  1.449471e+001  1.222530e+001  3.392479e+001
      vertex  1.449471e+001  1.022530e+001  3.392479e+001
      vertex  1.516228e+001  1.222530e+001  3.400000e+001
    endloop
  endfacet
  facet normal -1.119618e-001  0.000000e+000  9.937125e-001
    outer loop
      vertex  1.516228e+001  1.222530e+001  3.400000e+001
      vertex  1.449471e+001  1.022530e+001  3.392479e+001
      vertex  1.516228e+001  1.022530e+001  3.400000e+001
    endloop
  endfacet
  facet normal  0.000000e+000  0.000000e+000  1.000000e+000
    outer loop
      vertex  1.516228e+001  1.022530e+001  3.400000e+001
      vertex  6.200000e+001  1.022530e+001  3.400000e+001
      vertex  1.516228e+001  1.222530e+001  3.400000e+001
    endloop
  endfacet
  facet normal  -0.000000e+000  0.000000e+000  1.000000e+000
    outer loop
      vertex  1.516228e+001  1.222530e+001  3.400000e+001
      vertex  6.200000e+001  1.022530e+001  3.400000e+001
      vertex  6.200000e+001  1.222530e+001  3.400000e+001
    endloop
  endfacet
  facet normal  1.119559e-001  -0.000000e+000  9.937132e-001
    outer loop
      vertex  6.200000e+001  1.222530e+001  3.400000e+001
      vertex  6.200000e+001  1.022530e+001  3.400000e+001
      vertex  6.266756e+001  1.222530e+001  3.392479e+001
    endloop
  endfacet
  facet normal  1.119559e-001  0.000000e+000  9.937132e-001
    outer loop
      vertex  6.266756e+001  1.222530e+001  3.392479e+001
      vertex  6.200000e+001  1.022530e+001  3.400000e+001
      vertex  6.266756e+001  1.022530e+001  3.392479e+001
    endloop
  endfacet
  facet normal  3.302743e-001  -0.000000e+000  9.438850e-001
    outer loop
      vertex  6.266756e+001  1.222530e+001  3.392479e+001
      vertex  6.266756e+001  1.022530e+001  3.392479e+001
      vertex  6.330165e+001  1.222530e+001  3.370292e+001
    endloop
  endfacet
  facet normal  3.302743e-001  0.000000e+000  9.438850e-001
    outer loop
      vertex  6.330165e+001  1.222530e+001  3.370292e+001
      vertex  6.266756e+001  1.022530e+001  3.392479e+001
      vertex  6.330165e+001  1.022530e+001  3.370292e+001
    endloop
  endfacet
  facet normal  5.320324e-001  -0.000000e+000  8.467240e-001
    outer loop
      vertex  6.330165e+001  1.222530e+001  3.370292e+001
      vertex  6.330165e+001  1.022530e+001  3.370292e+001
      vertex  6.387048e+001  1.222530e+001  3.334550e+001
    endloop
  endfacet
  facet normal  5.320324e-001  0.000000e+000  8.467240e-001
    outer loop
      vertex  6.387048e+001  1.222530e+001  3.334550e+001
      vertex  6.330165e+001  1.022530e+001  3.370292e+001
      vertex  6.387048e+001  1.022530e+001  3.334550e+001
    endloop
  endfacet
  facet normal  7.071039e-001  -0.000000e+000  7.071096e-001
    outer loop
      vertex  6.387048e+001  1.222530e+001  3.334550e+001
      vertex  6.387048e+001  1.022530e+001  3.334550e+001
      vertex  6.434550e+001  1.222530e+001  3.287048e+001
    endloop
  endfacet
  facet normal  7.071039e-001  0.000000e+000  7.071096e-001
    outer loop
      vertex  6.434550e+001  1.222530e+001  3.287048e+001
      vertex  6.387048e+001  1.022530e+001  3.334550e+001
      vertex  6.434550e+001  1.022530e+001  3.287048e+001
    endloop
  endfacet
  facet normal  8.467291e-001  -0.000000e+000  5.320243e-001
    outer loop
      vertex  6.434550e+001  1.222530e+001  3.287048e+001
      vertex  6.434550e+001  1.022530e+001  3.287048e+001
      vertex  6.470291e+001  1.222530e+001  3.230165e+001
    endloop
  endfacet
  facet normal  8.467291e-001  0.000000e+000  5.320243e-001
    outer loop
      vertex  6.470291e+001  1.222530e+001  3.230165e+001
      vertex  6.434550e+001  1.022530e+001  3.287048e+001
      vertex  6.470291e+001  1.022530e+001  3.230165e+001
    endloop
  endfacet
  facet normal  9.438832e-001  -0.000000e+000  3.302794e-001
    outer loop
      vertex  6.470291e+001  1.222530e+001  3.230165e+001
      vertex  6.470291e+001  1.022530e+001  3.230165e+001
      vertex  6.492479e+001  1.222530e+001  3.166756e+001
    endloop
  endfacet
  facet normal  9.438832e-001  0.000000e+000  3.302794e-001
    outer loop
      vertex  6.492479e+001  1.222530e+001  3.166756e+001
      vertex  6.470291e+001  1.022530e+001  3.230165e+001
      vertex  6.492479e+001  1.022530e+001  3.166756e+001
    endloop
  endfacet
  facet normal  9.937132e-001  -0.000000e+000  1.119559e-001
    outer loop
      vertex  6.492479e+001  1.222530e+001  3.166756e+001
      vertex  6.492479e+001  1.022530e+001  3.166756e+001
      vertex  6.500000e+001  1.222530e+001  3.100000e+001
    endloop
  endfacet
  facet normal  9.937132e-001  0.000000e+000  1.119559e-001
    outer loop
      vertex  6.500000e+001  1.222530e+001  3.100000e+001
      vertex  6.492479e+001  1.022530e+001  3.166756e+001
      vertex  6.500000e+001  1.022530e+001  3.100000e+001
    endloop
  endfacet
  facet normal  1.000000e+000  0.000000e+000  0.000000e+000
    outer loop
      vertex  6.500000e+001  1.022530e+001  3.100000e+001
      vertex  6.500000e+001  1.022530e+001  3.000000e+000
      vertex  6.500000e+001  1.222530e+001  3.100000e+001
    endloop
  endfacet
  facet normal  1.000000e+000  0.000000e+000  0.000000e+000
    outer loop
      vertex  6.500000e+001  1.222530e+001  3.100000e+001
      vertex  6.500000e+001  1.022530e+001  3.000000e+000
      vertex  6.500000e+001  1.222530e+001  3.000000e+000
    endloop
  endfacet
  facet normal  9.937118e-001  0.000000e+000 -1.119673e-001
    outer loop
      vertex  6.500000e+001  1.222530e+001  3.000000e+000
      vertex  6.500000e+001  1.022530e+001  3.000000e+000
      vertex  6.492478e+001  1.222530e+001  2.332437e+000
    endloop
  endfacet
  facet normal  9.937118e-001  0.000000e+000 -1.119673e-001
    outer loop
      vertex  6.492478e+001  1.222530e+001  2.332437e+000
      vertex  6.500000e+001  1.022530e+001  3.000000e+000
      vertex  6.492478e+001  1.022530e+001  2.332437e+000
    endloop
  endfacet
  facet normal  9.438829e-001  0.000000e+000 -3.302802e-001
    outer loop
      vertex  6.492478e+001  1.222530e+001  2.332437e+000
      vertex  6.492478e+001  1.022530e+001  2.332437e+000
      vertex  6.470290e+001  1.222530e+001  1.698349e+000
    endloop
  endfacet
  facet normal  9.438829e-001  0.000000e+000 -3.302802e-001
    outer loop
      vertex  6.470290e+001  1.222530e+001  1.698349e+000
      vertex  6.492478e+001  1.022530e+001  2.332437e+000
      vertex  6.470290e+001  1.022530e+001  1.698349e+000
    endloop
  endfacet
  facet normal  8.467280e-001  0.000000e+000 -5.320262e-001
    outer loop
      vertex  6.470290e+001  1.222530e+001  1.698349e+000
      vertex  6.470290e+001  1.022530e+001  1.698349e+000
      vertex  6.434550e+001  1.222530e+001  1.129531e+000
    endloop
  endfacet
  facet normal  8.467280e-001  0.000000e+000 -5.320262e-001
    outer loop
      vertex  6.434550e+001  1.222530e+001  1.129531e+000
      vertex  6.470290e+001  1.022530e+001  1.698349e+000
      vertex  6.434550e+001  1.022530e+001  1.129531e+000
    endloop
  endfacet
  facet normal  7.071038e-001  0.000000e+000 -7.071097e-001
    outer loop
      vertex  6.434550e+001  1.222530e+001  1.129531e+000
      vertex  6.434550e+001  1.022530e+001  1.129531e+000
      vertex  6.387047e+001  1.222530e+001  6.545056e-001
    endloop
  endfacet
  facet normal  7.071038e-001  0.000000e+000 -7.071097e-001
    outer loop
      vertex  6.387047e+001  1.222530e+001  6.545056e-001
      vertex  6.434550e+001  1.022530e+001  1.129531e+000
      vertex  6.387047e+001  1.022530e+001  6.545056e-001
    endloop
  endfacet
  facet normal  5.320328e-001  0.000000e+000 -8.467238e-001
    outer loop
      vertex  6.387047e+001  1.222530e+001  6.545056e-001
      vertex  6.387047e+001  1.022530e+001  6.545056e-001
      vertex  6.330165e+001  1.222530e+001  2.970934e-001
    endloop
  endfacet
  facet normal  5.320328e-001  0.000000e+000 -8.467238e-001
    outer loop
      vertex  6.330165e+001  1.222530e+001  2.970934e-001
      vertex  6.387047e+001  1.022530e+001  6.545056e-001
      vertex  6.330165e+001  1.022530e+001  2.970934e-001
    endloop
  endfacet
  facet normal  3.302799e-001  0.000000e+000 -9.438829e-001
    outer loop
      vertex  6.330165e+001  1.222530e+001  2.970934e-001
      vertex  6.330165e+001  1.022530e+001  2.970934e-001
      vertex  6.266756e+001  1.222530e+001  7.521626e-002
    endloop
  endfacet
  facet normal  3.302799e-001  0.000000e+000 -9.438829e-001
    outer loop
      vertex  6.266756e+001  1.222530e+001  7.521626e-002
      vertex  6.330165e+001  1.022530e+001  2.970934e-001
      vertex  6.266756e+001  1.022530e+001  7.521626e-002
    endloop
  endfacet
  facet normal  1.119642e-001  0.000000e+000 -9.937122e-001
    outer loop
      vertex  6.266756e+001  1.222530e+001  7.521626e-002
      vertex  6.266756e+001  1.022530e+001  7.521626e-002
      vertex  6.200000e+001  1.222530e+001  6.908536e-014
    endloop
  endfacet
  facet normal  1.119642e-001  6.904339e-015 -9.937122e-001
    outer loop
      vertex  6.200000e+001  1.222530e+001  6.908536e-014
      vertex  6.266756e+001  1.022530e+001  7.521626e-002
      vertex  6.200000e+001  1.022530e+001  5.518930e-014
    endloop
  endfacet
  facet normal -3.531590e-017  6.948027e-015 -1.000000e+000
    outer loop
      vertex  6.200000e+001  1.022530e+001  5.518930e-014
      vertex  1.516228e+001  1.022530e+001  5.684342e-014
      vertex  6.200000e+001  1.222530e+001  6.908536e-014
    endloop
  endfacet
  facet normal -4.203701e-017  7.105427e-015 -1.000000e+000
    outer loop
      vertex  6.200000e+001  1.222530e+001  6.908536e-014
      vertex  1.516228e+001  1.022530e+001  5.684342e-014
      vertex  1.516228e+001  1.222530e+001  7.105427e-014
    endloop
  endfacet
  facet normal -1.119645e-001  7.060750e-015 -9.937122e-001
    outer loop
      vertex  1.516228e+001  1.222530e+001  7.105427e-014
      vertex  1.516228e+001  1.022530e+001  5.684342e-014
      vertex  1.449471e+001  1.222530e+001  7.521626e-002
    endloop
  endfacet
  facet normal -1.119645e-001  -0.000000e+000 -9.937122e-001
    outer loop
      vertex  1.449471e+001  1.222530e+001  7.521626e-002
      vertex  1.516228e+001  1.022530e+001  5.684342e-014
      vertex  1.449471e+001  1.022530e+001  7.521626e-002
    endloop
  endfacet
  facet normal -3.302790e-001  0.000000e+000 -9.438833e-001
    outer loop
      vertex  1.449471e+001  1.222530e+001  7.521626e-002
      vertex  1.449471e+001  1.022530e+001  7.521626e-002
      vertex  1.386063e+001  1.222530e+001  2.970934e-001
    endloop
  endfacet
  facet normal -3.302790e-001  -0.000000e+000 -9.438833e-001
    outer loop
      vertex  1.386063e+001  1.222530e+001  2.970934e-001
      vertex  1.449471e+001  1.022530e+001  7.521626e-002
      vertex  1.386063e+001  1.022530e+001  2.970934e-001
    endloop
  endfacet
  facet normal -5.320321e-001  0.000000e+000 -8.467242e-001
    outer loop
      vertex  1.386063e+001  1.222530e+001  2.970934e-001
      vertex  1.386063e+001  1.022530e+001  2.970934e-001
      vertex  1.329181e+001  1.222530e+001  6.545056e-001
    endloop
  endfacet
  facet normal -5.320321e-001  -0.000000e+000 -8.467242e-001
    outer loop
      vertex  1.329181e+001  1.222530e+001  6.545056e-001
      vertex  1.386063e+001  1.022530e+001  2.970934e-001
      vertex  1.329181e+001  1.022530e+001  6.545056e-001
    endloop
  endfacet
  facet normal -7.071066e-001  0.000000e+000 -7.071069e-001
    outer loop
      vertex  1.329181e+001  1.222530e+001  6.545056e-001
      vertex  1.329181e+001  1.022530e+001  6.545056e-001
      vertex  1.281678e+001  1.222530e+001  1.129531e+000
    endloop
  endfacet
  facet normal -7.071066e-001  -0.000000e+000 -7.071069e-001
    outer loop
      vertex  1.281678e+001  1.222530e+001  1.129531e+000
      vertex  1.329181e+001  1.022530e+001  6.545056e-001
      vertex  1.281678e+001  1.022530e+001  1.129531e+000
    endloop
  endfacet
  facet normal -8.467241e-001  0.000000e+000 -5.320323e-001
    outer loop
      vertex  1.281678e+001  1.222530e+001  1.129531e+000
      vertex  1.281678e+001  1.022530e+001  1.129531e+000
      vertex  1.245937e+001  1.222530e+001  1.698349e+000
    endloop
  endfacet
  facet normal -8.467241e-001  -0.000000e+000 -5.320323e-001
    outer loop
      vertex  1.245937e+001  1.222530e+001  1.698349e+000
      vertex  1.281678e+001  1.022530e+001  1.129531e+000
      vertex  1.245937e+001  1.022530e+001  1.698349e+000
    endloop
  endfacet
  facet normal -9.438833e-001  0.000000e+000 -3.302790e-001
    outer loop
      vertex  1.245937e+001  1.222530e+001  1.698349e+000
      vertex  1.245937e+001  1.022530e+001  1.698349e+000
      vertex  1.223749e+001  1.222530e+001  2.332437e+000
    endloop
  endfacet
  facet normal -9.438833e-001  -0.000000e+000 -3.302790e-001
    outer loop
      vertex  1.223749e+001  1.222530e+001  2.332437e+000
      vertex  1.245937e+001  1.022530e+001  1.698349e+000
      vertex  1.223749e+001  1.022530e+001  2.332437e+000
    endloop
  endfacet
  facet normal -9.937122e-001  0.000000e+000 -1.119645e-001
    outer loop
      vertex  1.223749e+001  1.222530e+001  2.332437e+000
      vertex  1.223749e+001  1.022530e+001  2.332437e+000
      vertex  1.216228e+001  1.222530e+001  3.000000e+000
    endloop
  endfacet
  facet normal -9.937122e-001  -0.000000e+000 -1.119645e-001
    outer loop
      vertex  1.216228e+001  1.222530e+001  3.000000e+000
      vertex  1.223749e+001  1.022530e+001  2.332437e+000
      vertex  1.216228e+001  1.022530e+001  3.000000e+000
    endloop
  endfacet
endsolid CATIA STL
