solid CATIA STL
  facet normal  -0.000000e+000  0.000000e+000 -9.999999e-001
    outer loop
      vertex  3.672671e+001 -1.357424e+001 -1.000000e+000
      vertex  3.778643e+001 -1.459445e+001 -1.000000e+000
      vertex  3.715234e+001 -1.481633e+001 -1.000000e+000
    endloop
  endfacet
  facet normal  -0.000000e+000  0.000000e+000 -1.000000e+000
    outer loop
      vertex -4.621955e+001 -1.189154e+001 -1.000000e+000
      vertex -4.491955e+001 -1.189154e+001 -1.000000e+000
      vertex -4.628841e+001 -1.237049e+001 -1.000000e+000
    endloop
  endfacet
  facet normal  -0.000000e+000  0.000000e+000 -1.000000e+000
    outer loop
      vertex  3.528261e+001 -4.329554e+001 -1.000000e+000
      vertex  3.648478e+001 -4.329554e+001 -1.000000e+000
      vertex  3.624284e+001 -4.461285e+001 -1.000000e+000
    endloop
  endfacet
  facet normal  0.000000e+000  0.000000e+000 -1.000000e+000
    outer loop
      vertex  3.528261e+001 -4.329554e+001 -1.000000e+000
      vertex  3.624284e+001 -4.461285e+001 -1.000000e+000
      vertex -4.671739e+001 -4.329554e+001 -1.000000e+000
    endloop
  endfacet
  facet normal  0.000000e+000  0.000000e+000 -1.000000e+000
    outer loop
      vertex  3.528261e+001 -4.329554e+001 -1.000000e+000
      vertex -4.671739e+001 -4.329554e+001 -1.000000e+000
      vertex -4.671739e+001 -1.489154e+001 -1.000000e+000
    endloop
  endfacet
  facet normal  0.000000e+000  0.000000e+000 -1.000000e+000
    outer loop
      vertex  3.528261e+001 -4.329554e+001 -1.000000e+000
      vertex -4.671739e+001 -1.489154e+001 -1.000000e+000
      vertex  3.528261e+001 -1.489154e+001 -1.000000e+000
    endloop
  endfacet
  facet normal  0.000000e+000  0.000000e+000 -1.000000e+000
    outer loop
      vertex  3.648478e+001 -1.489154e+001 -1.000000e+000
      vertex  3.528261e+001 -1.489154e+001 -1.000000e+000
      vertex -4.767762e+001 -1.357424e+001 -1.000000e+000
    endloop
  endfacet
  facet normal  0.000000e+000  0.000000e+000 -1.000000e+000
    outer loop
      vertex  3.648478e+001 -1.489154e+001 -1.000000e+000
      vertex -4.767762e+001 -1.357424e+001 -1.000000e+000
      vertex  3.624284e+001 -1.357424e+001 -1.000000e+000
    endloop
  endfacet
  facet normal  0.000000e+000  0.000000e+000 -1.000000e+000
    outer loop
      vertex  3.648478e+001 -1.489154e+001 -1.000000e+000
      vertex  3.624284e+001 -1.357424e+001 -1.000000e+000
      vertex  3.672671e+001 -1.357424e+001 -1.000000e+000
    endloop
  endfacet
  facet normal  0.000000e+000  -0.000000e+000 -9.999999e-001
    outer loop
      vertex  3.648478e+001 -1.489154e+001 -1.000000e+000
      vertex  3.672671e+001 -1.357424e+001 -1.000000e+000
      vertex  3.715234e+001 -1.481633e+001 -1.000000e+000
    endloop
  endfacet
  facet normal  0.000000e+000  -0.000000e+000 -1.000000e+000
    outer loop
      vertex  3.348478e+001 -1.189154e+001 -1.000000e+000
      vertex  3.355999e+001 -1.122398e+001 -1.000000e+000
      vertex  3.485364e+001 -1.141260e+001 -1.000000e+000
    endloop
  endfacet
  facet normal  0.000000e+000  0.000000e+000 -1.000000e+000
    outer loop
      vertex  3.348478e+001 -1.189154e+001 -1.000000e+000
      vertex  3.485364e+001 -1.141260e+001 -1.000000e+000
      vertex  3.478477e+001 -1.189154e+001 -1.000000e+000
    endloop
  endfacet
  facet normal  -0.000000e+000  -0.000000e+000 -1.000000e+000
    outer loop
      vertex  3.348478e+001 -1.189154e+001 -1.000000e+000
      vertex  3.478477e+001 -1.189154e+001 -1.000000e+000
      vertex  3.485364e+001 -1.237049e+001 -1.000000e+000
    endloop
  endfacet
  facet normal  -0.000000e+000  -0.000000e+000 -1.000000e+000
    outer loop
      vertex  3.348478e+001 -1.189154e+001 -1.000000e+000
      vertex  3.485364e+001 -1.237049e+001 -1.000000e+000
      vertex  3.505465e+001 -1.281063e+001 -1.000000e+000
    endloop
  endfacet
  facet normal  -0.000000e+000  -0.000000e+000 -1.000000e+000
    outer loop
      vertex  3.348478e+001 -1.189154e+001 -1.000000e+000
      vertex  3.505465e+001 -1.281063e+001 -1.000000e+000
      vertex  3.537151e+001 -1.317632e+001 -1.000000e+000
    endloop
  endfacet
  facet normal  0.000000e+000  0.000000e+000 -1.000000e+000
    outer loop
      vertex  3.348478e+001 -1.189154e+001 -1.000000e+000
      vertex  3.537151e+001 -1.317632e+001 -1.000000e+000
      vertex  3.348478e+001 -1.309354e+001 -1.000000e+000
    endloop
  endfacet
  facet normal  -0.000000e+000  -0.000000e+000 -1.000000e+000
    outer loop
      vertex -4.491955e+001 -1.309354e+001 -1.000000e+000
      vertex  3.348478e+001 -1.309354e+001 -1.000000e+000
      vertex  3.537151e+001 -1.317632e+001 -1.000000e+000
    endloop
  endfacet
  facet normal  0.000000e+000  0.000000e+000 -9.999999e-001
    outer loop
      vertex -4.491955e+001 -1.309354e+001 -1.000000e+000
      vertex  3.537151e+001 -1.317632e+001 -1.000000e+000
      vertex -4.680629e+001 -1.317632e+001 -1.000000e+000
    endloop
  endfacet
  facet normal  0.000000e+000  0.000000e+000 -1.000000e+000
    outer loop
      vertex -4.491955e+001 -1.309354e+001 -1.000000e+000
      vertex -4.680629e+001 -1.317632e+001 -1.000000e+000
      vertex -4.648942e+001 -1.281063e+001 -1.000000e+000
    endloop
  endfacet
  facet normal  0.000000e+000  0.000000e+000 -1.000000e+000
    outer loop
      vertex -4.491955e+001 -1.309354e+001 -1.000000e+000
      vertex -4.648942e+001 -1.281063e+001 -1.000000e+000
      vertex -4.628841e+001 -1.237049e+001 -1.000000e+000
    endloop
  endfacet
  facet normal  0.000000e+000  0.000000e+000 -1.000000e+000
    outer loop
      vertex -4.491955e+001 -1.309354e+001 -1.000000e+000
      vertex -4.628841e+001 -1.237049e+001 -1.000000e+000
      vertex -4.491955e+001 -1.189154e+001 -1.000000e+000
    endloop
  endfacet
  facet normal  -0.000000e+000  -0.000000e+000 -1.000000e+000
    outer loop
      vertex -4.791955e+001 -4.329554e+001 -1.000000e+000
      vertex -4.671739e+001 -4.329554e+001 -1.000000e+000
      vertex  3.624284e+001 -4.461285e+001 -1.000000e+000
    endloop
  endfacet
  facet normal  0.000000e+000  0.000000e+000 -1.000000e+000
    outer loop
      vertex -4.791955e+001 -4.329554e+001 -1.000000e+000
      vertex  3.624284e+001 -4.461285e+001 -1.000000e+000
      vertex -4.767762e+001 -4.461285e+001 -1.000000e+000
    endloop
  endfacet
  facet normal  0.000000e+000  0.000000e+000 -1.000000e+000
    outer loop
      vertex -4.791955e+001 -4.329554e+001 -1.000000e+000
      vertex -4.767762e+001 -4.461285e+001 -1.000000e+000
      vertex -4.816149e+001 -4.461285e+001 -1.000000e+000
    endloop
  endfacet
  facet normal  0.000000e+000  0.000000e+000 -1.000000e+000
    outer loop
      vertex -4.791955e+001 -4.329554e+001 -1.000000e+000
      vertex -4.816149e+001 -4.461285e+001 -1.000000e+000
      vertex -5.026505e+001 -4.442508e+001 -1.000000e+000
    endloop
  endfacet
  facet normal  0.000000e+000  0.000000e+000 -1.000000e+000
    outer loop
      vertex -4.791955e+001 -4.329554e+001 -1.000000e+000
      vertex -5.026505e+001 -4.442508e+001 -1.000000e+000
      vertex -4.979002e+001 -4.395005e+001 -1.000000e+000
    endloop
  endfacet
  facet normal  0.000000e+000  0.000000e+000 -1.000000e+000
    outer loop
      vertex -4.791955e+001 -4.329554e+001 -1.000000e+000
      vertex -4.979002e+001 -4.395005e+001 -1.000000e+000
      vertex -4.922120e+001 -4.359264e+001 -1.000000e+000
    endloop
  endfacet
  facet normal  0.000000e+000  0.000000e+000 -1.000000e+000
    outer loop
      vertex -4.791955e+001 -4.329554e+001 -1.000000e+000
      vertex -4.922120e+001 -4.359264e+001 -1.000000e+000
      vertex -4.858711e+001 -4.337076e+001 -1.000000e+000
    endloop
  endfacet
  facet normal  0.000000e+000  0.000000e+000 -1.000000e+000
    outer loop
      vertex -4.491955e+001 -4.509354e+001 -1.000000e+000
      vertex -4.491955e+001 -4.629554e+001 -1.000000e+000
      vertex -4.621955e+001 -4.629554e+001 -1.000000e+000
    endloop
  endfacet
  facet normal  0.000000e+000  0.000000e+000 -9.999999e-001
    outer loop
      vertex -4.491955e+001 -4.509354e+001 -1.000000e+000
      vertex -4.621955e+001 -4.629554e+001 -1.000000e+000
      vertex -4.628841e+001 -4.581660e+001 -1.000000e+000
    endloop
  endfacet
  facet normal  0.000000e+000  0.000000e+000 -1.000000e+000
    outer loop
      vertex -4.491955e+001 -4.509354e+001 -1.000000e+000
      vertex -4.628841e+001 -4.581660e+001 -1.000000e+000
      vertex -4.648942e+001 -4.537645e+001 -1.000000e+000
    endloop
  endfacet
  facet normal  0.000000e+000  0.000000e+000 -1.000000e+000
    outer loop
      vertex -4.491955e+001 -4.509354e+001 -1.000000e+000
      vertex -4.648942e+001 -4.537645e+001 -1.000000e+000
      vertex -4.680629e+001 -4.501077e+001 -1.000000e+000
    endloop
  endfacet
  facet normal  0.000000e+000  0.000000e+000 -1.000000e+000
    outer loop
      vertex -4.491955e+001 -4.509354e+001 -1.000000e+000
      vertex -4.680629e+001 -4.501077e+001 -1.000000e+000
      vertex  3.537151e+001 -4.501077e+001 -1.000000e+000
    endloop
  endfacet
  facet normal  0.000000e+000  0.000000e+000 -9.999999e-001
    outer loop
      vertex -4.491955e+001 -4.509354e+001 -1.000000e+000
      vertex  3.537151e+001 -4.501077e+001 -1.000000e+000
      vertex  3.348478e+001 -4.509354e+001 -1.000000e+000
    endloop
  endfacet
  facet normal  -0.000000e+000  -0.000000e+000 -1.000000e+000
    outer loop
      vertex  3.648478e+001 -8.891544e+000 -1.000000e+000
      vertex  3.715234e+001 -8.966761e+000 -1.000000e+000
      vertex  3.778643e+001 -9.188638e+000 -1.000000e+000
    endloop
  endfacet
  facet normal  -0.000000e+000  -0.000000e+000 -1.000000e+000
    outer loop
      vertex  3.648478e+001 -8.891544e+000 -1.000000e+000
      vertex  3.778643e+001 -9.188638e+000 -1.000000e+000
      vertex  3.835524e+001 -9.546049e+000 -1.000000e+000
    endloop
  endfacet
  facet normal  -0.000000e+000  -0.000000e+000 -1.000000e+000
    outer loop
      vertex  3.648478e+001 -8.891544e+000 -1.000000e+000
      vertex  3.835524e+001 -9.546049e+000 -1.000000e+000
      vertex  3.883027e+001 -1.002107e+001 -1.000000e+000
    endloop
  endfacet
  facet normal  -0.000000e+000  0.000000e+000 -1.000000e+000
    outer loop
      vertex  3.648478e+001 -8.891544e+000 -1.000000e+000
      vertex  3.883027e+001 -1.002107e+001 -1.000000e+000
      vertex  3.672671e+001 -1.020885e+001 -1.000000e+000
    endloop
  endfacet
  facet normal  0.000000e+000  0.000000e+000 -1.000000e+000
    outer loop
      vertex  3.648478e+001 -8.891544e+000 -1.000000e+000
      vertex  3.672671e+001 -1.020885e+001 -1.000000e+000
      vertex  3.624284e+001 -1.020885e+001 -1.000000e+000
    endloop
  endfacet
  facet normal  0.000000e+000  0.000000e+000 -1.000000e+000
    outer loop
      vertex  3.648478e+001 -8.891544e+000 -1.000000e+000
      vertex  3.624284e+001 -1.020885e+001 -1.000000e+000
      vertex  3.413928e+001 -1.002107e+001 -1.000000e+000
    endloop
  endfacet
  facet normal  0.000000e+000  0.000000e+000 -1.000000e+000
    outer loop
      vertex  3.648478e+001 -8.891544e+000 -1.000000e+000
      vertex  3.413928e+001 -1.002107e+001 -1.000000e+000
      vertex  3.461430e+001 -9.546049e+000 -1.000000e+000
    endloop
  endfacet
  facet normal  0.000000e+000  0.000000e+000 -1.000000e+000
    outer loop
      vertex  3.648478e+001 -8.891544e+000 -1.000000e+000
      vertex  3.461430e+001 -9.546049e+000 -1.000000e+000
      vertex  3.518312e+001 -9.188638e+000 -1.000000e+000
    endloop
  endfacet
  facet normal  0.000000e+000  0.000000e+000 -1.000000e+000
    outer loop
      vertex  3.648478e+001 -8.891544e+000 -1.000000e+000
      vertex  3.518312e+001 -9.188638e+000 -1.000000e+000
      vertex  3.581721e+001 -8.966761e+000 -1.000000e+000
    endloop
  endfacet
  facet normal  -0.000000e+000  -0.000000e+000 -1.000000e+000
    outer loop
      vertex -4.791955e+001 -8.891544e+000 -1.000000e+000
      vertex -4.725199e+001 -8.966761e+000 -1.000000e+000
      vertex -4.661790e+001 -9.188638e+000 -1.000000e+000
    endloop
  endfacet
  facet normal  -0.000000e+000  -0.000000e+000 -1.000000e+000
    outer loop
      vertex -4.791955e+001 -8.891544e+000 -1.000000e+000
      vertex -4.661790e+001 -9.188638e+000 -1.000000e+000
      vertex -4.604908e+001 -9.546049e+000 -1.000000e+000
    endloop
  endfacet
  facet normal  -0.000000e+000  -0.000000e+000 -1.000000e+000
    outer loop
      vertex -4.791955e+001 -8.891544e+000 -1.000000e+000
      vertex -4.604908e+001 -9.546049e+000 -1.000000e+000
      vertex -4.557406e+001 -1.002107e+001 -1.000000e+000
    endloop
  endfacet
  facet normal  -0.000000e+000  0.000000e+000 -1.000000e+000
    outer loop
      vertex -4.791955e+001 -8.891544e+000 -1.000000e+000
      vertex -4.557406e+001 -1.002107e+001 -1.000000e+000
      vertex -4.767762e+001 -1.020885e+001 -1.000000e+000
    endloop
  endfacet
  facet normal  0.000000e+000  0.000000e+000 -1.000000e+000
    outer loop
      vertex -4.791955e+001 -8.891544e+000 -1.000000e+000
      vertex -4.767762e+001 -1.020885e+001 -1.000000e+000
      vertex -4.816149e+001 -1.020885e+001 -1.000000e+000
    endloop
  endfacet
  facet normal  0.000000e+000  0.000000e+000 -1.000000e+000
    outer loop
      vertex -4.791955e+001 -8.891544e+000 -1.000000e+000
      vertex -4.816149e+001 -1.020885e+001 -1.000000e+000
      vertex -5.026505e+001 -1.002107e+001 -1.000000e+000
    endloop
  endfacet
  facet normal  0.000000e+000  0.000000e+000 -1.000000e+000
    outer loop
      vertex -4.791955e+001 -8.891544e+000 -1.000000e+000
      vertex -5.026505e+001 -1.002107e+001 -1.000000e+000
      vertex -4.979002e+001 -9.546049e+000 -1.000000e+000
    endloop
  endfacet
  facet normal  0.000000e+000  0.000000e+000 -1.000000e+000
    outer loop
      vertex -4.791955e+001 -8.891544e+000 -1.000000e+000
      vertex -4.979002e+001 -9.546049e+000 -1.000000e+000
      vertex -4.922120e+001 -9.188638e+000 -1.000000e+000
    endloop
  endfacet
  facet normal  0.000000e+000  0.000000e+000 -9.999999e-001
    outer loop
      vertex -4.791955e+001 -8.891544e+000 -1.000000e+000
      vertex -4.922120e+001 -9.188638e+000 -1.000000e+000
      vertex -4.858711e+001 -8.966761e+000 -1.000000e+000
    endloop
  endfacet
  facet normal  0.000000e+000  0.000000e+000 -1.000000e+000
    outer loop
      vertex  3.348478e+001 -4.509354e+001 -1.000000e+000
      vertex  3.537151e+001 -4.501077e+001 -1.000000e+000
      vertex  3.505465e+001 -4.537645e+001 -1.000000e+000
    endloop
  endfacet
  facet normal  -0.000000e+000  0.000000e+000 -1.000000e+000
    outer loop
      vertex  3.348478e+001 -4.509354e+001 -1.000000e+000
      vertex  3.505465e+001 -4.537645e+001 -1.000000e+000
      vertex  3.485364e+001 -4.581660e+001 -1.000000e+000
    endloop
  endfacet
  facet normal  -0.000000e+000  0.000000e+000 -9.999999e-001
    outer loop
      vertex  3.348478e+001 -4.509354e+001 -1.000000e+000
      vertex  3.485364e+001 -4.581660e+001 -1.000000e+000
      vertex  3.478477e+001 -4.629554e+001 -1.000000e+000
    endloop
  endfacet
  facet normal  0.000000e+000  0.000000e+000 -1.000000e+000
    outer loop
      vertex  3.348478e+001 -4.509354e+001 -1.000000e+000
      vertex  3.478477e+001 -4.629554e+001 -1.000000e+000
      vertex  3.348478e+001 -4.629554e+001 -1.000000e+000
    endloop
  endfacet
  facet normal  -0.000000e+000  -0.000000e+000 -9.999999e-001
    outer loop
      vertex  3.648478e+001 -4.329554e+001 -1.000000e+000
      vertex  3.715234e+001 -4.337076e+001 -1.000000e+000
      vertex  3.778643e+001 -4.359264e+001 -1.000000e+000
    endloop
  endfacet
  facet normal  -0.000000e+000  -0.000000e+000 -1.000000e+000
    outer loop
      vertex  3.648478e+001 -4.329554e+001 -1.000000e+000
      vertex  3.778643e+001 -4.359264e+001 -1.000000e+000
      vertex  3.835524e+001 -4.395005e+001 -1.000000e+000
    endloop
  endfacet
  facet normal  -0.000000e+000  -0.000000e+000 -1.000000e+000
    outer loop
      vertex  3.648478e+001 -4.329554e+001 -1.000000e+000
      vertex  3.835524e+001 -4.395005e+001 -1.000000e+000
      vertex  3.883027e+001 -4.442508e+001 -1.000000e+000
    endloop
  endfacet
  facet normal  -0.000000e+000  0.000000e+000 -1.000000e+000
    outer loop
      vertex  3.648478e+001 -4.329554e+001 -1.000000e+000
      vertex  3.883027e+001 -4.442508e+001 -1.000000e+000
      vertex  3.672671e+001 -4.461285e+001 -1.000000e+000
    endloop
  endfacet
  facet normal  0.000000e+000  0.000000e+000 -1.000000e+000
    outer loop
      vertex  3.648478e+001 -4.329554e+001 -1.000000e+000
      vertex  3.672671e+001 -4.461285e+001 -1.000000e+000
      vertex  3.624284e+001 -4.461285e+001 -1.000000e+000
    endloop
  endfacet
  facet normal  0.000000e+000  0.000000e+000 -1.000000e+000
    outer loop
      vertex  3.835524e+001 -1.423704e+001 -1.000000e+000
      vertex  3.778643e+001 -1.459445e+001 -1.000000e+000
      vertex  3.883027e+001 -1.376201e+001 -1.000000e+000
    endloop
  endfacet
  facet normal  -0.000000e+000  0.000000e+000 -1.000000e+000
    outer loop
      vertex  3.883027e+001 -1.376201e+001 -1.000000e+000
      vertex  3.778643e+001 -1.459445e+001 -1.000000e+000
      vertex  3.672671e+001 -1.357424e+001 -1.000000e+000
    endloop
  endfacet
  facet normal  0.000000e+000  0.000000e+000 -1.000000e+000
    outer loop
      vertex  3.883027e+001 -1.376201e+001 -1.000000e+000
      vertex  3.672671e+001 -1.357424e+001 -1.000000e+000
      vertex  3.918768e+001 -1.319320e+001 -1.000000e+000
    endloop
  endfacet
  facet normal  0.000000e+000  0.000000e+000 -9.999999e-001
    outer loop
      vertex  3.918768e+001 -1.319320e+001 -1.000000e+000
      vertex  3.672671e+001 -1.357424e+001 -1.000000e+000
      vertex  3.719098e+001 -1.343792e+001 -1.000000e+000
    endloop
  endfacet
  facet normal  0.000000e+000  0.000000e+000 -1.000000e+000
    outer loop
      vertex  3.918768e+001 -1.319320e+001 -1.000000e+000
      vertex  3.719098e+001 -1.343792e+001 -1.000000e+000
      vertex  3.759804e+001 -1.317632e+001 -1.000000e+000
    endloop
  endfacet
  facet normal  0.000000e+000  0.000000e+000 -1.000000e+000
    outer loop
      vertex  3.518312e+001 -4.899845e+001 -1.000000e+000
      vertex  3.461430e+001 -4.864104e+001 -1.000000e+000
      vertex  3.581721e+001 -4.922033e+001 -1.000000e+000
    endloop
  endfacet
  facet normal  0.000000e+000  0.000000e+000 -1.000000e+000
    outer loop
      vertex  3.581721e+001 -4.922033e+001 -1.000000e+000
      vertex  3.461430e+001 -4.864104e+001 -1.000000e+000
      vertex  3.413928e+001 -4.816601e+001 -1.000000e+000
    endloop
  endfacet
  facet normal  0.000000e+000  0.000000e+000 -1.000000e+000
    outer loop
      vertex  3.581721e+001 -4.922033e+001 -1.000000e+000
      vertex  3.413928e+001 -4.816601e+001 -1.000000e+000
      vertex  3.648478e+001 -4.929554e+001 -1.000000e+000
    endloop
  endfacet
  facet normal  0.000000e+000  0.000000e+000 -1.000000e+000
    outer loop
      vertex  3.648478e+001 -4.929554e+001 -1.000000e+000
      vertex  3.413928e+001 -4.816601e+001 -1.000000e+000
      vertex  3.624284e+001 -4.797824e+001 -1.000000e+000
    endloop
  endfacet
  facet normal  0.000000e+000  0.000000e+000 -9.999999e-001
    outer loop
      vertex  3.648478e+001 -4.929554e+001 -1.000000e+000
      vertex  3.624284e+001 -4.797824e+001 -1.000000e+000
      vertex  3.715234e+001 -4.922033e+001 -1.000000e+000
    endloop
  endfacet
  facet normal  0.000000e+000  0.000000e+000 -1.000000e+000
    outer loop
      vertex  3.715234e+001 -4.922033e+001 -1.000000e+000
      vertex  3.624284e+001 -4.797824e+001 -1.000000e+000
      vertex  3.672671e+001 -4.797824e+001 -1.000000e+000
    endloop
  endfacet
  facet normal  0.000000e+000  0.000000e+000 -9.999999e-001
    outer loop
      vertex  3.715234e+001 -4.922033e+001 -1.000000e+000
      vertex  3.672671e+001 -4.797824e+001 -1.000000e+000
      vertex  3.778643e+001 -4.899845e+001 -1.000000e+000
    endloop
  endfacet
  facet normal  0.000000e+000  0.000000e+000 -1.000000e+000
    outer loop
      vertex  3.835524e+001 -4.864104e+001 -1.000000e+000
      vertex  3.778643e+001 -4.899845e+001 -1.000000e+000
      vertex  3.883027e+001 -4.816601e+001 -1.000000e+000
    endloop
  endfacet
  facet normal  -0.000000e+000  0.000000e+000 -1.000000e+000
    outer loop
      vertex  3.883027e+001 -4.816601e+001 -1.000000e+000
      vertex  3.778643e+001 -4.899845e+001 -1.000000e+000
      vertex  3.672671e+001 -4.797824e+001 -1.000000e+000
    endloop
  endfacet
  facet normal  0.000000e+000  0.000000e+000 -1.000000e+000
    outer loop
      vertex  3.883027e+001 -4.816601e+001 -1.000000e+000
      vertex  3.672671e+001 -4.797824e+001 -1.000000e+000
      vertex  3.918768e+001 -4.759719e+001 -1.000000e+000
    endloop
  endfacet
  facet normal  0.000000e+000  0.000000e+000 -1.000000e+000
    outer loop
      vertex  3.918768e+001 -4.759719e+001 -1.000000e+000
      vertex  3.672671e+001 -4.797824e+001 -1.000000e+000
      vertex  3.719098e+001 -4.784192e+001 -1.000000e+000
    endloop
  endfacet
  facet normal  0.000000e+000  0.000000e+000 -9.999999e-001
    outer loop
      vertex  3.918768e+001 -4.759719e+001 -1.000000e+000
      vertex  3.719098e+001 -4.784192e+001 -1.000000e+000
      vertex  3.759804e+001 -4.758032e+001 -1.000000e+000
    endloop
  endfacet
  facet normal  0.000000e+000  0.000000e+000 -1.000000e+000
    outer loop
      vertex -4.922120e+001 -1.459445e+001 -1.000000e+000
      vertex -4.979002e+001 -1.423704e+001 -1.000000e+000
      vertex -4.858711e+001 -1.481633e+001 -1.000000e+000
    endloop
  endfacet
  facet normal  0.000000e+000  0.000000e+000 -1.000000e+000
    outer loop
      vertex -4.858711e+001 -1.481633e+001 -1.000000e+000
      vertex -4.979002e+001 -1.423704e+001 -1.000000e+000
      vertex -5.026505e+001 -1.376201e+001 -1.000000e+000
    endloop
  endfacet
  facet normal  0.000000e+000  0.000000e+000 -9.999999e-001
    outer loop
      vertex -4.858711e+001 -1.481633e+001 -1.000000e+000
      vertex -5.026505e+001 -1.376201e+001 -1.000000e+000
      vertex -4.791955e+001 -1.489154e+001 -1.000000e+000
    endloop
  endfacet
  facet normal  0.000000e+000  0.000000e+000 -1.000000e+000
    outer loop
      vertex -4.791955e+001 -1.489154e+001 -1.000000e+000
      vertex -5.026505e+001 -1.376201e+001 -1.000000e+000
      vertex -4.816149e+001 -1.357424e+001 -1.000000e+000
    endloop
  endfacet
  facet normal  0.000000e+000  0.000000e+000 -1.000000e+000
    outer loop
      vertex -4.791955e+001 -1.489154e+001 -1.000000e+000
      vertex -4.816149e+001 -1.357424e+001 -1.000000e+000
      vertex -4.671739e+001 -1.489154e+001 -1.000000e+000
    endloop
  endfacet
  facet normal  0.000000e+000  0.000000e+000 -1.000000e+000
    outer loop
      vertex -4.671739e+001 -1.489154e+001 -1.000000e+000
      vertex -4.816149e+001 -1.357424e+001 -1.000000e+000
      vertex -4.767762e+001 -1.357424e+001 -1.000000e+000
    endloop
  endfacet
  facet normal  0.000000e+000  0.000000e+000 -1.000000e+000
    outer loop
      vertex -4.671739e+001 -1.489154e+001 -1.000000e+000
      vertex -4.767762e+001 -1.357424e+001 -1.000000e+000
      vertex  3.528261e+001 -1.489154e+001 -1.000000e+000
    endloop
  endfacet
  facet normal  0.000000e+000  0.000000e+000 -1.000000e+000
    outer loop
      vertex -4.922120e+001 -4.899845e+001 -1.000000e+000
      vertex -4.979002e+001 -4.864104e+001 -1.000000e+000
      vertex -4.858711e+001 -4.922033e+001 -1.000000e+000
    endloop
  endfacet
  facet normal  0.000000e+000  0.000000e+000 -9.999999e-001
    outer loop
      vertex -4.858711e+001 -4.922033e+001 -1.000000e+000
      vertex -4.979002e+001 -4.864104e+001 -1.000000e+000
      vertex -5.026505e+001 -4.816601e+001 -1.000000e+000
    endloop
  endfacet
  facet normal  0.000000e+000  0.000000e+000 -1.000000e+000
    outer loop
      vertex -4.858711e+001 -4.922033e+001 -1.000000e+000
      vertex -5.026505e+001 -4.816601e+001 -1.000000e+000
      vertex -4.791955e+001 -4.929554e+001 -1.000000e+000
    endloop
  endfacet
  facet normal  0.000000e+000  0.000000e+000 -1.000000e+000
    outer loop
      vertex -4.791955e+001 -4.929554e+001 -1.000000e+000
      vertex -5.026505e+001 -4.816601e+001 -1.000000e+000
      vertex -4.816149e+001 -4.797824e+001 -1.000000e+000
    endloop
  endfacet
  facet normal  0.000000e+000  0.000000e+000 -1.000000e+000
    outer loop
      vertex -4.791955e+001 -4.929554e+001 -1.000000e+000
      vertex -4.816149e+001 -4.797824e+001 -1.000000e+000
      vertex -4.725199e+001 -4.922033e+001 -1.000000e+000
    endloop
  endfacet
  facet normal  0.000000e+000  0.000000e+000 -1.000000e+000
    outer loop
      vertex -4.725199e+001 -4.922033e+001 -1.000000e+000
      vertex -4.816149e+001 -4.797824e+001 -1.000000e+000
      vertex -4.767762e+001 -4.797824e+001 -1.000000e+000
    endloop
  endfacet
  facet normal  0.000000e+000  0.000000e+000 -1.000000e+000
    outer loop
      vertex -4.725199e+001 -4.922033e+001 -1.000000e+000
      vertex -4.767762e+001 -4.797824e+001 -1.000000e+000
      vertex -4.661790e+001 -4.899845e+001 -1.000000e+000
    endloop
  endfacet
  facet normal  0.000000e+000  0.000000e+000 -1.000000e+000
    outer loop
      vertex -4.604908e+001 -4.864104e+001 -1.000000e+000
      vertex -4.661790e+001 -4.899845e+001 -1.000000e+000
      vertex -4.557406e+001 -4.816601e+001 -1.000000e+000
    endloop
  endfacet
  facet normal  -0.000000e+000  0.000000e+000 -1.000000e+000
    outer loop
      vertex -4.557406e+001 -4.816601e+001 -1.000000e+000
      vertex -4.661790e+001 -4.899845e+001 -1.000000e+000
      vertex -4.767762e+001 -4.797824e+001 -1.000000e+000
    endloop
  endfacet
  facet normal  0.000000e+000  0.000000e+000 -1.000000e+000
    outer loop
      vertex -4.557406e+001 -4.816601e+001 -1.000000e+000
      vertex -4.767762e+001 -4.797824e+001 -1.000000e+000
      vertex -4.521664e+001 -4.759719e+001 -1.000000e+000
    endloop
  endfacet
  facet normal  0.000000e+000  0.000000e+000 -1.000000e+000
    outer loop
      vertex -4.521664e+001 -4.759719e+001 -1.000000e+000
      vertex -4.767762e+001 -4.797824e+001 -1.000000e+000
      vertex -4.721334e+001 -4.784192e+001 -1.000000e+000
    endloop
  endfacet
  facet normal  0.000000e+000  0.000000e+000 -9.999999e-001
    outer loop
      vertex -4.521664e+001 -4.759719e+001 -1.000000e+000
      vertex -4.721334e+001 -4.784192e+001 -1.000000e+000
      vertex -4.680629e+001 -4.758032e+001 -1.000000e+000
    endloop
  endfacet
  facet normal  0.000000e+000  0.000000e+000 -1.000000e+000
    outer loop
      vertex  3.918768e+001 -1.319320e+001 -1.000000e+000
      vertex  3.759804e+001 -1.317632e+001 -1.000000e+000
      vertex  3.940956e+001 -1.255911e+001 -1.000000e+000
    endloop
  endfacet
  facet normal  0.000000e+000  0.000000e+000 -1.000000e+000
    outer loop
      vertex  3.940956e+001 -1.255911e+001 -1.000000e+000
      vertex  3.759804e+001 -1.317632e+001 -1.000000e+000
      vertex  3.791491e+001 -1.281063e+001 -1.000000e+000
    endloop
  endfacet
  facet normal  0.000000e+000  0.000000e+000 -1.000000e+000
    outer loop
      vertex  3.940956e+001 -1.255911e+001 -1.000000e+000
      vertex  3.791491e+001 -1.281063e+001 -1.000000e+000
      vertex  3.811591e+001 -1.237049e+001 -1.000000e+000
    endloop
  endfacet
  facet normal  0.000000e+000  0.000000e+000 -1.000000e+000
    outer loop
      vertex  3.940956e+001 -1.255911e+001 -1.000000e+000
      vertex  3.811591e+001 -1.237049e+001 -1.000000e+000
      vertex  3.948478e+001 -1.189154e+001 -1.000000e+000
    endloop
  endfacet
  facet normal  -0.000000e+000  0.000000e+000 -1.000000e+000
    outer loop
      vertex  3.948478e+001 -1.189154e+001 -1.000000e+000
      vertex  3.811591e+001 -1.237049e+001 -1.000000e+000
      vertex  3.818478e+001 -1.189154e+001 -1.000000e+000
    endloop
  endfacet
  facet normal  0.000000e+000  0.000000e+000 -9.999999e-001
    outer loop
      vertex  3.948478e+001 -1.189154e+001 -1.000000e+000
      vertex  3.818478e+001 -1.189154e+001 -1.000000e+000
      vertex  3.940956e+001 -1.122398e+001 -1.000000e+000
    endloop
  endfacet
  facet normal  0.000000e+000  0.000000e+000 -1.000000e+000
    outer loop
      vertex  3.940956e+001 -1.122398e+001 -1.000000e+000
      vertex  3.818478e+001 -1.189154e+001 -1.000000e+000
      vertex  3.811591e+001 -1.141260e+001 -1.000000e+000
    endloop
  endfacet
  facet normal  0.000000e+000  0.000000e+000 -1.000000e+000
    outer loop
      vertex  3.940956e+001 -1.122398e+001 -1.000000e+000
      vertex  3.811591e+001 -1.141260e+001 -1.000000e+000
      vertex  3.918768e+001 -1.058989e+001 -1.000000e+000
    endloop
  endfacet
  facet normal  0.000000e+000  0.000000e+000 -1.000000e+000
    outer loop
      vertex  3.918768e+001 -1.058989e+001 -1.000000e+000
      vertex  3.811591e+001 -1.141260e+001 -1.000000e+000
      vertex  3.791491e+001 -1.097246e+001 -1.000000e+000
    endloop
  endfacet
  facet normal  0.000000e+000  0.000000e+000 -1.000000e+000
    outer loop
      vertex  3.918768e+001 -1.058989e+001 -1.000000e+000
      vertex  3.791491e+001 -1.097246e+001 -1.000000e+000
      vertex  3.759804e+001 -1.060677e+001 -1.000000e+000
    endloop
  endfacet
  facet normal  0.000000e+000  0.000000e+000 -1.000000e+000
    outer loop
      vertex  3.918768e+001 -1.058989e+001 -1.000000e+000
      vertex  3.759804e+001 -1.060677e+001 -1.000000e+000
      vertex  3.883027e+001 -1.002107e+001 -1.000000e+000
    endloop
  endfacet
  facet normal  0.000000e+000  0.000000e+000 -1.000000e+000
    outer loop
      vertex  3.883027e+001 -1.002107e+001 -1.000000e+000
      vertex  3.759804e+001 -1.060677e+001 -1.000000e+000
      vertex  3.719098e+001 -1.034517e+001 -1.000000e+000
    endloop
  endfacet
  facet normal  0.000000e+000  0.000000e+000 -1.000000e+000
    outer loop
      vertex  3.883027e+001 -1.002107e+001 -1.000000e+000
      vertex  3.719098e+001 -1.034517e+001 -1.000000e+000
      vertex  3.672671e+001 -1.020885e+001 -1.000000e+000
    endloop
  endfacet
  facet normal  0.000000e+000  0.000000e+000 -1.000000e+000
    outer loop
      vertex -4.816149e+001 -4.797824e+001 -1.000000e+000
      vertex -5.026505e+001 -4.816601e+001 -1.000000e+000
      vertex -4.862576e+001 -4.784192e+001 -1.000000e+000
    endloop
  endfacet
  facet normal  -0.000000e+000  0.000000e+000 -1.000000e+000
    outer loop
      vertex -4.862576e+001 -4.784192e+001 -1.000000e+000
      vertex -5.026505e+001 -4.816601e+001 -1.000000e+000
      vertex -5.062246e+001 -4.759719e+001 -1.000000e+000
    endloop
  endfacet
  facet normal  0.000000e+000  0.000000e+000 -9.999999e-001
    outer loop
      vertex -4.862576e+001 -4.784192e+001 -1.000000e+000
      vertex -5.062246e+001 -4.759719e+001 -1.000000e+000
      vertex -4.903281e+001 -4.758032e+001 -1.000000e+000
    endloop
  endfacet
  facet normal  0.000000e+000  0.000000e+000 -9.999999e-001
    outer loop
      vertex -4.903281e+001 -4.758032e+001 -1.000000e+000
      vertex -5.062246e+001 -4.759719e+001 -1.000000e+000
      vertex -4.934968e+001 -4.721463e+001 -1.000000e+000
    endloop
  endfacet
  facet normal  -0.000000e+000  0.000000e+000 -9.999999e-001
    outer loop
      vertex -4.934968e+001 -4.721463e+001 -1.000000e+000
      vertex -5.062246e+001 -4.759719e+001 -1.000000e+000
      vertex -5.084433e+001 -4.696311e+001 -1.000000e+000
    endloop
  endfacet
  facet normal  0.000000e+000  0.000000e+000 -1.000000e+000
    outer loop
      vertex -4.934968e+001 -4.721463e+001 -1.000000e+000
      vertex -5.084433e+001 -4.696311e+001 -1.000000e+000
      vertex -4.955069e+001 -4.677449e+001 -1.000000e+000
    endloop
  endfacet
  facet normal  0.000000e+000  0.000000e+000 -1.000000e+000
    outer loop
      vertex -4.955069e+001 -4.677449e+001 -1.000000e+000
      vertex -5.084433e+001 -4.696311e+001 -1.000000e+000
      vertex -4.961955e+001 -4.629554e+001 -1.000000e+000
    endloop
  endfacet
  facet normal  -0.000000e+000  0.000000e+000 -9.999999e-001
    outer loop
      vertex -4.961955e+001 -4.629554e+001 -1.000000e+000
      vertex -5.084433e+001 -4.696311e+001 -1.000000e+000
      vertex -5.091955e+001 -4.629554e+001 -1.000000e+000
    endloop
  endfacet
  facet normal  0.000000e+000  0.000000e+000 -9.999999e-001
    outer loop
      vertex -4.961955e+001 -4.629554e+001 -1.000000e+000
      vertex -5.091955e+001 -4.629554e+001 -1.000000e+000
      vertex -4.955069e+001 -4.581660e+001 -1.000000e+000
    endloop
  endfacet
  facet normal  -0.000000e+000  0.000000e+000 -1.000000e+000
    outer loop
      vertex -4.955069e+001 -4.581660e+001 -1.000000e+000
      vertex -5.091955e+001 -4.629554e+001 -1.000000e+000
      vertex -5.084433e+001 -4.562798e+001 -1.000000e+000
    endloop
  endfacet
  facet normal  0.000000e+000  0.000000e+000 -1.000000e+000
    outer loop
      vertex -4.955069e+001 -4.581660e+001 -1.000000e+000
      vertex -5.084433e+001 -4.562798e+001 -1.000000e+000
      vertex -4.934968e+001 -4.537645e+001 -1.000000e+000
    endloop
  endfacet
  facet normal  -0.000000e+000  0.000000e+000 -9.999999e-001
    outer loop
      vertex -4.934968e+001 -4.537645e+001 -1.000000e+000
      vertex -5.084433e+001 -4.562798e+001 -1.000000e+000
      vertex -5.062246e+001 -4.499389e+001 -1.000000e+000
    endloop
  endfacet
  facet normal  0.000000e+000  0.000000e+000 -9.999999e-001
    outer loop
      vertex -4.934968e+001 -4.537645e+001 -1.000000e+000
      vertex -5.062246e+001 -4.499389e+001 -1.000000e+000
      vertex -4.903281e+001 -4.501077e+001 -1.000000e+000
    endloop
  endfacet
  facet normal  0.000000e+000  0.000000e+000 -9.999999e-001
    outer loop
      vertex -4.903281e+001 -4.501077e+001 -1.000000e+000
      vertex -5.062246e+001 -4.499389e+001 -1.000000e+000
      vertex -4.862576e+001 -4.474917e+001 -1.000000e+000
    endloop
  endfacet
  facet normal  -0.000000e+000  0.000000e+000 -1.000000e+000
    outer loop
      vertex -4.862576e+001 -4.474917e+001 -1.000000e+000
      vertex -5.062246e+001 -4.499389e+001 -1.000000e+000
      vertex -5.026505e+001 -4.442508e+001 -1.000000e+000
    endloop
  endfacet
  facet normal  0.000000e+000  0.000000e+000 -1.000000e+000
    outer loop
      vertex -4.862576e+001 -4.474917e+001 -1.000000e+000
      vertex -5.026505e+001 -4.442508e+001 -1.000000e+000
      vertex -4.816149e+001 -4.461285e+001 -1.000000e+000
    endloop
  endfacet
  facet normal  0.000000e+000  0.000000e+000 -9.999999e-001
    outer loop
      vertex -4.816149e+001 -1.357424e+001 -1.000000e+000
      vertex -5.026505e+001 -1.376201e+001 -1.000000e+000
      vertex -4.862576e+001 -1.343792e+001 -1.000000e+000
    endloop
  endfacet
  facet normal  -0.000000e+000  0.000000e+000 -1.000000e+000
    outer loop
      vertex -4.862576e+001 -1.343792e+001 -1.000000e+000
      vertex -5.026505e+001 -1.376201e+001 -1.000000e+000
      vertex -5.062246e+001 -1.319320e+001 -1.000000e+000
    endloop
  endfacet
  facet normal  0.000000e+000  0.000000e+000 -1.000000e+000
    outer loop
      vertex -4.862576e+001 -1.343792e+001 -1.000000e+000
      vertex -5.062246e+001 -1.319320e+001 -1.000000e+000
      vertex -4.903281e+001 -1.317632e+001 -1.000000e+000
    endloop
  endfacet
  facet normal  0.000000e+000  0.000000e+000 -1.000000e+000
    outer loop
      vertex -4.903281e+001 -1.317632e+001 -1.000000e+000
      vertex -5.062246e+001 -1.319320e+001 -1.000000e+000
      vertex -4.934968e+001 -1.281063e+001 -1.000000e+000
    endloop
  endfacet
  facet normal  -0.000000e+000  0.000000e+000 -1.000000e+000
    outer loop
      vertex -4.934968e+001 -1.281063e+001 -1.000000e+000
      vertex -5.062246e+001 -1.319320e+001 -1.000000e+000
      vertex -5.084433e+001 -1.255911e+001 -1.000000e+000
    endloop
  endfacet
  facet normal  0.000000e+000  0.000000e+000 -1.000000e+000
    outer loop
      vertex -4.934968e+001 -1.281063e+001 -1.000000e+000
      vertex -5.084433e+001 -1.255911e+001 -1.000000e+000
      vertex -4.955069e+001 -1.237049e+001 -1.000000e+000
    endloop
  endfacet
  facet normal  0.000000e+000  0.000000e+000 -1.000000e+000
    outer loop
      vertex -4.955069e+001 -1.237049e+001 -1.000000e+000
      vertex -5.084433e+001 -1.255911e+001 -1.000000e+000
      vertex -4.961955e+001 -1.189154e+001 -1.000000e+000
    endloop
  endfacet
  facet normal  -0.000000e+000  0.000000e+000 -9.999999e-001
    outer loop
      vertex -4.961955e+001 -1.189154e+001 -1.000000e+000
      vertex -5.084433e+001 -1.255911e+001 -1.000000e+000
      vertex -5.091955e+001 -1.189154e+001 -1.000000e+000
    endloop
  endfacet
  facet normal  0.000000e+000  0.000000e+000 -1.000000e+000
    outer loop
      vertex -4.961955e+001 -1.189154e+001 -1.000000e+000
      vertex -5.091955e+001 -1.189154e+001 -1.000000e+000
      vertex -4.955069e+001 -1.141260e+001 -1.000000e+000
    endloop
  endfacet
  facet normal  -0.000000e+000  0.000000e+000 -9.999999e-001
    outer loop
      vertex -4.955069e+001 -1.141260e+001 -1.000000e+000
      vertex -5.091955e+001 -1.189154e+001 -1.000000e+000
      vertex -5.084433e+001 -1.122398e+001 -1.000000e+000
    endloop
  endfacet
  facet normal  0.000000e+000  0.000000e+000 -1.000000e+000
    outer loop
      vertex -4.955069e+001 -1.141260e+001 -1.000000e+000
      vertex -5.084433e+001 -1.122398e+001 -1.000000e+000
      vertex -4.934968e+001 -1.097246e+001 -1.000000e+000
    endloop
  endfacet
  facet normal  -0.000000e+000  0.000000e+000 -1.000000e+000
    outer loop
      vertex -4.934968e+001 -1.097246e+001 -1.000000e+000
      vertex -5.084433e+001 -1.122398e+001 -1.000000e+000
      vertex -5.062246e+001 -1.058989e+001 -1.000000e+000
    endloop
  endfacet
  facet normal  0.000000e+000  0.000000e+000 -1.000000e+000
    outer loop
      vertex -4.934968e+001 -1.097246e+001 -1.000000e+000
      vertex -5.062246e+001 -1.058989e+001 -1.000000e+000
      vertex -4.903281e+001 -1.060677e+001 -1.000000e+000
    endloop
  endfacet
  facet normal  0.000000e+000  0.000000e+000 -1.000000e+000
    outer loop
      vertex -4.903281e+001 -1.060677e+001 -1.000000e+000
      vertex -5.062246e+001 -1.058989e+001 -1.000000e+000
      vertex -4.862576e+001 -1.034517e+001 -1.000000e+000
    endloop
  endfacet
  facet normal  -0.000000e+000  0.000000e+000 -1.000000e+000
    outer loop
      vertex -4.862576e+001 -1.034517e+001 -1.000000e+000
      vertex -5.062246e+001 -1.058989e+001 -1.000000e+000
      vertex -5.026505e+001 -1.002107e+001 -1.000000e+000
    endloop
  endfacet
  facet normal  0.000000e+000  0.000000e+000 -1.000000e+000
    outer loop
      vertex -4.862576e+001 -1.034517e+001 -1.000000e+000
      vertex -5.026505e+001 -1.002107e+001 -1.000000e+000
      vertex -4.816149e+001 -1.020885e+001 -1.000000e+000
    endloop
  endfacet
  facet normal  0.000000e+000  0.000000e+000 -1.000000e+000
    outer loop
      vertex  3.624284e+001 -4.797824e+001 -1.000000e+000
      vertex  3.413928e+001 -4.816601e+001 -1.000000e+000
      vertex  3.577857e+001 -4.784192e+001 -1.000000e+000
    endloop
  endfacet
  facet normal  -0.000000e+000  0.000000e+000 -1.000000e+000
    outer loop
      vertex  3.577857e+001 -4.784192e+001 -1.000000e+000
      vertex  3.413928e+001 -4.816601e+001 -1.000000e+000
      vertex  3.378187e+001 -4.759719e+001 -1.000000e+000
    endloop
  endfacet
  facet normal  0.000000e+000  0.000000e+000 -9.999999e-001
    outer loop
      vertex  3.577857e+001 -4.784192e+001 -1.000000e+000
      vertex  3.378187e+001 -4.759719e+001 -1.000000e+000
      vertex  3.537151e+001 -4.758032e+001 -1.000000e+000
    endloop
  endfacet
  facet normal  0.000000e+000  0.000000e+000 -9.999999e-001
    outer loop
      vertex  3.537151e+001 -4.758032e+001 -1.000000e+000
      vertex  3.378187e+001 -4.759719e+001 -1.000000e+000
      vertex  3.505465e+001 -4.721463e+001 -1.000000e+000
    endloop
  endfacet
  facet normal  -0.000000e+000  0.000000e+000 -1.000000e+000
    outer loop
      vertex  3.505465e+001 -4.721463e+001 -1.000000e+000
      vertex  3.378187e+001 -4.759719e+001 -1.000000e+000
      vertex  3.355999e+001 -4.696311e+001 -1.000000e+000
    endloop
  endfacet
  facet normal  0.000000e+000  0.000000e+000 -1.000000e+000
    outer loop
      vertex  3.505465e+001 -4.721463e+001 -1.000000e+000
      vertex  3.355999e+001 -4.696311e+001 -1.000000e+000
      vertex  3.485364e+001 -4.677449e+001 -1.000000e+000
    endloop
  endfacet
  facet normal  -0.000000e+000  0.000000e+000 -9.999999e-001
    outer loop
      vertex  3.348478e+001 -4.629554e+001 -1.000000e+000
      vertex  3.478477e+001 -4.629554e+001 -1.000000e+000
      vertex  3.355999e+001 -4.696311e+001 -1.000000e+000
    endloop
  endfacet
  facet normal  0.000000e+000  0.000000e+000 -1.000000e+000
    outer loop
      vertex  3.355999e+001 -4.696311e+001 -1.000000e+000
      vertex  3.478477e+001 -4.629554e+001 -1.000000e+000
      vertex  3.485364e+001 -4.677449e+001 -1.000000e+000
    endloop
  endfacet
  facet normal  0.000000e+000  0.000000e+000 -1.000000e+000
    outer loop
      vertex -4.521664e+001 -4.759719e+001 -1.000000e+000
      vertex -4.680629e+001 -4.758032e+001 -1.000000e+000
      vertex -4.499477e+001 -4.696311e+001 -1.000000e+000
    endloop
  endfacet
  facet normal  0.000000e+000  0.000000e+000 -1.000000e+000
    outer loop
      vertex -4.499477e+001 -4.696311e+001 -1.000000e+000
      vertex -4.680629e+001 -4.758032e+001 -1.000000e+000
      vertex -4.648942e+001 -4.721463e+001 -1.000000e+000
    endloop
  endfacet
  facet normal  0.000000e+000  0.000000e+000 -1.000000e+000
    outer loop
      vertex -4.499477e+001 -4.696311e+001 -1.000000e+000
      vertex -4.648942e+001 -4.721463e+001 -1.000000e+000
      vertex -4.628841e+001 -4.677449e+001 -1.000000e+000
    endloop
  endfacet
  facet normal  0.000000e+000  -0.000000e+000 -1.000000e+000
    outer loop
      vertex -4.628841e+001 -4.677449e+001 -1.000000e+000
      vertex -4.621955e+001 -4.629554e+001 -1.000000e+000
      vertex -4.499477e+001 -4.696311e+001 -1.000000e+000
    endloop
  endfacet
  facet normal  0.000000e+000  0.000000e+000 -1.000000e+000
    outer loop
      vertex -4.499477e+001 -4.696311e+001 -1.000000e+000
      vertex -4.621955e+001 -4.629554e+001 -1.000000e+000
      vertex -4.491955e+001 -4.629554e+001 -1.000000e+000
    endloop
  endfacet
  facet normal  0.000000e+000  0.000000e+000 -1.000000e+000
    outer loop
      vertex  3.537151e+001 -4.501077e+001 -1.000000e+000
      vertex -4.680629e+001 -4.501077e+001 -1.000000e+000
      vertex  3.577857e+001 -4.474917e+001 -1.000000e+000
    endloop
  endfacet
  facet normal  -0.000000e+000  0.000000e+000 -1.000000e+000
    outer loop
      vertex  3.577857e+001 -4.474917e+001 -1.000000e+000
      vertex -4.680629e+001 -4.501077e+001 -1.000000e+000
      vertex -4.721334e+001 -4.474917e+001 -1.000000e+000
    endloop
  endfacet
  facet normal  0.000000e+000  0.000000e+000 -9.999999e-001
    outer loop
      vertex  3.577857e+001 -4.474917e+001 -1.000000e+000
      vertex -4.721334e+001 -4.474917e+001 -1.000000e+000
      vertex  3.624284e+001 -4.461285e+001 -1.000000e+000
    endloop
  endfacet
  facet normal  -0.000000e+000  0.000000e+000 -1.000000e+000
    outer loop
      vertex  3.624284e+001 -4.461285e+001 -1.000000e+000
      vertex -4.721334e+001 -4.474917e+001 -1.000000e+000
      vertex -4.767762e+001 -4.461285e+001 -1.000000e+000
    endloop
  endfacet
  facet normal  0.000000e+000  0.000000e+000 -1.000000e+000
    outer loop
      vertex  3.624284e+001 -1.357424e+001 -1.000000e+000
      vertex -4.767762e+001 -1.357424e+001 -1.000000e+000
      vertex  3.577857e+001 -1.343792e+001 -1.000000e+000
    endloop
  endfacet
  facet normal  -0.000000e+000  0.000000e+000 -9.999999e-001
    outer loop
      vertex  3.577857e+001 -1.343792e+001 -1.000000e+000
      vertex -4.767762e+001 -1.357424e+001 -1.000000e+000
      vertex -4.721334e+001 -1.343792e+001 -1.000000e+000
    endloop
  endfacet
  facet normal  0.000000e+000  0.000000e+000 -1.000000e+000
    outer loop
      vertex  3.577857e+001 -1.343792e+001 -1.000000e+000
      vertex -4.721334e+001 -1.343792e+001 -1.000000e+000
      vertex  3.537151e+001 -1.317632e+001 -1.000000e+000
    endloop
  endfacet
  facet normal  -0.000000e+000  0.000000e+000 -1.000000e+000
    outer loop
      vertex  3.537151e+001 -1.317632e+001 -1.000000e+000
      vertex -4.721334e+001 -1.343792e+001 -1.000000e+000
      vertex -4.680629e+001 -1.317632e+001 -1.000000e+000
    endloop
  endfacet
  facet normal  0.000000e+000  0.000000e+000 -9.999999e-001
    outer loop
      vertex -4.491955e+001 -1.189154e+001 -1.000000e+000
      vertex -4.621955e+001 -1.189154e+001 -1.000000e+000
      vertex -4.499477e+001 -1.122398e+001 -1.000000e+000
    endloop
  endfacet
  facet normal  0.000000e+000  0.000000e+000 -1.000000e+000
    outer loop
      vertex -4.499477e+001 -1.122398e+001 -1.000000e+000
      vertex -4.621955e+001 -1.189154e+001 -1.000000e+000
      vertex -4.628841e+001 -1.141260e+001 -1.000000e+000
    endloop
  endfacet
  facet normal  0.000000e+000  0.000000e+000 -1.000000e+000
    outer loop
      vertex -4.499477e+001 -1.122398e+001 -1.000000e+000
      vertex -4.628841e+001 -1.141260e+001 -1.000000e+000
      vertex -4.521664e+001 -1.058989e+001 -1.000000e+000
    endloop
  endfacet
  facet normal  0.000000e+000  0.000000e+000 -1.000000e+000
    outer loop
      vertex -4.521664e+001 -1.058989e+001 -1.000000e+000
      vertex -4.628841e+001 -1.141260e+001 -1.000000e+000
      vertex -4.648942e+001 -1.097246e+001 -1.000000e+000
    endloop
  endfacet
  facet normal  0.000000e+000  0.000000e+000 -1.000000e+000
    outer loop
      vertex -4.521664e+001 -1.058989e+001 -1.000000e+000
      vertex -4.648942e+001 -1.097246e+001 -1.000000e+000
      vertex -4.680629e+001 -1.060677e+001 -1.000000e+000
    endloop
  endfacet
  facet normal  0.000000e+000  0.000000e+000 -1.000000e+000
    outer loop
      vertex -4.521664e+001 -1.058989e+001 -1.000000e+000
      vertex -4.680629e+001 -1.060677e+001 -1.000000e+000
      vertex -4.557406e+001 -1.002107e+001 -1.000000e+000
    endloop
  endfacet
  facet normal  0.000000e+000  0.000000e+000 -1.000000e+000
    outer loop
      vertex -4.557406e+001 -1.002107e+001 -1.000000e+000
      vertex -4.680629e+001 -1.060677e+001 -1.000000e+000
      vertex -4.721334e+001 -1.034517e+001 -1.000000e+000
    endloop
  endfacet
  facet normal  0.000000e+000  0.000000e+000 -1.000000e+000
    outer loop
      vertex -4.557406e+001 -1.002107e+001 -1.000000e+000
      vertex -4.721334e+001 -1.034517e+001 -1.000000e+000
      vertex -4.767762e+001 -1.020885e+001 -1.000000e+000
    endloop
  endfacet
  facet normal  0.000000e+000  0.000000e+000 -1.000000e+000
    outer loop
      vertex  3.485364e+001 -1.141260e+001 -1.000000e+000
      vertex  3.355999e+001 -1.122398e+001 -1.000000e+000
      vertex  3.505465e+001 -1.097246e+001 -1.000000e+000
    endloop
  endfacet
  facet normal  -0.000000e+000  0.000000e+000 -1.000000e+000
    outer loop
      vertex  3.505465e+001 -1.097246e+001 -1.000000e+000
      vertex  3.355999e+001 -1.122398e+001 -1.000000e+000
      vertex  3.378187e+001 -1.058989e+001 -1.000000e+000
    endloop
  endfacet
  facet normal  0.000000e+000  0.000000e+000 -1.000000e+000
    outer loop
      vertex  3.505465e+001 -1.097246e+001 -1.000000e+000
      vertex  3.378187e+001 -1.058989e+001 -1.000000e+000
      vertex  3.537151e+001 -1.060677e+001 -1.000000e+000
    endloop
  endfacet
  facet normal  0.000000e+000  0.000000e+000 -1.000000e+000
    outer loop
      vertex  3.537151e+001 -1.060677e+001 -1.000000e+000
      vertex  3.378187e+001 -1.058989e+001 -1.000000e+000
      vertex  3.577857e+001 -1.034517e+001 -1.000000e+000
    endloop
  endfacet
  facet normal  -0.000000e+000  0.000000e+000 -1.000000e+000
    outer loop
      vertex  3.577857e+001 -1.034517e+001 -1.000000e+000
      vertex  3.378187e+001 -1.058989e+001 -1.000000e+000
      vertex  3.413928e+001 -1.002107e+001 -1.000000e+000
    endloop
  endfacet
  facet normal  0.000000e+000  0.000000e+000 -1.000000e+000
    outer loop
      vertex  3.577857e+001 -1.034517e+001 -1.000000e+000
      vertex  3.413928e+001 -1.002107e+001 -1.000000e+000
      vertex  3.624284e+001 -1.020885e+001 -1.000000e+000
    endloop
  endfacet
  facet normal  0.000000e+000  0.000000e+000 -1.000000e+000
    outer loop
      vertex  3.918768e+001 -4.759719e+001 -1.000000e+000
      vertex  3.759804e+001 -4.758032e+001 -1.000000e+000
      vertex  3.940956e+001 -4.696311e+001 -1.000000e+000
    endloop
  endfacet
  facet normal  0.000000e+000  0.000000e+000 -9.999999e-001
    outer loop
      vertex  3.940956e+001 -4.696311e+001 -1.000000e+000
      vertex  3.759804e+001 -4.758032e+001 -1.000000e+000
      vertex  3.791491e+001 -4.721463e+001 -1.000000e+000
    endloop
  endfacet
  facet normal  0.000000e+000  0.000000e+000 -1.000000e+000
    outer loop
      vertex  3.940956e+001 -4.696311e+001 -1.000000e+000
      vertex  3.791491e+001 -4.721463e+001 -1.000000e+000
      vertex  3.811591e+001 -4.677449e+001 -1.000000e+000
    endloop
  endfacet
  facet normal  0.000000e+000  0.000000e+000 -9.999999e-001
    outer loop
      vertex  3.940956e+001 -4.696311e+001 -1.000000e+000
      vertex  3.811591e+001 -4.677449e+001 -1.000000e+000
      vertex  3.948478e+001 -4.629554e+001 -1.000000e+000
    endloop
  endfacet
  facet normal  -0.000000e+000  0.000000e+000 -9.999999e-001
    outer loop
      vertex  3.948478e+001 -4.629554e+001 -1.000000e+000
      vertex  3.811591e+001 -4.677449e+001 -1.000000e+000
      vertex  3.818478e+001 -4.629554e+001 -1.000000e+000
    endloop
  endfacet
  facet normal  0.000000e+000  0.000000e+000 -1.000000e+000
    outer loop
      vertex  3.948478e+001 -4.629554e+001 -1.000000e+000
      vertex  3.818478e+001 -4.629554e+001 -1.000000e+000
      vertex  3.940956e+001 -4.562798e+001 -1.000000e+000
    endloop
  endfacet
  facet normal  0.000000e+000  0.000000e+000 -9.999999e-001
    outer loop
      vertex  3.940956e+001 -4.562798e+001 -1.000000e+000
      vertex  3.818478e+001 -4.629554e+001 -1.000000e+000
      vertex  3.811591e+001 -4.581660e+001 -1.000000e+000
    endloop
  endfacet
  facet normal  0.000000e+000  0.000000e+000 -1.000000e+000
    outer loop
      vertex  3.940956e+001 -4.562798e+001 -1.000000e+000
      vertex  3.811591e+001 -4.581660e+001 -1.000000e+000
      vertex  3.918768e+001 -4.499389e+001 -1.000000e+000
    endloop
  endfacet
  facet normal  0.000000e+000  0.000000e+000 -1.000000e+000
    outer loop
      vertex  3.918768e+001 -4.499389e+001 -1.000000e+000
      vertex  3.811591e+001 -4.581660e+001 -1.000000e+000
      vertex  3.791491e+001 -4.537645e+001 -1.000000e+000
    endloop
  endfacet
  facet normal  0.000000e+000  0.000000e+000 -9.999999e-001
    outer loop
      vertex  3.918768e+001 -4.499389e+001 -1.000000e+000
      vertex  3.791491e+001 -4.537645e+001 -1.000000e+000
      vertex  3.759804e+001 -4.501077e+001 -1.000000e+000
    endloop
  endfacet
  facet normal  0.000000e+000  0.000000e+000 -9.999999e-001
    outer loop
      vertex  3.918768e+001 -4.499389e+001 -1.000000e+000
      vertex  3.759804e+001 -4.501077e+001 -1.000000e+000
      vertex  3.883027e+001 -4.442508e+001 -1.000000e+000
    endloop
  endfacet
  facet normal  0.000000e+000  0.000000e+000 -1.000000e+000
    outer loop
      vertex  3.883027e+001 -4.442508e+001 -1.000000e+000
      vertex  3.759804e+001 -4.501077e+001 -1.000000e+000
      vertex  3.719098e+001 -4.474917e+001 -1.000000e+000
    endloop
  endfacet
  facet normal  0.000000e+000  0.000000e+000 -1.000000e+000
    outer loop
      vertex  3.883027e+001 -4.442508e+001 -1.000000e+000
      vertex  3.719098e+001 -4.474917e+001 -1.000000e+000
      vertex  3.672671e+001 -4.461285e+001 -1.000000e+000
    endloop
  endfacet
  facet normal  0.000000e+000  1.000000e+000  -0.000000e+000
    outer loop
      vertex  3.648478e+001 -4.329554e+001  1.800000e+001
      vertex  3.648478e+001 -4.329554e+001 -1.000000e+000
      vertex  3.528261e+001 -4.329554e+001  1.800000e+001
    endloop
  endfacet
  facet normal  0.000000e+000  1.000000e+000  0.000000e+000
    outer loop
      vertex  3.528261e+001 -4.329554e+001  1.800000e+001
      vertex  3.648478e+001 -4.329554e+001 -1.000000e+000
      vertex  3.528261e+001 -4.329554e+001 -1.000000e+000
    endloop
  endfacet
  facet normal  9.999999e-001  0.000000e+000  0.000000e+000
    outer loop
      vertex  3.528261e+001 -4.329554e+001  1.800000e+001
      vertex  3.528261e+001 -4.329554e+001 -1.000000e+000
      vertex  3.528261e+001 -3.143904e+001  1.087187e+001
    endloop
  endfacet
  facet normal  1.000000e+000  0.000000e+000  -0.000000e+000
    outer loop
      vertex  3.528261e+001 -4.329554e+001  1.800000e+001
      vertex  3.528261e+001 -3.143904e+001  1.087187e+001
      vertex  3.528261e+001 -3.096401e+001  1.134690e+001
    endloop
  endfacet
  facet normal  1.000000e+000  0.000000e+000  -0.000000e+000
    outer loop
      vertex  3.528261e+001 -4.329554e+001  1.800000e+001
      vertex  3.528261e+001 -3.096401e+001  1.134690e+001
      vertex  3.528261e+001 -3.039520e+001  1.170431e+001
    endloop
  endfacet
  facet normal  1.000000e+000  0.000000e+000  -0.000000e+000
    outer loop
      vertex  3.528261e+001 -4.329554e+001  1.800000e+001
      vertex  3.528261e+001 -3.039520e+001  1.170431e+001
      vertex  3.528261e+001 -2.976111e+001  1.192619e+001
    endloop
  endfacet
  facet normal  1.000000e+000  0.000000e+000  -0.000000e+000
    outer loop
      vertex  3.528261e+001 -4.329554e+001  1.800000e+001
      vertex  3.528261e+001 -2.976111e+001  1.192619e+001
      vertex  3.528261e+001 -2.909354e+001  1.200140e+001
    endloop
  endfacet
  facet normal  1.000000e+000  0.000000e+000  -0.000000e+000
    outer loop
      vertex  3.528261e+001 -4.329554e+001  1.800000e+001
      vertex  3.528261e+001 -2.909354e+001  1.200140e+001
      vertex  3.528261e+001 -1.489154e+001  1.800000e+001
    endloop
  endfacet
  facet normal  1.000000e+000  0.000000e+000  0.000000e+000
    outer loop
      vertex  3.528261e+001 -4.329554e+001 -1.000000e+000
      vertex  3.528261e+001 -1.489154e+001 -1.000000e+000
      vertex  3.528261e+001 -2.909354e+001  6.001404e+000
    endloop
  endfacet
  facet normal  1.000000e+000  0.000000e+000  0.000000e+000
    outer loop
      vertex  3.528261e+001 -4.329554e+001 -1.000000e+000
      vertex  3.528261e+001 -2.909354e+001  6.001404e+000
      vertex  3.528261e+001 -2.976111e+001  6.076621e+000
    endloop
  endfacet
  facet normal  1.000000e+000  0.000000e+000  0.000000e+000
    outer loop
      vertex  3.528261e+001 -4.329554e+001 -1.000000e+000
      vertex  3.528261e+001 -2.976111e+001  6.076621e+000
      vertex  3.528261e+001 -3.039520e+001  6.298498e+000
    endloop
  endfacet
  facet normal  1.000000e+000  0.000000e+000  0.000000e+000
    outer loop
      vertex  3.528261e+001 -4.329554e+001 -1.000000e+000
      vertex  3.528261e+001 -3.039520e+001  6.298498e+000
      vertex  3.528261e+001 -3.096401e+001  6.655910e+000
    endloop
  endfacet
  facet normal  9.999999e-001  0.000000e+000  0.000000e+000
    outer loop
      vertex  3.528261e+001 -4.329554e+001 -1.000000e+000
      vertex  3.528261e+001 -3.096401e+001  6.655910e+000
      vertex  3.528261e+001 -3.143904e+001  7.130935e+000
    endloop
  endfacet
  facet normal  1.000000e+000  0.000000e+000  0.000000e+000
    outer loop
      vertex  3.528261e+001 -4.329554e+001 -1.000000e+000
      vertex  3.528261e+001 -3.143904e+001  7.130935e+000
      vertex  3.528261e+001 -3.179645e+001  7.699753e+000
    endloop
  endfacet
  facet normal  9.999999e-001  0.000000e+000  0.000000e+000
    outer loop
      vertex  3.528261e+001 -4.329554e+001 -1.000000e+000
      vertex  3.528261e+001 -3.179645e+001  7.699753e+000
      vertex  3.528261e+001 -3.201833e+001  8.333841e+000
    endloop
  endfacet
  facet normal  1.000000e+000  0.000000e+000  0.000000e+000
    outer loop
      vertex  3.528261e+001 -4.329554e+001 -1.000000e+000
      vertex  3.528261e+001 -3.201833e+001  8.333841e+000
      vertex  3.528261e+001 -3.209354e+001  9.001405e+000
    endloop
  endfacet
  facet normal  1.000000e+000  0.000000e+000  -0.000000e+000
    outer loop
      vertex  3.528261e+001 -4.329554e+001 -1.000000e+000
      vertex  3.528261e+001 -3.209354e+001  9.001405e+000
      vertex  3.528261e+001 -3.201833e+001  9.668967e+000
    endloop
  endfacet
  facet normal  1.000000e+000  0.000000e+000  -0.000000e+000
    outer loop
      vertex  3.528261e+001 -4.329554e+001 -1.000000e+000
      vertex  3.528261e+001 -3.201833e+001  9.668967e+000
      vertex  3.528261e+001 -3.179645e+001  1.030306e+001
    endloop
  endfacet
  facet normal  1.000000e+000  0.000000e+000  -0.000000e+000
    outer loop
      vertex  3.528261e+001 -4.329554e+001 -1.000000e+000
      vertex  3.528261e+001 -3.179645e+001  1.030306e+001
      vertex  3.528261e+001 -3.143904e+001  1.087187e+001
    endloop
  endfacet
  facet normal  1.000000e+000  0.000000e+000  0.000000e+000
    outer loop
      vertex  3.528261e+001 -1.489154e+001 -1.000000e+000
      vertex  3.528261e+001 -2.674805e+001  1.087187e+001
      vertex  3.528261e+001 -2.639064e+001  1.030306e+001
    endloop
  endfacet
  facet normal  1.000000e+000  0.000000e+000  0.000000e+000
    outer loop
      vertex  3.528261e+001 -1.489154e+001 -1.000000e+000
      vertex  3.528261e+001 -2.639064e+001  1.030306e+001
      vertex  3.528261e+001 -2.616876e+001  9.668967e+000
    endloop
  endfacet
  facet normal  9.999999e-001  0.000000e+000  0.000000e+000
    outer loop
      vertex  3.528261e+001 -1.489154e+001 -1.000000e+000
      vertex  3.528261e+001 -2.616876e+001  9.668967e+000
      vertex  3.528261e+001 -2.609354e+001  9.001405e+000
    endloop
  endfacet
  facet normal  1.000000e+000  0.000000e+000  0.000000e+000
    outer loop
      vertex  3.528261e+001 -1.489154e+001 -1.000000e+000
      vertex  3.528261e+001 -2.609354e+001  9.001405e+000
      vertex  3.528261e+001 -2.616876e+001  8.333841e+000
    endloop
  endfacet
  facet normal  1.000000e+000  0.000000e+000  0.000000e+000
    outer loop
      vertex  3.528261e+001 -1.489154e+001 -1.000000e+000
      vertex  3.528261e+001 -2.616876e+001  8.333841e+000
      vertex  3.528261e+001 -2.639064e+001  7.699753e+000
    endloop
  endfacet
  facet normal  1.000000e+000  0.000000e+000  0.000000e+000
    outer loop
      vertex  3.528261e+001 -1.489154e+001 -1.000000e+000
      vertex  3.528261e+001 -2.639064e+001  7.699753e+000
      vertex  3.528261e+001 -2.674805e+001  7.130935e+000
    endloop
  endfacet
  facet normal  9.999999e-001  0.000000e+000  0.000000e+000
    outer loop
      vertex  3.528261e+001 -1.489154e+001 -1.000000e+000
      vertex  3.528261e+001 -2.674805e+001  7.130935e+000
      vertex  3.528261e+001 -2.722307e+001  6.655910e+000
    endloop
  endfacet
  facet normal  1.000000e+000  0.000000e+000  0.000000e+000
    outer loop
      vertex  3.528261e+001 -1.489154e+001 -1.000000e+000
      vertex  3.528261e+001 -2.722307e+001  6.655910e+000
      vertex  3.528261e+001 -2.779189e+001  6.298498e+000
    endloop
  endfacet
  facet normal  9.999999e-001  0.000000e+000  0.000000e+000
    outer loop
      vertex  3.528261e+001 -1.489154e+001 -1.000000e+000
      vertex  3.528261e+001 -2.779189e+001  6.298498e+000
      vertex  3.528261e+001 -2.842598e+001  6.076621e+000
    endloop
  endfacet
  facet normal  1.000000e+000  0.000000e+000  0.000000e+000
    outer loop
      vertex  3.528261e+001 -1.489154e+001 -1.000000e+000
      vertex  3.528261e+001 -2.842598e+001  6.076621e+000
      vertex  3.528261e+001 -2.909354e+001  6.001404e+000
    endloop
  endfacet
  facet normal  1.000000e+000  -0.000000e+000  0.000000e+000
    outer loop
      vertex  3.528261e+001 -1.489154e+001  1.800000e+001
      vertex  3.528261e+001 -2.909354e+001  1.200140e+001
      vertex  3.528261e+001 -2.842598e+001  1.192619e+001
    endloop
  endfacet
  facet normal  1.000000e+000  -0.000000e+000  0.000000e+000
    outer loop
      vertex  3.528261e+001 -1.489154e+001  1.800000e+001
      vertex  3.528261e+001 -2.842598e+001  1.192619e+001
      vertex  3.528261e+001 -2.779189e+001  1.170431e+001
    endloop
  endfacet
  facet normal  1.000000e+000  -0.000000e+000  0.000000e+000
    outer loop
      vertex  3.528261e+001 -1.489154e+001  1.800000e+001
      vertex  3.528261e+001 -2.779189e+001  1.170431e+001
      vertex  3.528261e+001 -2.722307e+001  1.134690e+001
    endloop
  endfacet
  facet normal  1.000000e+000  -0.000000e+000  0.000000e+000
    outer loop
      vertex  3.528261e+001 -1.489154e+001  1.800000e+001
      vertex  3.528261e+001 -2.722307e+001  1.134690e+001
      vertex  3.528261e+001 -2.674805e+001  1.087187e+001
    endloop
  endfacet
  facet normal  9.999999e-001  -0.000000e+000  0.000000e+000
    outer loop
      vertex  3.528261e+001 -1.489154e+001  1.800000e+001
      vertex  3.528261e+001 -2.674805e+001  1.087187e+001
      vertex  3.528261e+001 -1.489154e+001 -1.000000e+000
    endloop
  endfacet
  facet normal -9.937125e-001 -1.119615e-001  0.000000e+000
    outer loop
      vertex  3.348478e+001 -4.629554e+001  1.800000e+001
      vertex  3.348478e+001 -4.629554e+001 -1.000000e+000
      vertex  3.355999e+001 -4.696311e+001  1.800000e+001
    endloop
  endfacet
  facet normal -9.937125e-001 -1.119615e-001  -0.000000e+000
    outer loop
      vertex  3.355999e+001 -4.696311e+001  1.800000e+001
      vertex  3.348478e+001 -4.629554e+001 -1.000000e+000
      vertex  3.355999e+001 -4.696311e+001 -1.000000e+000
    endloop
  endfacet
  facet normal -9.438826e-001 -3.302811e-001  0.000000e+000
    outer loop
      vertex  3.355999e+001 -4.696311e+001  1.800000e+001
      vertex  3.355999e+001 -4.696311e+001 -1.000000e+000
      vertex  3.378187e+001 -4.759719e+001  1.800000e+001
    endloop
  endfacet
  facet normal -9.438826e-001 -3.302811e-001  -0.000000e+000
    outer loop
      vertex  3.378187e+001 -4.759719e+001  1.800000e+001
      vertex  3.355999e+001 -4.696311e+001 -1.000000e+000
      vertex  3.378187e+001 -4.759719e+001 -1.000000e+000
    endloop
  endfacet
  facet normal -8.467224e-001 -5.320350e-001  0.000000e+000
    outer loop
      vertex  3.378187e+001 -4.759719e+001  1.800000e+001
      vertex  3.378187e+001 -4.759719e+001 -1.000000e+000
      vertex  3.413928e+001 -4.816601e+001  1.800000e+001
    endloop
  endfacet
  facet normal -8.467224e-001 -5.320350e-001  -0.000000e+000
    outer loop
      vertex  3.413928e+001 -4.816601e+001  1.800000e+001
      vertex  3.378187e+001 -4.759719e+001 -1.000000e+000
      vertex  3.413928e+001 -4.816601e+001 -1.000000e+000
    endloop
  endfacet
  facet normal -7.071096e-001 -7.071040e-001  0.000000e+000
    outer loop
      vertex  3.413928e+001 -4.816601e+001  1.800000e+001
      vertex  3.413928e+001 -4.816601e+001 -1.000000e+000
      vertex  3.461430e+001 -4.864104e+001  1.800000e+001
    endloop
  endfacet
  facet normal -7.071096e-001 -7.071040e-001  -0.000000e+000
    outer loop
      vertex  3.461430e+001 -4.864104e+001  1.800000e+001
      vertex  3.413928e+001 -4.816601e+001 -1.000000e+000
      vertex  3.461430e+001 -4.864104e+001 -1.000000e+000
    endloop
  endfacet
  facet normal -5.320324e-001 -8.467239e-001  0.000000e+000
    outer loop
      vertex  3.461430e+001 -4.864104e+001  1.800000e+001
      vertex  3.461430e+001 -4.864104e+001 -1.000000e+000
      vertex  3.518312e+001 -4.899845e+001  1.800000e+001
    endloop
  endfacet
  facet normal -5.320324e-001 -8.467239e-001  -0.000000e+000
    outer loop
      vertex  3.518312e+001 -4.899845e+001  1.800000e+001
      vertex  3.461430e+001 -4.864104e+001 -1.000000e+000
      vertex  3.518312e+001 -4.899845e+001 -1.000000e+000
    endloop
  endfacet
  facet normal -3.302811e-001 -9.438826e-001  0.000000e+000
    outer loop
      vertex  3.518312e+001 -4.899845e+001  1.800000e+001
      vertex  3.518312e+001 -4.899845e+001 -1.000000e+000
      vertex  3.581721e+001 -4.922033e+001  1.800000e+001
    endloop
  endfacet
  facet normal -3.302811e-001 -9.438826e-001  -0.000000e+000
    outer loop
      vertex  3.581721e+001 -4.922033e+001  1.800000e+001
      vertex  3.518312e+001 -4.899845e+001 -1.000000e+000
      vertex  3.581721e+001 -4.922033e+001 -1.000000e+000
    endloop
  endfacet
  facet normal -1.119615e-001 -9.937125e-001  0.000000e+000
    outer loop
      vertex  3.581721e+001 -4.922033e+001  1.800000e+001
      vertex  3.581721e+001 -4.922033e+001 -1.000000e+000
      vertex  3.648478e+001 -4.929554e+001  1.800000e+001
    endloop
  endfacet
  facet normal -1.119615e-001 -9.937125e-001  -0.000000e+000
    outer loop
      vertex  3.648478e+001 -4.929554e+001  1.800000e+001
      vertex  3.581721e+001 -4.922033e+001 -1.000000e+000
      vertex  3.648478e+001 -4.929554e+001 -1.000000e+000
    endloop
  endfacet
  facet normal  1.119621e-001 -9.937125e-001  0.000000e+000
    outer loop
      vertex  3.648478e+001 -4.929554e+001  1.800000e+001
      vertex  3.648478e+001 -4.929554e+001 -1.000000e+000
      vertex  3.715234e+001 -4.922033e+001  1.800000e+001
    endloop
  endfacet
  facet normal  1.119621e-001 -9.937125e-001  0.000000e+000
    outer loop
      vertex  3.715234e+001 -4.922033e+001  1.800000e+001
      vertex  3.648478e+001 -4.929554e+001 -1.000000e+000
      vertex  3.715234e+001 -4.922033e+001 -1.000000e+000
    endloop
  endfacet
  facet normal  3.302794e-001 -9.438832e-001  0.000000e+000
    outer loop
      vertex  3.715234e+001 -4.922033e+001  1.800000e+001
      vertex  3.715234e+001 -4.922033e+001 -1.000000e+000
      vertex  3.778643e+001 -4.899845e+001  1.800000e+001
    endloop
  endfacet
  facet normal  3.302794e-001 -9.438832e-001  0.000000e+000
    outer loop
      vertex  3.778643e+001 -4.899845e+001  1.800000e+001
      vertex  3.715234e+001 -4.922033e+001 -1.000000e+000
      vertex  3.778643e+001 -4.899845e+001 -1.000000e+000
    endloop
  endfacet
  facet normal  5.320350e-001 -8.467224e-001  0.000000e+000
    outer loop
      vertex  3.778643e+001 -4.899845e+001  1.800000e+001
      vertex  3.778643e+001 -4.899845e+001 -1.000000e+000
      vertex  3.835524e+001 -4.864104e+001  1.800000e+001
    endloop
  endfacet
  facet normal  5.320350e-001 -8.467224e-001  0.000000e+000
    outer loop
      vertex  3.835524e+001 -4.864104e+001  1.800000e+001
      vertex  3.778643e+001 -4.899845e+001 -1.000000e+000
      vertex  3.835524e+001 -4.864104e+001 -1.000000e+000
    endloop
  endfacet
  facet normal  7.071068e-001 -7.071068e-001  0.000000e+000
    outer loop
      vertex  3.835524e+001 -4.864104e+001  1.800000e+001
      vertex  3.835524e+001 -4.864104e+001 -1.000000e+000
      vertex  3.883027e+001 -4.816601e+001  1.800000e+001
    endloop
  endfacet
  facet normal  7.071068e-001 -7.071068e-001  0.000000e+000
    outer loop
      vertex  3.883027e+001 -4.816601e+001  1.800000e+001
      vertex  3.835524e+001 -4.864104e+001 -1.000000e+000
      vertex  3.883027e+001 -4.816601e+001 -1.000000e+000
    endloop
  endfacet
  facet normal  8.467224e-001 -5.320350e-001  0.000000e+000
    outer loop
      vertex  3.883027e+001 -4.816601e+001  1.800000e+001
      vertex  3.883027e+001 -4.816601e+001 -1.000000e+000
      vertex  3.918768e+001 -4.759719e+001  1.800000e+001
    endloop
  endfacet
  facet normal  8.467224e-001 -5.320350e-001  0.000000e+000
    outer loop
      vertex  3.918768e+001 -4.759719e+001  1.800000e+001
      vertex  3.883027e+001 -4.816601e+001 -1.000000e+000
      vertex  3.918768e+001 -4.759719e+001 -1.000000e+000
    endloop
  endfacet
  facet normal  9.438844e-001 -3.302761e-001  0.000000e+000
    outer loop
      vertex  3.918768e+001 -4.759719e+001  1.800000e+001
      vertex  3.918768e+001 -4.759719e+001 -1.000000e+000
      vertex  3.940956e+001 -4.696311e+001  1.800000e+001
    endloop
  endfacet
  facet normal  9.438844e-001 -3.302761e-001  0.000000e+000
    outer loop
      vertex  3.940956e+001 -4.696311e+001  1.800000e+001
      vertex  3.918768e+001 -4.759719e+001 -1.000000e+000
      vertex  3.940956e+001 -4.696311e+001 -1.000000e+000
    endloop
  endfacet
  facet normal  9.937119e-001 -1.119671e-001  0.000000e+000
    outer loop
      vertex  3.940956e+001 -4.696311e+001  1.800000e+001
      vertex  3.940956e+001 -4.696311e+001 -1.000000e+000
      vertex  3.948478e+001 -4.629554e+001  1.800000e+001
    endloop
  endfacet
  facet normal  9.937119e-001 -1.119671e-001  0.000000e+000
    outer loop
      vertex  3.948478e+001 -4.629554e+001  1.800000e+001
      vertex  3.940956e+001 -4.696311e+001 -1.000000e+000
      vertex  3.948478e+001 -4.629554e+001 -1.000000e+000
    endloop
  endfacet
  facet normal  9.937119e-001  1.119677e-001  -0.000000e+000
    outer loop
      vertex  3.948478e+001 -4.629554e+001  1.800000e+001
      vertex  3.948478e+001 -4.629554e+001 -1.000000e+000
      vertex  3.940956e+001 -4.562798e+001  1.800000e+001
    endloop
  endfacet
  facet normal  9.937119e-001  1.119677e-001  0.000000e+000
    outer loop
      vertex  3.940956e+001 -4.562798e+001  1.800000e+001
      vertex  3.948478e+001 -4.629554e+001 -1.000000e+000
      vertex  3.940956e+001 -4.562798e+001 -1.000000e+000
    endloop
  endfacet
  facet normal  9.438850e-001  3.302743e-001  -0.000000e+000
    outer loop
      vertex  3.940956e+001 -4.562798e+001  1.800000e+001
      vertex  3.940956e+001 -4.562798e+001 -1.000000e+000
      vertex  3.918768e+001 -4.499389e+001  1.800000e+001
    endloop
  endfacet
  facet normal  9.438850e-001  3.302743e-001  0.000000e+000
    outer loop
      vertex  3.918768e+001 -4.499389e+001  1.800000e+001
      vertex  3.940956e+001 -4.562798e+001 -1.000000e+000
      vertex  3.918768e+001 -4.499389e+001 -1.000000e+000
    endloop
  endfacet
  facet normal  8.467224e-001  5.320350e-001  -0.000000e+000
    outer loop
      vertex  3.918768e+001 -4.499389e+001  1.800000e+001
      vertex  3.918768e+001 -4.499389e+001 -1.000000e+000
      vertex  3.883027e+001 -4.442508e+001  1.800000e+001
    endloop
  endfacet
  facet normal  8.467224e-001  5.320350e-001  0.000000e+000
    outer loop
      vertex  3.883027e+001 -4.442508e+001  1.800000e+001
      vertex  3.918768e+001 -4.499389e+001 -1.000000e+000
      vertex  3.883027e+001 -4.442508e+001 -1.000000e+000
    endloop
  endfacet
  facet normal  7.071068e-001  7.071068e-001  -0.000000e+000
    outer loop
      vertex  3.883027e+001 -4.442508e+001  1.800000e+001
      vertex  3.883027e+001 -4.442508e+001 -1.000000e+000
      vertex  3.835524e+001 -4.395005e+001  1.800000e+001
    endloop
  endfacet
  facet normal  7.071068e-001  7.071068e-001  0.000000e+000
    outer loop
      vertex  3.835524e+001 -4.395005e+001  1.800000e+001
      vertex  3.883027e+001 -4.442508e+001 -1.000000e+000
      vertex  3.835524e+001 -4.395005e+001 -1.000000e+000
    endloop
  endfacet
  facet normal  5.320350e-001  8.467224e-001  -0.000000e+000
    outer loop
      vertex  3.835524e+001 -4.395005e+001  1.800000e+001
      vertex  3.835524e+001 -4.395005e+001 -1.000000e+000
      vertex  3.778643e+001 -4.359264e+001  1.800000e+001
    endloop
  endfacet
  facet normal  5.320350e-001  8.467224e-001  0.000000e+000
    outer loop
      vertex  3.778643e+001 -4.359264e+001  1.800000e+001
      vertex  3.835524e+001 -4.395005e+001 -1.000000e+000
      vertex  3.778643e+001 -4.359264e+001 -1.000000e+000
    endloop
  endfacet
  facet normal  3.302743e-001  9.438850e-001  -0.000000e+000
    outer loop
      vertex  3.778643e+001 -4.359264e+001  1.800000e+001
      vertex  3.778643e+001 -4.359264e+001 -1.000000e+000
      vertex  3.715234e+001 -4.337076e+001  1.800000e+001
    endloop
  endfacet
  facet normal  3.302743e-001  9.438850e-001  0.000000e+000
    outer loop
      vertex  3.715234e+001 -4.337076e+001  1.800000e+001
      vertex  3.778643e+001 -4.359264e+001 -1.000000e+000
      vertex  3.715234e+001 -4.337076e+001 -1.000000e+000
    endloop
  endfacet
  facet normal  1.119677e-001  9.937119e-001  -0.000000e+000
    outer loop
      vertex  3.715234e+001 -4.337076e+001  1.800000e+001
      vertex  3.715234e+001 -4.337076e+001 -1.000000e+000
      vertex  3.648478e+001 -4.329554e+001  1.800000e+001
    endloop
  endfacet
  facet normal  1.119677e-001  9.937119e-001  0.000000e+000
    outer loop
      vertex  3.648478e+001 -4.329554e+001  1.800000e+001
      vertex  3.715234e+001 -4.337076e+001 -1.000000e+000
      vertex  3.648478e+001 -4.329554e+001 -1.000000e+000
    endloop
  endfacet
  facet normal  0.000000e+000 -1.000000e+000  0.000000e+000
    outer loop
      vertex  3.528261e+001 -1.489154e+001  1.800000e+001
      vertex  3.528261e+001 -1.489154e+001 -1.000000e+000
      vertex  3.648478e+001 -1.489154e+001  1.800000e+001
    endloop
  endfacet
  facet normal  0.000000e+000 -1.000000e+000  -0.000000e+000
    outer loop
      vertex  3.648478e+001 -1.489154e+001  1.800000e+001
      vertex  3.528261e+001 -1.489154e+001 -1.000000e+000
      vertex  3.648478e+001 -1.489154e+001 -1.000000e+000
    endloop
  endfacet
  facet normal -9.999999e-001  -0.000000e+000  0.000000e+000
    outer loop
      vertex  3.348478e+001 -4.629554e+001  1.800000e+001
      vertex  3.348478e+001 -4.509354e+001  1.800000e+001
      vertex  3.348478e+001 -4.629554e+001 -1.000000e+000
    endloop
  endfacet
  facet normal -9.999999e-001  0.000000e+000  0.000000e+000
    outer loop
      vertex  3.348478e+001 -4.629554e+001 -1.000000e+000
      vertex  3.348478e+001 -4.509354e+001  1.800000e+001
      vertex  3.348478e+001 -4.509354e+001 -1.000000e+000
    endloop
  endfacet
  facet normal  0.000000e+000 -1.000000e+000  0.000000e+000
    outer loop
      vertex  3.348478e+001 -4.509354e+001  1.800000e+001
      vertex -4.491955e+001 -4.509354e+001  1.800000e+001
      vertex  3.348478e+001 -4.509354e+001 -1.000000e+000
    endloop
  endfacet
  facet normal  0.000000e+000 -1.000000e+000  0.000000e+000
    outer loop
      vertex  3.348478e+001 -4.509354e+001 -1.000000e+000
      vertex -4.491955e+001 -4.509354e+001  1.800000e+001
      vertex -4.491955e+001 -4.509354e+001 -1.000000e+000
    endloop
  endfacet
  facet normal  9.999999e-001  0.000000e+000  0.000000e+000
    outer loop
      vertex -4.491955e+001 -4.629554e+001  1.800000e+001
      vertex -4.491955e+001 -4.629554e+001 -1.000000e+000
      vertex -4.491955e+001 -4.509354e+001  1.800000e+001
    endloop
  endfacet
  facet normal  9.999999e-001  0.000000e+000  0.000000e+000
    outer loop
      vertex -4.491955e+001 -4.509354e+001  1.800000e+001
      vertex -4.491955e+001 -4.629554e+001 -1.000000e+000
      vertex -4.491955e+001 -4.509354e+001 -1.000000e+000
    endloop
  endfacet
  facet normal -1.119677e-001  9.937119e-001  0.000000e+000
    outer loop
      vertex -4.791955e+001 -4.329554e+001  1.800000e+001
      vertex -4.791955e+001 -4.329554e+001 -1.000000e+000
      vertex -4.858711e+001 -4.337076e+001  1.800000e+001
    endloop
  endfacet
  facet normal -1.119677e-001  9.937119e-001  0.000000e+000
    outer loop
      vertex -4.858711e+001 -4.337076e+001  1.800000e+001
      vertex -4.791955e+001 -4.329554e+001 -1.000000e+000
      vertex -4.858711e+001 -4.337076e+001 -1.000000e+000
    endloop
  endfacet
  facet normal -3.302743e-001  9.438850e-001  0.000000e+000
    outer loop
      vertex -4.858711e+001 -4.337076e+001  1.800000e+001
      vertex -4.858711e+001 -4.337076e+001 -1.000000e+000
      vertex -4.922120e+001 -4.359264e+001  1.800000e+001
    endloop
  endfacet
  facet normal -3.302743e-001  9.438850e-001  0.000000e+000
    outer loop
      vertex -4.922120e+001 -4.359264e+001  1.800000e+001
      vertex -4.858711e+001 -4.337076e+001 -1.000000e+000
      vertex -4.922120e+001 -4.359264e+001 -1.000000e+000
    endloop
  endfacet
  facet normal -5.320350e-001  8.467224e-001  0.000000e+000
    outer loop
      vertex -4.922120e+001 -4.359264e+001  1.800000e+001
      vertex -4.922120e+001 -4.359264e+001 -1.000000e+000
      vertex -4.979002e+001 -4.395005e+001  1.800000e+001
    endloop
  endfacet
  facet normal -5.320350e-001  8.467224e-001  0.000000e+000
    outer loop
      vertex -4.979002e+001 -4.395005e+001  1.800000e+001
      vertex -4.922120e+001 -4.359264e+001 -1.000000e+000
      vertex -4.979002e+001 -4.395005e+001 -1.000000e+000
    endloop
  endfacet
  facet normal -7.071068e-001  7.071068e-001  0.000000e+000
    outer loop
      vertex -4.979002e+001 -4.395005e+001  1.800000e+001
      vertex -4.979002e+001 -4.395005e+001 -1.000000e+000
      vertex -5.026505e+001 -4.442508e+001  1.800000e+001
    endloop
  endfacet
  facet normal -7.071068e-001  7.071068e-001  0.000000e+000
    outer loop
      vertex -5.026505e+001 -4.442508e+001  1.800000e+001
      vertex -4.979002e+001 -4.395005e+001 -1.000000e+000
      vertex -5.026505e+001 -4.442508e+001 -1.000000e+000
    endloop
  endfacet
  facet normal -8.467224e-001  5.320350e-001  0.000000e+000
    outer loop
      vertex -5.026505e+001 -4.442508e+001  1.800000e+001
      vertex -5.026505e+001 -4.442508e+001 -1.000000e+000
      vertex -5.062246e+001 -4.499389e+001  1.800000e+001
    endloop
  endfacet
  facet normal -8.467224e-001  5.320350e-001  0.000000e+000
    outer loop
      vertex -5.062246e+001 -4.499389e+001  1.800000e+001
      vertex -5.026505e+001 -4.442508e+001 -1.000000e+000
      vertex -5.062246e+001 -4.499389e+001 -1.000000e+000
    endloop
  endfacet
  facet normal -9.438850e-001  3.302743e-001  0.000000e+000
    outer loop
      vertex -5.062246e+001 -4.499389e+001  1.800000e+001
      vertex -5.062246e+001 -4.499389e+001 -1.000000e+000
      vertex -5.084433e+001 -4.562798e+001  1.800000e+001
    endloop
  endfacet
  facet normal -9.438850e-001  3.302743e-001  0.000000e+000
    outer loop
      vertex -5.084433e+001 -4.562798e+001  1.800000e+001
      vertex -5.062246e+001 -4.499389e+001 -1.000000e+000
      vertex -5.084433e+001 -4.562798e+001 -1.000000e+000
    endloop
  endfacet
  facet normal -9.937119e-001  1.119677e-001  0.000000e+000
    outer loop
      vertex -5.084433e+001 -4.562798e+001  1.800000e+001
      vertex -5.084433e+001 -4.562798e+001 -1.000000e+000
      vertex -5.091955e+001 -4.629554e+001  1.800000e+001
    endloop
  endfacet
  facet normal -9.937119e-001  1.119677e-001  0.000000e+000
    outer loop
      vertex -5.091955e+001 -4.629554e+001  1.800000e+001
      vertex -5.084433e+001 -4.562798e+001 -1.000000e+000
      vertex -5.091955e+001 -4.629554e+001 -1.000000e+000
    endloop
  endfacet
  facet normal -9.937119e-001 -1.119671e-001  0.000000e+000
    outer loop
      vertex -5.091955e+001 -4.629554e+001  1.800000e+001
      vertex -5.091955e+001 -4.629554e+001 -1.000000e+000
      vertex -5.084433e+001 -4.696311e+001  1.800000e+001
    endloop
  endfacet
  facet normal -9.937119e-001 -1.119671e-001  -0.000000e+000
    outer loop
      vertex -5.084433e+001 -4.696311e+001  1.800000e+001
      vertex -5.091955e+001 -4.629554e+001 -1.000000e+000
      vertex -5.084433e+001 -4.696311e+001 -1.000000e+000
    endloop
  endfacet
  facet normal -9.438844e-001 -3.302761e-001  0.000000e+000
    outer loop
      vertex -5.084433e+001 -4.696311e+001  1.800000e+001
      vertex -5.084433e+001 -4.696311e+001 -1.000000e+000
      vertex -5.062246e+001 -4.759719e+001  1.800000e+001
    endloop
  endfacet
  facet normal -9.438844e-001 -3.302761e-001  -0.000000e+000
    outer loop
      vertex -5.062246e+001 -4.759719e+001  1.800000e+001
      vertex -5.084433e+001 -4.696311e+001 -1.000000e+000
      vertex -5.062246e+001 -4.759719e+001 -1.000000e+000
    endloop
  endfacet
  facet normal -8.467224e-001 -5.320350e-001  0.000000e+000
    outer loop
      vertex -5.062246e+001 -4.759719e+001  1.800000e+001
      vertex -5.062246e+001 -4.759719e+001 -1.000000e+000
      vertex -5.026505e+001 -4.816601e+001  1.800000e+001
    endloop
  endfacet
  facet normal -8.467224e-001 -5.320350e-001  -0.000000e+000
    outer loop
      vertex -5.026505e+001 -4.816601e+001  1.800000e+001
      vertex -5.062246e+001 -4.759719e+001 -1.000000e+000
      vertex -5.026505e+001 -4.816601e+001 -1.000000e+000
    endloop
  endfacet
  facet normal -7.071068e-001 -7.071068e-001  0.000000e+000
    outer loop
      vertex -5.026505e+001 -4.816601e+001  1.800000e+001
      vertex -5.026505e+001 -4.816601e+001 -1.000000e+000
      vertex -4.979002e+001 -4.864104e+001  1.800000e+001
    endloop
  endfacet
  facet normal -7.071068e-001 -7.071068e-001  -0.000000e+000
    outer loop
      vertex -4.979002e+001 -4.864104e+001  1.800000e+001
      vertex -5.026505e+001 -4.816601e+001 -1.000000e+000
      vertex -4.979002e+001 -4.864104e+001 -1.000000e+000
    endloop
  endfacet
  facet normal -5.320350e-001 -8.467224e-001  0.000000e+000
    outer loop
      vertex -4.979002e+001 -4.864104e+001  1.800000e+001
      vertex -4.979002e+001 -4.864104e+001 -1.000000e+000
      vertex -4.922120e+001 -4.899845e+001  1.800000e+001
    endloop
  endfacet
  facet normal -5.320350e-001 -8.467224e-001  -0.000000e+000
    outer loop
      vertex -4.922120e+001 -4.899845e+001  1.800000e+001
      vertex -4.979002e+001 -4.864104e+001 -1.000000e+000
      vertex -4.922120e+001 -4.899845e+001 -1.000000e+000
    endloop
  endfacet
  facet normal -3.302794e-001 -9.438832e-001  0.000000e+000
    outer loop
      vertex -4.922120e+001 -4.899845e+001  1.800000e+001
      vertex -4.922120e+001 -4.899845e+001 -1.000000e+000
      vertex -4.858711e+001 -4.922033e+001  1.800000e+001
    endloop
  endfacet
  facet normal -3.302794e-001 -9.438832e-001  -0.000000e+000
    outer loop
      vertex -4.858711e+001 -4.922033e+001  1.800000e+001
      vertex -4.922120e+001 -4.899845e+001 -1.000000e+000
      vertex -4.858711e+001 -4.922033e+001 -1.000000e+000
    endloop
  endfacet
  facet normal -1.119621e-001 -9.937125e-001  0.000000e+000
    outer loop
      vertex -4.858711e+001 -4.922033e+001  1.800000e+001
      vertex -4.858711e+001 -4.922033e+001 -1.000000e+000
      vertex -4.791955e+001 -4.929554e+001  1.800000e+001
    endloop
  endfacet
  facet normal -1.119621e-001 -9.937125e-001  -0.000000e+000
    outer loop
      vertex -4.791955e+001 -4.929554e+001  1.800000e+001
      vertex -4.858711e+001 -4.922033e+001 -1.000000e+000
      vertex -4.791955e+001 -4.929554e+001 -1.000000e+000
    endloop
  endfacet
  facet normal  1.119615e-001 -9.937125e-001  0.000000e+000
    outer loop
      vertex -4.791955e+001 -4.929554e+001  1.800000e+001
      vertex -4.791955e+001 -4.929554e+001 -1.000000e+000
      vertex -4.725199e+001 -4.922033e+001  1.800000e+001
    endloop
  endfacet
  facet normal  1.119615e-001 -9.937125e-001  0.000000e+000
    outer loop
      vertex -4.725199e+001 -4.922033e+001  1.800000e+001
      vertex -4.791955e+001 -4.929554e+001 -1.000000e+000
      vertex -4.725199e+001 -4.922033e+001 -1.000000e+000
    endloop
  endfacet
  facet normal  3.302811e-001 -9.438826e-001  0.000000e+000
    outer loop
      vertex -4.725199e+001 -4.922033e+001  1.800000e+001
      vertex -4.725199e+001 -4.922033e+001 -1.000000e+000
      vertex -4.661790e+001 -4.899845e+001  1.800000e+001
    endloop
  endfacet
  facet normal  3.302811e-001 -9.438826e-001  0.000000e+000
    outer loop
      vertex -4.661790e+001 -4.899845e+001  1.800000e+001
      vertex -4.725199e+001 -4.922033e+001 -1.000000e+000
      vertex -4.661790e+001 -4.899845e+001 -1.000000e+000
    endloop
  endfacet
  facet normal  5.320324e-001 -8.467239e-001  0.000000e+000
    outer loop
      vertex -4.661790e+001 -4.899845e+001  1.800000e+001
      vertex -4.661790e+001 -4.899845e+001 -1.000000e+000
      vertex -4.604908e+001 -4.864104e+001  1.800000e+001
    endloop
  endfacet
  facet normal  5.320324e-001 -8.467239e-001  0.000000e+000
    outer loop
      vertex -4.604908e+001 -4.864104e+001  1.800000e+001
      vertex -4.661790e+001 -4.899845e+001 -1.000000e+000
      vertex -4.604908e+001 -4.864104e+001 -1.000000e+000
    endloop
  endfacet
  facet normal  7.071096e-001 -7.071040e-001  0.000000e+000
    outer loop
      vertex -4.604908e+001 -4.864104e+001  1.800000e+001
      vertex -4.604908e+001 -4.864104e+001 -1.000000e+000
      vertex -4.557406e+001 -4.816601e+001  1.800000e+001
    endloop
  endfacet
  facet normal  7.071096e-001 -7.071040e-001  0.000000e+000
    outer loop
      vertex -4.557406e+001 -4.816601e+001  1.800000e+001
      vertex -4.604908e+001 -4.864104e+001 -1.000000e+000
      vertex -4.557406e+001 -4.816601e+001 -1.000000e+000
    endloop
  endfacet
  facet normal  8.467224e-001 -5.320350e-001  0.000000e+000
    outer loop
      vertex -4.557406e+001 -4.816601e+001  1.800000e+001
      vertex -4.557406e+001 -4.816601e+001 -1.000000e+000
      vertex -4.521664e+001 -4.759719e+001  1.800000e+001
    endloop
  endfacet
  facet normal  8.467224e-001 -5.320350e-001  0.000000e+000
    outer loop
      vertex -4.521664e+001 -4.759719e+001  1.800000e+001
      vertex -4.557406e+001 -4.816601e+001 -1.000000e+000
      vertex -4.521664e+001 -4.759719e+001 -1.000000e+000
    endloop
  endfacet
  facet normal  9.438826e-001 -3.302811e-001  0.000000e+000
    outer loop
      vertex -4.521664e+001 -4.759719e+001  1.800000e+001
      vertex -4.521664e+001 -4.759719e+001 -1.000000e+000
      vertex -4.499477e+001 -4.696311e+001  1.800000e+001
    endloop
  endfacet
  facet normal  9.438826e-001 -3.302811e-001  0.000000e+000
    outer loop
      vertex -4.499477e+001 -4.696311e+001  1.800000e+001
      vertex -4.521664e+001 -4.759719e+001 -1.000000e+000
      vertex -4.499477e+001 -4.696311e+001 -1.000000e+000
    endloop
  endfacet
  facet normal  9.937125e-001 -1.119615e-001  0.000000e+000
    outer loop
      vertex -4.499477e+001 -4.696311e+001  1.800000e+001
      vertex -4.499477e+001 -4.696311e+001 -1.000000e+000
      vertex -4.491955e+001 -4.629554e+001  1.800000e+001
    endloop
  endfacet
  facet normal  9.937125e-001 -1.119615e-001  0.000000e+000
    outer loop
      vertex -4.491955e+001 -4.629554e+001  1.800000e+001
      vertex -4.499477e+001 -4.696311e+001 -1.000000e+000
      vertex -4.491955e+001 -4.629554e+001 -1.000000e+000
    endloop
  endfacet
  facet normal  0.000000e+000  1.000000e+000  -0.000000e+000
    outer loop
      vertex -4.671739e+001 -4.329554e+001  1.800000e+001
      vertex -4.671739e+001 -4.329554e+001 -1.000000e+000
      vertex -4.791955e+001 -4.329554e+001  1.800000e+001
    endloop
  endfacet
  facet normal  0.000000e+000  1.000000e+000  0.000000e+000
    outer loop
      vertex -4.791955e+001 -4.329554e+001  1.800000e+001
      vertex -4.671739e+001 -4.329554e+001 -1.000000e+000
      vertex -4.791955e+001 -4.329554e+001 -1.000000e+000
    endloop
  endfacet
  facet normal -1.000000e+000  0.000000e+000  0.000000e+000
    outer loop
      vertex -4.671739e+001 -1.489154e+001 -1.000000e+000
      vertex -4.671739e+001 -4.329554e+001 -1.000000e+000
      vertex -4.671739e+001 -3.294354e+001  1.200000e+001
    endloop
  endfacet
  facet normal -9.999999e-001  0.000000e+000  0.000000e+000
    outer loop
      vertex -4.671739e+001 -1.489154e+001 -1.000000e+000
      vertex -4.671739e+001 -3.294354e+001  1.200000e+001
      vertex -4.671739e+001 -2.524354e+001  1.200000e+001
    endloop
  endfacet
  facet normal -1.000000e+000  0.000000e+000  0.000000e+000
    outer loop
      vertex -4.671739e+001 -1.489154e+001 -1.000000e+000
      vertex -4.671739e+001 -2.524354e+001  1.200000e+001
      vertex -4.671739e+001 -2.486086e+001  1.207612e+001
    endloop
  endfacet
  facet normal -1.000000e+000  0.000000e+000  0.000000e+000
    outer loop
      vertex -4.671739e+001 -1.489154e+001 -1.000000e+000
      vertex -4.671739e+001 -2.486086e+001  1.207612e+001
      vertex -4.671739e+001 -2.453644e+001  1.229289e+001
    endloop
  endfacet
  facet normal -1.000000e+000  0.000000e+000  0.000000e+000
    outer loop
      vertex -4.671739e+001 -1.489154e+001 -1.000000e+000
      vertex -4.671739e+001 -2.453644e+001  1.229289e+001
      vertex -4.671739e+001 -2.431966e+001  1.261732e+001
    endloop
  endfacet
  facet normal -1.000000e+000  0.000000e+000  0.000000e+000
    outer loop
      vertex -4.671739e+001 -1.489154e+001 -1.000000e+000
      vertex -4.671739e+001 -2.431966e+001  1.261732e+001
      vertex -4.671739e+001 -2.424354e+001  1.300000e+001
    endloop
  endfacet
  facet normal -1.000000e+000  0.000000e+000  0.000000e+000
    outer loop
      vertex -4.671739e+001 -1.489154e+001 -1.000000e+000
      vertex -4.671739e+001 -2.424354e+001  1.300000e+001
      vertex -4.671739e+001 -2.424354e+001  1.570000e+001
    endloop
  endfacet
  facet normal -1.000000e+000  0.000000e+000  0.000000e+000
    outer loop
      vertex -4.671739e+001 -1.489154e+001 -1.000000e+000
      vertex -4.671739e+001 -2.424354e+001  1.570000e+001
      vertex -4.671739e+001 -2.431966e+001  1.608268e+001
    endloop
  endfacet
  facet normal -9.999999e-001  0.000000e+000  0.000000e+000
    outer loop
      vertex -4.671739e+001 -1.489154e+001  1.800000e+001
      vertex -4.671739e+001 -1.489154e+001 -1.000000e+000
      vertex -4.671739e+001 -2.431966e+001  1.608268e+001
    endloop
  endfacet
  facet normal -1.000000e+000  0.000000e+000  0.000000e+000
    outer loop
      vertex -4.671739e+001 -1.489154e+001  1.800000e+001
      vertex -4.671739e+001 -2.431966e+001  1.608268e+001
      vertex -4.671739e+001 -2.453644e+001  1.640711e+001
    endloop
  endfacet
  facet normal -1.000000e+000  0.000000e+000  0.000000e+000
    outer loop
      vertex -4.671739e+001 -1.489154e+001  1.800000e+001
      vertex -4.671739e+001 -2.453644e+001  1.640711e+001
      vertex -4.671739e+001 -2.486086e+001  1.662388e+001
    endloop
  endfacet
  facet normal -1.000000e+000  0.000000e+000  0.000000e+000
    outer loop
      vertex -4.671739e+001 -1.489154e+001  1.800000e+001
      vertex -4.671739e+001 -2.486086e+001  1.662388e+001
      vertex -4.671739e+001 -2.524354e+001  1.670000e+001
    endloop
  endfacet
  facet normal -1.000000e+000  0.000000e+000  0.000000e+000
    outer loop
      vertex -4.671739e+001 -1.489154e+001  1.800000e+001
      vertex -4.671739e+001 -2.524354e+001  1.670000e+001
      vertex -4.671739e+001 -3.294354e+001  1.670000e+001
    endloop
  endfacet
  facet normal -1.000000e+000  0.000000e+000  0.000000e+000
    outer loop
      vertex -4.671739e+001 -1.489154e+001  1.800000e+001
      vertex -4.671739e+001 -3.294354e+001  1.670000e+001
      vertex -4.671739e+001 -4.329554e+001  1.800000e+001
    endloop
  endfacet
  facet normal -1.000000e+000  0.000000e+000  0.000000e+000
    outer loop
      vertex -4.671739e+001 -4.329554e+001 -1.000000e+000
      vertex -4.671739e+001 -3.386742e+001  1.608268e+001
      vertex -4.671739e+001 -3.394354e+001  1.570000e+001
    endloop
  endfacet
  facet normal -1.000000e+000  0.000000e+000  -0.000000e+000
    outer loop
      vertex -4.671739e+001 -4.329554e+001 -1.000000e+000
      vertex -4.671739e+001 -3.394354e+001  1.570000e+001
      vertex -4.671739e+001 -3.394354e+001  1.300000e+001
    endloop
  endfacet
  facet normal -1.000000e+000  0.000000e+000  -0.000000e+000
    outer loop
      vertex -4.671739e+001 -4.329554e+001 -1.000000e+000
      vertex -4.671739e+001 -3.394354e+001  1.300000e+001
      vertex -4.671739e+001 -3.386742e+001  1.261732e+001
    endloop
  endfacet
  facet normal -1.000000e+000  0.000000e+000  -0.000000e+000
    outer loop
      vertex -4.671739e+001 -4.329554e+001 -1.000000e+000
      vertex -4.671739e+001 -3.386742e+001  1.261732e+001
      vertex -4.671739e+001 -3.365065e+001  1.229289e+001
    endloop
  endfacet
  facet normal -1.000000e+000  0.000000e+000  -0.000000e+000
    outer loop
      vertex -4.671739e+001 -4.329554e+001 -1.000000e+000
      vertex -4.671739e+001 -3.365065e+001  1.229289e+001
      vertex -4.671739e+001 -3.332623e+001  1.207612e+001
    endloop
  endfacet
  facet normal -1.000000e+000  0.000000e+000  -0.000000e+000
    outer loop
      vertex -4.671739e+001 -4.329554e+001 -1.000000e+000
      vertex -4.671739e+001 -3.332623e+001  1.207612e+001
      vertex -4.671739e+001 -3.294354e+001  1.200000e+001
    endloop
  endfacet
  facet normal -1.000000e+000  -0.000000e+000  0.000000e+000
    outer loop
      vertex -4.671739e+001 -4.329554e+001  1.800000e+001
      vertex -4.671739e+001 -3.294354e+001  1.670000e+001
      vertex -4.671739e+001 -3.332623e+001  1.662388e+001
    endloop
  endfacet
  facet normal -1.000000e+000  -0.000000e+000  0.000000e+000
    outer loop
      vertex -4.671739e+001 -4.329554e+001  1.800000e+001
      vertex -4.671739e+001 -3.332623e+001  1.662388e+001
      vertex -4.671739e+001 -3.365065e+001  1.640711e+001
    endloop
  endfacet
  facet normal -1.000000e+000  -0.000000e+000  0.000000e+000
    outer loop
      vertex -4.671739e+001 -4.329554e+001  1.800000e+001
      vertex -4.671739e+001 -3.365065e+001  1.640711e+001
      vertex -4.671739e+001 -3.386742e+001  1.608268e+001
    endloop
  endfacet
  facet normal -9.999999e-001  -0.000000e+000  0.000000e+000
    outer loop
      vertex -4.671739e+001 -4.329554e+001  1.800000e+001
      vertex -4.671739e+001 -3.386742e+001  1.608268e+001
      vertex -4.671739e+001 -4.329554e+001 -1.000000e+000
    endloop
  endfacet
  facet normal  0.000000e+000 -1.000000e+000  0.000000e+000
    outer loop
      vertex -4.791955e+001 -1.489154e+001  1.800000e+001
      vertex -4.791955e+001 -1.489154e+001 -1.000000e+000
      vertex -4.671739e+001 -1.489154e+001  1.800000e+001
    endloop
  endfacet
  facet normal  0.000000e+000 -1.000000e+000  -0.000000e+000
    outer loop
      vertex -4.671739e+001 -1.489154e+001  1.800000e+001
      vertex -4.791955e+001 -1.489154e+001 -1.000000e+000
      vertex -4.671739e+001 -1.489154e+001 -1.000000e+000
    endloop
  endfacet
  facet normal  9.937125e-001  1.119616e-001  -0.000000e+000
    outer loop
      vertex -4.491955e+001 -1.189154e+001  1.800000e+001
      vertex -4.491955e+001 -1.189154e+001 -1.000000e+000
      vertex -4.499477e+001 -1.122398e+001  1.800000e+001
    endloop
  endfacet
  facet normal  9.937125e-001  1.119616e-001  0.000000e+000
    outer loop
      vertex -4.499477e+001 -1.122398e+001  1.800000e+001
      vertex -4.491955e+001 -1.189154e+001 -1.000000e+000
      vertex -4.499477e+001 -1.122398e+001 -1.000000e+000
    endloop
  endfacet
  facet normal  9.438829e-001  3.302802e-001  -0.000000e+000
    outer loop
      vertex -4.499477e+001 -1.122398e+001  1.800000e+001
      vertex -4.499477e+001 -1.122398e+001 -1.000000e+000
      vertex -4.521664e+001 -1.058989e+001  1.800000e+001
    endloop
  endfacet
  facet normal  9.438829e-001  3.302802e-001  0.000000e+000
    outer loop
      vertex -4.521664e+001 -1.058989e+001  1.800000e+001
      vertex -4.499477e+001 -1.122398e+001 -1.000000e+000
      vertex -4.521664e+001 -1.058989e+001 -1.000000e+000
    endloop
  endfacet
  facet normal  8.467227e-001  5.320343e-001  -0.000000e+000
    outer loop
      vertex -4.521664e+001 -1.058989e+001  1.800000e+001
      vertex -4.521664e+001 -1.058989e+001 -1.000000e+000
      vertex -4.557406e+001 -1.002107e+001  1.800000e+001
    endloop
  endfacet
  facet normal  8.467227e-001  5.320343e-001  0.000000e+000
    outer loop
      vertex -4.557406e+001 -1.002107e+001  1.800000e+001
      vertex -4.521664e+001 -1.058989e+001 -1.000000e+000
      vertex -4.557406e+001 -1.002107e+001 -1.000000e+000
    endloop
  endfacet
  facet normal  7.071096e-001  7.071040e-001  -0.000000e+000
    outer loop
      vertex -4.557406e+001 -1.002107e+001  1.800000e+001
      vertex -4.557406e+001 -1.002107e+001 -1.000000e+000
      vertex -4.604908e+001 -9.546049e+000  1.800000e+001
    endloop
  endfacet
  facet normal  7.071096e-001  7.071040e-001  0.000000e+000
    outer loop
      vertex -4.604908e+001 -9.546049e+000  1.800000e+001
      vertex -4.557406e+001 -1.002107e+001 -1.000000e+000
      vertex -4.604908e+001 -9.546049e+000 -1.000000e+000
    endloop
  endfacet
  facet normal  5.320294e-001  8.467259e-001  -0.000000e+000
    outer loop
      vertex -4.604908e+001 -9.546049e+000  1.800000e+001
      vertex -4.604908e+001 -9.546049e+000 -1.000000e+000
      vertex -4.661790e+001 -9.188638e+000  1.800000e+001
    endloop
  endfacet
  facet normal  5.320294e-001  8.467259e-001  0.000000e+000
    outer loop
      vertex -4.661790e+001 -9.188638e+000  1.800000e+001
      vertex -4.604908e+001 -9.546049e+000 -1.000000e+000
      vertex -4.661790e+001 -9.188638e+000 -1.000000e+000
    endloop
  endfacet
  facet normal  3.302799e-001  9.438831e-001  -0.000000e+000
    outer loop
      vertex -4.661790e+001 -9.188638e+000  1.800000e+001
      vertex -4.661790e+001 -9.188638e+000 -1.000000e+000
      vertex -4.725199e+001 -8.966761e+000  1.800000e+001
    endloop
  endfacet
  facet normal  3.302799e-001  9.438831e-001  0.000000e+000
    outer loop
      vertex -4.725199e+001 -8.966761e+000  1.800000e+001
      vertex -4.661790e+001 -9.188638e+000 -1.000000e+000
      vertex -4.725199e+001 -8.966761e+000 -1.000000e+000
    endloop
  endfacet
  facet normal  1.119642e-001  9.937122e-001  -0.000000e+000
    outer loop
      vertex -4.725199e+001 -8.966761e+000  1.800000e+001
      vertex -4.725199e+001 -8.966761e+000 -1.000000e+000
      vertex -4.791955e+001 -8.891544e+000  1.800000e+001
    endloop
  endfacet
  facet normal  1.119642e-001  9.937122e-001  0.000000e+000
    outer loop
      vertex -4.791955e+001 -8.891544e+000  1.800000e+001
      vertex -4.725199e+001 -8.966761e+000 -1.000000e+000
      vertex -4.791955e+001 -8.891544e+000 -1.000000e+000
    endloop
  endfacet
  facet normal -1.119649e-001  9.937122e-001  0.000000e+000
    outer loop
      vertex -4.791955e+001 -8.891544e+000  1.800000e+001
      vertex -4.791955e+001 -8.891544e+000 -1.000000e+000
      vertex -4.858711e+001 -8.966761e+000  1.800000e+001
    endloop
  endfacet
  facet normal -1.119649e-001  9.937122e-001  0.000000e+000
    outer loop
      vertex -4.858711e+001 -8.966761e+000  1.800000e+001
      vertex -4.791955e+001 -8.891544e+000 -1.000000e+000
      vertex -4.858711e+001 -8.966761e+000 -1.000000e+000
    endloop
  endfacet
  facet normal -3.302781e-001  9.438836e-001  0.000000e+000
    outer loop
      vertex -4.858711e+001 -8.966761e+000  1.800000e+001
      vertex -4.858711e+001 -8.966761e+000 -1.000000e+000
      vertex -4.922120e+001 -9.188638e+000  1.800000e+001
    endloop
  endfacet
  facet normal -3.302781e-001  9.438836e-001  0.000000e+000
    outer loop
      vertex -4.922120e+001 -9.188638e+000  1.800000e+001
      vertex -4.858711e+001 -8.966761e+000 -1.000000e+000
      vertex -4.922120e+001 -9.188638e+000 -1.000000e+000
    endloop
  endfacet
  facet normal -5.320320e-001  8.467243e-001  0.000000e+000
    outer loop
      vertex -4.922120e+001 -9.188638e+000  1.800000e+001
      vertex -4.922120e+001 -9.188638e+000 -1.000000e+000
      vertex -4.979002e+001 -9.546049e+000  1.800000e+001
    endloop
  endfacet
  facet normal -5.320320e-001  8.467243e-001  0.000000e+000
    outer loop
      vertex -4.979002e+001 -9.546049e+000  1.800000e+001
      vertex -4.922120e+001 -9.188638e+000 -1.000000e+000
      vertex -4.979002e+001 -9.546049e+000 -1.000000e+000
    endloop
  endfacet
  facet normal -7.071068e-001  7.071068e-001  0.000000e+000
    outer loop
      vertex -4.979002e+001 -9.546049e+000  1.800000e+001
      vertex -4.979002e+001 -9.546049e+000 -1.000000e+000
      vertex -5.026505e+001 -1.002107e+001  1.800000e+001
    endloop
  endfacet
  facet normal -7.071068e-001  7.071068e-001  0.000000e+000
    outer loop
      vertex -5.026505e+001 -1.002107e+001  1.800000e+001
      vertex -4.979002e+001 -9.546049e+000 -1.000000e+000
      vertex -5.026505e+001 -1.002107e+001 -1.000000e+000
    endloop
  endfacet
  facet normal -8.467227e-001  5.320343e-001  0.000000e+000
    outer loop
      vertex -5.026505e+001 -1.002107e+001  1.800000e+001
      vertex -5.026505e+001 -1.002107e+001 -1.000000e+000
      vertex -5.062246e+001 -1.058989e+001  1.800000e+001
    endloop
  endfacet
  facet normal -8.467227e-001  5.320343e-001  0.000000e+000
    outer loop
      vertex -5.062246e+001 -1.058989e+001  1.800000e+001
      vertex -5.026505e+001 -1.002107e+001 -1.000000e+000
      vertex -5.062246e+001 -1.058989e+001 -1.000000e+000
    endloop
  endfacet
  facet normal -9.438847e-001  3.302752e-001  0.000000e+000
    outer loop
      vertex -5.062246e+001 -1.058989e+001  1.800000e+001
      vertex -5.062246e+001 -1.058989e+001 -1.000000e+000
      vertex -5.084433e+001 -1.122398e+001  1.800000e+001
    endloop
  endfacet
  facet normal -9.438847e-001  3.302752e-001  0.000000e+000
    outer loop
      vertex -5.084433e+001 -1.122398e+001  1.800000e+001
      vertex -5.062246e+001 -1.058989e+001 -1.000000e+000
      vertex -5.084433e+001 -1.122398e+001 -1.000000e+000
    endloop
  endfacet
  facet normal -9.937119e-001  1.119672e-001  0.000000e+000
    outer loop
      vertex -5.084433e+001 -1.122398e+001  1.800000e+001
      vertex -5.084433e+001 -1.122398e+001 -1.000000e+000
      vertex -5.091955e+001 -1.189154e+001  1.800000e+001
    endloop
  endfacet
  facet normal -9.937119e-001  1.119672e-001  0.000000e+000
    outer loop
      vertex -5.091955e+001 -1.189154e+001  1.800000e+001
      vertex -5.084433e+001 -1.122398e+001 -1.000000e+000
      vertex -5.091955e+001 -1.189154e+001 -1.000000e+000
    endloop
  endfacet
  facet normal -9.937119e-001 -1.119674e-001  0.000000e+000
    outer loop
      vertex -5.091955e+001 -1.189154e+001  1.800000e+001
      vertex -5.091955e+001 -1.189154e+001 -1.000000e+000
      vertex -5.084433e+001 -1.255911e+001  1.800000e+001
    endloop
  endfacet
  facet normal -9.937119e-001 -1.119674e-001  -0.000000e+000
    outer loop
      vertex -5.084433e+001 -1.255911e+001  1.800000e+001
      vertex -5.091955e+001 -1.189154e+001 -1.000000e+000
      vertex -5.084433e+001 -1.255911e+001 -1.000000e+000
    endloop
  endfacet
  facet normal -9.438847e-001 -3.302752e-001  0.000000e+000
    outer loop
      vertex -5.084433e+001 -1.255911e+001  1.800000e+001
      vertex -5.084433e+001 -1.255911e+001 -1.000000e+000
      vertex -5.062246e+001 -1.319320e+001  1.800000e+001
    endloop
  endfacet
  facet normal -9.438847e-001 -3.302752e-001  -0.000000e+000
    outer loop
      vertex -5.062246e+001 -1.319320e+001  1.800000e+001
      vertex -5.084433e+001 -1.255911e+001 -1.000000e+000
      vertex -5.062246e+001 -1.319320e+001 -1.000000e+000
    endloop
  endfacet
  facet normal -8.467227e-001 -5.320343e-001  0.000000e+000
    outer loop
      vertex -5.062246e+001 -1.319320e+001  1.800000e+001
      vertex -5.062246e+001 -1.319320e+001 -1.000000e+000
      vertex -5.026505e+001 -1.376201e+001  1.800000e+001
    endloop
  endfacet
  facet normal -8.467227e-001 -5.320343e-001  -0.000000e+000
    outer loop
      vertex -5.026505e+001 -1.376201e+001  1.800000e+001
      vertex -5.062246e+001 -1.319320e+001 -1.000000e+000
      vertex -5.026505e+001 -1.376201e+001 -1.000000e+000
    endloop
  endfacet
  facet normal -7.071068e-001 -7.071068e-001  0.000000e+000
    outer loop
      vertex -5.026505e+001 -1.376201e+001  1.800000e+001
      vertex -5.026505e+001 -1.376201e+001 -1.000000e+000
      vertex -4.979002e+001 -1.423704e+001  1.800000e+001
    endloop
  endfacet
  facet normal -7.071068e-001 -7.071068e-001  -0.000000e+000
    outer loop
      vertex -4.979002e+001 -1.423704e+001  1.800000e+001
      vertex -5.026505e+001 -1.376201e+001 -1.000000e+000
      vertex -4.979002e+001 -1.423704e+001 -1.000000e+000
    endloop
  endfacet
  facet normal -5.320330e-001 -8.467237e-001  0.000000e+000
    outer loop
      vertex -4.979002e+001 -1.423704e+001  1.800000e+001
      vertex -4.979002e+001 -1.423704e+001 -1.000000e+000
      vertex -4.922120e+001 -1.459445e+001  1.800000e+001
    endloop
  endfacet
  facet normal -5.320330e-001 -8.467237e-001  -0.000000e+000
    outer loop
      vertex -4.922120e+001 -1.459445e+001  1.800000e+001
      vertex -4.979002e+001 -1.423704e+001 -1.000000e+000
      vertex -4.922120e+001 -1.459445e+001 -1.000000e+000
    endloop
  endfacet
  facet normal -3.302781e-001 -9.438836e-001  0.000000e+000
    outer loop
      vertex -4.922120e+001 -1.459445e+001  1.800000e+001
      vertex -4.922120e+001 -1.459445e+001 -1.000000e+000
      vertex -4.858711e+001 -1.481633e+001  1.800000e+001
    endloop
  endfacet
  facet normal -3.302781e-001 -9.438836e-001  -0.000000e+000
    outer loop
      vertex -4.858711e+001 -1.481633e+001  1.800000e+001
      vertex -4.922120e+001 -1.459445e+001 -1.000000e+000
      vertex -4.858711e+001 -1.481633e+001 -1.000000e+000
    endloop
  endfacet
  facet normal -1.119649e-001 -9.937122e-001  0.000000e+000
    outer loop
      vertex -4.858711e+001 -1.481633e+001  1.800000e+001
      vertex -4.858711e+001 -1.481633e+001 -1.000000e+000
      vertex -4.791955e+001 -1.489154e+001  1.800000e+001
    endloop
  endfacet
  facet normal -1.119649e-001 -9.937122e-001  -0.000000e+000
    outer loop
      vertex -4.791955e+001 -1.489154e+001  1.800000e+001
      vertex -4.858711e+001 -1.481633e+001 -1.000000e+000
      vertex -4.791955e+001 -1.489154e+001 -1.000000e+000
    endloop
  endfacet
  facet normal  9.999999e-001  0.000000e+000  0.000000e+000
    outer loop
      vertex -4.491955e+001 -1.309354e+001  1.800000e+001
      vertex -4.491955e+001 -1.309354e+001 -1.000000e+000
      vertex -4.491955e+001 -1.189154e+001  1.800000e+001
    endloop
  endfacet
  facet normal  9.999999e-001  0.000000e+000  0.000000e+000
    outer loop
      vertex -4.491955e+001 -1.189154e+001  1.800000e+001
      vertex -4.491955e+001 -1.309354e+001 -1.000000e+000
      vertex -4.491955e+001 -1.189154e+001 -1.000000e+000
    endloop
  endfacet
  facet normal  0.000000e+000  1.000000e+000  0.000000e+000
    outer loop
      vertex -4.491955e+001 -1.309354e+001  1.800000e+001
      vertex  3.348478e+001 -1.309354e+001  1.800000e+001
      vertex -4.491955e+001 -1.309354e+001 -1.000000e+000
    endloop
  endfacet
  facet normal  0.000000e+000  1.000000e+000  0.000000e+000
    outer loop
      vertex -4.491955e+001 -1.309354e+001 -1.000000e+000
      vertex  3.348478e+001 -1.309354e+001  1.800000e+001
      vertex  3.348478e+001 -1.309354e+001 -1.000000e+000
    endloop
  endfacet
  facet normal -9.999999e-001  -0.000000e+000  0.000000e+000
    outer loop
      vertex  3.348478e+001 -1.309354e+001  1.800000e+001
      vertex  3.348478e+001 -1.189154e+001  1.800000e+001
      vertex  3.348478e+001 -1.309354e+001 -1.000000e+000
    endloop
  endfacet
  facet normal -9.999999e-001  0.000000e+000  0.000000e+000
    outer loop
      vertex  3.348478e+001 -1.309354e+001 -1.000000e+000
      vertex  3.348478e+001 -1.189154e+001  1.800000e+001
      vertex  3.348478e+001 -1.189154e+001 -1.000000e+000
    endloop
  endfacet
  facet normal  1.119649e-001 -9.937122e-001  0.000000e+000
    outer loop
      vertex  3.648478e+001 -1.489154e+001  1.800000e+001
      vertex  3.648478e+001 -1.489154e+001 -1.000000e+000
      vertex  3.715234e+001 -1.481633e+001  1.800000e+001
    endloop
  endfacet
  facet normal  1.119649e-001 -9.937122e-001  0.000000e+000
    outer loop
      vertex  3.715234e+001 -1.481633e+001  1.800000e+001
      vertex  3.648478e+001 -1.489154e+001 -1.000000e+000
      vertex  3.715234e+001 -1.481633e+001 -1.000000e+000
    endloop
  endfacet
  facet normal  3.302781e-001 -9.438836e-001  0.000000e+000
    outer loop
      vertex  3.715234e+001 -1.481633e+001  1.800000e+001
      vertex  3.715234e+001 -1.481633e+001 -1.000000e+000
      vertex  3.778643e+001 -1.459445e+001  1.800000e+001
    endloop
  endfacet
  facet normal  3.302781e-001 -9.438836e-001  0.000000e+000
    outer loop
      vertex  3.778643e+001 -1.459445e+001  1.800000e+001
      vertex  3.715234e+001 -1.481633e+001 -1.000000e+000
      vertex  3.778643e+001 -1.459445e+001 -1.000000e+000
    endloop
  endfacet
  facet normal  5.320330e-001 -8.467237e-001  0.000000e+000
    outer loop
      vertex  3.778643e+001 -1.459445e+001  1.800000e+001
      vertex  3.778643e+001 -1.459445e+001 -1.000000e+000
      vertex  3.835524e+001 -1.423704e+001  1.800000e+001
    endloop
  endfacet
  facet normal  5.320330e-001 -8.467237e-001  0.000000e+000
    outer loop
      vertex  3.835524e+001 -1.423704e+001  1.800000e+001
      vertex  3.778643e+001 -1.459445e+001 -1.000000e+000
      vertex  3.835524e+001 -1.423704e+001 -1.000000e+000
    endloop
  endfacet
  facet normal  7.071068e-001 -7.071068e-001  0.000000e+000
    outer loop
      vertex  3.835524e+001 -1.423704e+001  1.800000e+001
      vertex  3.835524e+001 -1.423704e+001 -1.000000e+000
      vertex  3.883027e+001 -1.376201e+001  1.800000e+001
    endloop
  endfacet
  facet normal  7.071068e-001 -7.071068e-001  0.000000e+000
    outer loop
      vertex  3.883027e+001 -1.376201e+001  1.800000e+001
      vertex  3.835524e+001 -1.423704e+001 -1.000000e+000
      vertex  3.883027e+001 -1.376201e+001 -1.000000e+000
    endloop
  endfacet
  facet normal  8.467227e-001 -5.320343e-001  0.000000e+000
    outer loop
      vertex  3.883027e+001 -1.376201e+001  1.800000e+001
      vertex  3.883027e+001 -1.376201e+001 -1.000000e+000
      vertex  3.918768e+001 -1.319320e+001  1.800000e+001
    endloop
  endfacet
  facet normal  8.467227e-001 -5.320343e-001  0.000000e+000
    outer loop
      vertex  3.918768e+001 -1.319320e+001  1.800000e+001
      vertex  3.883027e+001 -1.376201e+001 -1.000000e+000
      vertex  3.918768e+001 -1.319320e+001 -1.000000e+000
    endloop
  endfacet
  facet normal  9.438847e-001 -3.302752e-001  0.000000e+000
    outer loop
      vertex  3.918768e+001 -1.319320e+001  1.800000e+001
      vertex  3.918768e+001 -1.319320e+001 -1.000000e+000
      vertex  3.940956e+001 -1.255911e+001  1.800000e+001
    endloop
  endfacet
  facet normal  9.438847e-001 -3.302752e-001  0.000000e+000
    outer loop
      vertex  3.940956e+001 -1.255911e+001  1.800000e+001
      vertex  3.918768e+001 -1.319320e+001 -1.000000e+000
      vertex  3.940956e+001 -1.255911e+001 -1.000000e+000
    endloop
  endfacet
  facet normal  9.937119e-001 -1.119674e-001  0.000000e+000
    outer loop
      vertex  3.940956e+001 -1.255911e+001  1.800000e+001
      vertex  3.940956e+001 -1.255911e+001 -1.000000e+000
      vertex  3.948478e+001 -1.189154e+001  1.800000e+001
    endloop
  endfacet
  facet normal  9.937119e-001 -1.119674e-001  0.000000e+000
    outer loop
      vertex  3.948478e+001 -1.189154e+001  1.800000e+001
      vertex  3.940956e+001 -1.255911e+001 -1.000000e+000
      vertex  3.948478e+001 -1.189154e+001 -1.000000e+000
    endloop
  endfacet
  facet normal  9.937119e-001  1.119672e-001  -0.000000e+000
    outer loop
      vertex  3.948478e+001 -1.189154e+001  1.800000e+001
      vertex  3.948478e+001 -1.189154e+001 -1.000000e+000
      vertex  3.940956e+001 -1.122398e+001  1.800000e+001
    endloop
  endfacet
  facet normal  9.937119e-001  1.119672e-001  0.000000e+000
    outer loop
      vertex  3.940956e+001 -1.122398e+001  1.800000e+001
      vertex  3.948478e+001 -1.189154e+001 -1.000000e+000
      vertex  3.940956e+001 -1.122398e+001 -1.000000e+000
    endloop
  endfacet
  facet normal  9.438847e-001  3.302752e-001  -0.000000e+000
    outer loop
      vertex  3.940956e+001 -1.122398e+001  1.800000e+001
      vertex  3.940956e+001 -1.122398e+001 -1.000000e+000
      vertex  3.918768e+001 -1.058989e+001  1.800000e+001
    endloop
  endfacet
  facet normal  9.438847e-001  3.302752e-001  0.000000e+000
    outer loop
      vertex  3.918768e+001 -1.058989e+001  1.800000e+001
      vertex  3.940956e+001 -1.122398e+001 -1.000000e+000
      vertex  3.918768e+001 -1.058989e+001 -1.000000e+000
    endloop
  endfacet
  facet normal  8.467227e-001  5.320343e-001  -0.000000e+000
    outer loop
      vertex  3.918768e+001 -1.058989e+001  1.800000e+001
      vertex  3.918768e+001 -1.058989e+001 -1.000000e+000
      vertex  3.883027e+001 -1.002107e+001  1.800000e+001
    endloop
  endfacet
  facet normal  8.467227e-001  5.320343e-001  0.000000e+000
    outer loop
      vertex  3.883027e+001 -1.002107e+001  1.800000e+001
      vertex  3.918768e+001 -1.058989e+001 -1.000000e+000
      vertex  3.883027e+001 -1.002107e+001 -1.000000e+000
    endloop
  endfacet
  facet normal  7.071068e-001  7.071068e-001  -0.000000e+000
    outer loop
      vertex  3.883027e+001 -1.002107e+001  1.800000e+001
      vertex  3.883027e+001 -1.002107e+001 -1.000000e+000
      vertex  3.835524e+001 -9.546049e+000  1.800000e+001
    endloop
  endfacet
  facet normal  7.071068e-001  7.071068e-001  0.000000e+000
    outer loop
      vertex  3.835524e+001 -9.546049e+000  1.800000e+001
      vertex  3.883027e+001 -1.002107e+001 -1.000000e+000
      vertex  3.835524e+001 -9.546049e+000 -1.000000e+000
    endloop
  endfacet
  facet normal  5.320320e-001  8.467243e-001  -0.000000e+000
    outer loop
      vertex  3.835524e+001 -9.546049e+000  1.800000e+001
      vertex  3.835524e+001 -9.546049e+000 -1.000000e+000
      vertex  3.778643e+001 -9.188638e+000  1.800000e+001
    endloop
  endfacet
  facet normal  5.320320e-001  8.467243e-001  0.000000e+000
    outer loop
      vertex  3.778643e+001 -9.188638e+000  1.800000e+001
      vertex  3.835524e+001 -9.546049e+000 -1.000000e+000
      vertex  3.778643e+001 -9.188638e+000 -1.000000e+000
    endloop
  endfacet
  facet normal  3.302781e-001  9.438836e-001  -0.000000e+000
    outer loop
      vertex  3.778643e+001 -9.188638e+000  1.800000e+001
      vertex  3.778643e+001 -9.188638e+000 -1.000000e+000
      vertex  3.715234e+001 -8.966761e+000  1.800000e+001
    endloop
  endfacet
  facet normal  3.302781e-001  9.438836e-001  0.000000e+000
    outer loop
      vertex  3.715234e+001 -8.966761e+000  1.800000e+001
      vertex  3.778643e+001 -9.188638e+000 -1.000000e+000
      vertex  3.715234e+001 -8.966761e+000 -1.000000e+000
    endloop
  endfacet
  facet normal  1.119649e-001  9.937122e-001  -0.000000e+000
    outer loop
      vertex  3.715234e+001 -8.966761e+000  1.800000e+001
      vertex  3.715234e+001 -8.966761e+000 -1.000000e+000
      vertex  3.648478e+001 -8.891544e+000  1.800000e+001
    endloop
  endfacet
  facet normal  1.119649e-001  9.937122e-001  0.000000e+000
    outer loop
      vertex  3.648478e+001 -8.891544e+000  1.800000e+001
      vertex  3.715234e+001 -8.966761e+000 -1.000000e+000
      vertex  3.648478e+001 -8.891544e+000 -1.000000e+000
    endloop
  endfacet
  facet normal -1.119642e-001  9.937122e-001  0.000000e+000
    outer loop
      vertex  3.648478e+001 -8.891544e+000  1.800000e+001
      vertex  3.648478e+001 -8.891544e+000 -1.000000e+000
      vertex  3.581721e+001 -8.966761e+000  1.800000e+001
    endloop
  endfacet
  facet normal -1.119642e-001  9.937122e-001  0.000000e+000
    outer loop
      vertex  3.581721e+001 -8.966761e+000  1.800000e+001
      vertex  3.648478e+001 -8.891544e+000 -1.000000e+000
      vertex  3.581721e+001 -8.966761e+000 -1.000000e+000
    endloop
  endfacet
  facet normal -3.302799e-001  9.438831e-001  0.000000e+000
    outer loop
      vertex  3.581721e+001 -8.966761e+000  1.800000e+001
      vertex  3.581721e+001 -8.966761e+000 -1.000000e+000
      vertex  3.518312e+001 -9.188638e+000  1.800000e+001
    endloop
  endfacet
  facet normal -3.302799e-001  9.438831e-001  0.000000e+000
    outer loop
      vertex  3.518312e+001 -9.188638e+000  1.800000e+001
      vertex  3.581721e+001 -8.966761e+000 -1.000000e+000
      vertex  3.518312e+001 -9.188638e+000 -1.000000e+000
    endloop
  endfacet
  facet normal -5.320294e-001  8.467259e-001  0.000000e+000
    outer loop
      vertex  3.518312e+001 -9.188638e+000  1.800000e+001
      vertex  3.518312e+001 -9.188638e+000 -1.000000e+000
      vertex  3.461430e+001 -9.546049e+000  1.800000e+001
    endloop
  endfacet
  facet normal -5.320294e-001  8.467259e-001  0.000000e+000
    outer loop
      vertex  3.461430e+001 -9.546049e+000  1.800000e+001
      vertex  3.518312e+001 -9.188638e+000 -1.000000e+000
      vertex  3.461430e+001 -9.546049e+000 -1.000000e+000
    endloop
  endfacet
  facet normal -7.071096e-001  7.071040e-001  0.000000e+000
    outer loop
      vertex  3.461430e+001 -9.546049e+000  1.800000e+001
      vertex  3.461430e+001 -9.546049e+000 -1.000000e+000
      vertex  3.413928e+001 -1.002107e+001  1.800000e+001
    endloop
  endfacet
  facet normal -7.071096e-001  7.071040e-001  0.000000e+000
    outer loop
      vertex  3.413928e+001 -1.002107e+001  1.800000e+001
      vertex  3.461430e+001 -9.546049e+000 -1.000000e+000
      vertex  3.413928e+001 -1.002107e+001 -1.000000e+000
    endloop
  endfacet
  facet normal -8.467227e-001  5.320343e-001  0.000000e+000
    outer loop
      vertex  3.413928e+001 -1.002107e+001  1.800000e+001
      vertex  3.413928e+001 -1.002107e+001 -1.000000e+000
      vertex  3.378187e+001 -1.058989e+001  1.800000e+001
    endloop
  endfacet
  facet normal -8.467227e-001  5.320343e-001  0.000000e+000
    outer loop
      vertex  3.378187e+001 -1.058989e+001  1.800000e+001
      vertex  3.413928e+001 -1.002107e+001 -1.000000e+000
      vertex  3.378187e+001 -1.058989e+001 -1.000000e+000
    endloop
  endfacet
  facet normal -9.438829e-001  3.302802e-001  0.000000e+000
    outer loop
      vertex  3.378187e+001 -1.058989e+001  1.800000e+001
      vertex  3.378187e+001 -1.058989e+001 -1.000000e+000
      vertex  3.355999e+001 -1.122398e+001  1.800000e+001
    endloop
  endfacet
  facet normal -9.438829e-001  3.302802e-001  0.000000e+000
    outer loop
      vertex  3.355999e+001 -1.122398e+001  1.800000e+001
      vertex  3.378187e+001 -1.058989e+001 -1.000000e+000
      vertex  3.355999e+001 -1.122398e+001 -1.000000e+000
    endloop
  endfacet
  facet normal -9.937125e-001  1.119616e-001  0.000000e+000
    outer loop
      vertex  3.355999e+001 -1.122398e+001  1.800000e+001
      vertex  3.355999e+001 -1.122398e+001 -1.000000e+000
      vertex  3.348478e+001 -1.189154e+001  1.800000e+001
    endloop
  endfacet
  facet normal -9.937125e-001  1.119616e-001  0.000000e+000
    outer loop
      vertex  3.348478e+001 -1.189154e+001  1.800000e+001
      vertex  3.355999e+001 -1.122398e+001 -1.000000e+000
      vertex  3.348478e+001 -1.189154e+001 -1.000000e+000
    endloop
  endfacet
  facet normal  2.817339e-001  9.594926e-001  -0.000000e+000
    outer loop
      vertex -4.816149e+001 -4.797824e+001  1.800000e+001
      vertex -4.862576e+001 -4.784192e+001 -1.000000e+000
      vertex -4.862576e+001 -4.784192e+001  1.800000e+001
    endloop
  endfacet
  facet normal  5.406404e-001  8.412538e-001  0.000000e+000
    outer loop
      vertex -4.862576e+001 -4.784192e+001  1.800000e+001
      vertex -4.862576e+001 -4.784192e+001 -1.000000e+000
      vertex -4.903281e+001 -4.758032e+001 -1.000000e+000
    endloop
  endfacet
  facet normal  5.406404e-001  8.412538e-001  -0.000000e+000
    outer loop
      vertex -4.862576e+001 -4.784192e+001  1.800000e+001
      vertex -4.903281e+001 -4.758032e+001 -1.000000e+000
      vertex -4.903281e+001 -4.758032e+001  1.800000e+001
    endloop
  endfacet
  facet normal  7.557492e-001  6.548612e-001  0.000000e+000
    outer loop
      vertex -4.903281e+001 -4.758032e+001  1.800000e+001
      vertex -4.903281e+001 -4.758032e+001 -1.000000e+000
      vertex -4.934968e+001 -4.721463e+001 -1.000000e+000
    endloop
  endfacet
  facet normal  7.557492e-001  6.548612e-001  -0.000000e+000
    outer loop
      vertex -4.903281e+001 -4.758032e+001  1.800000e+001
      vertex -4.934968e+001 -4.721463e+001 -1.000000e+000
      vertex -4.934968e+001 -4.721463e+001  1.800000e+001
    endloop
  endfacet
  facet normal  9.096313e-001  4.154167e-001  0.000000e+000
    outer loop
      vertex -4.934968e+001 -4.721463e+001  1.800000e+001
      vertex -4.934968e+001 -4.721463e+001 -1.000000e+000
      vertex -4.955069e+001 -4.677449e+001 -1.000000e+000
    endloop
  endfacet
  facet normal  9.096313e-001  4.154167e-001  -0.000000e+000
    outer loop
      vertex -4.934968e+001 -4.721463e+001  1.800000e+001
      vertex -4.955069e+001 -4.677449e+001 -1.000000e+000
      vertex -4.955069e+001 -4.677449e+001  1.800000e+001
    endloop
  endfacet
  facet normal  9.898213e-001  1.423164e-001  0.000000e+000
    outer loop
      vertex -4.955069e+001 -4.677449e+001  1.800000e+001
      vertex -4.955069e+001 -4.677449e+001 -1.000000e+000
      vertex -4.961955e+001 -4.629554e+001 -1.000000e+000
    endloop
  endfacet
  facet normal  9.898213e-001  1.423164e-001  -0.000000e+000
    outer loop
      vertex -4.955069e+001 -4.677449e+001  1.800000e+001
      vertex -4.961955e+001 -4.629554e+001 -1.000000e+000
      vertex -4.961955e+001 -4.629554e+001  1.800000e+001
    endloop
  endfacet
  facet normal  2.817339e-001  9.594926e-001  0.000000e+000
    outer loop
      vertex -4.862576e+001 -4.784192e+001 -1.000000e+000
      vertex -4.816149e+001 -4.797824e+001  1.800000e+001
      vertex -4.816149e+001 -4.797824e+001 -1.000000e+000
    endloop
  endfacet
  facet normal  0.000000e+000  9.999999e-001  0.000000e+000
    outer loop
      vertex -4.816149e+001 -4.797824e+001 -1.000000e+000
      vertex -4.816149e+001 -4.797824e+001  1.800000e+001
      vertex -4.767762e+001 -4.797824e+001  1.800000e+001
    endloop
  endfacet
  facet normal  0.000000e+000  9.999999e-001  0.000000e+000
    outer loop
      vertex -4.816149e+001 -4.797824e+001 -1.000000e+000
      vertex -4.767762e+001 -4.797824e+001  1.800000e+001
      vertex -4.767762e+001 -4.797824e+001 -1.000000e+000
    endloop
  endfacet
  facet normal -2.817318e-001  9.594933e-001  0.000000e+000
    outer loop
      vertex -4.767762e+001 -4.797824e+001 -1.000000e+000
      vertex -4.767762e+001 -4.797824e+001  1.800000e+001
      vertex -4.721334e+001 -4.784192e+001  1.800000e+001
    endloop
  endfacet
  facet normal -2.817318e-001  9.594933e-001  0.000000e+000
    outer loop
      vertex -4.767762e+001 -4.797824e+001 -1.000000e+000
      vertex -4.721334e+001 -4.784192e+001  1.800000e+001
      vertex -4.721334e+001 -4.784192e+001 -1.000000e+000
    endloop
  endfacet
  facet normal -5.406440e-001  8.412514e-001  0.000000e+000
    outer loop
      vertex -4.721334e+001 -4.784192e+001 -1.000000e+000
      vertex -4.721334e+001 -4.784192e+001  1.800000e+001
      vertex -4.680629e+001 -4.758032e+001  1.800000e+001
    endloop
  endfacet
  facet normal -5.406440e-001  8.412514e-001  0.000000e+000
    outer loop
      vertex -4.721334e+001 -4.784192e+001 -1.000000e+000
      vertex -4.680629e+001 -4.758032e+001  1.800000e+001
      vertex -4.680629e+001 -4.758032e+001 -1.000000e+000
    endloop
  endfacet
  facet normal -7.557492e-001  6.548612e-001  0.000000e+000
    outer loop
      vertex -4.680629e+001 -4.758032e+001 -1.000000e+000
      vertex -4.680629e+001 -4.758032e+001  1.800000e+001
      vertex -4.648942e+001 -4.721463e+001  1.800000e+001
    endloop
  endfacet
  facet normal -7.557492e-001  6.548612e-001  0.000000e+000
    outer loop
      vertex -4.680629e+001 -4.758032e+001 -1.000000e+000
      vertex -4.648942e+001 -4.721463e+001  1.800000e+001
      vertex -4.648942e+001 -4.721463e+001 -1.000000e+000
    endloop
  endfacet
  facet normal -9.096313e-001  4.154167e-001  0.000000e+000
    outer loop
      vertex -4.648942e+001 -4.721463e+001 -1.000000e+000
      vertex -4.648942e+001 -4.721463e+001  1.800000e+001
      vertex -4.628841e+001 -4.677449e+001  1.800000e+001
    endloop
  endfacet
  facet normal -9.096313e-001  4.154167e-001  0.000000e+000
    outer loop
      vertex -4.648942e+001 -4.721463e+001 -1.000000e+000
      vertex -4.628841e+001 -4.677449e+001  1.800000e+001
      vertex -4.628841e+001 -4.677449e+001 -1.000000e+000
    endloop
  endfacet
  facet normal -9.898213e-001  1.423164e-001  0.000000e+000
    outer loop
      vertex -4.628841e+001 -4.677449e+001 -1.000000e+000
      vertex -4.628841e+001 -4.677449e+001  1.800000e+001
      vertex -4.621955e+001 -4.629554e+001  1.800000e+001
    endloop
  endfacet
  facet normal -9.898213e-001  1.423164e-001  0.000000e+000
    outer loop
      vertex -4.628841e+001 -4.677449e+001 -1.000000e+000
      vertex -4.621955e+001 -4.629554e+001  1.800000e+001
      vertex -4.621955e+001 -4.629554e+001 -1.000000e+000
    endloop
  endfacet
  facet normal -2.817318e-001 -9.594933e-001  0.000000e+000
    outer loop
      vertex -4.767762e+001 -4.461285e+001  1.800000e+001
      vertex -4.721334e+001 -4.474917e+001 -1.000000e+000
      vertex -4.721334e+001 -4.474917e+001  1.800000e+001
    endloop
  endfacet
  facet normal -5.406440e-001 -8.412514e-001  -0.000000e+000
    outer loop
      vertex -4.721334e+001 -4.474917e+001  1.800000e+001
      vertex -4.721334e+001 -4.474917e+001 -1.000000e+000
      vertex -4.680629e+001 -4.501077e+001 -1.000000e+000
    endloop
  endfacet
  facet normal -5.406440e-001 -8.412514e-001  0.000000e+000
    outer loop
      vertex -4.721334e+001 -4.474917e+001  1.800000e+001
      vertex -4.680629e+001 -4.501077e+001 -1.000000e+000
      vertex -4.680629e+001 -4.501077e+001  1.800000e+001
    endloop
  endfacet
  facet normal -7.557492e-001 -6.548612e-001  -0.000000e+000
    outer loop
      vertex -4.680629e+001 -4.501077e+001  1.800000e+001
      vertex -4.680629e+001 -4.501077e+001 -1.000000e+000
      vertex -4.648942e+001 -4.537645e+001 -1.000000e+000
    endloop
  endfacet
  facet normal -7.557492e-001 -6.548612e-001  0.000000e+000
    outer loop
      vertex -4.680629e+001 -4.501077e+001  1.800000e+001
      vertex -4.648942e+001 -4.537645e+001 -1.000000e+000
      vertex -4.648942e+001 -4.537645e+001  1.800000e+001
    endloop
  endfacet
  facet normal -9.096313e-001 -4.154167e-001  -0.000000e+000
    outer loop
      vertex -4.648942e+001 -4.537645e+001  1.800000e+001
      vertex -4.648942e+001 -4.537645e+001 -1.000000e+000
      vertex -4.628841e+001 -4.581660e+001 -1.000000e+000
    endloop
  endfacet
  facet normal -9.096313e-001 -4.154167e-001  0.000000e+000
    outer loop
      vertex -4.648942e+001 -4.537645e+001  1.800000e+001
      vertex -4.628841e+001 -4.581660e+001 -1.000000e+000
      vertex -4.628841e+001 -4.581660e+001  1.800000e+001
    endloop
  endfacet
  facet normal -9.898213e-001 -1.423164e-001  -0.000000e+000
    outer loop
      vertex -4.628841e+001 -4.581660e+001  1.800000e+001
      vertex -4.628841e+001 -4.581660e+001 -1.000000e+000
      vertex -4.621955e+001 -4.629554e+001 -1.000000e+000
    endloop
  endfacet
  facet normal -9.898213e-001 -1.423164e-001  0.000000e+000
    outer loop
      vertex -4.628841e+001 -4.581660e+001  1.800000e+001
      vertex -4.621955e+001 -4.629554e+001 -1.000000e+000
      vertex -4.621955e+001 -4.629554e+001  1.800000e+001
    endloop
  endfacet
  facet normal -2.817318e-001 -9.594933e-001  -0.000000e+000
    outer loop
      vertex -4.721334e+001 -4.474917e+001 -1.000000e+000
      vertex -4.767762e+001 -4.461285e+001  1.800000e+001
      vertex -4.767762e+001 -4.461285e+001 -1.000000e+000
    endloop
  endfacet
  facet normal  0.000000e+000 -9.999999e-001  0.000000e+000
    outer loop
      vertex -4.767762e+001 -4.461285e+001 -1.000000e+000
      vertex -4.767762e+001 -4.461285e+001  1.800000e+001
      vertex -4.816149e+001 -4.461285e+001  1.800000e+001
    endloop
  endfacet
  facet normal  0.000000e+000 -9.999999e-001  0.000000e+000
    outer loop
      vertex -4.767762e+001 -4.461285e+001 -1.000000e+000
      vertex -4.816149e+001 -4.461285e+001  1.800000e+001
      vertex -4.816149e+001 -4.461285e+001 -1.000000e+000
    endloop
  endfacet
  facet normal  2.817339e-001 -9.594926e-001  0.000000e+000
    outer loop
      vertex -4.816149e+001 -4.461285e+001 -1.000000e+000
      vertex -4.816149e+001 -4.461285e+001  1.800000e+001
      vertex -4.862576e+001 -4.474917e+001  1.800000e+001
    endloop
  endfacet
  facet normal  2.817339e-001 -9.594926e-001  0.000000e+000
    outer loop
      vertex -4.816149e+001 -4.461285e+001 -1.000000e+000
      vertex -4.862576e+001 -4.474917e+001  1.800000e+001
      vertex -4.862576e+001 -4.474917e+001 -1.000000e+000
    endloop
  endfacet
  facet normal  5.406404e-001 -8.412538e-001  0.000000e+000
    outer loop
      vertex -4.862576e+001 -4.474917e+001 -1.000000e+000
      vertex -4.862576e+001 -4.474917e+001  1.800000e+001
      vertex -4.903281e+001 -4.501077e+001  1.800000e+001
    endloop
  endfacet
  facet normal  5.406404e-001 -8.412538e-001  0.000000e+000
    outer loop
      vertex -4.862576e+001 -4.474917e+001 -1.000000e+000
      vertex -4.903281e+001 -4.501077e+001  1.800000e+001
      vertex -4.903281e+001 -4.501077e+001 -1.000000e+000
    endloop
  endfacet
  facet normal  7.557492e-001 -6.548612e-001  0.000000e+000
    outer loop
      vertex -4.903281e+001 -4.501077e+001 -1.000000e+000
      vertex -4.903281e+001 -4.501077e+001  1.800000e+001
      vertex -4.934968e+001 -4.537645e+001  1.800000e+001
    endloop
  endfacet
  facet normal  7.557492e-001 -6.548612e-001  0.000000e+000
    outer loop
      vertex -4.903281e+001 -4.501077e+001 -1.000000e+000
      vertex -4.934968e+001 -4.537645e+001  1.800000e+001
      vertex -4.934968e+001 -4.537645e+001 -1.000000e+000
    endloop
  endfacet
  facet normal  9.096313e-001 -4.154167e-001  0.000000e+000
    outer loop
      vertex -4.934968e+001 -4.537645e+001 -1.000000e+000
      vertex -4.934968e+001 -4.537645e+001  1.800000e+001
      vertex -4.955069e+001 -4.581660e+001  1.800000e+001
    endloop
  endfacet
  facet normal  9.096313e-001 -4.154167e-001  0.000000e+000
    outer loop
      vertex -4.934968e+001 -4.537645e+001 -1.000000e+000
      vertex -4.955069e+001 -4.581660e+001  1.800000e+001
      vertex -4.955069e+001 -4.581660e+001 -1.000000e+000
    endloop
  endfacet
  facet normal  9.898213e-001 -1.423164e-001  0.000000e+000
    outer loop
      vertex -4.955069e+001 -4.581660e+001 -1.000000e+000
      vertex -4.955069e+001 -4.581660e+001  1.800000e+001
      vertex -4.961955e+001 -4.629554e+001  1.800000e+001
    endloop
  endfacet
  facet normal  9.898213e-001 -1.423164e-001  0.000000e+000
    outer loop
      vertex -4.955069e+001 -4.581660e+001 -1.000000e+000
      vertex -4.961955e+001 -4.629554e+001  1.800000e+001
      vertex -4.961955e+001 -4.629554e+001 -1.000000e+000
    endloop
  endfacet
  facet normal  2.817318e-001  9.594933e-001  -0.000000e+000
    outer loop
      vertex  3.624284e+001 -1.357424e+001  1.800000e+001
      vertex  3.577857e+001 -1.343792e+001 -1.000000e+000
      vertex  3.577857e+001 -1.343792e+001  1.800000e+001
    endloop
  endfacet
  facet normal  5.406440e-001  8.412514e-001  0.000000e+000
    outer loop
      vertex  3.577857e+001 -1.343792e+001  1.800000e+001
      vertex  3.577857e+001 -1.343792e+001 -1.000000e+000
      vertex  3.537151e+001 -1.317632e+001 -1.000000e+000
    endloop
  endfacet
  facet normal  5.406440e-001  8.412514e-001  -0.000000e+000
    outer loop
      vertex  3.577857e+001 -1.343792e+001  1.800000e+001
      vertex  3.537151e+001 -1.317632e+001 -1.000000e+000
      vertex  3.537151e+001 -1.317632e+001  1.800000e+001
    endloop
  endfacet
  facet normal  7.557492e-001  6.548612e-001  0.000000e+000
    outer loop
      vertex  3.537151e+001 -1.317632e+001  1.800000e+001
      vertex  3.537151e+001 -1.317632e+001 -1.000000e+000
      vertex  3.505465e+001 -1.281063e+001 -1.000000e+000
    endloop
  endfacet
  facet normal  7.557492e-001  6.548612e-001  -0.000000e+000
    outer loop
      vertex  3.537151e+001 -1.317632e+001  1.800000e+001
      vertex  3.505465e+001 -1.281063e+001 -1.000000e+000
      vertex  3.505465e+001 -1.281063e+001  1.800000e+001
    endloop
  endfacet
  facet normal  9.096316e-001  4.154160e-001  0.000000e+000
    outer loop
      vertex  3.505465e+001 -1.281063e+001  1.800000e+001
      vertex  3.505465e+001 -1.281063e+001 -1.000000e+000
      vertex  3.485364e+001 -1.237049e+001 -1.000000e+000
    endloop
  endfacet
  facet normal  9.096316e-001  4.154160e-001  -0.000000e+000
    outer loop
      vertex  3.505465e+001 -1.281063e+001  1.800000e+001
      vertex  3.485364e+001 -1.237049e+001 -1.000000e+000
      vertex  3.485364e+001 -1.237049e+001  1.800000e+001
    endloop
  endfacet
  facet normal  9.898211e-001  1.423170e-001  0.000000e+000
    outer loop
      vertex  3.485364e+001 -1.237049e+001  1.800000e+001
      vertex  3.485364e+001 -1.237049e+001 -1.000000e+000
      vertex  3.478477e+001 -1.189154e+001 -1.000000e+000
    endloop
  endfacet
  facet normal  9.898211e-001  1.423170e-001  -0.000000e+000
    outer loop
      vertex  3.485364e+001 -1.237049e+001  1.800000e+001
      vertex  3.478477e+001 -1.189154e+001 -1.000000e+000
      vertex  3.478477e+001 -1.189154e+001  1.800000e+001
    endloop
  endfacet
  facet normal  2.817318e-001  9.594933e-001  0.000000e+000
    outer loop
      vertex  3.577857e+001 -1.343792e+001 -1.000000e+000
      vertex  3.624284e+001 -1.357424e+001  1.800000e+001
      vertex  3.624284e+001 -1.357424e+001 -1.000000e+000
    endloop
  endfacet
  facet normal  0.000000e+000  9.999999e-001  0.000000e+000
    outer loop
      vertex  3.624284e+001 -1.357424e+001 -1.000000e+000
      vertex  3.624284e+001 -1.357424e+001  1.800000e+001
      vertex  3.672671e+001 -1.357424e+001  1.800000e+001
    endloop
  endfacet
  facet normal  0.000000e+000  9.999999e-001  0.000000e+000
    outer loop
      vertex  3.624284e+001 -1.357424e+001 -1.000000e+000
      vertex  3.672671e+001 -1.357424e+001  1.800000e+001
      vertex  3.672671e+001 -1.357424e+001 -1.000000e+000
    endloop
  endfacet
  facet normal -2.817339e-001  9.594926e-001  0.000000e+000
    outer loop
      vertex  3.672671e+001 -1.357424e+001 -1.000000e+000
      vertex  3.672671e+001 -1.357424e+001  1.800000e+001
      vertex  3.719098e+001 -1.343792e+001  1.800000e+001
    endloop
  endfacet
  facet normal -2.817339e-001  9.594926e-001  0.000000e+000
    outer loop
      vertex  3.672671e+001 -1.357424e+001 -1.000000e+000
      vertex  3.719098e+001 -1.343792e+001  1.800000e+001
      vertex  3.719098e+001 -1.343792e+001 -1.000000e+000
    endloop
  endfacet
  facet normal -5.406404e-001  8.412538e-001  0.000000e+000
    outer loop
      vertex  3.719098e+001 -1.343792e+001 -1.000000e+000
      vertex  3.719098e+001 -1.343792e+001  1.800000e+001
      vertex  3.759804e+001 -1.317632e+001  1.800000e+001
    endloop
  endfacet
  facet normal -5.406404e-001  8.412538e-001  0.000000e+000
    outer loop
      vertex  3.719098e+001 -1.343792e+001 -1.000000e+000
      vertex  3.759804e+001 -1.317632e+001  1.800000e+001
      vertex  3.759804e+001 -1.317632e+001 -1.000000e+000
    endloop
  endfacet
  facet normal -7.557492e-001  6.548612e-001  0.000000e+000
    outer loop
      vertex  3.759804e+001 -1.317632e+001 -1.000000e+000
      vertex  3.759804e+001 -1.317632e+001  1.800000e+001
      vertex  3.791491e+001 -1.281063e+001  1.800000e+001
    endloop
  endfacet
  facet normal -7.557492e-001  6.548612e-001  0.000000e+000
    outer loop
      vertex  3.759804e+001 -1.317632e+001 -1.000000e+000
      vertex  3.791491e+001 -1.281063e+001  1.800000e+001
      vertex  3.791491e+001 -1.281063e+001 -1.000000e+000
    endloop
  endfacet
  facet normal -9.096316e-001  4.154160e-001  0.000000e+000
    outer loop
      vertex  3.791491e+001 -1.281063e+001 -1.000000e+000
      vertex  3.791491e+001 -1.281063e+001  1.800000e+001
      vertex  3.811591e+001 -1.237049e+001  1.800000e+001
    endloop
  endfacet
  facet normal -9.096316e-001  4.154160e-001  0.000000e+000
    outer loop
      vertex  3.791491e+001 -1.281063e+001 -1.000000e+000
      vertex  3.811591e+001 -1.237049e+001  1.800000e+001
      vertex  3.811591e+001 -1.237049e+001 -1.000000e+000
    endloop
  endfacet
  facet normal -9.898211e-001  1.423170e-001  0.000000e+000
    outer loop
      vertex  3.811591e+001 -1.237049e+001 -1.000000e+000
      vertex  3.811591e+001 -1.237049e+001  1.800000e+001
      vertex  3.818478e+001 -1.189154e+001  1.800000e+001
    endloop
  endfacet
  facet normal -9.898211e-001  1.423170e-001  0.000000e+000
    outer loop
      vertex  3.811591e+001 -1.237049e+001 -1.000000e+000
      vertex  3.818478e+001 -1.189154e+001  1.800000e+001
      vertex  3.818478e+001 -1.189154e+001 -1.000000e+000
    endloop
  endfacet
  facet normal -2.817339e-001 -9.594926e-001  0.000000e+000
    outer loop
      vertex  3.672671e+001 -1.020885e+001  1.800000e+001
      vertex  3.719098e+001 -1.034517e+001 -1.000000e+000
      vertex  3.719098e+001 -1.034517e+001  1.800000e+001
    endloop
  endfacet
  facet normal -5.406391e-001 -8.412547e-001  -0.000000e+000
    outer loop
      vertex  3.719098e+001 -1.034517e+001  1.800000e+001
      vertex  3.719098e+001 -1.034517e+001 -1.000000e+000
      vertex  3.759804e+001 -1.060677e+001 -1.000000e+000
    endloop
  endfacet
  facet normal -5.406391e-001 -8.412547e-001  0.000000e+000
    outer loop
      vertex  3.719098e+001 -1.034517e+001  1.800000e+001
      vertex  3.759804e+001 -1.060677e+001 -1.000000e+000
      vertex  3.759804e+001 -1.060677e+001  1.800000e+001
    endloop
  endfacet
  facet normal -7.557501e-001 -6.548603e-001  -0.000000e+000
    outer loop
      vertex  3.759804e+001 -1.060677e+001  1.800000e+001
      vertex  3.759804e+001 -1.060677e+001 -1.000000e+000
      vertex  3.791491e+001 -1.097246e+001 -1.000000e+000
    endloop
  endfacet
  facet normal -7.557501e-001 -6.548603e-001  0.000000e+000
    outer loop
      vertex  3.759804e+001 -1.060677e+001  1.800000e+001
      vertex  3.791491e+001 -1.097246e+001 -1.000000e+000
      vertex  3.791491e+001 -1.097246e+001  1.800000e+001
    endloop
  endfacet
  facet normal -9.096313e-001 -4.154167e-001  -0.000000e+000
    outer loop
      vertex  3.791491e+001 -1.097246e+001  1.800000e+001
      vertex  3.791491e+001 -1.097246e+001 -1.000000e+000
      vertex  3.811591e+001 -1.141260e+001 -1.000000e+000
    endloop
  endfacet
  facet normal -9.096313e-001 -4.154167e-001  0.000000e+000
    outer loop
      vertex  3.791491e+001 -1.097246e+001  1.800000e+001
      vertex  3.811591e+001 -1.141260e+001 -1.000000e+000
      vertex  3.811591e+001 -1.141260e+001  1.800000e+001
    endloop
  endfacet
  facet normal -9.898213e-001 -1.423167e-001  -0.000000e+000
    outer loop
      vertex  3.811591e+001 -1.141260e+001  1.800000e+001
      vertex  3.811591e+001 -1.141260e+001 -1.000000e+000
      vertex  3.818478e+001 -1.189154e+001 -1.000000e+000
    endloop
  endfacet
  facet normal -9.898213e-001 -1.423167e-001  0.000000e+000
    outer loop
      vertex  3.811591e+001 -1.141260e+001  1.800000e+001
      vertex  3.818478e+001 -1.189154e+001 -1.000000e+000
      vertex  3.818478e+001 -1.189154e+001  1.800000e+001
    endloop
  endfacet
  facet normal -2.817339e-001 -9.594926e-001  -0.000000e+000
    outer loop
      vertex  3.719098e+001 -1.034517e+001 -1.000000e+000
      vertex  3.672671e+001 -1.020885e+001  1.800000e+001
      vertex  3.672671e+001 -1.020885e+001 -1.000000e+000
    endloop
  endfacet
  facet normal  0.000000e+000 -9.999999e-001  0.000000e+000
    outer loop
      vertex  3.672671e+001 -1.020885e+001 -1.000000e+000
      vertex  3.672671e+001 -1.020885e+001  1.800000e+001
      vertex  3.624284e+001 -1.020885e+001  1.800000e+001
    endloop
  endfacet
  facet normal  0.000000e+000 -9.999999e-001  0.000000e+000
    outer loop
      vertex  3.672671e+001 -1.020885e+001 -1.000000e+000
      vertex  3.624284e+001 -1.020885e+001  1.800000e+001
      vertex  3.624284e+001 -1.020885e+001 -1.000000e+000
    endloop
  endfacet
  facet normal  2.817318e-001 -9.594933e-001  0.000000e+000
    outer loop
      vertex  3.624284e+001 -1.020885e+001 -1.000000e+000
      vertex  3.624284e+001 -1.020885e+001  1.800000e+001
      vertex  3.577857e+001 -1.034517e+001  1.800000e+001
    endloop
  endfacet
  facet normal  2.817318e-001 -9.594933e-001  0.000000e+000
    outer loop
      vertex  3.624284e+001 -1.020885e+001 -1.000000e+000
      vertex  3.577857e+001 -1.034517e+001  1.800000e+001
      vertex  3.577857e+001 -1.034517e+001 -1.000000e+000
    endloop
  endfacet
  facet normal  5.406427e-001 -8.412524e-001  0.000000e+000
    outer loop
      vertex  3.577857e+001 -1.034517e+001 -1.000000e+000
      vertex  3.577857e+001 -1.034517e+001  1.800000e+001
      vertex  3.537151e+001 -1.060677e+001  1.800000e+001
    endloop
  endfacet
  facet normal  5.406427e-001 -8.412524e-001  0.000000e+000
    outer loop
      vertex  3.577857e+001 -1.034517e+001 -1.000000e+000
      vertex  3.537151e+001 -1.060677e+001  1.800000e+001
      vertex  3.537151e+001 -1.060677e+001 -1.000000e+000
    endloop
  endfacet
  facet normal  7.557501e-001 -6.548603e-001  0.000000e+000
    outer loop
      vertex  3.537151e+001 -1.060677e+001 -1.000000e+000
      vertex  3.537151e+001 -1.060677e+001  1.800000e+001
      vertex  3.505465e+001 -1.097246e+001  1.800000e+001
    endloop
  endfacet
  facet normal  7.557501e-001 -6.548603e-001  0.000000e+000
    outer loop
      vertex  3.537151e+001 -1.060677e+001 -1.000000e+000
      vertex  3.505465e+001 -1.097246e+001  1.800000e+001
      vertex  3.505465e+001 -1.097246e+001 -1.000000e+000
    endloop
  endfacet
  facet normal  9.096313e-001 -4.154167e-001  0.000000e+000
    outer loop
      vertex  3.505465e+001 -1.097246e+001 -1.000000e+000
      vertex  3.505465e+001 -1.097246e+001  1.800000e+001
      vertex  3.485364e+001 -1.141260e+001  1.800000e+001
    endloop
  endfacet
  facet normal  9.096313e-001 -4.154167e-001  0.000000e+000
    outer loop
      vertex  3.505465e+001 -1.097246e+001 -1.000000e+000
      vertex  3.485364e+001 -1.141260e+001  1.800000e+001
      vertex  3.485364e+001 -1.141260e+001 -1.000000e+000
    endloop
  endfacet
  facet normal  9.898213e-001 -1.423167e-001  0.000000e+000
    outer loop
      vertex  3.485364e+001 -1.141260e+001 -1.000000e+000
      vertex  3.485364e+001 -1.141260e+001  1.800000e+001
      vertex  3.478477e+001 -1.189154e+001  1.800000e+001
    endloop
  endfacet
  facet normal  9.898213e-001 -1.423167e-001  0.000000e+000
    outer loop
      vertex  3.485364e+001 -1.141260e+001 -1.000000e+000
      vertex  3.478477e+001 -1.189154e+001  1.800000e+001
      vertex  3.478477e+001 -1.189154e+001 -1.000000e+000
    endloop
  endfacet
  facet normal  2.817339e-001  9.594926e-001  -0.000000e+000
    outer loop
      vertex -4.816149e+001 -1.357424e+001  1.800000e+001
      vertex -4.862576e+001 -1.343792e+001 -1.000000e+000
      vertex -4.862576e+001 -1.343792e+001  1.800000e+001
    endloop
  endfacet
  facet normal  5.406404e-001  8.412538e-001  0.000000e+000
    outer loop
      vertex -4.862576e+001 -1.343792e+001  1.800000e+001
      vertex -4.862576e+001 -1.343792e+001 -1.000000e+000
      vertex -4.903281e+001 -1.317632e+001 -1.000000e+000
    endloop
  endfacet
  facet normal  5.406404e-001  8.412538e-001  -0.000000e+000
    outer loop
      vertex -4.862576e+001 -1.343792e+001  1.800000e+001
      vertex -4.903281e+001 -1.317632e+001 -1.000000e+000
      vertex -4.903281e+001 -1.317632e+001  1.800000e+001
    endloop
  endfacet
  facet normal  7.557492e-001  6.548612e-001  0.000000e+000
    outer loop
      vertex -4.903281e+001 -1.317632e+001  1.800000e+001
      vertex -4.903281e+001 -1.317632e+001 -1.000000e+000
      vertex -4.934968e+001 -1.281063e+001 -1.000000e+000
    endloop
  endfacet
  facet normal  7.557492e-001  6.548612e-001  -0.000000e+000
    outer loop
      vertex -4.903281e+001 -1.317632e+001  1.800000e+001
      vertex -4.934968e+001 -1.281063e+001 -1.000000e+000
      vertex -4.934968e+001 -1.281063e+001  1.800000e+001
    endloop
  endfacet
  facet normal  9.096316e-001  4.154160e-001  0.000000e+000
    outer loop
      vertex -4.934968e+001 -1.281063e+001  1.800000e+001
      vertex -4.934968e+001 -1.281063e+001 -1.000000e+000
      vertex -4.955069e+001 -1.237049e+001 -1.000000e+000
    endloop
  endfacet
  facet normal  9.096316e-001  4.154160e-001  -0.000000e+000
    outer loop
      vertex -4.934968e+001 -1.281063e+001  1.800000e+001
      vertex -4.955069e+001 -1.237049e+001 -1.000000e+000
      vertex -4.955069e+001 -1.237049e+001  1.800000e+001
    endloop
  endfacet
  facet normal  9.898211e-001  1.423170e-001  0.000000e+000
    outer loop
      vertex -4.955069e+001 -1.237049e+001  1.800000e+001
      vertex -4.955069e+001 -1.237049e+001 -1.000000e+000
      vertex -4.961955e+001 -1.189154e+001 -1.000000e+000
    endloop
  endfacet
  facet normal  9.898211e-001  1.423170e-001  -0.000000e+000
    outer loop
      vertex -4.955069e+001 -1.237049e+001  1.800000e+001
      vertex -4.961955e+001 -1.189154e+001 -1.000000e+000
      vertex -4.961955e+001 -1.189154e+001  1.800000e+001
    endloop
  endfacet
  facet normal  2.817339e-001  9.594926e-001  0.000000e+000
    outer loop
      vertex -4.862576e+001 -1.343792e+001 -1.000000e+000
      vertex -4.816149e+001 -1.357424e+001  1.800000e+001
      vertex -4.816149e+001 -1.357424e+001 -1.000000e+000
    endloop
  endfacet
  facet normal  0.000000e+000  9.999999e-001  0.000000e+000
    outer loop
      vertex -4.816149e+001 -1.357424e+001 -1.000000e+000
      vertex -4.816149e+001 -1.357424e+001  1.800000e+001
      vertex -4.767762e+001 -1.357424e+001  1.800000e+001
    endloop
  endfacet
  facet normal  0.000000e+000  9.999999e-001  0.000000e+000
    outer loop
      vertex -4.816149e+001 -1.357424e+001 -1.000000e+000
      vertex -4.767762e+001 -1.357424e+001  1.800000e+001
      vertex -4.767762e+001 -1.357424e+001 -1.000000e+000
    endloop
  endfacet
  facet normal -2.817318e-001  9.594933e-001  0.000000e+000
    outer loop
      vertex -4.767762e+001 -1.357424e+001 -1.000000e+000
      vertex -4.767762e+001 -1.357424e+001  1.800000e+001
      vertex -4.721334e+001 -1.343792e+001  1.800000e+001
    endloop
  endfacet
  facet normal -2.817318e-001  9.594933e-001  0.000000e+000
    outer loop
      vertex -4.767762e+001 -1.357424e+001 -1.000000e+000
      vertex -4.721334e+001 -1.343792e+001  1.800000e+001
      vertex -4.721334e+001 -1.343792e+001 -1.000000e+000
    endloop
  endfacet
  facet normal -5.406440e-001  8.412514e-001  0.000000e+000
    outer loop
      vertex -4.721334e+001 -1.343792e+001 -1.000000e+000
      vertex -4.721334e+001 -1.343792e+001  1.800000e+001
      vertex -4.680629e+001 -1.317632e+001  1.800000e+001
    endloop
  endfacet
  facet normal -5.406440e-001  8.412514e-001  0.000000e+000
    outer loop
      vertex -4.721334e+001 -1.343792e+001 -1.000000e+000
      vertex -4.680629e+001 -1.317632e+001  1.800000e+001
      vertex -4.680629e+001 -1.317632e+001 -1.000000e+000
    endloop
  endfacet
  facet normal -7.557492e-001  6.548612e-001  0.000000e+000
    outer loop
      vertex -4.680629e+001 -1.317632e+001 -1.000000e+000
      vertex -4.680629e+001 -1.317632e+001  1.800000e+001
      vertex -4.648942e+001 -1.281063e+001  1.800000e+001
    endloop
  endfacet
  facet normal -7.557492e-001  6.548612e-001  0.000000e+000
    outer loop
      vertex -4.680629e+001 -1.317632e+001 -1.000000e+000
      vertex -4.648942e+001 -1.281063e+001  1.800000e+001
      vertex -4.648942e+001 -1.281063e+001 -1.000000e+000
    endloop
  endfacet
  facet normal -9.096316e-001  4.154160e-001  0.000000e+000
    outer loop
      vertex -4.648942e+001 -1.281063e+001 -1.000000e+000
      vertex -4.648942e+001 -1.281063e+001  1.800000e+001
      vertex -4.628841e+001 -1.237049e+001  1.800000e+001
    endloop
  endfacet
  facet normal -9.096316e-001  4.154160e-001  0.000000e+000
    outer loop
      vertex -4.648942e+001 -1.281063e+001 -1.000000e+000
      vertex -4.628841e+001 -1.237049e+001  1.800000e+001
      vertex -4.628841e+001 -1.237049e+001 -1.000000e+000
    endloop
  endfacet
  facet normal -9.898211e-001  1.423170e-001  0.000000e+000
    outer loop
      vertex -4.628841e+001 -1.237049e+001 -1.000000e+000
      vertex -4.628841e+001 -1.237049e+001  1.800000e+001
      vertex -4.621955e+001 -1.189154e+001  1.800000e+001
    endloop
  endfacet
  facet normal -9.898211e-001  1.423170e-001  0.000000e+000
    outer loop
      vertex -4.628841e+001 -1.237049e+001 -1.000000e+000
      vertex -4.621955e+001 -1.189154e+001  1.800000e+001
      vertex -4.621955e+001 -1.189154e+001 -1.000000e+000
    endloop
  endfacet
  facet normal -2.817318e-001 -9.594933e-001  0.000000e+000
    outer loop
      vertex -4.767762e+001 -1.020885e+001  1.800000e+001
      vertex -4.721334e+001 -1.034517e+001 -1.000000e+000
      vertex -4.721334e+001 -1.034517e+001  1.800000e+001
    endloop
  endfacet
  facet normal -5.406427e-001 -8.412524e-001  -0.000000e+000
    outer loop
      vertex -4.721334e+001 -1.034517e+001  1.800000e+001
      vertex -4.721334e+001 -1.034517e+001 -1.000000e+000
      vertex -4.680629e+001 -1.060677e+001 -1.000000e+000
    endloop
  endfacet
  facet normal -5.406427e-001 -8.412524e-001  0.000000e+000
    outer loop
      vertex -4.721334e+001 -1.034517e+001  1.800000e+001
      vertex -4.680629e+001 -1.060677e+001 -1.000000e+000
      vertex -4.680629e+001 -1.060677e+001  1.800000e+001
    endloop
  endfacet
  facet normal -7.557501e-001 -6.548603e-001  -0.000000e+000
    outer loop
      vertex -4.680629e+001 -1.060677e+001  1.800000e+001
      vertex -4.680629e+001 -1.060677e+001 -1.000000e+000
      vertex -4.648942e+001 -1.097246e+001 -1.000000e+000
    endloop
  endfacet
  facet normal -7.557501e-001 -6.548603e-001  0.000000e+000
    outer loop
      vertex -4.680629e+001 -1.060677e+001  1.800000e+001
      vertex -4.648942e+001 -1.097246e+001 -1.000000e+000
      vertex -4.648942e+001 -1.097246e+001  1.800000e+001
    endloop
  endfacet
  facet normal -9.096313e-001 -4.154167e-001  -0.000000e+000
    outer loop
      vertex -4.648942e+001 -1.097246e+001  1.800000e+001
      vertex -4.648942e+001 -1.097246e+001 -1.000000e+000
      vertex -4.628841e+001 -1.141260e+001 -1.000000e+000
    endloop
  endfacet
  facet normal -9.096313e-001 -4.154167e-001  0.000000e+000
    outer loop
      vertex -4.648942e+001 -1.097246e+001  1.800000e+001
      vertex -4.628841e+001 -1.141260e+001 -1.000000e+000
      vertex -4.628841e+001 -1.141260e+001  1.800000e+001
    endloop
  endfacet
  facet normal -9.898213e-001 -1.423167e-001  -0.000000e+000
    outer loop
      vertex -4.628841e+001 -1.141260e+001  1.800000e+001
      vertex -4.628841e+001 -1.141260e+001 -1.000000e+000
      vertex -4.621955e+001 -1.189154e+001 -1.000000e+000
    endloop
  endfacet
  facet normal -9.898213e-001 -1.423167e-001  0.000000e+000
    outer loop
      vertex -4.628841e+001 -1.141260e+001  1.800000e+001
      vertex -4.621955e+001 -1.189154e+001 -1.000000e+000
      vertex -4.621955e+001 -1.189154e+001  1.800000e+001
    endloop
  endfacet
  facet normal -2.817318e-001 -9.594933e-001  -0.000000e+000
    outer loop
      vertex -4.721334e+001 -1.034517e+001 -1.000000e+000
      vertex -4.767762e+001 -1.020885e+001  1.800000e+001
      vertex -4.767762e+001 -1.020885e+001 -1.000000e+000
    endloop
  endfacet
  facet normal  0.000000e+000 -9.999999e-001  0.000000e+000
    outer loop
      vertex -4.767762e+001 -1.020885e+001 -1.000000e+000
      vertex -4.767762e+001 -1.020885e+001  1.800000e+001
      vertex -4.816149e+001 -1.020885e+001  1.800000e+001
    endloop
  endfacet
  facet normal  0.000000e+000 -9.999999e-001  0.000000e+000
    outer loop
      vertex -4.767762e+001 -1.020885e+001 -1.000000e+000
      vertex -4.816149e+001 -1.020885e+001  1.800000e+001
      vertex -4.816149e+001 -1.020885e+001 -1.000000e+000
    endloop
  endfacet
  facet normal  2.817339e-001 -9.594926e-001  0.000000e+000
    outer loop
      vertex -4.816149e+001 -1.020885e+001 -1.000000e+000
      vertex -4.816149e+001 -1.020885e+001  1.800000e+001
      vertex -4.862576e+001 -1.034517e+001  1.800000e+001
    endloop
  endfacet
  facet normal  2.817339e-001 -9.594926e-001  0.000000e+000
    outer loop
      vertex -4.816149e+001 -1.020885e+001 -1.000000e+000
      vertex -4.862576e+001 -1.034517e+001  1.800000e+001
      vertex -4.862576e+001 -1.034517e+001 -1.000000e+000
    endloop
  endfacet
  facet normal  5.406391e-001 -8.412547e-001  0.000000e+000
    outer loop
      vertex -4.862576e+001 -1.034517e+001 -1.000000e+000
      vertex -4.862576e+001 -1.034517e+001  1.800000e+001
      vertex -4.903281e+001 -1.060677e+001  1.800000e+001
    endloop
  endfacet
  facet normal  5.406391e-001 -8.412547e-001  0.000000e+000
    outer loop
      vertex -4.862576e+001 -1.034517e+001 -1.000000e+000
      vertex -4.903281e+001 -1.060677e+001  1.800000e+001
      vertex -4.903281e+001 -1.060677e+001 -1.000000e+000
    endloop
  endfacet
  facet normal  7.557501e-001 -6.548603e-001  0.000000e+000
    outer loop
      vertex -4.903281e+001 -1.060677e+001 -1.000000e+000
      vertex -4.903281e+001 -1.060677e+001  1.800000e+001
      vertex -4.934968e+001 -1.097246e+001  1.800000e+001
    endloop
  endfacet
  facet normal  7.557501e-001 -6.548603e-001  0.000000e+000
    outer loop
      vertex -4.903281e+001 -1.060677e+001 -1.000000e+000
      vertex -4.934968e+001 -1.097246e+001  1.800000e+001
      vertex -4.934968e+001 -1.097246e+001 -1.000000e+000
    endloop
  endfacet
  facet normal  9.096313e-001 -4.154167e-001  0.000000e+000
    outer loop
      vertex -4.934968e+001 -1.097246e+001 -1.000000e+000
      vertex -4.934968e+001 -1.097246e+001  1.800000e+001
      vertex -4.955069e+001 -1.141260e+001  1.800000e+001
    endloop
  endfacet
  facet normal  9.096313e-001 -4.154167e-001  0.000000e+000
    outer loop
      vertex -4.934968e+001 -1.097246e+001 -1.000000e+000
      vertex -4.955069e+001 -1.141260e+001  1.800000e+001
      vertex -4.955069e+001 -1.141260e+001 -1.000000e+000
    endloop
  endfacet
  facet normal  9.898213e-001 -1.423167e-001  0.000000e+000
    outer loop
      vertex -4.955069e+001 -1.141260e+001 -1.000000e+000
      vertex -4.955069e+001 -1.141260e+001  1.800000e+001
      vertex -4.961955e+001 -1.189154e+001  1.800000e+001
    endloop
  endfacet
  facet normal  9.898213e-001 -1.423167e-001  0.000000e+000
    outer loop
      vertex -4.955069e+001 -1.141260e+001 -1.000000e+000
      vertex -4.961955e+001 -1.189154e+001  1.800000e+001
      vertex -4.961955e+001 -1.189154e+001 -1.000000e+000
    endloop
  endfacet
  facet normal -2.817339e-001 -9.594926e-001  0.000000e+000
    outer loop
      vertex  3.672671e+001 -4.461285e+001  1.800000e+001
      vertex  3.719098e+001 -4.474917e+001 -1.000000e+000
      vertex  3.719098e+001 -4.474917e+001  1.800000e+001
    endloop
  endfacet
  facet normal -5.406404e-001 -8.412538e-001  -0.000000e+000
    outer loop
      vertex  3.719098e+001 -4.474917e+001  1.800000e+001
      vertex  3.719098e+001 -4.474917e+001 -1.000000e+000
      vertex  3.759804e+001 -4.501077e+001 -1.000000e+000
    endloop
  endfacet
  facet normal -5.406404e-001 -8.412538e-001  0.000000e+000
    outer loop
      vertex  3.719098e+001 -4.474917e+001  1.800000e+001
      vertex  3.759804e+001 -4.501077e+001 -1.000000e+000
      vertex  3.759804e+001 -4.501077e+001  1.800000e+001
    endloop
  endfacet
  facet normal -7.557492e-001 -6.548612e-001  -0.000000e+000
    outer loop
      vertex  3.759804e+001 -4.501077e+001  1.800000e+001
      vertex  3.759804e+001 -4.501077e+001 -1.000000e+000
      vertex  3.791491e+001 -4.537645e+001 -1.000000e+000
    endloop
  endfacet
  facet normal -7.557492e-001 -6.548612e-001  0.000000e+000
    outer loop
      vertex  3.759804e+001 -4.501077e+001  1.800000e+001
      vertex  3.791491e+001 -4.537645e+001 -1.000000e+000
      vertex  3.791491e+001 -4.537645e+001  1.800000e+001
    endloop
  endfacet
  facet normal -9.096313e-001 -4.154167e-001  -0.000000e+000
    outer loop
      vertex  3.791491e+001 -4.537645e+001  1.800000e+001
      vertex  3.791491e+001 -4.537645e+001 -1.000000e+000
      vertex  3.811591e+001 -4.581660e+001 -1.000000e+000
    endloop
  endfacet
  facet normal -9.096313e-001 -4.154167e-001  0.000000e+000
    outer loop
      vertex  3.791491e+001 -4.537645e+001  1.800000e+001
      vertex  3.811591e+001 -4.581660e+001 -1.000000e+000
      vertex  3.811591e+001 -4.581660e+001  1.800000e+001
    endloop
  endfacet
  facet normal -9.898213e-001 -1.423164e-001  -0.000000e+000
    outer loop
      vertex  3.811591e+001 -4.581660e+001  1.800000e+001
      vertex  3.811591e+001 -4.581660e+001 -1.000000e+000
      vertex  3.818478e+001 -4.629554e+001 -1.000000e+000
    endloop
  endfacet
  facet normal -9.898213e-001 -1.423164e-001  0.000000e+000
    outer loop
      vertex  3.811591e+001 -4.581660e+001  1.800000e+001
      vertex  3.818478e+001 -4.629554e+001 -1.000000e+000
      vertex  3.818478e+001 -4.629554e+001  1.800000e+001
    endloop
  endfacet
  facet normal -2.817339e-001 -9.594926e-001  -0.000000e+000
    outer loop
      vertex  3.719098e+001 -4.474917e+001 -1.000000e+000
      vertex  3.672671e+001 -4.461285e+001  1.800000e+001
      vertex  3.672671e+001 -4.461285e+001 -1.000000e+000
    endloop
  endfacet
  facet normal  0.000000e+000 -9.999999e-001  0.000000e+000
    outer loop
      vertex  3.672671e+001 -4.461285e+001 -1.000000e+000
      vertex  3.672671e+001 -4.461285e+001  1.800000e+001
      vertex  3.624284e+001 -4.461285e+001  1.800000e+001
    endloop
  endfacet
  facet normal  0.000000e+000 -9.999999e-001  0.000000e+000
    outer loop
      vertex  3.672671e+001 -4.461285e+001 -1.000000e+000
      vertex  3.624284e+001 -4.461285e+001  1.800000e+001
      vertex  3.624284e+001 -4.461285e+001 -1.000000e+000
    endloop
  endfacet
  facet normal  2.817318e-001 -9.594933e-001  0.000000e+000
    outer loop
      vertex  3.624284e+001 -4.461285e+001 -1.000000e+000
      vertex  3.624284e+001 -4.461285e+001  1.800000e+001
      vertex  3.577857e+001 -4.474917e+001  1.800000e+001
    endloop
  endfacet
  facet normal  2.817318e-001 -9.594933e-001  0.000000e+000
    outer loop
      vertex  3.624284e+001 -4.461285e+001 -1.000000e+000
      vertex  3.577857e+001 -4.474917e+001  1.800000e+001
      vertex  3.577857e+001 -4.474917e+001 -1.000000e+000
    endloop
  endfacet
  facet normal  5.406440e-001 -8.412514e-001  0.000000e+000
    outer loop
      vertex  3.577857e+001 -4.474917e+001 -1.000000e+000
      vertex  3.577857e+001 -4.474917e+001  1.800000e+001
      vertex  3.537151e+001 -4.501077e+001  1.800000e+001
    endloop
  endfacet
  facet normal  5.406440e-001 -8.412514e-001  0.000000e+000
    outer loop
      vertex  3.577857e+001 -4.474917e+001 -1.000000e+000
      vertex  3.537151e+001 -4.501077e+001  1.800000e+001
      vertex  3.537151e+001 -4.501077e+001 -1.000000e+000
    endloop
  endfacet
  facet normal  7.557492e-001 -6.548612e-001  0.000000e+000
    outer loop
      vertex  3.537151e+001 -4.501077e+001 -1.000000e+000
      vertex  3.537151e+001 -4.501077e+001  1.800000e+001
      vertex  3.505465e+001 -4.537645e+001  1.800000e+001
    endloop
  endfacet
  facet normal  7.557492e-001 -6.548612e-001  0.000000e+000
    outer loop
      vertex  3.537151e+001 -4.501077e+001 -1.000000e+000
      vertex  3.505465e+001 -4.537645e+001  1.800000e+001
      vertex  3.505465e+001 -4.537645e+001 -1.000000e+000
    endloop
  endfacet
  facet normal  9.096313e-001 -4.154167e-001  0.000000e+000
    outer loop
      vertex  3.505465e+001 -4.537645e+001 -1.000000e+000
      vertex  3.505465e+001 -4.537645e+001  1.800000e+001
      vertex  3.485364e+001 -4.581660e+001  1.800000e+001
    endloop
  endfacet
  facet normal  9.096313e-001 -4.154167e-001  0.000000e+000
    outer loop
      vertex  3.505465e+001 -4.537645e+001 -1.000000e+000
      vertex  3.485364e+001 -4.581660e+001  1.800000e+001
      vertex  3.485364e+001 -4.581660e+001 -1.000000e+000
    endloop
  endfacet
  facet normal  9.898213e-001 -1.423164e-001  0.000000e+000
    outer loop
      vertex  3.485364e+001 -4.581660e+001 -1.000000e+000
      vertex  3.485364e+001 -4.581660e+001  1.800000e+001
      vertex  3.478477e+001 -4.629554e+001  1.800000e+001
    endloop
  endfacet
  facet normal  9.898213e-001 -1.423164e-001  0.000000e+000
    outer loop
      vertex  3.485364e+001 -4.581660e+001 -1.000000e+000
      vertex  3.478477e+001 -4.629554e+001  1.800000e+001
      vertex  3.478477e+001 -4.629554e+001 -1.000000e+000
    endloop
  endfacet
  facet normal  2.817318e-001  9.594933e-001  -0.000000e+000
    outer loop
      vertex  3.624284e+001 -4.797824e+001  1.800000e+001
      vertex  3.577857e+001 -4.784192e+001 -1.000000e+000
      vertex  3.577857e+001 -4.784192e+001  1.800000e+001
    endloop
  endfacet
  facet normal  5.406440e-001  8.412514e-001  0.000000e+000
    outer loop
      vertex  3.577857e+001 -4.784192e+001  1.800000e+001
      vertex  3.577857e+001 -4.784192e+001 -1.000000e+000
      vertex  3.537151e+001 -4.758032e+001 -1.000000e+000
    endloop
  endfacet
  facet normal  5.406440e-001  8.412514e-001  -0.000000e+000
    outer loop
      vertex  3.577857e+001 -4.784192e+001  1.800000e+001
      vertex  3.537151e+001 -4.758032e+001 -1.000000e+000
      vertex  3.537151e+001 -4.758032e+001  1.800000e+001
    endloop
  endfacet
  facet normal  7.557492e-001  6.548612e-001  0.000000e+000
    outer loop
      vertex  3.537151e+001 -4.758032e+001  1.800000e+001
      vertex  3.537151e+001 -4.758032e+001 -1.000000e+000
      vertex  3.505465e+001 -4.721463e+001 -1.000000e+000
    endloop
  endfacet
  facet normal  7.557492e-001  6.548612e-001  -0.000000e+000
    outer loop
      vertex  3.537151e+001 -4.758032e+001  1.800000e+001
      vertex  3.505465e+001 -4.721463e+001 -1.000000e+000
      vertex  3.505465e+001 -4.721463e+001  1.800000e+001
    endloop
  endfacet
  facet normal  9.096313e-001  4.154167e-001  0.000000e+000
    outer loop
      vertex  3.505465e+001 -4.721463e+001  1.800000e+001
      vertex  3.505465e+001 -4.721463e+001 -1.000000e+000
      vertex  3.485364e+001 -4.677449e+001 -1.000000e+000
    endloop
  endfacet
  facet normal  9.096313e-001  4.154167e-001  -0.000000e+000
    outer loop
      vertex  3.505465e+001 -4.721463e+001  1.800000e+001
      vertex  3.485364e+001 -4.677449e+001 -1.000000e+000
      vertex  3.485364e+001 -4.677449e+001  1.800000e+001
    endloop
  endfacet
  facet normal  9.898213e-001  1.423164e-001  0.000000e+000
    outer loop
      vertex  3.485364e+001 -4.677449e+001  1.800000e+001
      vertex  3.485364e+001 -4.677449e+001 -1.000000e+000
      vertex  3.478477e+001 -4.629554e+001 -1.000000e+000
    endloop
  endfacet
  facet normal  9.898213e-001  1.423164e-001  -0.000000e+000
    outer loop
      vertex  3.485364e+001 -4.677449e+001  1.800000e+001
      vertex  3.478477e+001 -4.629554e+001 -1.000000e+000
      vertex  3.478477e+001 -4.629554e+001  1.800000e+001
    endloop
  endfacet
  facet normal  2.817318e-001  9.594933e-001  0.000000e+000
    outer loop
      vertex  3.577857e+001 -4.784192e+001 -1.000000e+000
      vertex  3.624284e+001 -4.797824e+001  1.800000e+001
      vertex  3.624284e+001 -4.797824e+001 -1.000000e+000
    endloop
  endfacet
  facet normal  0.000000e+000  9.999999e-001  0.000000e+000
    outer loop
      vertex  3.624284e+001 -4.797824e+001 -1.000000e+000
      vertex  3.624284e+001 -4.797824e+001  1.800000e+001
      vertex  3.672671e+001 -4.797824e+001  1.800000e+001
    endloop
  endfacet
  facet normal  0.000000e+000  9.999999e-001  0.000000e+000
    outer loop
      vertex  3.624284e+001 -4.797824e+001 -1.000000e+000
      vertex  3.672671e+001 -4.797824e+001  1.800000e+001
      vertex  3.672671e+001 -4.797824e+001 -1.000000e+000
    endloop
  endfacet
  facet normal -2.817339e-001  9.594926e-001  0.000000e+000
    outer loop
      vertex  3.672671e+001 -4.797824e+001 -1.000000e+000
      vertex  3.672671e+001 -4.797824e+001  1.800000e+001
      vertex  3.719098e+001 -4.784192e+001  1.800000e+001
    endloop
  endfacet
  facet normal -2.817339e-001  9.594926e-001  0.000000e+000
    outer loop
      vertex  3.672671e+001 -4.797824e+001 -1.000000e+000
      vertex  3.719098e+001 -4.784192e+001  1.800000e+001
      vertex  3.719098e+001 -4.784192e+001 -1.000000e+000
    endloop
  endfacet
  facet normal -5.406404e-001  8.412538e-001  0.000000e+000
    outer loop
      vertex  3.719098e+001 -4.784192e+001 -1.000000e+000
      vertex  3.719098e+001 -4.784192e+001  1.800000e+001
      vertex  3.759804e+001 -4.758032e+001  1.800000e+001
    endloop
  endfacet
  facet normal -5.406404e-001  8.412538e-001  0.000000e+000
    outer loop
      vertex  3.719098e+001 -4.784192e+001 -1.000000e+000
      vertex  3.759804e+001 -4.758032e+001  1.800000e+001
      vertex  3.759804e+001 -4.758032e+001 -1.000000e+000
    endloop
  endfacet
  facet normal -7.557492e-001  6.548612e-001  0.000000e+000
    outer loop
      vertex  3.759804e+001 -4.758032e+001 -1.000000e+000
      vertex  3.759804e+001 -4.758032e+001  1.800000e+001
      vertex  3.791491e+001 -4.721463e+001  1.800000e+001
    endloop
  endfacet
  facet normal -7.557492e-001  6.548612e-001  0.000000e+000
    outer loop
      vertex  3.759804e+001 -4.758032e+001 -1.000000e+000
      vertex  3.791491e+001 -4.721463e+001  1.800000e+001
      vertex  3.791491e+001 -4.721463e+001 -1.000000e+000
    endloop
  endfacet
  facet normal -9.096313e-001  4.154167e-001  0.000000e+000
    outer loop
      vertex  3.791491e+001 -4.721463e+001 -1.000000e+000
      vertex  3.791491e+001 -4.721463e+001  1.800000e+001
      vertex  3.811591e+001 -4.677449e+001  1.800000e+001
    endloop
  endfacet
  facet normal -9.096313e-001  4.154167e-001  0.000000e+000
    outer loop
      vertex  3.791491e+001 -4.721463e+001 -1.000000e+000
      vertex  3.811591e+001 -4.677449e+001  1.800000e+001
      vertex  3.811591e+001 -4.677449e+001 -1.000000e+000
    endloop
  endfacet
  facet normal -9.898213e-001  1.423164e-001  0.000000e+000
    outer loop
      vertex  3.811591e+001 -4.677449e+001 -1.000000e+000
      vertex  3.811591e+001 -4.677449e+001  1.800000e+001
      vertex  3.818478e+001 -4.629554e+001  1.800000e+001
    endloop
  endfacet
  facet normal -9.898213e-001  1.423164e-001  0.000000e+000
    outer loop
      vertex  3.811591e+001 -4.677449e+001 -1.000000e+000
      vertex  3.818478e+001 -4.629554e+001  1.800000e+001
      vertex  3.818478e+001 -4.629554e+001 -1.000000e+000
    endloop
  endfacet
  facet normal  0.000000e+000  0.000000e+000  1.000000e+000
    outer loop
      vertex  3.672671e+001 -4.461285e+001  1.800000e+001
      vertex  3.778643e+001 -4.359264e+001  1.800000e+001
      vertex  3.715234e+001 -4.337076e+001  1.800000e+001
    endloop
  endfacet
  facet normal  0.000000e+000  -0.000000e+000  1.000000e+000
    outer loop
      vertex  3.428261e+001 -4.409354e+001  1.800000e+001
      vertex  3.577857e+001 -4.474917e+001  1.800000e+001
      vertex  3.624284e+001 -4.461285e+001  1.800000e+001
    endloop
  endfacet
  facet normal  0.000000e+000  0.000000e+000  1.000000e+000
    outer loop
      vertex  3.428261e+001 -1.409354e+001  1.800000e+001
      vertex  3.624284e+001 -1.357424e+001  1.800000e+001
      vertex  3.577857e+001 -1.343792e+001  1.800000e+001
    endloop
  endfacet
  facet normal  0.000000e+000  0.000000e+000  1.000000e+000
    outer loop
      vertex -4.571739e+001 -4.409354e+001  1.800000e+001
      vertex -4.671739e+001 -4.329554e+001  1.800000e+001
      vertex -4.791955e+001 -4.329554e+001  1.800000e+001
    endloop
  endfacet
  facet normal  0.000000e+000  0.000000e+000  1.000000e+000
    outer loop
      vertex -4.571739e+001 -1.409354e+001  1.800000e+001
      vertex  3.428261e+001 -1.409354e+001  1.800000e+001
      vertex  3.348478e+001 -1.309354e+001  1.800000e+001
    endloop
  endfacet
  facet normal  0.000000e+000  0.000000e+000  1.000000e+000
    outer loop
      vertex -4.571739e+001 -1.409354e+001  1.800000e+001
      vertex  3.348478e+001 -1.309354e+001  1.800000e+001
      vertex -4.491955e+001 -1.309354e+001  1.800000e+001
    endloop
  endfacet
  facet normal  0.000000e+000  0.000000e+000  1.000000e+000
    outer loop
      vertex -4.571739e+001 -1.409354e+001  1.800000e+001
      vertex -4.491955e+001 -1.309354e+001  1.800000e+001
      vertex -4.680629e+001 -1.317632e+001  1.800000e+001
    endloop
  endfacet
  facet normal  0.000000e+000  0.000000e+000  9.999999e-001
    outer loop
      vertex -4.571739e+001 -1.409354e+001  1.800000e+001
      vertex -4.680629e+001 -1.317632e+001  1.800000e+001
      vertex -4.721334e+001 -1.343792e+001  1.800000e+001
    endloop
  endfacet
  facet normal  0.000000e+000  0.000000e+000  1.000000e+000
    outer loop
      vertex -4.571739e+001 -1.409354e+001  1.800000e+001
      vertex -4.721334e+001 -1.343792e+001  1.800000e+001
      vertex -4.767762e+001 -1.357424e+001  1.800000e+001
    endloop
  endfacet
  facet normal  0.000000e+000  0.000000e+000  1.000000e+000
    outer loop
      vertex -4.571739e+001 -1.409354e+001  1.800000e+001
      vertex -4.767762e+001 -1.357424e+001  1.800000e+001
      vertex -4.816149e+001 -1.357424e+001  1.800000e+001
    endloop
  endfacet
  facet normal  0.000000e+000  0.000000e+000  1.000000e+000
    outer loop
      vertex -4.571739e+001 -1.409354e+001  1.800000e+001
      vertex -4.816149e+001 -1.357424e+001  1.800000e+001
      vertex -4.791955e+001 -1.489154e+001  1.800000e+001
    endloop
  endfacet
  facet normal  0.000000e+000  0.000000e+000  1.000000e+000
    outer loop
      vertex -4.571739e+001 -1.409354e+001  1.800000e+001
      vertex -4.791955e+001 -1.489154e+001  1.800000e+001
      vertex -4.671739e+001 -1.489154e+001  1.800000e+001
    endloop
  endfacet
  facet normal  -0.000000e+000  0.000000e+000  1.000000e+000
    outer loop
      vertex -4.571739e+001 -1.409354e+001  1.800000e+001
      vertex -4.671739e+001 -1.489154e+001  1.800000e+001
      vertex -4.671739e+001 -4.329554e+001  1.800000e+001
    endloop
  endfacet
  facet normal  -0.000000e+000  0.000000e+000  1.000000e+000
    outer loop
      vertex -4.571739e+001 -1.409354e+001  1.800000e+001
      vertex -4.671739e+001 -4.329554e+001  1.800000e+001
      vertex -4.571739e+001 -4.409354e+001  1.800000e+001
    endloop
  endfacet
  facet normal  -0.000000e+000  0.000000e+000  1.000000e+000
    outer loop
      vertex  3.648478e+001 -4.329554e+001  1.800000e+001
      vertex  3.528261e+001 -4.329554e+001  1.800000e+001
      vertex  3.428261e+001 -4.409354e+001  1.800000e+001
    endloop
  endfacet
  facet normal  -0.000000e+000  0.000000e+000  1.000000e+000
    outer loop
      vertex  3.648478e+001 -4.329554e+001  1.800000e+001
      vertex  3.428261e+001 -4.409354e+001  1.800000e+001
      vertex  3.624284e+001 -4.461285e+001  1.800000e+001
    endloop
  endfacet
  facet normal  0.000000e+000  0.000000e+000  1.000000e+000
    outer loop
      vertex  3.648478e+001 -4.329554e+001  1.800000e+001
      vertex  3.624284e+001 -4.461285e+001  1.800000e+001
      vertex  3.672671e+001 -4.461285e+001  1.800000e+001
    endloop
  endfacet
  facet normal  0.000000e+000  -0.000000e+000  9.999999e-001
    outer loop
      vertex  3.648478e+001 -4.329554e+001  1.800000e+001
      vertex  3.672671e+001 -4.461285e+001  1.800000e+001
      vertex  3.715234e+001 -4.337076e+001  1.800000e+001
    endloop
  endfacet
  facet normal  0.000000e+000  -0.000000e+000  1.000000e+000
    outer loop
      vertex  3.348478e+001 -4.629554e+001  1.800000e+001
      vertex  3.355999e+001 -4.696311e+001  1.800000e+001
      vertex  3.485364e+001 -4.677449e+001  1.800000e+001
    endloop
  endfacet
  facet normal  0.000000e+000  0.000000e+000  1.000000e+000
    outer loop
      vertex  3.348478e+001 -4.629554e+001  1.800000e+001
      vertex  3.485364e+001 -4.677449e+001  1.800000e+001
      vertex  3.478477e+001 -4.629554e+001  1.800000e+001
    endloop
  endfacet
  facet normal  0.000000e+000  -0.000000e+000  9.999999e-001
    outer loop
      vertex  3.348478e+001 -4.629554e+001  1.800000e+001
      vertex  3.478477e+001 -4.629554e+001  1.800000e+001
      vertex  3.485364e+001 -4.581660e+001  1.800000e+001
    endloop
  endfacet
  facet normal  0.000000e+000  -0.000000e+000  1.000000e+000
    outer loop
      vertex  3.348478e+001 -4.629554e+001  1.800000e+001
      vertex  3.485364e+001 -4.581660e+001  1.800000e+001
      vertex  3.505465e+001 -4.537645e+001  1.800000e+001
    endloop
  endfacet
  facet normal  0.000000e+000  -0.000000e+000  1.000000e+000
    outer loop
      vertex  3.348478e+001 -4.629554e+001  1.800000e+001
      vertex  3.505465e+001 -4.537645e+001  1.800000e+001
      vertex  3.537151e+001 -4.501077e+001  1.800000e+001
    endloop
  endfacet
  facet normal  0.000000e+000  0.000000e+000  1.000000e+000
    outer loop
      vertex  3.348478e+001 -4.629554e+001  1.800000e+001
      vertex  3.537151e+001 -4.501077e+001  1.800000e+001
      vertex  3.348478e+001 -4.509354e+001  1.800000e+001
    endloop
  endfacet
  facet normal  0.000000e+000  0.000000e+000  1.000000e+000
    outer loop
      vertex -4.491955e+001 -4.629554e+001  1.800000e+001
      vertex -4.491955e+001 -4.509354e+001  1.800000e+001
      vertex -4.680629e+001 -4.501077e+001  1.800000e+001
    endloop
  endfacet
  facet normal  0.000000e+000  0.000000e+000  1.000000e+000
    outer loop
      vertex -4.491955e+001 -4.629554e+001  1.800000e+001
      vertex -4.680629e+001 -4.501077e+001  1.800000e+001
      vertex -4.648942e+001 -4.537645e+001  1.800000e+001
    endloop
  endfacet
  facet normal  0.000000e+000  0.000000e+000  1.000000e+000
    outer loop
      vertex -4.491955e+001 -4.629554e+001  1.800000e+001
      vertex -4.648942e+001 -4.537645e+001  1.800000e+001
      vertex -4.628841e+001 -4.581660e+001  1.800000e+001
    endloop
  endfacet
  facet normal  0.000000e+000  0.000000e+000  1.000000e+000
    outer loop
      vertex -4.491955e+001 -4.629554e+001  1.800000e+001
      vertex -4.628841e+001 -4.581660e+001  1.800000e+001
      vertex -4.621955e+001 -4.629554e+001  1.800000e+001
    endloop
  endfacet
  facet normal  -0.000000e+000  0.000000e+000  9.999999e-001
    outer loop
      vertex -4.491955e+001 -4.629554e+001  1.800000e+001
      vertex -4.621955e+001 -4.629554e+001  1.800000e+001
      vertex -4.628841e+001 -4.677449e+001  1.800000e+001
    endloop
  endfacet
  facet normal  -0.000000e+000  0.000000e+000  1.000000e+000
    outer loop
      vertex -4.491955e+001 -4.629554e+001  1.800000e+001
      vertex -4.628841e+001 -4.677449e+001  1.800000e+001
      vertex -4.499477e+001 -4.696311e+001  1.800000e+001
    endloop
  endfacet
  facet normal  0.000000e+000  0.000000e+000  1.000000e+000
    outer loop
      vertex -4.491955e+001 -1.309354e+001  1.800000e+001
      vertex -4.491955e+001 -1.189154e+001  1.800000e+001
      vertex -4.621955e+001 -1.189154e+001  1.800000e+001
    endloop
  endfacet
  facet normal  0.000000e+000  0.000000e+000  1.000000e+000
    outer loop
      vertex -4.491955e+001 -1.309354e+001  1.800000e+001
      vertex -4.621955e+001 -1.189154e+001  1.800000e+001
      vertex -4.628841e+001 -1.237049e+001  1.800000e+001
    endloop
  endfacet
  facet normal  0.000000e+000  0.000000e+000  1.000000e+000
    outer loop
      vertex -4.491955e+001 -1.309354e+001  1.800000e+001
      vertex -4.628841e+001 -1.237049e+001  1.800000e+001
      vertex -4.648942e+001 -1.281063e+001  1.800000e+001
    endloop
  endfacet
  facet normal  0.000000e+000  0.000000e+000  1.000000e+000
    outer loop
      vertex -4.491955e+001 -1.309354e+001  1.800000e+001
      vertex -4.648942e+001 -1.281063e+001  1.800000e+001
      vertex -4.680629e+001 -1.317632e+001  1.800000e+001
    endloop
  endfacet
  facet normal  0.000000e+000  -0.000000e+000  1.000000e+000
    outer loop
      vertex  3.648478e+001 -1.489154e+001  1.800000e+001
      vertex  3.715234e+001 -1.481633e+001  1.800000e+001
      vertex  3.778643e+001 -1.459445e+001  1.800000e+001
    endloop
  endfacet
  facet normal  0.000000e+000  -0.000000e+000  1.000000e+000
    outer loop
      vertex  3.648478e+001 -1.489154e+001  1.800000e+001
      vertex  3.778643e+001 -1.459445e+001  1.800000e+001
      vertex  3.835524e+001 -1.423704e+001  1.800000e+001
    endloop
  endfacet
  facet normal  0.000000e+000  -0.000000e+000  1.000000e+000
    outer loop
      vertex  3.648478e+001 -1.489154e+001  1.800000e+001
      vertex  3.835524e+001 -1.423704e+001  1.800000e+001
      vertex  3.883027e+001 -1.376201e+001  1.800000e+001
    endloop
  endfacet
  facet normal  0.000000e+000  0.000000e+000  1.000000e+000
    outer loop
      vertex  3.648478e+001 -1.489154e+001  1.800000e+001
      vertex  3.883027e+001 -1.376201e+001  1.800000e+001
      vertex  3.672671e+001 -1.357424e+001  1.800000e+001
    endloop
  endfacet
  facet normal  0.000000e+000  0.000000e+000  1.000000e+000
    outer loop
      vertex  3.648478e+001 -1.489154e+001  1.800000e+001
      vertex  3.672671e+001 -1.357424e+001  1.800000e+001
      vertex  3.624284e+001 -1.357424e+001  1.800000e+001
    endloop
  endfacet
  facet normal  0.000000e+000  0.000000e+000  1.000000e+000
    outer loop
      vertex  3.648478e+001 -1.489154e+001  1.800000e+001
      vertex  3.624284e+001 -1.357424e+001  1.800000e+001
      vertex  3.428261e+001 -1.409354e+001  1.800000e+001
    endloop
  endfacet
  facet normal  0.000000e+000  0.000000e+000  1.000000e+000
    outer loop
      vertex  3.648478e+001 -1.489154e+001  1.800000e+001
      vertex  3.428261e+001 -1.409354e+001  1.800000e+001
      vertex  3.528261e+001 -1.489154e+001  1.800000e+001
    endloop
  endfacet
  facet normal  0.000000e+000  0.000000e+000  1.000000e+000
    outer loop
      vertex -4.791955e+001 -1.489154e+001  1.800000e+001
      vertex -4.816149e+001 -1.357424e+001  1.800000e+001
      vertex -5.026505e+001 -1.376201e+001  1.800000e+001
    endloop
  endfacet
  facet normal  0.000000e+000  0.000000e+000  1.000000e+000
    outer loop
      vertex -4.791955e+001 -1.489154e+001  1.800000e+001
      vertex -5.026505e+001 -1.376201e+001  1.800000e+001
      vertex -4.979002e+001 -1.423704e+001  1.800000e+001
    endloop
  endfacet
  facet normal  0.000000e+000  0.000000e+000  1.000000e+000
    outer loop
      vertex -4.791955e+001 -1.489154e+001  1.800000e+001
      vertex -4.979002e+001 -1.423704e+001  1.800000e+001
      vertex -4.922120e+001 -1.459445e+001  1.800000e+001
    endloop
  endfacet
  facet normal  0.000000e+000  0.000000e+000  9.999999e-001
    outer loop
      vertex -4.791955e+001 -1.489154e+001  1.800000e+001
      vertex -4.922120e+001 -1.459445e+001  1.800000e+001
      vertex -4.858711e+001 -1.481633e+001  1.800000e+001
    endloop
  endfacet
  facet normal  0.000000e+000  -0.000000e+000  1.000000e+000
    outer loop
      vertex -4.791955e+001 -4.929554e+001  1.800000e+001
      vertex -4.725199e+001 -4.922033e+001  1.800000e+001
      vertex -4.661790e+001 -4.899845e+001  1.800000e+001
    endloop
  endfacet
  facet normal  0.000000e+000  -0.000000e+000  1.000000e+000
    outer loop
      vertex -4.791955e+001 -4.929554e+001  1.800000e+001
      vertex -4.661790e+001 -4.899845e+001  1.800000e+001
      vertex -4.604908e+001 -4.864104e+001  1.800000e+001
    endloop
  endfacet
  facet normal  0.000000e+000  -0.000000e+000  1.000000e+000
    outer loop
      vertex -4.791955e+001 -4.929554e+001  1.800000e+001
      vertex -4.604908e+001 -4.864104e+001  1.800000e+001
      vertex -4.557406e+001 -4.816601e+001  1.800000e+001
    endloop
  endfacet
  facet normal  0.000000e+000  0.000000e+000  1.000000e+000
    outer loop
      vertex -4.791955e+001 -4.929554e+001  1.800000e+001
      vertex -4.557406e+001 -4.816601e+001  1.800000e+001
      vertex -4.767762e+001 -4.797824e+001  1.800000e+001
    endloop
  endfacet
  facet normal  0.000000e+000  0.000000e+000  1.000000e+000
    outer loop
      vertex -4.791955e+001 -4.929554e+001  1.800000e+001
      vertex -4.767762e+001 -4.797824e+001  1.800000e+001
      vertex -4.816149e+001 -4.797824e+001  1.800000e+001
    endloop
  endfacet
  facet normal  0.000000e+000  0.000000e+000  1.000000e+000
    outer loop
      vertex -4.791955e+001 -4.929554e+001  1.800000e+001
      vertex -4.816149e+001 -4.797824e+001  1.800000e+001
      vertex -5.026505e+001 -4.816601e+001  1.800000e+001
    endloop
  endfacet
  facet normal  0.000000e+000  0.000000e+000  1.000000e+000
    outer loop
      vertex -4.791955e+001 -4.929554e+001  1.800000e+001
      vertex -5.026505e+001 -4.816601e+001  1.800000e+001
      vertex -4.979002e+001 -4.864104e+001  1.800000e+001
    endloop
  endfacet
  facet normal  0.000000e+000  0.000000e+000  1.000000e+000
    outer loop
      vertex -4.791955e+001 -4.929554e+001  1.800000e+001
      vertex -4.979002e+001 -4.864104e+001  1.800000e+001
      vertex -4.922120e+001 -4.899845e+001  1.800000e+001
    endloop
  endfacet
  facet normal  0.000000e+000  0.000000e+000  9.999999e-001
    outer loop
      vertex -4.791955e+001 -4.929554e+001  1.800000e+001
      vertex -4.922120e+001 -4.899845e+001  1.800000e+001
      vertex -4.858711e+001 -4.922033e+001  1.800000e+001
    endloop
  endfacet
  facet normal  0.000000e+000  -0.000000e+000  1.000000e+000
    outer loop
      vertex  3.648478e+001 -4.929554e+001  1.800000e+001
      vertex  3.715234e+001 -4.922033e+001  1.800000e+001
      vertex  3.778643e+001 -4.899845e+001  1.800000e+001
    endloop
  endfacet
  facet normal  0.000000e+000  -0.000000e+000  1.000000e+000
    outer loop
      vertex  3.648478e+001 -4.929554e+001  1.800000e+001
      vertex  3.778643e+001 -4.899845e+001  1.800000e+001
      vertex  3.835524e+001 -4.864104e+001  1.800000e+001
    endloop
  endfacet
  facet normal  0.000000e+000  -0.000000e+000  1.000000e+000
    outer loop
      vertex  3.648478e+001 -4.929554e+001  1.800000e+001
      vertex  3.835524e+001 -4.864104e+001  1.800000e+001
      vertex  3.883027e+001 -4.816601e+001  1.800000e+001
    endloop
  endfacet
  facet normal  0.000000e+000  0.000000e+000  1.000000e+000
    outer loop
      vertex  3.648478e+001 -4.929554e+001  1.800000e+001
      vertex  3.883027e+001 -4.816601e+001  1.800000e+001
      vertex  3.672671e+001 -4.797824e+001  1.800000e+001
    endloop
  endfacet
  facet normal  0.000000e+000  0.000000e+000  1.000000e+000
    outer loop
      vertex  3.648478e+001 -4.929554e+001  1.800000e+001
      vertex  3.672671e+001 -4.797824e+001  1.800000e+001
      vertex  3.624284e+001 -4.797824e+001  1.800000e+001
    endloop
  endfacet
  facet normal  0.000000e+000  0.000000e+000  1.000000e+000
    outer loop
      vertex  3.648478e+001 -4.929554e+001  1.800000e+001
      vertex  3.624284e+001 -4.797824e+001  1.800000e+001
      vertex  3.413928e+001 -4.816601e+001  1.800000e+001
    endloop
  endfacet
  facet normal  0.000000e+000  0.000000e+000  1.000000e+000
    outer loop
      vertex  3.648478e+001 -4.929554e+001  1.800000e+001
      vertex  3.413928e+001 -4.816601e+001  1.800000e+001
      vertex  3.461430e+001 -4.864104e+001  1.800000e+001
    endloop
  endfacet
  facet normal  0.000000e+000  0.000000e+000  1.000000e+000
    outer loop
      vertex  3.648478e+001 -4.929554e+001  1.800000e+001
      vertex  3.461430e+001 -4.864104e+001  1.800000e+001
      vertex  3.518312e+001 -4.899845e+001  1.800000e+001
    endloop
  endfacet
  facet normal  0.000000e+000  0.000000e+000  1.000000e+000
    outer loop
      vertex  3.648478e+001 -4.929554e+001  1.800000e+001
      vertex  3.518312e+001 -4.899845e+001  1.800000e+001
      vertex  3.581721e+001 -4.922033e+001  1.800000e+001
    endloop
  endfacet
  facet normal  0.000000e+000  -0.000000e+000  1.000000e+000
    outer loop
      vertex  3.348478e+001 -1.309354e+001  1.800000e+001
      vertex  3.428261e+001 -1.409354e+001  1.800000e+001
      vertex  3.577857e+001 -1.343792e+001  1.800000e+001
    endloop
  endfacet
  facet normal  0.000000e+000  0.000000e+000  1.000000e+000
    outer loop
      vertex  3.348478e+001 -1.309354e+001  1.800000e+001
      vertex  3.577857e+001 -1.343792e+001  1.800000e+001
      vertex  3.537151e+001 -1.317632e+001  1.800000e+001
    endloop
  endfacet
  facet normal  0.000000e+000  0.000000e+000  1.000000e+000
    outer loop
      vertex  3.348478e+001 -1.309354e+001  1.800000e+001
      vertex  3.537151e+001 -1.317632e+001  1.800000e+001
      vertex  3.505465e+001 -1.281063e+001  1.800000e+001
    endloop
  endfacet
  facet normal  0.000000e+000  0.000000e+000  1.000000e+000
    outer loop
      vertex  3.348478e+001 -1.309354e+001  1.800000e+001
      vertex  3.505465e+001 -1.281063e+001  1.800000e+001
      vertex  3.485364e+001 -1.237049e+001  1.800000e+001
    endloop
  endfacet
  facet normal  0.000000e+000  0.000000e+000  1.000000e+000
    outer loop
      vertex  3.348478e+001 -1.309354e+001  1.800000e+001
      vertex  3.485364e+001 -1.237049e+001  1.800000e+001
      vertex  3.478477e+001 -1.189154e+001  1.800000e+001
    endloop
  endfacet
  facet normal  0.000000e+000  0.000000e+000  1.000000e+000
    outer loop
      vertex  3.348478e+001 -1.309354e+001  1.800000e+001
      vertex  3.478477e+001 -1.189154e+001  1.800000e+001
      vertex  3.348478e+001 -1.189154e+001  1.800000e+001
    endloop
  endfacet
  facet normal  0.000000e+000  0.000000e+000  1.000000e+000
    outer loop
      vertex -4.922120e+001 -4.359264e+001  1.800000e+001
      vertex -4.979002e+001 -4.395005e+001  1.800000e+001
      vertex -4.858711e+001 -4.337076e+001  1.800000e+001
    endloop
  endfacet
  facet normal  0.000000e+000  0.000000e+000  1.000000e+000
    outer loop
      vertex -4.858711e+001 -4.337076e+001  1.800000e+001
      vertex -4.979002e+001 -4.395005e+001  1.800000e+001
      vertex -5.026505e+001 -4.442508e+001  1.800000e+001
    endloop
  endfacet
  facet normal  0.000000e+000  0.000000e+000  1.000000e+000
    outer loop
      vertex -4.858711e+001 -4.337076e+001  1.800000e+001
      vertex -5.026505e+001 -4.442508e+001  1.800000e+001
      vertex -4.791955e+001 -4.329554e+001  1.800000e+001
    endloop
  endfacet
  facet normal  0.000000e+000  0.000000e+000  1.000000e+000
    outer loop
      vertex -4.791955e+001 -4.329554e+001  1.800000e+001
      vertex -5.026505e+001 -4.442508e+001  1.800000e+001
      vertex -4.816149e+001 -4.461285e+001  1.800000e+001
    endloop
  endfacet
  facet normal  0.000000e+000  0.000000e+000  1.000000e+000
    outer loop
      vertex -4.791955e+001 -4.329554e+001  1.800000e+001
      vertex -4.816149e+001 -4.461285e+001  1.800000e+001
      vertex -4.571739e+001 -4.409354e+001  1.800000e+001
    endloop
  endfacet
  facet normal  0.000000e+000  0.000000e+000  1.000000e+000
    outer loop
      vertex -4.571739e+001 -4.409354e+001  1.800000e+001
      vertex -4.816149e+001 -4.461285e+001  1.800000e+001
      vertex -4.767762e+001 -4.461285e+001  1.800000e+001
    endloop
  endfacet
  facet normal  -0.000000e+000  0.000000e+000  1.000000e+000
    outer loop
      vertex -4.571739e+001 -4.409354e+001  1.800000e+001
      vertex -4.767762e+001 -4.461285e+001  1.800000e+001
      vertex -4.721334e+001 -4.474917e+001  1.800000e+001
    endloop
  endfacet
  facet normal  0.000000e+000  0.000000e+000  1.000000e+000
    outer loop
      vertex -4.922120e+001 -9.188638e+000  1.800000e+001
      vertex -4.979002e+001 -9.546049e+000  1.800000e+001
      vertex -4.858711e+001 -8.966761e+000  1.800000e+001
    endloop
  endfacet
  facet normal  0.000000e+000  0.000000e+000  1.000000e+000
    outer loop
      vertex -4.858711e+001 -8.966761e+000  1.800000e+001
      vertex -4.979002e+001 -9.546049e+000  1.800000e+001
      vertex -5.026505e+001 -1.002107e+001  1.800000e+001
    endloop
  endfacet
  facet normal  0.000000e+000  0.000000e+000  9.999999e-001
    outer loop
      vertex -4.858711e+001 -8.966761e+000  1.800000e+001
      vertex -5.026505e+001 -1.002107e+001  1.800000e+001
      vertex -4.791955e+001 -8.891544e+000  1.800000e+001
    endloop
  endfacet
  facet normal  0.000000e+000  0.000000e+000  1.000000e+000
    outer loop
      vertex -4.791955e+001 -8.891544e+000  1.800000e+001
      vertex -5.026505e+001 -1.002107e+001  1.800000e+001
      vertex -4.816149e+001 -1.020885e+001  1.800000e+001
    endloop
  endfacet
  facet normal  0.000000e+000  0.000000e+000  1.000000e+000
    outer loop
      vertex -4.791955e+001 -8.891544e+000  1.800000e+001
      vertex -4.816149e+001 -1.020885e+001  1.800000e+001
      vertex -4.725199e+001 -8.966761e+000  1.800000e+001
    endloop
  endfacet
  facet normal  0.000000e+000  0.000000e+000  1.000000e+000
    outer loop
      vertex -4.725199e+001 -8.966761e+000  1.800000e+001
      vertex -4.816149e+001 -1.020885e+001  1.800000e+001
      vertex -4.767762e+001 -1.020885e+001  1.800000e+001
    endloop
  endfacet
  facet normal  0.000000e+000  0.000000e+000  1.000000e+000
    outer loop
      vertex -4.725199e+001 -8.966761e+000  1.800000e+001
      vertex -4.767762e+001 -1.020885e+001  1.800000e+001
      vertex -4.661790e+001 -9.188638e+000  1.800000e+001
    endloop
  endfacet
  facet normal  0.000000e+000  0.000000e+000  1.000000e+000
    outer loop
      vertex -4.604908e+001 -9.546049e+000  1.800000e+001
      vertex -4.661790e+001 -9.188638e+000  1.800000e+001
      vertex -4.557406e+001 -1.002107e+001  1.800000e+001
    endloop
  endfacet
  facet normal  0.000000e+000  0.000000e+000  1.000000e+000
    outer loop
      vertex -4.557406e+001 -1.002107e+001  1.800000e+001
      vertex -4.661790e+001 -9.188638e+000  1.800000e+001
      vertex -4.767762e+001 -1.020885e+001  1.800000e+001
    endloop
  endfacet
  facet normal  -0.000000e+000  0.000000e+000  1.000000e+000
    outer loop
      vertex -4.557406e+001 -1.002107e+001  1.800000e+001
      vertex -4.767762e+001 -1.020885e+001  1.800000e+001
      vertex -4.521664e+001 -1.058989e+001  1.800000e+001
    endloop
  endfacet
  facet normal  0.000000e+000  0.000000e+000  1.000000e+000
    outer loop
      vertex -4.521664e+001 -1.058989e+001  1.800000e+001
      vertex -4.767762e+001 -1.020885e+001  1.800000e+001
      vertex -4.721334e+001 -1.034517e+001  1.800000e+001
    endloop
  endfacet
  facet normal  0.000000e+000  0.000000e+000  1.000000e+000
    outer loop
      vertex -4.521664e+001 -1.058989e+001  1.800000e+001
      vertex -4.721334e+001 -1.034517e+001  1.800000e+001
      vertex -4.680629e+001 -1.060677e+001  1.800000e+001
    endloop
  endfacet
  facet normal  0.000000e+000  0.000000e+000  1.000000e+000
    outer loop
      vertex  3.835524e+001 -4.395005e+001  1.800000e+001
      vertex  3.778643e+001 -4.359264e+001  1.800000e+001
      vertex  3.883027e+001 -4.442508e+001  1.800000e+001
    endloop
  endfacet
  facet normal  0.000000e+000  0.000000e+000  1.000000e+000
    outer loop
      vertex  3.883027e+001 -4.442508e+001  1.800000e+001
      vertex  3.778643e+001 -4.359264e+001  1.800000e+001
      vertex  3.672671e+001 -4.461285e+001  1.800000e+001
    endloop
  endfacet
  facet normal  -0.000000e+000  0.000000e+000  1.000000e+000
    outer loop
      vertex  3.883027e+001 -4.442508e+001  1.800000e+001
      vertex  3.672671e+001 -4.461285e+001  1.800000e+001
      vertex  3.918768e+001 -4.499389e+001  1.800000e+001
    endloop
  endfacet
  facet normal  0.000000e+000  0.000000e+000  1.000000e+000
    outer loop
      vertex  3.918768e+001 -4.499389e+001  1.800000e+001
      vertex  3.672671e+001 -4.461285e+001  1.800000e+001
      vertex  3.719098e+001 -4.474917e+001  1.800000e+001
    endloop
  endfacet
  facet normal  0.000000e+000  0.000000e+000  9.999999e-001
    outer loop
      vertex  3.918768e+001 -4.499389e+001  1.800000e+001
      vertex  3.719098e+001 -4.474917e+001  1.800000e+001
      vertex  3.759804e+001 -4.501077e+001  1.800000e+001
    endloop
  endfacet
  facet normal  0.000000e+000  0.000000e+000  9.999999e-001
    outer loop
      vertex  3.518312e+001 -9.188638e+000  1.800000e+001
      vertex  3.461430e+001 -9.546049e+000  1.800000e+001
      vertex  3.581721e+001 -8.966761e+000  1.800000e+001
    endloop
  endfacet
  facet normal  0.000000e+000  0.000000e+000  1.000000e+000
    outer loop
      vertex  3.581721e+001 -8.966761e+000  1.800000e+001
      vertex  3.461430e+001 -9.546049e+000  1.800000e+001
      vertex  3.413928e+001 -1.002107e+001  1.800000e+001
    endloop
  endfacet
  facet normal  0.000000e+000  0.000000e+000  1.000000e+000
    outer loop
      vertex  3.581721e+001 -8.966761e+000  1.800000e+001
      vertex  3.413928e+001 -1.002107e+001  1.800000e+001
      vertex  3.648478e+001 -8.891544e+000  1.800000e+001
    endloop
  endfacet
  facet normal  0.000000e+000  0.000000e+000  1.000000e+000
    outer loop
      vertex  3.648478e+001 -8.891544e+000  1.800000e+001
      vertex  3.413928e+001 -1.002107e+001  1.800000e+001
      vertex  3.624284e+001 -1.020885e+001  1.800000e+001
    endloop
  endfacet
  facet normal  0.000000e+000  0.000000e+000  1.000000e+000
    outer loop
      vertex  3.648478e+001 -8.891544e+000  1.800000e+001
      vertex  3.624284e+001 -1.020885e+001  1.800000e+001
      vertex  3.715234e+001 -8.966761e+000  1.800000e+001
    endloop
  endfacet
  facet normal  0.000000e+000  0.000000e+000  1.000000e+000
    outer loop
      vertex  3.715234e+001 -8.966761e+000  1.800000e+001
      vertex  3.624284e+001 -1.020885e+001  1.800000e+001
      vertex  3.672671e+001 -1.020885e+001  1.800000e+001
    endloop
  endfacet
  facet normal  0.000000e+000  0.000000e+000  1.000000e+000
    outer loop
      vertex  3.715234e+001 -8.966761e+000  1.800000e+001
      vertex  3.672671e+001 -1.020885e+001  1.800000e+001
      vertex  3.778643e+001 -9.188638e+000  1.800000e+001
    endloop
  endfacet
  facet normal  0.000000e+000  0.000000e+000  1.000000e+000
    outer loop
      vertex  3.835524e+001 -9.546049e+000  1.800000e+001
      vertex  3.778643e+001 -9.188638e+000  1.800000e+001
      vertex  3.883027e+001 -1.002107e+001  1.800000e+001
    endloop
  endfacet
  facet normal  0.000000e+000  0.000000e+000  1.000000e+000
    outer loop
      vertex  3.883027e+001 -1.002107e+001  1.800000e+001
      vertex  3.778643e+001 -9.188638e+000  1.800000e+001
      vertex  3.672671e+001 -1.020885e+001  1.800000e+001
    endloop
  endfacet
  facet normal  -0.000000e+000  0.000000e+000  1.000000e+000
    outer loop
      vertex  3.883027e+001 -1.002107e+001  1.800000e+001
      vertex  3.672671e+001 -1.020885e+001  1.800000e+001
      vertex  3.918768e+001 -1.058989e+001  1.800000e+001
    endloop
  endfacet
  facet normal  0.000000e+000  0.000000e+000  1.000000e+000
    outer loop
      vertex  3.918768e+001 -1.058989e+001  1.800000e+001
      vertex  3.672671e+001 -1.020885e+001  1.800000e+001
      vertex  3.719098e+001 -1.034517e+001  1.800000e+001
    endloop
  endfacet
  facet normal  0.000000e+000  0.000000e+000  1.000000e+000
    outer loop
      vertex  3.918768e+001 -1.058989e+001  1.800000e+001
      vertex  3.719098e+001 -1.034517e+001  1.800000e+001
      vertex  3.759804e+001 -1.060677e+001  1.800000e+001
    endloop
  endfacet
  facet normal  0.000000e+000  0.000000e+000  1.000000e+000
    outer loop
      vertex  3.537151e+001 -4.501077e+001  1.800000e+001
      vertex  3.577857e+001 -4.474917e+001  1.800000e+001
      vertex  3.348478e+001 -4.509354e+001  1.800000e+001
    endloop
  endfacet
  facet normal  0.000000e+000  0.000000e+000  1.000000e+000
    outer loop
      vertex  3.348478e+001 -4.509354e+001  1.800000e+001
      vertex  3.577857e+001 -4.474917e+001  1.800000e+001
      vertex  3.428261e+001 -4.409354e+001  1.800000e+001
    endloop
  endfacet
  facet normal  0.000000e+000  0.000000e+000  1.000000e+000
    outer loop
      vertex  3.348478e+001 -4.509354e+001  1.800000e+001
      vertex  3.428261e+001 -4.409354e+001  1.800000e+001
      vertex -4.491955e+001 -4.509354e+001  1.800000e+001
    endloop
  endfacet
  facet normal  0.000000e+000  -0.000000e+000  1.000000e+000
    outer loop
      vertex -4.491955e+001 -4.509354e+001  1.800000e+001
      vertex  3.428261e+001 -4.409354e+001  1.800000e+001
      vertex -4.571739e+001 -4.409354e+001  1.800000e+001
    endloop
  endfacet
  facet normal  0.000000e+000  0.000000e+000  9.999999e-001
    outer loop
      vertex -4.491955e+001 -4.509354e+001  1.800000e+001
      vertex -4.571739e+001 -4.409354e+001  1.800000e+001
      vertex -4.680629e+001 -4.501077e+001  1.800000e+001
    endloop
  endfacet
  facet normal  0.000000e+000  -0.000000e+000  1.000000e+000
    outer loop
      vertex -4.680629e+001 -4.501077e+001  1.800000e+001
      vertex -4.571739e+001 -4.409354e+001  1.800000e+001
      vertex -4.721334e+001 -4.474917e+001  1.800000e+001
    endloop
  endfacet
  facet normal  0.000000e+000  0.000000e+000  1.000000e+000
    outer loop
      vertex -4.816149e+001 -1.020885e+001  1.800000e+001
      vertex -5.026505e+001 -1.002107e+001  1.800000e+001
      vertex -4.862576e+001 -1.034517e+001  1.800000e+001
    endloop
  endfacet
  facet normal  0.000000e+000  0.000000e+000  1.000000e+000
    outer loop
      vertex -4.862576e+001 -1.034517e+001  1.800000e+001
      vertex -5.026505e+001 -1.002107e+001  1.800000e+001
      vertex -5.062246e+001 -1.058989e+001  1.800000e+001
    endloop
  endfacet
  facet normal  -0.000000e+000  0.000000e+000  1.000000e+000
    outer loop
      vertex -4.862576e+001 -1.034517e+001  1.800000e+001
      vertex -5.062246e+001 -1.058989e+001  1.800000e+001
      vertex -4.903281e+001 -1.060677e+001  1.800000e+001
    endloop
  endfacet
  facet normal  0.000000e+000  0.000000e+000  1.000000e+000
    outer loop
      vertex -4.903281e+001 -1.060677e+001  1.800000e+001
      vertex -5.062246e+001 -1.058989e+001  1.800000e+001
      vertex -4.934968e+001 -1.097246e+001  1.800000e+001
    endloop
  endfacet
  facet normal  0.000000e+000  0.000000e+000  1.000000e+000
    outer loop
      vertex -4.934968e+001 -1.097246e+001  1.800000e+001
      vertex -5.062246e+001 -1.058989e+001  1.800000e+001
      vertex -5.084433e+001 -1.122398e+001  1.800000e+001
    endloop
  endfacet
  facet normal  -0.000000e+000  0.000000e+000  1.000000e+000
    outer loop
      vertex -4.934968e+001 -1.097246e+001  1.800000e+001
      vertex -5.084433e+001 -1.122398e+001  1.800000e+001
      vertex -4.955069e+001 -1.141260e+001  1.800000e+001
    endloop
  endfacet
  facet normal  0.000000e+000  0.000000e+000  1.000000e+000
    outer loop
      vertex -4.955069e+001 -1.141260e+001  1.800000e+001
      vertex -5.084433e+001 -1.122398e+001  1.800000e+001
      vertex -4.961955e+001 -1.189154e+001  1.800000e+001
    endloop
  endfacet
  facet normal  0.000000e+000  0.000000e+000  9.999999e-001
    outer loop
      vertex -4.961955e+001 -1.189154e+001  1.800000e+001
      vertex -5.084433e+001 -1.122398e+001  1.800000e+001
      vertex -5.091955e+001 -1.189154e+001  1.800000e+001
    endloop
  endfacet
  facet normal  -0.000000e+000  0.000000e+000  1.000000e+000
    outer loop
      vertex -4.961955e+001 -1.189154e+001  1.800000e+001
      vertex -5.091955e+001 -1.189154e+001  1.800000e+001
      vertex -4.955069e+001 -1.237049e+001  1.800000e+001
    endloop
  endfacet
  facet normal  0.000000e+000  0.000000e+000  1.000000e+000
    outer loop
      vertex -4.955069e+001 -1.237049e+001  1.800000e+001
      vertex -5.091955e+001 -1.189154e+001  1.800000e+001
      vertex -5.084433e+001 -1.255911e+001  1.800000e+001
    endloop
  endfacet
  facet normal  -0.000000e+000  0.000000e+000  1.000000e+000
    outer loop
      vertex -4.955069e+001 -1.237049e+001  1.800000e+001
      vertex -5.084433e+001 -1.255911e+001  1.800000e+001
      vertex -4.934968e+001 -1.281063e+001  1.800000e+001
    endloop
  endfacet
  facet normal  0.000000e+000  0.000000e+000  1.000000e+000
    outer loop
      vertex -4.934968e+001 -1.281063e+001  1.800000e+001
      vertex -5.084433e+001 -1.255911e+001  1.800000e+001
      vertex -5.062246e+001 -1.319320e+001  1.800000e+001
    endloop
  endfacet
  facet normal  0.000000e+000  0.000000e+000  1.000000e+000
    outer loop
      vertex -4.934968e+001 -1.281063e+001  1.800000e+001
      vertex -5.062246e+001 -1.319320e+001  1.800000e+001
      vertex -4.903281e+001 -1.317632e+001  1.800000e+001
    endloop
  endfacet
  facet normal  -0.000000e+000  0.000000e+000  1.000000e+000
    outer loop
      vertex -4.903281e+001 -1.317632e+001  1.800000e+001
      vertex -5.062246e+001 -1.319320e+001  1.800000e+001
      vertex -4.862576e+001 -1.343792e+001  1.800000e+001
    endloop
  endfacet
  facet normal  0.000000e+000  0.000000e+000  1.000000e+000
    outer loop
      vertex -4.862576e+001 -1.343792e+001  1.800000e+001
      vertex -5.062246e+001 -1.319320e+001  1.800000e+001
      vertex -5.026505e+001 -1.376201e+001  1.800000e+001
    endloop
  endfacet
  facet normal  0.000000e+000  0.000000e+000  9.999999e-001
    outer loop
      vertex -4.862576e+001 -1.343792e+001  1.800000e+001
      vertex -5.026505e+001 -1.376201e+001  1.800000e+001
      vertex -4.816149e+001 -1.357424e+001  1.800000e+001
    endloop
  endfacet
  facet normal  0.000000e+000  0.000000e+000  1.000000e+000
    outer loop
      vertex -4.816149e+001 -4.461285e+001  1.800000e+001
      vertex -5.026505e+001 -4.442508e+001  1.800000e+001
      vertex -4.862576e+001 -4.474917e+001  1.800000e+001
    endloop
  endfacet
  facet normal  0.000000e+000  0.000000e+000  1.000000e+000
    outer loop
      vertex -4.862576e+001 -4.474917e+001  1.800000e+001
      vertex -5.026505e+001 -4.442508e+001  1.800000e+001
      vertex -5.062246e+001 -4.499389e+001  1.800000e+001
    endloop
  endfacet
  facet normal  -0.000000e+000  0.000000e+000  9.999999e-001
    outer loop
      vertex -4.862576e+001 -4.474917e+001  1.800000e+001
      vertex -5.062246e+001 -4.499389e+001  1.800000e+001
      vertex -4.903281e+001 -4.501077e+001  1.800000e+001
    endloop
  endfacet
  facet normal  0.000000e+000  0.000000e+000  9.999999e-001
    outer loop
      vertex -4.903281e+001 -4.501077e+001  1.800000e+001
      vertex -5.062246e+001 -4.499389e+001  1.800000e+001
      vertex -4.934968e+001 -4.537645e+001  1.800000e+001
    endloop
  endfacet
  facet normal  0.000000e+000  0.000000e+000  9.999999e-001
    outer loop
      vertex -4.934968e+001 -4.537645e+001  1.800000e+001
      vertex -5.062246e+001 -4.499389e+001  1.800000e+001
      vertex -5.084433e+001 -4.562798e+001  1.800000e+001
    endloop
  endfacet
  facet normal  -0.000000e+000  0.000000e+000  1.000000e+000
    outer loop
      vertex -4.934968e+001 -4.537645e+001  1.800000e+001
      vertex -5.084433e+001 -4.562798e+001  1.800000e+001
      vertex -4.955069e+001 -4.581660e+001  1.800000e+001
    endloop
  endfacet
  facet normal  0.000000e+000  0.000000e+000  9.999999e-001
    outer loop
      vertex -4.955069e+001 -4.581660e+001  1.800000e+001
      vertex -5.084433e+001 -4.562798e+001  1.800000e+001
      vertex -4.961955e+001 -4.629554e+001  1.800000e+001
    endloop
  endfacet
  facet normal  0.000000e+000  0.000000e+000  1.000000e+000
    outer loop
      vertex -4.961955e+001 -4.629554e+001  1.800000e+001
      vertex -5.084433e+001 -4.562798e+001  1.800000e+001
      vertex -5.091955e+001 -4.629554e+001  1.800000e+001
    endloop
  endfacet
  facet normal  -0.000000e+000  0.000000e+000  9.999999e-001
    outer loop
      vertex -4.961955e+001 -4.629554e+001  1.800000e+001
      vertex -5.091955e+001 -4.629554e+001  1.800000e+001
      vertex -4.955069e+001 -4.677449e+001  1.800000e+001
    endloop
  endfacet
  facet normal  0.000000e+000  0.000000e+000  9.999999e-001
    outer loop
      vertex -4.955069e+001 -4.677449e+001  1.800000e+001
      vertex -5.091955e+001 -4.629554e+001  1.800000e+001
      vertex -5.084433e+001 -4.696311e+001  1.800000e+001
    endloop
  endfacet
  facet normal  -0.000000e+000  0.000000e+000  1.000000e+000
    outer loop
      vertex -4.955069e+001 -4.677449e+001  1.800000e+001
      vertex -5.084433e+001 -4.696311e+001  1.800000e+001
      vertex -4.934968e+001 -4.721463e+001  1.800000e+001
    endloop
  endfacet
  facet normal  0.000000e+000  0.000000e+000  9.999999e-001
    outer loop
      vertex -4.934968e+001 -4.721463e+001  1.800000e+001
      vertex -5.084433e+001 -4.696311e+001  1.800000e+001
      vertex -5.062246e+001 -4.759719e+001  1.800000e+001
    endloop
  endfacet
  facet normal  0.000000e+000  0.000000e+000  9.999999e-001
    outer loop
      vertex -4.934968e+001 -4.721463e+001  1.800000e+001
      vertex -5.062246e+001 -4.759719e+001  1.800000e+001
      vertex -4.903281e+001 -4.758032e+001  1.800000e+001
    endloop
  endfacet
  facet normal  -0.000000e+000  0.000000e+000  9.999999e-001
    outer loop
      vertex -4.903281e+001 -4.758032e+001  1.800000e+001
      vertex -5.062246e+001 -4.759719e+001  1.800000e+001
      vertex -4.862576e+001 -4.784192e+001  1.800000e+001
    endloop
  endfacet
  facet normal  0.000000e+000  0.000000e+000  1.000000e+000
    outer loop
      vertex -4.862576e+001 -4.784192e+001  1.800000e+001
      vertex -5.062246e+001 -4.759719e+001  1.800000e+001
      vertex -5.026505e+001 -4.816601e+001  1.800000e+001
    endloop
  endfacet
  facet normal  0.000000e+000  0.000000e+000  1.000000e+000
    outer loop
      vertex -4.862576e+001 -4.784192e+001  1.800000e+001
      vertex -5.026505e+001 -4.816601e+001  1.800000e+001
      vertex -4.816149e+001 -4.797824e+001  1.800000e+001
    endloop
  endfacet
  facet normal  -0.000000e+000  0.000000e+000  1.000000e+000
    outer loop
      vertex  3.918768e+001 -4.499389e+001  1.800000e+001
      vertex  3.759804e+001 -4.501077e+001  1.800000e+001
      vertex  3.940956e+001 -4.562798e+001  1.800000e+001
    endloop
  endfacet
  facet normal  0.000000e+000  0.000000e+000  9.999999e-001
    outer loop
      vertex  3.940956e+001 -4.562798e+001  1.800000e+001
      vertex  3.759804e+001 -4.501077e+001  1.800000e+001
      vertex  3.791491e+001 -4.537645e+001  1.800000e+001
    endloop
  endfacet
  facet normal  0.000000e+000  0.000000e+000  1.000000e+000
    outer loop
      vertex  3.940956e+001 -4.562798e+001  1.800000e+001
      vertex  3.791491e+001 -4.537645e+001  1.800000e+001
      vertex  3.811591e+001 -4.581660e+001  1.800000e+001
    endloop
  endfacet
  facet normal  -0.000000e+000  0.000000e+000  1.000000e+000
    outer loop
      vertex  3.940956e+001 -4.562798e+001  1.800000e+001
      vertex  3.811591e+001 -4.581660e+001  1.800000e+001
      vertex  3.948478e+001 -4.629554e+001  1.800000e+001
    endloop
  endfacet
  facet normal  0.000000e+000  0.000000e+000  9.999999e-001
    outer loop
      vertex  3.948478e+001 -4.629554e+001  1.800000e+001
      vertex  3.811591e+001 -4.581660e+001  1.800000e+001
      vertex  3.818478e+001 -4.629554e+001  1.800000e+001
    endloop
  endfacet
  facet normal  -0.000000e+000  0.000000e+000  9.999999e-001
    outer loop
      vertex  3.948478e+001 -4.629554e+001  1.800000e+001
      vertex  3.818478e+001 -4.629554e+001  1.800000e+001
      vertex  3.940956e+001 -4.696311e+001  1.800000e+001
    endloop
  endfacet
  facet normal  0.000000e+000  0.000000e+000  1.000000e+000
    outer loop
      vertex  3.940956e+001 -4.696311e+001  1.800000e+001
      vertex  3.818478e+001 -4.629554e+001  1.800000e+001
      vertex  3.811591e+001 -4.677449e+001  1.800000e+001
    endloop
  endfacet
  facet normal  0.000000e+000  0.000000e+000  1.000000e+000
    outer loop
      vertex  3.940956e+001 -4.696311e+001  1.800000e+001
      vertex  3.811591e+001 -4.677449e+001  1.800000e+001
      vertex  3.918768e+001 -4.759719e+001  1.800000e+001
    endloop
  endfacet
  facet normal  0.000000e+000  0.000000e+000  1.000000e+000
    outer loop
      vertex  3.918768e+001 -4.759719e+001  1.800000e+001
      vertex  3.811591e+001 -4.677449e+001  1.800000e+001
      vertex  3.791491e+001 -4.721463e+001  1.800000e+001
    endloop
  endfacet
  facet normal  0.000000e+000  0.000000e+000  9.999999e-001
    outer loop
      vertex  3.918768e+001 -4.759719e+001  1.800000e+001
      vertex  3.791491e+001 -4.721463e+001  1.800000e+001
      vertex  3.759804e+001 -4.758032e+001  1.800000e+001
    endloop
  endfacet
  facet normal  0.000000e+000  0.000000e+000  9.999999e-001
    outer loop
      vertex  3.918768e+001 -4.759719e+001  1.800000e+001
      vertex  3.759804e+001 -4.758032e+001  1.800000e+001
      vertex  3.883027e+001 -4.816601e+001  1.800000e+001
    endloop
  endfacet
  facet normal  0.000000e+000  0.000000e+000  1.000000e+000
    outer loop
      vertex  3.883027e+001 -4.816601e+001  1.800000e+001
      vertex  3.759804e+001 -4.758032e+001  1.800000e+001
      vertex  3.719098e+001 -4.784192e+001  1.800000e+001
    endloop
  endfacet
  facet normal  0.000000e+000  0.000000e+000  1.000000e+000
    outer loop
      vertex  3.883027e+001 -4.816601e+001  1.800000e+001
      vertex  3.719098e+001 -4.784192e+001  1.800000e+001
      vertex  3.672671e+001 -4.797824e+001  1.800000e+001
    endloop
  endfacet
  facet normal  -0.000000e+000  0.000000e+000  1.000000e+000
    outer loop
      vertex -4.521664e+001 -1.058989e+001  1.800000e+001
      vertex -4.680629e+001 -1.060677e+001  1.800000e+001
      vertex -4.499477e+001 -1.122398e+001  1.800000e+001
    endloop
  endfacet
  facet normal  0.000000e+000  0.000000e+000  9.999999e-001
    outer loop
      vertex -4.499477e+001 -1.122398e+001  1.800000e+001
      vertex -4.680629e+001 -1.060677e+001  1.800000e+001
      vertex -4.648942e+001 -1.097246e+001  1.800000e+001
    endloop
  endfacet
  facet normal  0.000000e+000  0.000000e+000  1.000000e+000
    outer loop
      vertex -4.499477e+001 -1.122398e+001  1.800000e+001
      vertex -4.648942e+001 -1.097246e+001  1.800000e+001
      vertex -4.628841e+001 -1.141260e+001  1.800000e+001
    endloop
  endfacet
  facet normal  0.000000e+000  -0.000000e+000  1.000000e+000
    outer loop
      vertex -4.628841e+001 -1.141260e+001  1.800000e+001
      vertex -4.621955e+001 -1.189154e+001  1.800000e+001
      vertex -4.499477e+001 -1.122398e+001  1.800000e+001
    endloop
  endfacet
  facet normal  0.000000e+000  0.000000e+000  9.999999e-001
    outer loop
      vertex -4.499477e+001 -1.122398e+001  1.800000e+001
      vertex -4.621955e+001 -1.189154e+001  1.800000e+001
      vertex -4.491955e+001 -1.189154e+001  1.800000e+001
    endloop
  endfacet
  facet normal  0.000000e+000  0.000000e+000  1.000000e+000
    outer loop
      vertex -4.499477e+001 -4.696311e+001  1.800000e+001
      vertex -4.628841e+001 -4.677449e+001  1.800000e+001
      vertex -4.521664e+001 -4.759719e+001  1.800000e+001
    endloop
  endfacet
  facet normal  0.000000e+000  0.000000e+000  1.000000e+000
    outer loop
      vertex -4.521664e+001 -4.759719e+001  1.800000e+001
      vertex -4.628841e+001 -4.677449e+001  1.800000e+001
      vertex -4.648942e+001 -4.721463e+001  1.800000e+001
    endloop
  endfacet
  facet normal  0.000000e+000  0.000000e+000  9.999999e-001
    outer loop
      vertex -4.521664e+001 -4.759719e+001  1.800000e+001
      vertex -4.648942e+001 -4.721463e+001  1.800000e+001
      vertex -4.680629e+001 -4.758032e+001  1.800000e+001
    endloop
  endfacet
  facet normal  0.000000e+000  0.000000e+000  9.999999e-001
    outer loop
      vertex -4.521664e+001 -4.759719e+001  1.800000e+001
      vertex -4.680629e+001 -4.758032e+001  1.800000e+001
      vertex -4.557406e+001 -4.816601e+001  1.800000e+001
    endloop
  endfacet
  facet normal  0.000000e+000  0.000000e+000  1.000000e+000
    outer loop
      vertex -4.557406e+001 -4.816601e+001  1.800000e+001
      vertex -4.680629e+001 -4.758032e+001  1.800000e+001
      vertex -4.721334e+001 -4.784192e+001  1.800000e+001
    endloop
  endfacet
  facet normal  0.000000e+000  0.000000e+000  1.000000e+000
    outer loop
      vertex -4.557406e+001 -4.816601e+001  1.800000e+001
      vertex -4.721334e+001 -4.784192e+001  1.800000e+001
      vertex -4.767762e+001 -4.797824e+001  1.800000e+001
    endloop
  endfacet
  facet normal  0.000000e+000  0.000000e+000  1.000000e+000
    outer loop
      vertex  3.624284e+001 -1.020885e+001  1.800000e+001
      vertex  3.413928e+001 -1.002107e+001  1.800000e+001
      vertex  3.577857e+001 -1.034517e+001  1.800000e+001
    endloop
  endfacet
  facet normal  0.000000e+000  0.000000e+000  1.000000e+000
    outer loop
      vertex  3.577857e+001 -1.034517e+001  1.800000e+001
      vertex  3.413928e+001 -1.002107e+001  1.800000e+001
      vertex  3.378187e+001 -1.058989e+001  1.800000e+001
    endloop
  endfacet
  facet normal  -0.000000e+000  0.000000e+000  1.000000e+000
    outer loop
      vertex  3.577857e+001 -1.034517e+001  1.800000e+001
      vertex  3.378187e+001 -1.058989e+001  1.800000e+001
      vertex  3.537151e+001 -1.060677e+001  1.800000e+001
    endloop
  endfacet
  facet normal  0.000000e+000  0.000000e+000  1.000000e+000
    outer loop
      vertex  3.537151e+001 -1.060677e+001  1.800000e+001
      vertex  3.378187e+001 -1.058989e+001  1.800000e+001
      vertex  3.505465e+001 -1.097246e+001  1.800000e+001
    endloop
  endfacet
  facet normal  0.000000e+000  0.000000e+000  1.000000e+000
    outer loop
      vertex  3.505465e+001 -1.097246e+001  1.800000e+001
      vertex  3.378187e+001 -1.058989e+001  1.800000e+001
      vertex  3.355999e+001 -1.122398e+001  1.800000e+001
    endloop
  endfacet
  facet normal  -0.000000e+000  0.000000e+000  1.000000e+000
    outer loop
      vertex  3.505465e+001 -1.097246e+001  1.800000e+001
      vertex  3.355999e+001 -1.122398e+001  1.800000e+001
      vertex  3.485364e+001 -1.141260e+001  1.800000e+001
    endloop
  endfacet
  facet normal  0.000000e+000  0.000000e+000  9.999999e-001
    outer loop
      vertex  3.348478e+001 -1.189154e+001  1.800000e+001
      vertex  3.478477e+001 -1.189154e+001  1.800000e+001
      vertex  3.355999e+001 -1.122398e+001  1.800000e+001
    endloop
  endfacet
  facet normal  0.000000e+000  0.000000e+000  1.000000e+000
    outer loop
      vertex  3.355999e+001 -1.122398e+001  1.800000e+001
      vertex  3.478477e+001 -1.189154e+001  1.800000e+001
      vertex  3.485364e+001 -1.141260e+001  1.800000e+001
    endloop
  endfacet
  facet normal  0.000000e+000  0.000000e+000  1.000000e+000
    outer loop
      vertex  3.428261e+001 -4.409354e+001  1.800000e+001
      vertex  3.528261e+001 -4.329554e+001  1.800000e+001
      vertex  3.428261e+001 -1.409354e+001  1.800000e+001
    endloop
  endfacet
  facet normal  0.000000e+000  0.000000e+000  1.000000e+000
    outer loop
      vertex  3.428261e+001 -1.409354e+001  1.800000e+001
      vertex  3.528261e+001 -4.329554e+001  1.800000e+001
      vertex  3.528261e+001 -1.489154e+001  1.800000e+001
    endloop
  endfacet
  facet normal  -0.000000e+000  0.000000e+000  1.000000e+000
    outer loop
      vertex  3.485364e+001 -4.677449e+001  1.800000e+001
      vertex  3.355999e+001 -4.696311e+001  1.800000e+001
      vertex  3.505465e+001 -4.721463e+001  1.800000e+001
    endloop
  endfacet
  facet normal  0.000000e+000  0.000000e+000  1.000000e+000
    outer loop
      vertex  3.505465e+001 -4.721463e+001  1.800000e+001
      vertex  3.355999e+001 -4.696311e+001  1.800000e+001
      vertex  3.378187e+001 -4.759719e+001  1.800000e+001
    endloop
  endfacet
  facet normal  0.000000e+000  0.000000e+000  9.999999e-001
    outer loop
      vertex  3.505465e+001 -4.721463e+001  1.800000e+001
      vertex  3.378187e+001 -4.759719e+001  1.800000e+001
      vertex  3.537151e+001 -4.758032e+001  1.800000e+001
    endloop
  endfacet
  facet normal  -0.000000e+000  0.000000e+000  9.999999e-001
    outer loop
      vertex  3.537151e+001 -4.758032e+001  1.800000e+001
      vertex  3.378187e+001 -4.759719e+001  1.800000e+001
      vertex  3.577857e+001 -4.784192e+001  1.800000e+001
    endloop
  endfacet
  facet normal  0.000000e+000  0.000000e+000  1.000000e+000
    outer loop
      vertex  3.577857e+001 -4.784192e+001  1.800000e+001
      vertex  3.378187e+001 -4.759719e+001  1.800000e+001
      vertex  3.413928e+001 -4.816601e+001  1.800000e+001
    endloop
  endfacet
  facet normal  0.000000e+000  0.000000e+000  1.000000e+000
    outer loop
      vertex  3.577857e+001 -4.784192e+001  1.800000e+001
      vertex  3.413928e+001 -4.816601e+001  1.800000e+001
      vertex  3.624284e+001 -4.797824e+001  1.800000e+001
    endloop
  endfacet
  facet normal  -0.000000e+000  0.000000e+000  1.000000e+000
    outer loop
      vertex  3.918768e+001 -1.058989e+001  1.800000e+001
      vertex  3.759804e+001 -1.060677e+001  1.800000e+001
      vertex  3.940956e+001 -1.122398e+001  1.800000e+001
    endloop
  endfacet
  facet normal  0.000000e+000  0.000000e+000  1.000000e+000
    outer loop
      vertex  3.940956e+001 -1.122398e+001  1.800000e+001
      vertex  3.759804e+001 -1.060677e+001  1.800000e+001
      vertex  3.791491e+001 -1.097246e+001  1.800000e+001
    endloop
  endfacet
  facet normal  0.000000e+000  0.000000e+000  1.000000e+000
    outer loop
      vertex  3.940956e+001 -1.122398e+001  1.800000e+001
      vertex  3.791491e+001 -1.097246e+001  1.800000e+001
      vertex  3.811591e+001 -1.141260e+001  1.800000e+001
    endloop
  endfacet
  facet normal  -0.000000e+000  0.000000e+000  9.999999e-001
    outer loop
      vertex  3.940956e+001 -1.122398e+001  1.800000e+001
      vertex  3.811591e+001 -1.141260e+001  1.800000e+001
      vertex  3.948478e+001 -1.189154e+001  1.800000e+001
    endloop
  endfacet
  facet normal  0.000000e+000  0.000000e+000  1.000000e+000
    outer loop
      vertex  3.948478e+001 -1.189154e+001  1.800000e+001
      vertex  3.811591e+001 -1.141260e+001  1.800000e+001
      vertex  3.818478e+001 -1.189154e+001  1.800000e+001
    endloop
  endfacet
  facet normal  -0.000000e+000  0.000000e+000  9.999999e-001
    outer loop
      vertex  3.948478e+001 -1.189154e+001  1.800000e+001
      vertex  3.818478e+001 -1.189154e+001  1.800000e+001
      vertex  3.940956e+001 -1.255911e+001  1.800000e+001
    endloop
  endfacet
  facet normal  0.000000e+000  0.000000e+000  1.000000e+000
    outer loop
      vertex  3.940956e+001 -1.255911e+001  1.800000e+001
      vertex  3.818478e+001 -1.189154e+001  1.800000e+001
      vertex  3.811591e+001 -1.237049e+001  1.800000e+001
    endloop
  endfacet
  facet normal  0.000000e+000  0.000000e+000  1.000000e+000
    outer loop
      vertex  3.940956e+001 -1.255911e+001  1.800000e+001
      vertex  3.811591e+001 -1.237049e+001  1.800000e+001
      vertex  3.918768e+001 -1.319320e+001  1.800000e+001
    endloop
  endfacet
  facet normal  0.000000e+000  0.000000e+000  1.000000e+000
    outer loop
      vertex  3.918768e+001 -1.319320e+001  1.800000e+001
      vertex  3.811591e+001 -1.237049e+001  1.800000e+001
      vertex  3.791491e+001 -1.281063e+001  1.800000e+001
    endloop
  endfacet
  facet normal  0.000000e+000  0.000000e+000  1.000000e+000
    outer loop
      vertex  3.918768e+001 -1.319320e+001  1.800000e+001
      vertex  3.791491e+001 -1.281063e+001  1.800000e+001
      vertex  3.759804e+001 -1.317632e+001  1.800000e+001
    endloop
  endfacet
  facet normal  0.000000e+000  0.000000e+000  1.000000e+000
    outer loop
      vertex  3.918768e+001 -1.319320e+001  1.800000e+001
      vertex  3.759804e+001 -1.317632e+001  1.800000e+001
      vertex  3.883027e+001 -1.376201e+001  1.800000e+001
    endloop
  endfacet
  facet normal  0.000000e+000  0.000000e+000  1.000000e+000
    outer loop
      vertex  3.883027e+001 -1.376201e+001  1.800000e+001
      vertex  3.759804e+001 -1.317632e+001  1.800000e+001
      vertex  3.719098e+001 -1.343792e+001  1.800000e+001
    endloop
  endfacet
  facet normal  0.000000e+000  0.000000e+000  9.999999e-001
    outer loop
      vertex  3.883027e+001 -1.376201e+001  1.800000e+001
      vertex  3.719098e+001 -1.343792e+001  1.800000e+001
      vertex  3.672671e+001 -1.357424e+001  1.800000e+001
    endloop
  endfacet
  facet normal  0.000000e+000  0.000000e+000 -1.000000e+000
    outer loop
      vertex -4.571739e+001 -2.524354e+001  1.670000e+001
      vertex -4.571739e+001 -3.294354e+001  1.670000e+001
      vertex -4.671739e+001 -2.524354e+001  1.670000e+001
    endloop
  endfacet
  facet normal  0.000000e+000  0.000000e+000 -1.000000e+000
    outer loop
      vertex -4.671739e+001 -2.524354e+001  1.670000e+001
      vertex -4.571739e+001 -3.294354e+001  1.670000e+001
      vertex -4.671739e+001 -3.294354e+001  1.670000e+001
    endloop
  endfacet
  facet normal  0.000000e+000 -1.000000e+000  0.000000e+000
    outer loop
      vertex -4.571739e+001 -2.424354e+001  1.570000e+001
      vertex -4.671739e+001 -2.424354e+001  1.570000e+001
      vertex -4.571739e+001 -2.424354e+001  1.300000e+001
    endloop
  endfacet
  facet normal  0.000000e+000 -1.000000e+000  0.000000e+000
    outer loop
      vertex -4.571739e+001 -2.424354e+001  1.300000e+001
      vertex -4.671739e+001 -2.424354e+001  1.570000e+001
      vertex -4.671739e+001 -2.424354e+001  1.300000e+001
    endloop
  endfacet
  facet normal  9.999999e-001  0.000000e+000  0.000000e+000
    outer loop
      vertex -4.571739e+001 -4.409354e+001  1.800000e+001
      vertex -4.571739e+001 -4.409354e+001  2.000000e+000
      vertex -4.571739e+001 -3.365065e+001  1.640711e+001
    endloop
  endfacet
  facet normal  1.000000e+000  0.000000e+000  -0.000000e+000
    outer loop
      vertex -4.571739e+001 -4.409354e+001  1.800000e+001
      vertex -4.571739e+001 -3.365065e+001  1.640711e+001
      vertex -4.571739e+001 -3.332623e+001  1.662388e+001
    endloop
  endfacet
  facet normal  1.000000e+000  0.000000e+000  -0.000000e+000
    outer loop
      vertex -4.571739e+001 -4.409354e+001  1.800000e+001
      vertex -4.571739e+001 -3.332623e+001  1.662388e+001
      vertex -4.571739e+001 -3.294354e+001  1.670000e+001
    endloop
  endfacet
  facet normal  1.000000e+000  0.000000e+000  -0.000000e+000
    outer loop
      vertex -4.571739e+001 -4.409354e+001  1.800000e+001
      vertex -4.571739e+001 -3.294354e+001  1.670000e+001
      vertex -4.571739e+001 -2.524354e+001  1.670000e+001
    endloop
  endfacet
  facet normal  1.000000e+000  0.000000e+000  -0.000000e+000
    outer loop
      vertex -4.571739e+001 -4.409354e+001  1.800000e+001
      vertex -4.571739e+001 -2.524354e+001  1.670000e+001
      vertex -4.571739e+001 -1.409354e+001  1.800000e+001
    endloop
  endfacet
  facet normal  1.000000e+000  0.000000e+000  0.000000e+000
    outer loop
      vertex -4.571739e+001 -4.409354e+001  2.000000e+000
      vertex -4.571739e+001 -1.409354e+001  2.000000e+000
      vertex -4.571739e+001 -2.524354e+001  1.200000e+001
    endloop
  endfacet
  facet normal  1.000000e+000  0.000000e+000  0.000000e+000
    outer loop
      vertex -4.571739e+001 -4.409354e+001  2.000000e+000
      vertex -4.571739e+001 -2.524354e+001  1.200000e+001
      vertex -4.571739e+001 -3.294354e+001  1.200000e+001
    endloop
  endfacet
  facet normal  1.000000e+000  0.000000e+000  0.000000e+000
    outer loop
      vertex -4.571739e+001 -4.409354e+001  2.000000e+000
      vertex -4.571739e+001 -3.294354e+001  1.200000e+001
      vertex -4.571739e+001 -3.332623e+001  1.207612e+001
    endloop
  endfacet
  facet normal  1.000000e+000  0.000000e+000  0.000000e+000
    outer loop
      vertex -4.571739e+001 -4.409354e+001  2.000000e+000
      vertex -4.571739e+001 -3.332623e+001  1.207612e+001
      vertex -4.571739e+001 -3.365065e+001  1.229289e+001
    endloop
  endfacet
  facet normal  1.000000e+000  0.000000e+000  0.000000e+000
    outer loop
      vertex -4.571739e+001 -4.409354e+001  2.000000e+000
      vertex -4.571739e+001 -3.365065e+001  1.229289e+001
      vertex -4.571739e+001 -3.386742e+001  1.261732e+001
    endloop
  endfacet
  facet normal  1.000000e+000  0.000000e+000  0.000000e+000
    outer loop
      vertex -4.571739e+001 -4.409354e+001  2.000000e+000
      vertex -4.571739e+001 -3.386742e+001  1.261732e+001
      vertex -4.571739e+001 -3.394354e+001  1.300000e+001
    endloop
  endfacet
  facet normal  1.000000e+000  0.000000e+000  -0.000000e+000
    outer loop
      vertex -4.571739e+001 -4.409354e+001  2.000000e+000
      vertex -4.571739e+001 -3.394354e+001  1.300000e+001
      vertex -4.571739e+001 -3.394354e+001  1.570000e+001
    endloop
  endfacet
  facet normal  1.000000e+000  0.000000e+000  -0.000000e+000
    outer loop
      vertex -4.571739e+001 -4.409354e+001  2.000000e+000
      vertex -4.571739e+001 -3.394354e+001  1.570000e+001
      vertex -4.571739e+001 -3.386742e+001  1.608268e+001
    endloop
  endfacet
  facet normal  1.000000e+000  0.000000e+000  -0.000000e+000
    outer loop
      vertex -4.571739e+001 -4.409354e+001  2.000000e+000
      vertex -4.571739e+001 -3.386742e+001  1.608268e+001
      vertex -4.571739e+001 -3.365065e+001  1.640711e+001
    endloop
  endfacet
  facet normal  1.000000e+000  0.000000e+000  0.000000e+000
    outer loop
      vertex -4.571739e+001 -1.409354e+001  2.000000e+000
      vertex -4.571739e+001 -1.409354e+001  1.800000e+001
      vertex -4.571739e+001 -2.424354e+001  1.570000e+001
    endloop
  endfacet
  facet normal  1.000000e+000  0.000000e+000  0.000000e+000
    outer loop
      vertex -4.571739e+001 -1.409354e+001  2.000000e+000
      vertex -4.571739e+001 -2.424354e+001  1.570000e+001
      vertex -4.571739e+001 -2.424354e+001  1.300000e+001
    endloop
  endfacet
  facet normal  1.000000e+000  0.000000e+000  0.000000e+000
    outer loop
      vertex -4.571739e+001 -1.409354e+001  2.000000e+000
      vertex -4.571739e+001 -2.424354e+001  1.300000e+001
      vertex -4.571739e+001 -2.431966e+001  1.261732e+001
    endloop
  endfacet
  facet normal  1.000000e+000  0.000000e+000  0.000000e+000
    outer loop
      vertex -4.571739e+001 -1.409354e+001  2.000000e+000
      vertex -4.571739e+001 -2.431966e+001  1.261732e+001
      vertex -4.571739e+001 -2.453644e+001  1.229289e+001
    endloop
  endfacet
  facet normal  9.999999e-001  0.000000e+000  0.000000e+000
    outer loop
      vertex -4.571739e+001 -1.409354e+001  2.000000e+000
      vertex -4.571739e+001 -2.453644e+001  1.229289e+001
      vertex -4.571739e+001 -2.486086e+001  1.207612e+001
    endloop
  endfacet
  facet normal  1.000000e+000  0.000000e+000  0.000000e+000
    outer loop
      vertex -4.571739e+001 -1.409354e+001  2.000000e+000
      vertex -4.571739e+001 -2.486086e+001  1.207612e+001
      vertex -4.571739e+001 -2.524354e+001  1.200000e+001
    endloop
  endfacet
  facet normal  1.000000e+000  -0.000000e+000  0.000000e+000
    outer loop
      vertex -4.571739e+001 -1.409354e+001  1.800000e+001
      vertex -4.571739e+001 -2.524354e+001  1.670000e+001
      vertex -4.571739e+001 -2.486086e+001  1.662388e+001
    endloop
  endfacet
  facet normal  1.000000e+000  -0.000000e+000  0.000000e+000
    outer loop
      vertex -4.571739e+001 -1.409354e+001  1.800000e+001
      vertex -4.571739e+001 -2.486086e+001  1.662388e+001
      vertex -4.571739e+001 -2.453644e+001  1.640711e+001
    endloop
  endfacet
  facet normal  1.000000e+000  -0.000000e+000  0.000000e+000
    outer loop
      vertex -4.571739e+001 -1.409354e+001  1.800000e+001
      vertex -4.571739e+001 -2.453644e+001  1.640711e+001
      vertex -4.571739e+001 -2.431966e+001  1.608268e+001
    endloop
  endfacet
  facet normal  1.000000e+000  -0.000000e+000  0.000000e+000
    outer loop
      vertex -4.571739e+001 -1.409354e+001  1.800000e+001
      vertex -4.571739e+001 -2.431966e+001  1.608268e+001
      vertex -4.571739e+001 -2.424354e+001  1.570000e+001
    endloop
  endfacet
  facet normal  -0.000000e+000 -5.555730e-001 -8.314677e-001
    outer loop
      vertex -4.671739e+001 -2.453644e+001  1.640711e+001
      vertex -4.571739e+001 -2.486086e+001  1.662388e+001
      vertex -4.671739e+001 -2.486086e+001  1.662388e+001
    endloop
  endfacet
  facet normal  0.000000e+000 -1.950904e-001 -9.807853e-001
    outer loop
      vertex -4.671739e+001 -2.486086e+001  1.662388e+001
      vertex -4.571739e+001 -2.486086e+001  1.662388e+001
      vertex -4.571739e+001 -2.524354e+001  1.670000e+001
    endloop
  endfacet
  facet normal  -0.000000e+000 -1.950904e-001 -9.807853e-001
    outer loop
      vertex -4.671739e+001 -2.486086e+001  1.662388e+001
      vertex -4.571739e+001 -2.524354e+001  1.670000e+001
      vertex -4.671739e+001 -2.524354e+001  1.670000e+001
    endloop
  endfacet
  facet normal  0.000000e+000 -5.555730e-001 -8.314677e-001
    outer loop
      vertex -4.571739e+001 -2.486086e+001  1.662388e+001
      vertex -4.671739e+001 -2.453644e+001  1.640711e+001
      vertex -4.571739e+001 -2.453644e+001  1.640711e+001
    endloop
  endfacet
  facet normal  -0.000000e+000 -8.314677e-001 -5.555730e-001
    outer loop
      vertex -4.571739e+001 -2.453644e+001  1.640711e+001
      vertex -4.671739e+001 -2.453644e+001  1.640711e+001
      vertex -4.671739e+001 -2.431966e+001  1.608268e+001
    endloop
  endfacet
  facet normal  0.000000e+000 -8.314677e-001 -5.555730e-001
    outer loop
      vertex -4.571739e+001 -2.453644e+001  1.640711e+001
      vertex -4.671739e+001 -2.431966e+001  1.608268e+001
      vertex -4.571739e+001 -2.431966e+001  1.608268e+001
    endloop
  endfacet
  facet normal  -0.000000e+000 -9.807853e-001 -1.950899e-001
    outer loop
      vertex -4.571739e+001 -2.431966e+001  1.608268e+001
      vertex -4.671739e+001 -2.431966e+001  1.608268e+001
      vertex -4.671739e+001 -2.424354e+001  1.570000e+001
    endloop
  endfacet
  facet normal  0.000000e+000 -9.807853e-001 -1.950899e-001
    outer loop
      vertex -4.571739e+001 -2.431966e+001  1.608268e+001
      vertex -4.671739e+001 -2.424354e+001  1.570000e+001
      vertex -4.571739e+001 -2.424354e+001  1.570000e+001
    endloop
  endfacet
  facet normal  0.000000e+000  1.000000e+000  -0.000000e+000
    outer loop
      vertex -4.571739e+001 -3.394354e+001  1.570000e+001
      vertex -4.571739e+001 -3.394354e+001  1.300000e+001
      vertex -4.671739e+001 -3.394354e+001  1.570000e+001
    endloop
  endfacet
  facet normal  0.000000e+000  1.000000e+000  0.000000e+000
    outer loop
      vertex -4.671739e+001 -3.394354e+001  1.570000e+001
      vertex -4.571739e+001 -3.394354e+001  1.300000e+001
      vertex -4.671739e+001 -3.394354e+001  1.300000e+001
    endloop
  endfacet
  facet normal  0.000000e+000  8.314677e-001 -5.555730e-001
    outer loop
      vertex -4.671739e+001 -3.365065e+001  1.640711e+001
      vertex -4.571739e+001 -3.386742e+001  1.608268e+001
      vertex -4.671739e+001 -3.386742e+001  1.608268e+001
    endloop
  endfacet
  facet normal  0.000000e+000  9.807863e-001 -1.950852e-001
    outer loop
      vertex -4.671739e+001 -3.386742e+001  1.608268e+001
      vertex -4.571739e+001 -3.386742e+001  1.608268e+001
      vertex -4.571739e+001 -3.394354e+001  1.570000e+001
    endloop
  endfacet
  facet normal  0.000000e+000  9.807863e-001 -1.950852e-001
    outer loop
      vertex -4.671739e+001 -3.386742e+001  1.608268e+001
      vertex -4.571739e+001 -3.394354e+001  1.570000e+001
      vertex -4.671739e+001 -3.394354e+001  1.570000e+001
    endloop
  endfacet
  facet normal  0.000000e+000  8.314677e-001 -5.555730e-001
    outer loop
      vertex -4.571739e+001 -3.386742e+001  1.608268e+001
      vertex -4.671739e+001 -3.365065e+001  1.640711e+001
      vertex -4.571739e+001 -3.365065e+001  1.640711e+001
    endloop
  endfacet
  facet normal  0.000000e+000  5.555753e-001 -8.314663e-001
    outer loop
      vertex -4.571739e+001 -3.365065e+001  1.640711e+001
      vertex -4.671739e+001 -3.365065e+001  1.640711e+001
      vertex -4.671739e+001 -3.332623e+001  1.662388e+001
    endloop
  endfacet
  facet normal  0.000000e+000  5.555753e-001 -8.314663e-001
    outer loop
      vertex -4.571739e+001 -3.365065e+001  1.640711e+001
      vertex -4.671739e+001 -3.332623e+001  1.662388e+001
      vertex -4.571739e+001 -3.332623e+001  1.662388e+001
    endloop
  endfacet
  facet normal  0.000000e+000  1.950885e-001 -9.807856e-001
    outer loop
      vertex -4.571739e+001 -3.332623e+001  1.662388e+001
      vertex -4.671739e+001 -3.332623e+001  1.662388e+001
      vertex -4.671739e+001 -3.294354e+001  1.670000e+001
    endloop
  endfacet
  facet normal  0.000000e+000  1.950885e-001 -9.807856e-001
    outer loop
      vertex -4.571739e+001 -3.332623e+001  1.662388e+001
      vertex -4.671739e+001 -3.294354e+001  1.670000e+001
      vertex -4.571739e+001 -3.294354e+001  1.670000e+001
    endloop
  endfacet
  facet normal  0.000000e+000  0.000000e+000  1.000000e+000
    outer loop
      vertex -4.671739e+001 -3.294354e+001  1.200000e+001
      vertex -4.571739e+001 -3.294354e+001  1.200000e+001
      vertex -4.671739e+001 -2.524354e+001  1.200000e+001
    endloop
  endfacet
  facet normal  -0.000000e+000  0.000000e+000  1.000000e+000
    outer loop
      vertex -4.671739e+001 -2.524354e+001  1.200000e+001
      vertex -4.571739e+001 -3.294354e+001  1.200000e+001
      vertex -4.571739e+001 -2.524354e+001  1.200000e+001
    endloop
  endfacet
  facet normal  0.000000e+000  5.555736e-001  8.314673e-001
    outer loop
      vertex -4.671739e+001 -3.365065e+001  1.229289e+001
      vertex -4.571739e+001 -3.332623e+001  1.207612e+001
      vertex -4.671739e+001 -3.332623e+001  1.207612e+001
    endloop
  endfacet
  facet normal  -0.000000e+000  1.950885e-001  9.807856e-001
    outer loop
      vertex -4.671739e+001 -3.332623e+001  1.207612e+001
      vertex -4.571739e+001 -3.332623e+001  1.207612e+001
      vertex -4.571739e+001 -3.294354e+001  1.200000e+001
    endloop
  endfacet
  facet normal  0.000000e+000  1.950885e-001  9.807856e-001
    outer loop
      vertex -4.671739e+001 -3.332623e+001  1.207612e+001
      vertex -4.571739e+001 -3.294354e+001  1.200000e+001
      vertex -4.671739e+001 -3.294354e+001  1.200000e+001
    endloop
  endfacet
  facet normal  -0.000000e+000  5.555736e-001  8.314673e-001
    outer loop
      vertex -4.571739e+001 -3.332623e+001  1.207612e+001
      vertex -4.671739e+001 -3.365065e+001  1.229289e+001
      vertex -4.571739e+001 -3.365065e+001  1.229289e+001
    endloop
  endfacet
  facet normal  0.000000e+000  8.314677e-001  5.555730e-001
    outer loop
      vertex -4.571739e+001 -3.365065e+001  1.229289e+001
      vertex -4.671739e+001 -3.365065e+001  1.229289e+001
      vertex -4.671739e+001 -3.386742e+001  1.261732e+001
    endloop
  endfacet
  facet normal  -0.000000e+000  8.314677e-001  5.555730e-001
    outer loop
      vertex -4.571739e+001 -3.365065e+001  1.229289e+001
      vertex -4.671739e+001 -3.386742e+001  1.261732e+001
      vertex -4.571739e+001 -3.386742e+001  1.261732e+001
    endloop
  endfacet
  facet normal  0.000000e+000  9.807863e-001  1.950852e-001
    outer loop
      vertex -4.571739e+001 -3.386742e+001  1.261732e+001
      vertex -4.671739e+001 -3.386742e+001  1.261732e+001
      vertex -4.671739e+001 -3.394354e+001  1.300000e+001
    endloop
  endfacet
  facet normal  -0.000000e+000  9.807863e-001  1.950852e-001
    outer loop
      vertex -4.571739e+001 -3.386742e+001  1.261732e+001
      vertex -4.671739e+001 -3.394354e+001  1.300000e+001
      vertex -4.571739e+001 -3.394354e+001  1.300000e+001
    endloop
  endfacet
  facet normal  0.000000e+000 -8.314677e-001  5.555730e-001
    outer loop
      vertex -4.671739e+001 -2.453644e+001  1.229289e+001
      vertex -4.571739e+001 -2.431966e+001  1.261732e+001
      vertex -4.671739e+001 -2.431966e+001  1.261732e+001
    endloop
  endfacet
  facet normal  0.000000e+000 -9.807853e-001  1.950899e-001
    outer loop
      vertex -4.671739e+001 -2.431966e+001  1.261732e+001
      vertex -4.571739e+001 -2.431966e+001  1.261732e+001
      vertex -4.571739e+001 -2.424354e+001  1.300000e+001
    endloop
  endfacet
  facet normal  0.000000e+000 -9.807853e-001  1.950899e-001
    outer loop
      vertex -4.671739e+001 -2.431966e+001  1.261732e+001
      vertex -4.571739e+001 -2.424354e+001  1.300000e+001
      vertex -4.671739e+001 -2.424354e+001  1.300000e+001
    endloop
  endfacet
  facet normal  0.000000e+000 -8.314677e-001  5.555730e-001
    outer loop
      vertex -4.571739e+001 -2.431966e+001  1.261732e+001
      vertex -4.671739e+001 -2.453644e+001  1.229289e+001
      vertex -4.571739e+001 -2.453644e+001  1.229289e+001
    endloop
  endfacet
  facet normal  0.000000e+000 -5.555713e-001  8.314689e-001
    outer loop
      vertex -4.571739e+001 -2.453644e+001  1.229289e+001
      vertex -4.671739e+001 -2.453644e+001  1.229289e+001
      vertex -4.671739e+001 -2.486086e+001  1.207612e+001
    endloop
  endfacet
  facet normal  0.000000e+000 -5.555713e-001  8.314689e-001
    outer loop
      vertex -4.571739e+001 -2.453644e+001  1.229289e+001
      vertex -4.671739e+001 -2.486086e+001  1.207612e+001
      vertex -4.571739e+001 -2.486086e+001  1.207612e+001
    endloop
  endfacet
  facet normal  0.000000e+000 -1.950904e-001  9.807853e-001
    outer loop
      vertex -4.571739e+001 -2.486086e+001  1.207612e+001
      vertex -4.671739e+001 -2.486086e+001  1.207612e+001
      vertex -4.671739e+001 -2.524354e+001  1.200000e+001
    endloop
  endfacet
  facet normal  0.000000e+000 -1.950904e-001  9.807853e-001
    outer loop
      vertex -4.571739e+001 -2.486086e+001  1.207612e+001
      vertex -4.671739e+001 -2.524354e+001  1.200000e+001
      vertex -4.571739e+001 -2.524354e+001  1.200000e+001
    endloop
  endfacet
  facet normal  0.000000e+000  -0.000000e+000  1.000000e+000
    outer loop
      vertex -4.148156e+001 -3.143997e+001  1.200000e+001
      vertex -4.112513e+001 -3.097546e+001  1.200000e+001
      vertex -3.953918e+001 -2.786855e+001  1.200000e+001
    endloop
  endfacet
  facet normal  0.000000e+000  -0.000000e+000  1.000000e+000
    outer loop
      vertex -4.112513e+001 -3.097546e+001  1.200000e+001
      vertex -4.066061e+001 -3.061902e+001  1.200000e+001
      vertex -3.953918e+001 -2.786855e+001  1.200000e+001
    endloop
  endfacet
  facet normal  0.000000e+000  -0.000000e+000  1.000000e+000
    outer loop
      vertex -4.066061e+001 -3.061902e+001  1.200000e+001
      vertex -4.011967e+001 -3.039496e+001  1.200000e+001
      vertex -3.953918e+001 -2.786855e+001  1.200000e+001
    endloop
  endfacet
  facet normal  0.000000e+000  -0.000000e+000  9.999999e-001
    outer loop
      vertex -4.011967e+001 -3.039496e+001  1.200000e+001
      vertex -3.953918e+001 -3.031853e+001  1.200000e+001
      vertex -3.953918e+001 -2.786855e+001  1.200000e+001
    endloop
  endfacet
  facet normal  0.000000e+000  0.000000e+000  1.000000e+000
    outer loop
      vertex -5.884530e+000 -3.143997e+001  1.200000e+001
      vertex -7.826912e+000 -2.786855e+001  1.200000e+001
      vertex -6.240964e+000 -3.097546e+001  1.200000e+001
    endloop
  endfacet
  facet normal  0.000000e+000  0.000000e+000  1.000000e+000
    outer loop
      vertex -6.240964e+000 -3.097546e+001  1.200000e+001
      vertex -7.826912e+000 -2.786855e+001  1.200000e+001
      vertex -6.705477e+000 -3.061902e+001  1.200000e+001
    endloop
  endfacet
  facet normal  0.000000e+000  0.000000e+000  1.000000e+000
    outer loop
      vertex -6.705477e+000 -3.061902e+001  1.200000e+001
      vertex -7.826912e+000 -2.786855e+001  1.200000e+001
      vertex -7.246415e+000 -3.039496e+001  1.200000e+001
    endloop
  endfacet
  facet normal  0.000000e+000  0.000000e+000  1.000000e+000
    outer loop
      vertex -7.246415e+000 -3.039496e+001  1.200000e+001
      vertex -7.826912e+000 -2.786855e+001  1.200000e+001
      vertex -7.826912e+000 -3.031853e+001  1.200000e+001
    endloop
  endfacet
  facet normal  0.000000e+000  0.000000e+000  1.000000e+000
    outer loop
      vertex -3.717388e+000 -2.359354e+001  1.200000e+001
      vertex -3.785537e+000 -2.307591e+001  1.200000e+001
      vertex -7.826912e+000 -2.338281e+001  1.200000e+001
    endloop
  endfacet
  facet normal  0.000000e+000  0.000000e+000  9.999999e-001
    outer loop
      vertex -3.717388e+000 -2.359354e+001  1.200000e+001
      vertex -7.826912e+000 -2.338281e+001  1.200000e+001
      vertex -7.246415e+000 -2.345924e+001  1.200000e+001
    endloop
  endfacet
  facet normal  0.000000e+000  0.000000e+000  9.999999e-001
    outer loop
      vertex -3.717388e+000 -2.359354e+001  1.200000e+001
      vertex -7.246415e+000 -2.345924e+001  1.200000e+001
      vertex -6.705477e+000 -2.368330e+001  1.200000e+001
    endloop
  endfacet
  facet normal  -0.000000e+000  0.000000e+000  1.000000e+000
    outer loop
      vertex -3.717388e+000 -2.359354e+001  1.200000e+001
      vertex -6.705477e+000 -2.368330e+001  1.200000e+001
      vertex -6.240964e+000 -2.403973e+001  1.200000e+001
    endloop
  endfacet
  facet normal  -0.000000e+000  0.000000e+000  1.000000e+000
    outer loop
      vertex -3.717388e+000 -2.359354e+001  1.200000e+001
      vertex -6.240964e+000 -2.403973e+001  1.200000e+001
      vertex -5.884530e+000 -2.450425e+001  1.200000e+001
    endloop
  endfacet
  facet normal  -0.000000e+000  0.000000e+000  1.000000e+000
    outer loop
      vertex -3.717388e+000 -2.359354e+001  1.200000e+001
      vertex -5.884530e+000 -2.450425e+001  1.200000e+001
      vertex -5.660467e+000 -2.504519e+001  1.200000e+001
    endloop
  endfacet
  facet normal  -0.000000e+000  0.000000e+000  1.000000e+000
    outer loop
      vertex -3.717388e+000 -2.359354e+001  1.200000e+001
      vertex -5.660467e+000 -2.504519e+001  1.200000e+001
      vertex -3.717388e+000 -3.459354e+001  1.200000e+001
    endloop
  endfacet
  facet normal  -0.000000e+000  -0.000000e+000  1.000000e+000
    outer loop
      vertex -4.364924e+001 -3.511118e+001  1.200000e+001
      vertex -4.344944e+001 -3.559354e+001  1.200000e+001
      vertex -4.313160e+001 -3.600776e+001  1.200000e+001
    endloop
  endfacet
  facet normal  -0.000000e+000  -0.000000e+000  9.999999e-001
    outer loop
      vertex -4.364924e+001 -3.511118e+001  1.200000e+001
      vertex -4.313160e+001 -3.600776e+001  1.200000e+001
      vertex -4.271739e+001 -3.632560e+001  1.200000e+001
    endloop
  endfacet
  facet normal  -0.000000e+000  -0.000000e+000  9.999999e-001
    outer loop
      vertex -4.364924e+001 -3.511118e+001  1.200000e+001
      vertex -4.271739e+001 -3.632560e+001  1.200000e+001
      vertex -4.223503e+001 -3.652539e+001  1.200000e+001
    endloop
  endfacet
  facet normal  -0.000000e+000  -0.000000e+000  1.000000e+000
    outer loop
      vertex -4.364924e+001 -3.511118e+001  1.200000e+001
      vertex -4.223503e+001 -3.652539e+001  1.200000e+001
      vertex -4.171739e+001 -3.659354e+001  1.200000e+001
    endloop
  endfacet
  facet normal  0.000000e+000  -0.000000e+000  9.999999e-001
    outer loop
      vertex -4.364924e+001 -3.511118e+001  1.200000e+001
      vertex -4.171739e+001 -3.659354e+001  1.200000e+001
      vertex -3.953918e+001 -3.480428e+001  1.200000e+001
    endloop
  endfacet
  facet normal  0.000000e+000  0.000000e+000  1.000000e+000
    outer loop
      vertex -4.364924e+001 -3.511118e+001  1.200000e+001
      vertex -3.953918e+001 -3.480428e+001  1.200000e+001
      vertex -4.011967e+001 -3.472785e+001  1.200000e+001
    endloop
  endfacet
  facet normal  0.000000e+000  0.000000e+000  1.000000e+000
    outer loop
      vertex -4.364924e+001 -3.511118e+001  1.200000e+001
      vertex -4.011967e+001 -3.472785e+001  1.200000e+001
      vertex -4.066061e+001 -3.450379e+001  1.200000e+001
    endloop
  endfacet
  facet normal  0.000000e+000  0.000000e+000  1.000000e+000
    outer loop
      vertex -4.364924e+001 -3.511118e+001  1.200000e+001
      vertex -4.066061e+001 -3.450379e+001  1.200000e+001
      vertex -4.371739e+001 -3.459354e+001  1.200000e+001
    endloop
  endfacet
  facet normal  0.000000e+000  0.000000e+000  1.000000e+000
    outer loop
      vertex -4.171739e+001 -3.659354e+001  1.200000e+001
      vertex -5.717388e+000 -3.659354e+001  1.200000e+001
      vertex -7.826912e+000 -3.480428e+001  1.200000e+001
    endloop
  endfacet
  facet normal  0.000000e+000  0.000000e+000  1.000000e+000
    outer loop
      vertex -4.171739e+001 -3.659354e+001  1.200000e+001
      vertex -7.826912e+000 -3.480428e+001  1.200000e+001
      vertex -1.575498e+001 -3.480428e+001  1.200000e+001
    endloop
  endfacet
  facet normal  0.000000e+000  0.000000e+000  1.000000e+000
    outer loop
      vertex -4.171739e+001 -3.659354e+001  1.200000e+001
      vertex -1.575498e+001 -3.480428e+001  1.200000e+001
      vertex -2.368304e+001 -3.480428e+001  1.200000e+001
    endloop
  endfacet
  facet normal  0.000000e+000  0.000000e+000  1.000000e+000
    outer loop
      vertex -4.171739e+001 -3.659354e+001  1.200000e+001
      vertex -2.368304e+001 -3.480428e+001  1.200000e+001
      vertex -3.161111e+001 -3.480428e+001  1.200000e+001
    endloop
  endfacet
  facet normal  0.000000e+000  0.000000e+000  1.000000e+000
    outer loop
      vertex -4.171739e+001 -3.659354e+001  1.200000e+001
      vertex -3.161111e+001 -3.480428e+001  1.200000e+001
      vertex -3.953918e+001 -3.480428e+001  1.200000e+001
    endloop
  endfacet
  facet normal  0.000000e+000  -0.000000e+000  9.999999e-001
    outer loop
      vertex -7.826912e+000 -3.480428e+001  1.200000e+001
      vertex -5.717388e+000 -3.659354e+001  1.200000e+001
      vertex -5.199750e+000 -3.652539e+001  1.200000e+001
    endloop
  endfacet
  facet normal  0.000000e+000  -0.000000e+000  1.000000e+000
    outer loop
      vertex -7.826912e+000 -3.480428e+001  1.200000e+001
      vertex -5.199750e+000 -3.652539e+001  1.200000e+001
      vertex -4.717388e+000 -3.632560e+001  1.200000e+001
    endloop
  endfacet
  facet normal  0.000000e+000  -0.000000e+000  1.000000e+000
    outer loop
      vertex -7.826912e+000 -3.480428e+001  1.200000e+001
      vertex -4.717388e+000 -3.632560e+001  1.200000e+001
      vertex -4.303174e+000 -3.600776e+001  1.200000e+001
    endloop
  endfacet
  facet normal  0.000000e+000  -0.000000e+000  1.000000e+000
    outer loop
      vertex -7.826912e+000 -3.480428e+001  1.200000e+001
      vertex -4.303174e+000 -3.600776e+001  1.200000e+001
      vertex -3.985337e+000 -3.559354e+001  1.200000e+001
    endloop
  endfacet
  facet normal  0.000000e+000  -0.000000e+000  1.000000e+000
    outer loop
      vertex -7.826912e+000 -3.480428e+001  1.200000e+001
      vertex -3.985337e+000 -3.559354e+001  1.200000e+001
      vertex -3.785537e+000 -3.511118e+001  1.200000e+001
    endloop
  endfacet
  facet normal  0.000000e+000  0.000000e+000  1.000000e+000
    outer loop
      vertex -7.826912e+000 -3.480428e+001  1.200000e+001
      vertex -3.785537e+000 -3.511118e+001  1.200000e+001
      vertex -7.246415e+000 -3.472785e+001  1.200000e+001
    endloop
  endfacet
  facet normal  -0.000000e+000  0.000000e+000  1.000000e+000
    outer loop
      vertex -4.171739e+001 -2.159354e+001  1.200000e+001
      vertex -4.223503e+001 -2.166169e+001  1.200000e+001
      vertex -3.953918e+001 -2.338281e+001  1.200000e+001
    endloop
  endfacet
  facet normal  0.000000e+000  -0.000000e+000  1.000000e+000
    outer loop
      vertex -4.171739e+001 -2.159354e+001  1.200000e+001
      vertex -3.953918e+001 -2.338281e+001  1.200000e+001
      vertex -3.161111e+001 -2.338281e+001  1.200000e+001
    endloop
  endfacet
  facet normal  0.000000e+000  -0.000000e+000  1.000000e+000
    outer loop
      vertex -4.171739e+001 -2.159354e+001  1.200000e+001
      vertex -3.161111e+001 -2.338281e+001  1.200000e+001
      vertex -2.368304e+001 -2.338281e+001  1.200000e+001
    endloop
  endfacet
  facet normal  0.000000e+000  -0.000000e+000  1.000000e+000
    outer loop
      vertex -4.171739e+001 -2.159354e+001  1.200000e+001
      vertex -2.368304e+001 -2.338281e+001  1.200000e+001
      vertex -1.575498e+001 -2.338281e+001  1.200000e+001
    endloop
  endfacet
  facet normal  0.000000e+000  -0.000000e+000  1.000000e+000
    outer loop
      vertex -4.171739e+001 -2.159354e+001  1.200000e+001
      vertex -1.575498e+001 -2.338281e+001  1.200000e+001
      vertex -7.826912e+000 -2.338281e+001  1.200000e+001
    endloop
  endfacet
  facet normal  0.000000e+000  -0.000000e+000  1.000000e+000
    outer loop
      vertex -4.171739e+001 -2.159354e+001  1.200000e+001
      vertex -7.826912e+000 -2.338281e+001  1.200000e+001
      vertex -5.717388e+000 -2.159354e+001  1.200000e+001
    endloop
  endfacet
  facet normal  0.000000e+000  0.000000e+000  1.000000e+000
    outer loop
      vertex -3.953918e+001 -2.338281e+001  1.200000e+001
      vertex -4.223503e+001 -2.166169e+001  1.200000e+001
      vertex -4.271739e+001 -2.186149e+001  1.200000e+001
    endloop
  endfacet
  facet normal  0.000000e+000  0.000000e+000  1.000000e+000
    outer loop
      vertex -3.953918e+001 -2.338281e+001  1.200000e+001
      vertex -4.271739e+001 -2.186149e+001  1.200000e+001
      vertex -4.313160e+001 -2.217933e+001  1.200000e+001
    endloop
  endfacet
  facet normal  0.000000e+000  0.000000e+000  1.000000e+000
    outer loop
      vertex -3.953918e+001 -2.338281e+001  1.200000e+001
      vertex -4.313160e+001 -2.217933e+001  1.200000e+001
      vertex -4.344944e+001 -2.259354e+001  1.200000e+001
    endloop
  endfacet
  facet normal  0.000000e+000  0.000000e+000  1.000000e+000
    outer loop
      vertex -3.953918e+001 -2.338281e+001  1.200000e+001
      vertex -4.344944e+001 -2.259354e+001  1.200000e+001
      vertex -4.364924e+001 -2.307591e+001  1.200000e+001
    endloop
  endfacet
  facet normal  0.000000e+000  0.000000e+000  1.000000e+000
    outer loop
      vertex -3.953918e+001 -2.338281e+001  1.200000e+001
      vertex -4.364924e+001 -2.307591e+001  1.200000e+001
      vertex -4.371739e+001 -2.359354e+001  1.200000e+001
    endloop
  endfacet
  facet normal  0.000000e+000  0.000000e+000  9.999999e-001
    outer loop
      vertex -3.953918e+001 -2.338281e+001  1.200000e+001
      vertex -4.371739e+001 -2.359354e+001  1.200000e+001
      vertex -4.011967e+001 -2.345924e+001  1.200000e+001
    endloop
  endfacet
  facet normal  0.000000e+000  0.000000e+000  1.000000e+000
    outer loop
      vertex -4.371739e+001 -3.459354e+001  1.200000e+001
      vertex -4.066061e+001 -3.450379e+001  1.200000e+001
      vertex -4.112513e+001 -3.414735e+001  1.200000e+001
    endloop
  endfacet
  facet normal  0.000000e+000  0.000000e+000  1.000000e+000
    outer loop
      vertex -4.371739e+001 -3.459354e+001  1.200000e+001
      vertex -4.112513e+001 -3.414735e+001  1.200000e+001
      vertex -4.148156e+001 -3.368284e+001  1.200000e+001
    endloop
  endfacet
  facet normal  0.000000e+000  0.000000e+000  9.999999e-001
    outer loop
      vertex -4.371739e+001 -3.459354e+001  1.200000e+001
      vertex -4.148156e+001 -3.368284e+001  1.200000e+001
      vertex -4.170562e+001 -3.314190e+001  1.200000e+001
    endloop
  endfacet
  facet normal  0.000000e+000  0.000000e+000  1.000000e+000
    outer loop
      vertex -4.371739e+001 -3.459354e+001  1.200000e+001
      vertex -4.170562e+001 -3.314190e+001  1.200000e+001
      vertex -4.178205e+001 -3.256141e+001  1.200000e+001
    endloop
  endfacet
  facet normal  0.000000e+000  -0.000000e+000  9.999999e-001
    outer loop
      vertex -4.371739e+001 -3.459354e+001  1.200000e+001
      vertex -4.178205e+001 -3.256141e+001  1.200000e+001
      vertex -4.170562e+001 -3.198091e+001  1.200000e+001
    endloop
  endfacet
  facet normal  0.000000e+000  -0.000000e+000  1.000000e+000
    outer loop
      vertex -4.371739e+001 -3.459354e+001  1.200000e+001
      vertex -4.170562e+001 -3.198091e+001  1.200000e+001
      vertex -4.148156e+001 -3.143997e+001  1.200000e+001
    endloop
  endfacet
  facet normal  0.000000e+000  -0.000000e+000  1.000000e+000
    outer loop
      vertex -4.371739e+001 -3.459354e+001  1.200000e+001
      vertex -4.148156e+001 -3.143997e+001  1.200000e+001
      vertex -3.953918e+001 -2.786855e+001  1.200000e+001
    endloop
  endfacet
  facet normal  0.000000e+000  0.000000e+000  1.000000e+000
    outer loop
      vertex -4.371739e+001 -3.459354e+001  1.200000e+001
      vertex -3.953918e+001 -2.786855e+001  1.200000e+001
      vertex -4.011967e+001 -2.779213e+001  1.200000e+001
    endloop
  endfacet
  facet normal  0.000000e+000  0.000000e+000  1.000000e+000
    outer loop
      vertex -4.371739e+001 -3.459354e+001  1.200000e+001
      vertex -4.011967e+001 -2.779213e+001  1.200000e+001
      vertex -4.066061e+001 -2.756807e+001  1.200000e+001
    endloop
  endfacet
  facet normal  0.000000e+000  0.000000e+000  1.000000e+000
    outer loop
      vertex -4.371739e+001 -3.459354e+001  1.200000e+001
      vertex -4.066061e+001 -2.756807e+001  1.200000e+001
      vertex -4.112513e+001 -2.721163e+001  1.200000e+001
    endloop
  endfacet
  facet normal  0.000000e+000  0.000000e+000  1.000000e+000
    outer loop
      vertex -4.371739e+001 -3.459354e+001  1.200000e+001
      vertex -4.112513e+001 -2.721163e+001  1.200000e+001
      vertex -4.148156e+001 -2.674712e+001  1.200000e+001
    endloop
  endfacet
  facet normal  0.000000e+000  0.000000e+000  9.999999e-001
    outer loop
      vertex -4.371739e+001 -3.459354e+001  1.200000e+001
      vertex -4.148156e+001 -2.674712e+001  1.200000e+001
      vertex -4.170562e+001 -2.620618e+001  1.200000e+001
    endloop
  endfacet
  facet normal  0.000000e+000  0.000000e+000  1.000000e+000
    outer loop
      vertex -4.371739e+001 -3.459354e+001  1.200000e+001
      vertex -4.170562e+001 -2.620618e+001  1.200000e+001
      vertex -4.178205e+001 -2.562568e+001  1.200000e+001
    endloop
  endfacet
  facet normal  0.000000e+000  -0.000000e+000  1.000000e+000
    outer loop
      vertex -4.371739e+001 -3.459354e+001  1.200000e+001
      vertex -4.178205e+001 -2.562568e+001  1.200000e+001
      vertex -4.170562e+001 -2.504519e+001  1.200000e+001
    endloop
  endfacet
  facet normal  0.000000e+000  0.000000e+000  1.000000e+000
    outer loop
      vertex -4.371739e+001 -2.359354e+001  1.200000e+001
      vertex -4.371739e+001 -3.459354e+001  1.200000e+001
      vertex -4.170562e+001 -2.504519e+001  1.200000e+001
    endloop
  endfacet
  facet normal  0.000000e+000  -0.000000e+000  9.999999e-001
    outer loop
      vertex -4.371739e+001 -2.359354e+001  1.200000e+001
      vertex -4.170562e+001 -2.504519e+001  1.200000e+001
      vertex -4.148156e+001 -2.450425e+001  1.200000e+001
    endloop
  endfacet
  facet normal  0.000000e+000  -0.000000e+000  1.000000e+000
    outer loop
      vertex -4.371739e+001 -2.359354e+001  1.200000e+001
      vertex -4.148156e+001 -2.450425e+001  1.200000e+001
      vertex -4.112513e+001 -2.403973e+001  1.200000e+001
    endloop
  endfacet
  facet normal  0.000000e+000  -0.000000e+000  1.000000e+000
    outer loop
      vertex -4.371739e+001 -2.359354e+001  1.200000e+001
      vertex -4.112513e+001 -2.403973e+001  1.200000e+001
      vertex -4.066061e+001 -2.368330e+001  1.200000e+001
    endloop
  endfacet
  facet normal  0.000000e+000  -0.000000e+000  1.000000e+000
    outer loop
      vertex -4.371739e+001 -2.359354e+001  1.200000e+001
      vertex -4.066061e+001 -2.368330e+001  1.200000e+001
      vertex -4.011967e+001 -2.345924e+001  1.200000e+001
    endloop
  endfacet
  facet normal  0.000000e+000  0.000000e+000  1.000000e+000
    outer loop
      vertex -7.826912e+000 -2.338281e+001  1.200000e+001
      vertex -3.785537e+000 -2.307591e+001  1.200000e+001
      vertex -3.985337e+000 -2.259354e+001  1.200000e+001
    endloop
  endfacet
  facet normal  0.000000e+000  0.000000e+000  1.000000e+000
    outer loop
      vertex -7.826912e+000 -2.338281e+001  1.200000e+001
      vertex -3.985337e+000 -2.259354e+001  1.200000e+001
      vertex -4.303174e+000 -2.217933e+001  1.200000e+001
    endloop
  endfacet
  facet normal  0.000000e+000  0.000000e+000  9.999999e-001
    outer loop
      vertex -7.826912e+000 -2.338281e+001  1.200000e+001
      vertex -4.303174e+000 -2.217933e+001  1.200000e+001
      vertex -4.717388e+000 -2.186149e+001  1.200000e+001
    endloop
  endfacet
  facet normal  0.000000e+000  0.000000e+000  1.000000e+000
    outer loop
      vertex -7.826912e+000 -2.338281e+001  1.200000e+001
      vertex -4.717388e+000 -2.186149e+001  1.200000e+001
      vertex -5.199750e+000 -2.166169e+001  1.200000e+001
    endloop
  endfacet
  facet normal  0.000000e+000  0.000000e+000  1.000000e+000
    outer loop
      vertex -7.826912e+000 -2.338281e+001  1.200000e+001
      vertex -5.199750e+000 -2.166169e+001  1.200000e+001
      vertex -5.717388e+000 -2.159354e+001  1.200000e+001
    endloop
  endfacet
  facet normal  0.000000e+000  0.000000e+000  1.000000e+000
    outer loop
      vertex -3.717388e+000 -3.459354e+001  1.200000e+001
      vertex -5.660467e+000 -2.504519e+001  1.200000e+001
      vertex -5.584043e+000 -2.562568e+001  1.200000e+001
    endloop
  endfacet
  facet normal  0.000000e+000  0.000000e+000  9.999999e-001
    outer loop
      vertex -3.717388e+000 -3.459354e+001  1.200000e+001
      vertex -5.584043e+000 -2.562568e+001  1.200000e+001
      vertex -5.660467e+000 -2.620618e+001  1.200000e+001
    endloop
  endfacet
  facet normal  0.000000e+000  0.000000e+000  1.000000e+000
    outer loop
      vertex -3.717388e+000 -3.459354e+001  1.200000e+001
      vertex -5.660467e+000 -2.620618e+001  1.200000e+001
      vertex -5.884530e+000 -2.674712e+001  1.200000e+001
    endloop
  endfacet
  facet normal  0.000000e+000  0.000000e+000  1.000000e+000
    outer loop
      vertex -3.717388e+000 -3.459354e+001  1.200000e+001
      vertex -5.884530e+000 -2.674712e+001  1.200000e+001
      vertex -6.240964e+000 -2.721163e+001  1.200000e+001
    endloop
  endfacet
  facet normal  0.000000e+000  0.000000e+000  1.000000e+000
    outer loop
      vertex -3.717388e+000 -3.459354e+001  1.200000e+001
      vertex -6.240964e+000 -2.721163e+001  1.200000e+001
      vertex -6.705477e+000 -2.756807e+001  1.200000e+001
    endloop
  endfacet
  facet normal  0.000000e+000  0.000000e+000  1.000000e+000
    outer loop
      vertex -3.717388e+000 -3.459354e+001  1.200000e+001
      vertex -6.705477e+000 -2.756807e+001  1.200000e+001
      vertex -7.246415e+000 -2.779213e+001  1.200000e+001
    endloop
  endfacet
  facet normal  0.000000e+000  0.000000e+000  1.000000e+000
    outer loop
      vertex -3.717388e+000 -3.459354e+001  1.200000e+001
      vertex -7.246415e+000 -2.779213e+001  1.200000e+001
      vertex -7.826912e+000 -2.786855e+001  1.200000e+001
    endloop
  endfacet
  facet normal  0.000000e+000  0.000000e+000  1.000000e+000
    outer loop
      vertex -3.717388e+000 -3.459354e+001  1.200000e+001
      vertex -7.826912e+000 -2.786855e+001  1.200000e+001
      vertex -5.884530e+000 -3.143997e+001  1.200000e+001
    endloop
  endfacet
  facet normal  0.000000e+000  0.000000e+000  1.000000e+000
    outer loop
      vertex -3.717388e+000 -3.459354e+001  1.200000e+001
      vertex -5.884530e+000 -3.143997e+001  1.200000e+001
      vertex -5.660467e+000 -3.198091e+001  1.200000e+001
    endloop
  endfacet
  facet normal  0.000000e+000  0.000000e+000  1.000000e+000
    outer loop
      vertex -3.717388e+000 -3.459354e+001  1.200000e+001
      vertex -5.660467e+000 -3.198091e+001  1.200000e+001
      vertex -5.584043e+000 -3.256141e+001  1.200000e+001
    endloop
  endfacet
  facet normal  0.000000e+000  0.000000e+000  1.000000e+000
    outer loop
      vertex -3.717388e+000 -3.459354e+001  1.200000e+001
      vertex -5.584043e+000 -3.256141e+001  1.200000e+001
      vertex -5.660467e+000 -3.314190e+001  1.200000e+001
    endloop
  endfacet
  facet normal  0.000000e+000  0.000000e+000  1.000000e+000
    outer loop
      vertex -3.717388e+000 -3.459354e+001  1.200000e+001
      vertex -5.660467e+000 -3.314190e+001  1.200000e+001
      vertex -5.884530e+000 -3.368284e+001  1.200000e+001
    endloop
  endfacet
  facet normal  0.000000e+000  0.000000e+000  1.000000e+000
    outer loop
      vertex -3.717388e+000 -3.459354e+001  1.200000e+001
      vertex -5.884530e+000 -3.368284e+001  1.200000e+001
      vertex -6.240964e+000 -3.414735e+001  1.200000e+001
    endloop
  endfacet
  facet normal  0.000000e+000  0.000000e+000  1.000000e+000
    outer loop
      vertex -3.717388e+000 -3.459354e+001  1.200000e+001
      vertex -6.240964e+000 -3.414735e+001  1.200000e+001
      vertex -6.705477e+000 -3.450379e+001  1.200000e+001
    endloop
  endfacet
  facet normal  0.000000e+000  0.000000e+000  1.000000e+000
    outer loop
      vertex -3.717388e+000 -3.459354e+001  1.200000e+001
      vertex -6.705477e+000 -3.450379e+001  1.200000e+001
      vertex -7.246415e+000 -3.472785e+001  1.200000e+001
    endloop
  endfacet
  facet normal  -0.000000e+000  0.000000e+000  1.000000e+000
    outer loop
      vertex -3.717388e+000 -3.459354e+001  1.200000e+001
      vertex -7.246415e+000 -3.472785e+001  1.200000e+001
      vertex -3.785537e+000 -3.511118e+001  1.200000e+001
    endloop
  endfacet
  facet normal  -0.000000e+000  0.000000e+000  1.000000e+000
    outer loop
      vertex -3.161111e+001 -2.338281e+001  1.200000e+001
      vertex -3.953918e+001 -2.338281e+001  1.200000e+001
      vertex -3.219161e+001 -2.345924e+001  1.200000e+001
    endloop
  endfacet
  facet normal  0.000000e+000  0.000000e+000  1.000000e+000
    outer loop
      vertex -3.219161e+001 -2.345924e+001  1.200000e+001
      vertex -3.953918e+001 -2.338281e+001  1.200000e+001
      vertex -3.895868e+001 -2.345924e+001  1.200000e+001
    endloop
  endfacet
  facet normal  -0.000000e+000  0.000000e+000  1.000000e+000
    outer loop
      vertex -3.219161e+001 -2.345924e+001  1.200000e+001
      vertex -3.895868e+001 -2.345924e+001  1.200000e+001
      vertex -3.273254e+001 -2.368330e+001  1.200000e+001
    endloop
  endfacet
  facet normal  0.000000e+000  0.000000e+000  1.000000e+000
    outer loop
      vertex -3.273254e+001 -2.368330e+001  1.200000e+001
      vertex -3.895868e+001 -2.345924e+001  1.200000e+001
      vertex -3.841774e+001 -2.368330e+001  1.200000e+001
    endloop
  endfacet
  facet normal  -0.000000e+000  0.000000e+000  1.000000e+000
    outer loop
      vertex -3.273254e+001 -2.368330e+001  1.200000e+001
      vertex -3.841774e+001 -2.368330e+001  1.200000e+001
      vertex -3.319706e+001 -2.403973e+001  1.200000e+001
    endloop
  endfacet
  facet normal  0.000000e+000  0.000000e+000  1.000000e+000
    outer loop
      vertex -3.319706e+001 -2.403973e+001  1.200000e+001
      vertex -3.841774e+001 -2.368330e+001  1.200000e+001
      vertex -3.795323e+001 -2.403973e+001  1.200000e+001
    endloop
  endfacet
  facet normal  -0.000000e+000  0.000000e+000  1.000000e+000
    outer loop
      vertex -3.319706e+001 -2.403973e+001  1.200000e+001
      vertex -3.795323e+001 -2.403973e+001  1.200000e+001
      vertex -3.355349e+001 -2.450425e+001  1.200000e+001
    endloop
  endfacet
  facet normal  0.000000e+000  0.000000e+000  1.000000e+000
    outer loop
      vertex -3.355349e+001 -2.450425e+001  1.200000e+001
      vertex -3.795323e+001 -2.403973e+001  1.200000e+001
      vertex -3.759679e+001 -2.450425e+001  1.200000e+001
    endloop
  endfacet
  facet normal  -0.000000e+000  0.000000e+000  1.000000e+000
    outer loop
      vertex -3.355349e+001 -2.450425e+001  1.200000e+001
      vertex -3.759679e+001 -2.450425e+001  1.200000e+001
      vertex -3.377756e+001 -2.504519e+001  1.200000e+001
    endloop
  endfacet
  facet normal  0.000000e+000  0.000000e+000  1.000000e+000
    outer loop
      vertex -3.377756e+001 -2.504519e+001  1.200000e+001
      vertex -3.759679e+001 -2.450425e+001  1.200000e+001
      vertex -3.737273e+001 -2.504519e+001  1.200000e+001
    endloop
  endfacet
  facet normal  -0.000000e+000  0.000000e+000  1.000000e+000
    outer loop
      vertex -3.377756e+001 -2.504519e+001  1.200000e+001
      vertex -3.737273e+001 -2.504519e+001  1.200000e+001
      vertex -3.385398e+001 -2.562568e+001  1.200000e+001
    endloop
  endfacet
  facet normal  0.000000e+000  0.000000e+000  1.000000e+000
    outer loop
      vertex -3.385398e+001 -2.562568e+001  1.200000e+001
      vertex -3.737273e+001 -2.504519e+001  1.200000e+001
      vertex -3.729631e+001 -2.562568e+001  1.200000e+001
    endloop
  endfacet
  facet normal  -0.000000e+000  0.000000e+000  1.000000e+000
    outer loop
      vertex -3.385398e+001 -2.562568e+001  1.200000e+001
      vertex -3.729631e+001 -2.562568e+001  1.200000e+001
      vertex -3.377756e+001 -2.620618e+001  1.200000e+001
    endloop
  endfacet
  facet normal  0.000000e+000  0.000000e+000  1.000000e+000
    outer loop
      vertex -3.377756e+001 -2.620618e+001  1.200000e+001
      vertex -3.729631e+001 -2.562568e+001  1.200000e+001
      vertex -3.737273e+001 -2.620618e+001  1.200000e+001
    endloop
  endfacet
  facet normal  -0.000000e+000  0.000000e+000  1.000000e+000
    outer loop
      vertex -3.377756e+001 -2.620618e+001  1.200000e+001
      vertex -3.737273e+001 -2.620618e+001  1.200000e+001
      vertex -3.355349e+001 -2.674712e+001  1.200000e+001
    endloop
  endfacet
  facet normal  0.000000e+000  0.000000e+000  1.000000e+000
    outer loop
      vertex -3.355349e+001 -2.674712e+001  1.200000e+001
      vertex -3.737273e+001 -2.620618e+001  1.200000e+001
      vertex -3.759679e+001 -2.674712e+001  1.200000e+001
    endloop
  endfacet
  facet normal  -0.000000e+000  0.000000e+000  1.000000e+000
    outer loop
      vertex -3.355349e+001 -2.674712e+001  1.200000e+001
      vertex -3.759679e+001 -2.674712e+001  1.200000e+001
      vertex -3.319706e+001 -2.721163e+001  1.200000e+001
    endloop
  endfacet
  facet normal  0.000000e+000  0.000000e+000  1.000000e+000
    outer loop
      vertex -3.319706e+001 -2.721163e+001  1.200000e+001
      vertex -3.759679e+001 -2.674712e+001  1.200000e+001
      vertex -3.795323e+001 -2.721163e+001  1.200000e+001
    endloop
  endfacet
  facet normal  -0.000000e+000  0.000000e+000  1.000000e+000
    outer loop
      vertex -3.319706e+001 -2.721163e+001  1.200000e+001
      vertex -3.795323e+001 -2.721163e+001  1.200000e+001
      vertex -3.273254e+001 -2.756807e+001  1.200000e+001
    endloop
  endfacet
  facet normal  0.000000e+000  0.000000e+000  1.000000e+000
    outer loop
      vertex -3.273254e+001 -2.756807e+001  1.200000e+001
      vertex -3.795323e+001 -2.721163e+001  1.200000e+001
      vertex -3.841774e+001 -2.756807e+001  1.200000e+001
    endloop
  endfacet
  facet normal  -0.000000e+000  0.000000e+000  1.000000e+000
    outer loop
      vertex -3.273254e+001 -2.756807e+001  1.200000e+001
      vertex -3.841774e+001 -2.756807e+001  1.200000e+001
      vertex -3.219161e+001 -2.779213e+001  1.200000e+001
    endloop
  endfacet
  facet normal  0.000000e+000  0.000000e+000  1.000000e+000
    outer loop
      vertex -3.219161e+001 -2.779213e+001  1.200000e+001
      vertex -3.841774e+001 -2.756807e+001  1.200000e+001
      vertex -3.895868e+001 -2.779213e+001  1.200000e+001
    endloop
  endfacet
  facet normal  -0.000000e+000  0.000000e+000  1.000000e+000
    outer loop
      vertex -3.219161e+001 -2.779213e+001  1.200000e+001
      vertex -3.895868e+001 -2.779213e+001  1.200000e+001
      vertex -3.161111e+001 -2.786855e+001  1.200000e+001
    endloop
  endfacet
  facet normal  0.000000e+000  0.000000e+000  1.000000e+000
    outer loop
      vertex -3.161111e+001 -2.786855e+001  1.200000e+001
      vertex -3.895868e+001 -2.779213e+001  1.200000e+001
      vertex -3.953918e+001 -2.786855e+001  1.200000e+001
    endloop
  endfacet
  facet normal  -0.000000e+000  0.000000e+000  9.999999e-001
    outer loop
      vertex -3.161111e+001 -2.786855e+001  1.200000e+001
      vertex -3.953918e+001 -2.786855e+001  1.200000e+001
      vertex -3.161111e+001 -3.031853e+001  1.200000e+001
    endloop
  endfacet
  facet normal  0.000000e+000  0.000000e+000  9.999999e-001
    outer loop
      vertex -3.161111e+001 -3.031853e+001  1.200000e+001
      vertex -3.953918e+001 -2.786855e+001  1.200000e+001
      vertex -3.953918e+001 -3.031853e+001  1.200000e+001
    endloop
  endfacet
  facet normal  -0.000000e+000  0.000000e+000  1.000000e+000
    outer loop
      vertex -3.161111e+001 -3.031853e+001  1.200000e+001
      vertex -3.953918e+001 -3.031853e+001  1.200000e+001
      vertex -3.219161e+001 -3.039496e+001  1.200000e+001
    endloop
  endfacet
  facet normal  0.000000e+000  0.000000e+000  1.000000e+000
    outer loop
      vertex -3.219161e+001 -3.039496e+001  1.200000e+001
      vertex -3.953918e+001 -3.031853e+001  1.200000e+001
      vertex -3.895868e+001 -3.039496e+001  1.200000e+001
    endloop
  endfacet
  facet normal  -0.000000e+000  0.000000e+000  1.000000e+000
    outer loop
      vertex -3.219161e+001 -3.039496e+001  1.200000e+001
      vertex -3.895868e+001 -3.039496e+001  1.200000e+001
      vertex -3.273254e+001 -3.061902e+001  1.200000e+001
    endloop
  endfacet
  facet normal  0.000000e+000  0.000000e+000  1.000000e+000
    outer loop
      vertex -3.273254e+001 -3.061902e+001  1.200000e+001
      vertex -3.895868e+001 -3.039496e+001  1.200000e+001
      vertex -3.841774e+001 -3.061902e+001  1.200000e+001
    endloop
  endfacet
  facet normal  -0.000000e+000  0.000000e+000  1.000000e+000
    outer loop
      vertex -3.273254e+001 -3.061902e+001  1.200000e+001
      vertex -3.841774e+001 -3.061902e+001  1.200000e+001
      vertex -3.319706e+001 -3.097546e+001  1.200000e+001
    endloop
  endfacet
  facet normal  0.000000e+000  0.000000e+000  1.000000e+000
    outer loop
      vertex -3.319706e+001 -3.097546e+001  1.200000e+001
      vertex -3.841774e+001 -3.061902e+001  1.200000e+001
      vertex -3.795323e+001 -3.097546e+001  1.200000e+001
    endloop
  endfacet
  facet normal  -0.000000e+000  0.000000e+000  1.000000e+000
    outer loop
      vertex -3.319706e+001 -3.097546e+001  1.200000e+001
      vertex -3.795323e+001 -3.097546e+001  1.200000e+001
      vertex -3.355349e+001 -3.143997e+001  1.200000e+001
    endloop
  endfacet
  facet normal  0.000000e+000  0.000000e+000  1.000000e+000
    outer loop
      vertex -3.355349e+001 -3.143997e+001  1.200000e+001
      vertex -3.795323e+001 -3.097546e+001  1.200000e+001
      vertex -3.759679e+001 -3.143997e+001  1.200000e+001
    endloop
  endfacet
  facet normal  -0.000000e+000  0.000000e+000  1.000000e+000
    outer loop
      vertex -3.355349e+001 -3.143997e+001  1.200000e+001
      vertex -3.759679e+001 -3.143997e+001  1.200000e+001
      vertex -3.377756e+001 -3.198091e+001  1.200000e+001
    endloop
  endfacet
  facet normal  0.000000e+000  0.000000e+000  1.000000e+000
    outer loop
      vertex -3.377756e+001 -3.198091e+001  1.200000e+001
      vertex -3.759679e+001 -3.143997e+001  1.200000e+001
      vertex -3.737273e+001 -3.198091e+001  1.200000e+001
    endloop
  endfacet
  facet normal  -0.000000e+000  0.000000e+000  1.000000e+000
    outer loop
      vertex -3.377756e+001 -3.198091e+001  1.200000e+001
      vertex -3.737273e+001 -3.198091e+001  1.200000e+001
      vertex -3.385398e+001 -3.256141e+001  1.200000e+001
    endloop
  endfacet
  facet normal  0.000000e+000  0.000000e+000  1.000000e+000
    outer loop
      vertex -3.385398e+001 -3.256141e+001  1.200000e+001
      vertex -3.737273e+001 -3.198091e+001  1.200000e+001
      vertex -3.729631e+001 -3.256141e+001  1.200000e+001
    endloop
  endfacet
  facet normal  -0.000000e+000  0.000000e+000  1.000000e+000
    outer loop
      vertex -3.385398e+001 -3.256141e+001  1.200000e+001
      vertex -3.729631e+001 -3.256141e+001  1.200000e+001
      vertex -3.377756e+001 -3.314190e+001  1.200000e+001
    endloop
  endfacet
  facet normal  0.000000e+000  0.000000e+000  1.000000e+000
    outer loop
      vertex -3.377756e+001 -3.314190e+001  1.200000e+001
      vertex -3.729631e+001 -3.256141e+001  1.200000e+001
      vertex -3.737273e+001 -3.314190e+001  1.200000e+001
    endloop
  endfacet
  facet normal  -0.000000e+000  0.000000e+000  1.000000e+000
    outer loop
      vertex -3.377756e+001 -3.314190e+001  1.200000e+001
      vertex -3.737273e+001 -3.314190e+001  1.200000e+001
      vertex -3.355349e+001 -3.368284e+001  1.200000e+001
    endloop
  endfacet
  facet normal  0.000000e+000  0.000000e+000  1.000000e+000
    outer loop
      vertex -3.355349e+001 -3.368284e+001  1.200000e+001
      vertex -3.737273e+001 -3.314190e+001  1.200000e+001
      vertex -3.759679e+001 -3.368284e+001  1.200000e+001
    endloop
  endfacet
  facet normal  -0.000000e+000  0.000000e+000  1.000000e+000
    outer loop
      vertex -3.355349e+001 -3.368284e+001  1.200000e+001
      vertex -3.759679e+001 -3.368284e+001  1.200000e+001
      vertex -3.319706e+001 -3.414735e+001  1.200000e+001
    endloop
  endfacet
  facet normal  0.000000e+000  0.000000e+000  1.000000e+000
    outer loop
      vertex -3.319706e+001 -3.414735e+001  1.200000e+001
      vertex -3.759679e+001 -3.368284e+001  1.200000e+001
      vertex -3.795323e+001 -3.414735e+001  1.200000e+001
    endloop
  endfacet
  facet normal  -0.000000e+000  0.000000e+000  1.000000e+000
    outer loop
      vertex -3.319706e+001 -3.414735e+001  1.200000e+001
      vertex -3.795323e+001 -3.414735e+001  1.200000e+001
      vertex -3.273254e+001 -3.450379e+001  1.200000e+001
    endloop
  endfacet
  facet normal  0.000000e+000  0.000000e+000  1.000000e+000
    outer loop
      vertex -3.273254e+001 -3.450379e+001  1.200000e+001
      vertex -3.795323e+001 -3.414735e+001  1.200000e+001
      vertex -3.841774e+001 -3.450379e+001  1.200000e+001
    endloop
  endfacet
  facet normal  -0.000000e+000  0.000000e+000  1.000000e+000
    outer loop
      vertex -3.273254e+001 -3.450379e+001  1.200000e+001
      vertex -3.841774e+001 -3.450379e+001  1.200000e+001
      vertex -3.219161e+001 -3.472785e+001  1.200000e+001
    endloop
  endfacet
  facet normal  0.000000e+000  0.000000e+000  1.000000e+000
    outer loop
      vertex -3.219161e+001 -3.472785e+001  1.200000e+001
      vertex -3.841774e+001 -3.450379e+001  1.200000e+001
      vertex -3.895868e+001 -3.472785e+001  1.200000e+001
    endloop
  endfacet
  facet normal  -0.000000e+000  0.000000e+000  1.000000e+000
    outer loop
      vertex -3.219161e+001 -3.472785e+001  1.200000e+001
      vertex -3.895868e+001 -3.472785e+001  1.200000e+001
      vertex -3.161111e+001 -3.480428e+001  1.200000e+001
    endloop
  endfacet
  facet normal  0.000000e+000  0.000000e+000  1.000000e+000
    outer loop
      vertex -3.161111e+001 -3.480428e+001  1.200000e+001
      vertex -3.895868e+001 -3.472785e+001  1.200000e+001
      vertex -3.953918e+001 -3.480428e+001  1.200000e+001
    endloop
  endfacet
  facet normal  -0.000000e+000  0.000000e+000  1.000000e+000
    outer loop
      vertex -2.368304e+001 -2.338281e+001  1.200000e+001
      vertex -3.161111e+001 -2.338281e+001  1.200000e+001
      vertex -2.426354e+001 -2.345924e+001  1.200000e+001
    endloop
  endfacet
  facet normal  0.000000e+000  0.000000e+000  1.000000e+000
    outer loop
      vertex -2.426354e+001 -2.345924e+001  1.200000e+001
      vertex -3.161111e+001 -2.338281e+001  1.200000e+001
      vertex -3.103061e+001 -2.345924e+001  1.200000e+001
    endloop
  endfacet
  facet normal  -0.000000e+000  0.000000e+000  1.000000e+000
    outer loop
      vertex -2.426354e+001 -2.345924e+001  1.200000e+001
      vertex -3.103061e+001 -2.345924e+001  1.200000e+001
      vertex -2.480448e+001 -2.368330e+001  1.200000e+001
    endloop
  endfacet
  facet normal  0.000000e+000  0.000000e+000  1.000000e+000
    outer loop
      vertex -2.480448e+001 -2.368330e+001  1.200000e+001
      vertex -3.103061e+001 -2.345924e+001  1.200000e+001
      vertex -3.048968e+001 -2.368330e+001  1.200000e+001
    endloop
  endfacet
  facet normal  -0.000000e+000  0.000000e+000  1.000000e+000
    outer loop
      vertex -2.480448e+001 -2.368330e+001  1.200000e+001
      vertex -3.048968e+001 -2.368330e+001  1.200000e+001
      vertex -2.526899e+001 -2.403973e+001  1.200000e+001
    endloop
  endfacet
  facet normal  0.000000e+000  0.000000e+000  1.000000e+000
    outer loop
      vertex -2.526899e+001 -2.403973e+001  1.200000e+001
      vertex -3.048968e+001 -2.368330e+001  1.200000e+001
      vertex -3.002516e+001 -2.403973e+001  1.200000e+001
    endloop
  endfacet
  facet normal  -0.000000e+000  0.000000e+000  1.000000e+000
    outer loop
      vertex -2.526899e+001 -2.403973e+001  1.200000e+001
      vertex -3.002516e+001 -2.403973e+001  1.200000e+001
      vertex -2.562543e+001 -2.450425e+001  1.200000e+001
    endloop
  endfacet
  facet normal  0.000000e+000  0.000000e+000  1.000000e+000
    outer loop
      vertex -2.562543e+001 -2.450425e+001  1.200000e+001
      vertex -3.002516e+001 -2.403973e+001  1.200000e+001
      vertex -2.966873e+001 -2.450425e+001  1.200000e+001
    endloop
  endfacet
  facet normal  -0.000000e+000  0.000000e+000  1.000000e+000
    outer loop
      vertex -2.562543e+001 -2.450425e+001  1.200000e+001
      vertex -2.966873e+001 -2.450425e+001  1.200000e+001
      vertex -2.584949e+001 -2.504519e+001  1.200000e+001
    endloop
  endfacet
  facet normal  0.000000e+000  0.000000e+000  1.000000e+000
    outer loop
      vertex -2.584949e+001 -2.504519e+001  1.200000e+001
      vertex -2.966873e+001 -2.450425e+001  1.200000e+001
      vertex -2.944467e+001 -2.504519e+001  1.200000e+001
    endloop
  endfacet
  facet normal  -0.000000e+000  0.000000e+000  1.000000e+000
    outer loop
      vertex -2.584949e+001 -2.504519e+001  1.200000e+001
      vertex -2.944467e+001 -2.504519e+001  1.200000e+001
      vertex -2.592591e+001 -2.562568e+001  1.200000e+001
    endloop
  endfacet
  facet normal  0.000000e+000  0.000000e+000  1.000000e+000
    outer loop
      vertex -2.592591e+001 -2.562568e+001  1.200000e+001
      vertex -2.944467e+001 -2.504519e+001  1.200000e+001
      vertex -2.936824e+001 -2.562568e+001  1.200000e+001
    endloop
  endfacet
  facet normal  -0.000000e+000  0.000000e+000  1.000000e+000
    outer loop
      vertex -2.592591e+001 -2.562568e+001  1.200000e+001
      vertex -2.936824e+001 -2.562568e+001  1.200000e+001
      vertex -2.584949e+001 -2.620618e+001  1.200000e+001
    endloop
  endfacet
  facet normal  0.000000e+000  0.000000e+000  1.000000e+000
    outer loop
      vertex -2.584949e+001 -2.620618e+001  1.200000e+001
      vertex -2.936824e+001 -2.562568e+001  1.200000e+001
      vertex -2.944467e+001 -2.620618e+001  1.200000e+001
    endloop
  endfacet
  facet normal  -0.000000e+000  0.000000e+000  1.000000e+000
    outer loop
      vertex -2.584949e+001 -2.620618e+001  1.200000e+001
      vertex -2.944467e+001 -2.620618e+001  1.200000e+001
      vertex -2.562543e+001 -2.674712e+001  1.200000e+001
    endloop
  endfacet
  facet normal  0.000000e+000  0.000000e+000  1.000000e+000
    outer loop
      vertex -2.562543e+001 -2.674712e+001  1.200000e+001
      vertex -2.944467e+001 -2.620618e+001  1.200000e+001
      vertex -2.966873e+001 -2.674712e+001  1.200000e+001
    endloop
  endfacet
  facet normal  -0.000000e+000  0.000000e+000  1.000000e+000
    outer loop
      vertex -2.562543e+001 -2.674712e+001  1.200000e+001
      vertex -2.966873e+001 -2.674712e+001  1.200000e+001
      vertex -2.526899e+001 -2.721163e+001  1.200000e+001
    endloop
  endfacet
  facet normal  0.000000e+000  0.000000e+000  1.000000e+000
    outer loop
      vertex -2.526899e+001 -2.721163e+001  1.200000e+001
      vertex -2.966873e+001 -2.674712e+001  1.200000e+001
      vertex -3.002516e+001 -2.721163e+001  1.200000e+001
    endloop
  endfacet
  facet normal  -0.000000e+000  0.000000e+000  1.000000e+000
    outer loop
      vertex -2.526899e+001 -2.721163e+001  1.200000e+001
      vertex -3.002516e+001 -2.721163e+001  1.200000e+001
      vertex -2.480448e+001 -2.756807e+001  1.200000e+001
    endloop
  endfacet
  facet normal  0.000000e+000  0.000000e+000  1.000000e+000
    outer loop
      vertex -2.480448e+001 -2.756807e+001  1.200000e+001
      vertex -3.002516e+001 -2.721163e+001  1.200000e+001
      vertex -3.048968e+001 -2.756807e+001  1.200000e+001
    endloop
  endfacet
  facet normal  -0.000000e+000  0.000000e+000  1.000000e+000
    outer loop
      vertex -2.480448e+001 -2.756807e+001  1.200000e+001
      vertex -3.048968e+001 -2.756807e+001  1.200000e+001
      vertex -2.426354e+001 -2.779213e+001  1.200000e+001
    endloop
  endfacet
  facet normal  0.000000e+000  0.000000e+000  1.000000e+000
    outer loop
      vertex -2.426354e+001 -2.779213e+001  1.200000e+001
      vertex -3.048968e+001 -2.756807e+001  1.200000e+001
      vertex -3.103061e+001 -2.779213e+001  1.200000e+001
    endloop
  endfacet
  facet normal  -0.000000e+000  0.000000e+000  1.000000e+000
    outer loop
      vertex -2.426354e+001 -2.779213e+001  1.200000e+001
      vertex -3.103061e+001 -2.779213e+001  1.200000e+001
      vertex -2.368304e+001 -2.786855e+001  1.200000e+001
    endloop
  endfacet
  facet normal  0.000000e+000  0.000000e+000  1.000000e+000
    outer loop
      vertex -2.368304e+001 -2.786855e+001  1.200000e+001
      vertex -3.103061e+001 -2.779213e+001  1.200000e+001
      vertex -3.161111e+001 -2.786855e+001  1.200000e+001
    endloop
  endfacet
  facet normal  -0.000000e+000  0.000000e+000  9.999999e-001
    outer loop
      vertex -2.368304e+001 -2.786855e+001  1.200000e+001
      vertex -3.161111e+001 -2.786855e+001  1.200000e+001
      vertex -2.368304e+001 -3.031853e+001  1.200000e+001
    endloop
  endfacet
  facet normal  0.000000e+000  0.000000e+000  9.999999e-001
    outer loop
      vertex -2.368304e+001 -3.031853e+001  1.200000e+001
      vertex -3.161111e+001 -2.786855e+001  1.200000e+001
      vertex -3.161111e+001 -3.031853e+001  1.200000e+001
    endloop
  endfacet
  facet normal  -0.000000e+000  0.000000e+000  1.000000e+000
    outer loop
      vertex -2.368304e+001 -3.031853e+001  1.200000e+001
      vertex -3.161111e+001 -3.031853e+001  1.200000e+001
      vertex -2.426354e+001 -3.039496e+001  1.200000e+001
    endloop
  endfacet
  facet normal  0.000000e+000  0.000000e+000  1.000000e+000
    outer loop
      vertex -2.426354e+001 -3.039496e+001  1.200000e+001
      vertex -3.161111e+001 -3.031853e+001  1.200000e+001
      vertex -3.103061e+001 -3.039496e+001  1.200000e+001
    endloop
  endfacet
  facet normal  -0.000000e+000  0.000000e+000  1.000000e+000
    outer loop
      vertex -2.426354e+001 -3.039496e+001  1.200000e+001
      vertex -3.103061e+001 -3.039496e+001  1.200000e+001
      vertex -2.480448e+001 -3.061902e+001  1.200000e+001
    endloop
  endfacet
  facet normal  0.000000e+000  0.000000e+000  1.000000e+000
    outer loop
      vertex -2.480448e+001 -3.061902e+001  1.200000e+001
      vertex -3.103061e+001 -3.039496e+001  1.200000e+001
      vertex -3.048968e+001 -3.061902e+001  1.200000e+001
    endloop
  endfacet
  facet normal  -0.000000e+000  0.000000e+000  1.000000e+000
    outer loop
      vertex -2.480448e+001 -3.061902e+001  1.200000e+001
      vertex -3.048968e+001 -3.061902e+001  1.200000e+001
      vertex -2.526899e+001 -3.097546e+001  1.200000e+001
    endloop
  endfacet
  facet normal  0.000000e+000  0.000000e+000  1.000000e+000
    outer loop
      vertex -2.526899e+001 -3.097546e+001  1.200000e+001
      vertex -3.048968e+001 -3.061902e+001  1.200000e+001
      vertex -3.002516e+001 -3.097546e+001  1.200000e+001
    endloop
  endfacet
  facet normal  -0.000000e+000  0.000000e+000  1.000000e+000
    outer loop
      vertex -2.526899e+001 -3.097546e+001  1.200000e+001
      vertex -3.002516e+001 -3.097546e+001  1.200000e+001
      vertex -2.562543e+001 -3.143997e+001  1.200000e+001
    endloop
  endfacet
  facet normal  0.000000e+000  0.000000e+000  1.000000e+000
    outer loop
      vertex -2.562543e+001 -3.143997e+001  1.200000e+001
      vertex -3.002516e+001 -3.097546e+001  1.200000e+001
      vertex -2.966873e+001 -3.143997e+001  1.200000e+001
    endloop
  endfacet
  facet normal  -0.000000e+000  0.000000e+000  1.000000e+000
    outer loop
      vertex -2.562543e+001 -3.143997e+001  1.200000e+001
      vertex -2.966873e+001 -3.143997e+001  1.200000e+001
      vertex -2.584949e+001 -3.198091e+001  1.200000e+001
    endloop
  endfacet
  facet normal  0.000000e+000  0.000000e+000  1.000000e+000
    outer loop
      vertex -2.584949e+001 -3.198091e+001  1.200000e+001
      vertex -2.966873e+001 -3.143997e+001  1.200000e+001
      vertex -2.944467e+001 -3.198091e+001  1.200000e+001
    endloop
  endfacet
  facet normal  -0.000000e+000  0.000000e+000  1.000000e+000
    outer loop
      vertex -2.584949e+001 -3.198091e+001  1.200000e+001
      vertex -2.944467e+001 -3.198091e+001  1.200000e+001
      vertex -2.592591e+001 -3.256141e+001  1.200000e+001
    endloop
  endfacet
  facet normal  0.000000e+000  0.000000e+000  1.000000e+000
    outer loop
      vertex -2.592591e+001 -3.256141e+001  1.200000e+001
      vertex -2.944467e+001 -3.198091e+001  1.200000e+001
      vertex -2.936824e+001 -3.256141e+001  1.200000e+001
    endloop
  endfacet
  facet normal  -0.000000e+000  0.000000e+000  1.000000e+000
    outer loop
      vertex -2.592591e+001 -3.256141e+001  1.200000e+001
      vertex -2.936824e+001 -3.256141e+001  1.200000e+001
      vertex -2.584949e+001 -3.314190e+001  1.200000e+001
    endloop
  endfacet
  facet normal  0.000000e+000  0.000000e+000  1.000000e+000
    outer loop
      vertex -2.584949e+001 -3.314190e+001  1.200000e+001
      vertex -2.936824e+001 -3.256141e+001  1.200000e+001
      vertex -2.944467e+001 -3.314190e+001  1.200000e+001
    endloop
  endfacet
  facet normal  -0.000000e+000  0.000000e+000  1.000000e+000
    outer loop
      vertex -2.584949e+001 -3.314190e+001  1.200000e+001
      vertex -2.944467e+001 -3.314190e+001  1.200000e+001
      vertex -2.562543e+001 -3.368284e+001  1.200000e+001
    endloop
  endfacet
  facet normal  0.000000e+000  0.000000e+000  1.000000e+000
    outer loop
      vertex -2.562543e+001 -3.368284e+001  1.200000e+001
      vertex -2.944467e+001 -3.314190e+001  1.200000e+001
      vertex -2.966873e+001 -3.368284e+001  1.200000e+001
    endloop
  endfacet
  facet normal  -0.000000e+000  0.000000e+000  1.000000e+000
    outer loop
      vertex -2.562543e+001 -3.368284e+001  1.200000e+001
      vertex -2.966873e+001 -3.368284e+001  1.200000e+001
      vertex -2.526899e+001 -3.414735e+001  1.200000e+001
    endloop
  endfacet
  facet normal  0.000000e+000  0.000000e+000  1.000000e+000
    outer loop
      vertex -2.526899e+001 -3.414735e+001  1.200000e+001
      vertex -2.966873e+001 -3.368284e+001  1.200000e+001
      vertex -3.002516e+001 -3.414735e+001  1.200000e+001
    endloop
  endfacet
  facet normal  -0.000000e+000  0.000000e+000  1.000000e+000
    outer loop
      vertex -2.526899e+001 -3.414735e+001  1.200000e+001
      vertex -3.002516e+001 -3.414735e+001  1.200000e+001
      vertex -2.480448e+001 -3.450379e+001  1.200000e+001
    endloop
  endfacet
  facet normal  0.000000e+000  0.000000e+000  1.000000e+000
    outer loop
      vertex -2.480448e+001 -3.450379e+001  1.200000e+001
      vertex -3.002516e+001 -3.414735e+001  1.200000e+001
      vertex -3.048968e+001 -3.450379e+001  1.200000e+001
    endloop
  endfacet
  facet normal  -0.000000e+000  0.000000e+000  1.000000e+000
    outer loop
      vertex -2.480448e+001 -3.450379e+001  1.200000e+001
      vertex -3.048968e+001 -3.450379e+001  1.200000e+001
      vertex -2.426354e+001 -3.472785e+001  1.200000e+001
    endloop
  endfacet
  facet normal  0.000000e+000  0.000000e+000  1.000000e+000
    outer loop
      vertex -2.426354e+001 -3.472785e+001  1.200000e+001
      vertex -3.048968e+001 -3.450379e+001  1.200000e+001
      vertex -3.103061e+001 -3.472785e+001  1.200000e+001
    endloop
  endfacet
  facet normal  -0.000000e+000  0.000000e+000  1.000000e+000
    outer loop
      vertex -2.426354e+001 -3.472785e+001  1.200000e+001
      vertex -3.103061e+001 -3.472785e+001  1.200000e+001
      vertex -2.368304e+001 -3.480428e+001  1.200000e+001
    endloop
  endfacet
  facet normal  0.000000e+000  0.000000e+000  1.000000e+000
    outer loop
      vertex -2.368304e+001 -3.480428e+001  1.200000e+001
      vertex -3.103061e+001 -3.472785e+001  1.200000e+001
      vertex -3.161111e+001 -3.480428e+001  1.200000e+001
    endloop
  endfacet
  facet normal  -0.000000e+000  0.000000e+000  1.000000e+000
    outer loop
      vertex -1.575498e+001 -2.338281e+001  1.200000e+001
      vertex -2.368304e+001 -2.338281e+001  1.200000e+001
      vertex -1.633548e+001 -2.345924e+001  1.200000e+001
    endloop
  endfacet
  facet normal  0.000000e+000  0.000000e+000  1.000000e+000
    outer loop
      vertex -1.633548e+001 -2.345924e+001  1.200000e+001
      vertex -2.368304e+001 -2.338281e+001  1.200000e+001
      vertex -2.310255e+001 -2.345924e+001  1.200000e+001
    endloop
  endfacet
  facet normal  -0.000000e+000  0.000000e+000  1.000000e+000
    outer loop
      vertex -1.633548e+001 -2.345924e+001  1.200000e+001
      vertex -2.310255e+001 -2.345924e+001  1.200000e+001
      vertex -1.687641e+001 -2.368330e+001  1.200000e+001
    endloop
  endfacet
  facet normal  0.000000e+000  0.000000e+000  1.000000e+000
    outer loop
      vertex -1.687641e+001 -2.368330e+001  1.200000e+001
      vertex -2.310255e+001 -2.345924e+001  1.200000e+001
      vertex -2.256161e+001 -2.368330e+001  1.200000e+001
    endloop
  endfacet
  facet normal  -0.000000e+000  0.000000e+000  1.000000e+000
    outer loop
      vertex -1.687641e+001 -2.368330e+001  1.200000e+001
      vertex -2.256161e+001 -2.368330e+001  1.200000e+001
      vertex -1.734093e+001 -2.403973e+001  1.200000e+001
    endloop
  endfacet
  facet normal  0.000000e+000  0.000000e+000  1.000000e+000
    outer loop
      vertex -1.734093e+001 -2.403973e+001  1.200000e+001
      vertex -2.256161e+001 -2.368330e+001  1.200000e+001
      vertex -2.209710e+001 -2.403973e+001  1.200000e+001
    endloop
  endfacet
  facet normal  -0.000000e+000  0.000000e+000  1.000000e+000
    outer loop
      vertex -1.734093e+001 -2.403973e+001  1.200000e+001
      vertex -2.209710e+001 -2.403973e+001  1.200000e+001
      vertex -1.769736e+001 -2.450425e+001  1.200000e+001
    endloop
  endfacet
  facet normal  0.000000e+000  0.000000e+000  1.000000e+000
    outer loop
      vertex -1.769736e+001 -2.450425e+001  1.200000e+001
      vertex -2.209710e+001 -2.403973e+001  1.200000e+001
      vertex -2.174066e+001 -2.450425e+001  1.200000e+001
    endloop
  endfacet
  facet normal  -0.000000e+000  0.000000e+000  1.000000e+000
    outer loop
      vertex -1.769736e+001 -2.450425e+001  1.200000e+001
      vertex -2.174066e+001 -2.450425e+001  1.200000e+001
      vertex -1.792142e+001 -2.504519e+001  1.200000e+001
    endloop
  endfacet
  facet normal  0.000000e+000  0.000000e+000  1.000000e+000
    outer loop
      vertex -1.792142e+001 -2.504519e+001  1.200000e+001
      vertex -2.174066e+001 -2.450425e+001  1.200000e+001
      vertex -2.151660e+001 -2.504519e+001  1.200000e+001
    endloop
  endfacet
  facet normal  -0.000000e+000  0.000000e+000  1.000000e+000
    outer loop
      vertex -1.792142e+001 -2.504519e+001  1.200000e+001
      vertex -2.151660e+001 -2.504519e+001  1.200000e+001
      vertex -1.799785e+001 -2.562568e+001  1.200000e+001
    endloop
  endfacet
  facet normal  0.000000e+000  0.000000e+000  1.000000e+000
    outer loop
      vertex -1.799785e+001 -2.562568e+001  1.200000e+001
      vertex -2.151660e+001 -2.504519e+001  1.200000e+001
      vertex -2.144017e+001 -2.562568e+001  1.200000e+001
    endloop
  endfacet
  facet normal  -0.000000e+000  0.000000e+000  1.000000e+000
    outer loop
      vertex -1.799785e+001 -2.562568e+001  1.200000e+001
      vertex -2.144017e+001 -2.562568e+001  1.200000e+001
      vertex -1.792142e+001 -2.620618e+001  1.200000e+001
    endloop
  endfacet
  facet normal  0.000000e+000  0.000000e+000  1.000000e+000
    outer loop
      vertex -1.792142e+001 -2.620618e+001  1.200000e+001
      vertex -2.144017e+001 -2.562568e+001  1.200000e+001
      vertex -2.151660e+001 -2.620618e+001  1.200000e+001
    endloop
  endfacet
  facet normal  -0.000000e+000  0.000000e+000  1.000000e+000
    outer loop
      vertex -1.792142e+001 -2.620618e+001  1.200000e+001
      vertex -2.151660e+001 -2.620618e+001  1.200000e+001
      vertex -1.769736e+001 -2.674712e+001  1.200000e+001
    endloop
  endfacet
  facet normal  0.000000e+000  0.000000e+000  1.000000e+000
    outer loop
      vertex -1.769736e+001 -2.674712e+001  1.200000e+001
      vertex -2.151660e+001 -2.620618e+001  1.200000e+001
      vertex -2.174066e+001 -2.674712e+001  1.200000e+001
    endloop
  endfacet
  facet normal  -0.000000e+000  0.000000e+000  1.000000e+000
    outer loop
      vertex -1.769736e+001 -2.674712e+001  1.200000e+001
      vertex -2.174066e+001 -2.674712e+001  1.200000e+001
      vertex -1.734093e+001 -2.721163e+001  1.200000e+001
    endloop
  endfacet
  facet normal  0.000000e+000  0.000000e+000  1.000000e+000
    outer loop
      vertex -1.734093e+001 -2.721163e+001  1.200000e+001
      vertex -2.174066e+001 -2.674712e+001  1.200000e+001
      vertex -2.209710e+001 -2.721163e+001  1.200000e+001
    endloop
  endfacet
  facet normal  -0.000000e+000  0.000000e+000  1.000000e+000
    outer loop
      vertex -1.734093e+001 -2.721163e+001  1.200000e+001
      vertex -2.209710e+001 -2.721163e+001  1.200000e+001
      vertex -1.687641e+001 -2.756807e+001  1.200000e+001
    endloop
  endfacet
  facet normal  0.000000e+000  0.000000e+000  1.000000e+000
    outer loop
      vertex -1.687641e+001 -2.756807e+001  1.200000e+001
      vertex -2.209710e+001 -2.721163e+001  1.200000e+001
      vertex -2.256161e+001 -2.756807e+001  1.200000e+001
    endloop
  endfacet
  facet normal  -0.000000e+000  0.000000e+000  1.000000e+000
    outer loop
      vertex -1.687641e+001 -2.756807e+001  1.200000e+001
      vertex -2.256161e+001 -2.756807e+001  1.200000e+001
      vertex -1.633548e+001 -2.779213e+001  1.200000e+001
    endloop
  endfacet
  facet normal  0.000000e+000  0.000000e+000  1.000000e+000
    outer loop
      vertex -1.633548e+001 -2.779213e+001  1.200000e+001
      vertex -2.256161e+001 -2.756807e+001  1.200000e+001
      vertex -2.310255e+001 -2.779213e+001  1.200000e+001
    endloop
  endfacet
  facet normal  -0.000000e+000  0.000000e+000  1.000000e+000
    outer loop
      vertex -1.633548e+001 -2.779213e+001  1.200000e+001
      vertex -2.310255e+001 -2.779213e+001  1.200000e+001
      vertex -1.575498e+001 -2.786855e+001  1.200000e+001
    endloop
  endfacet
  facet normal  0.000000e+000  0.000000e+000  1.000000e+000
    outer loop
      vertex -1.575498e+001 -2.786855e+001  1.200000e+001
      vertex -2.310255e+001 -2.779213e+001  1.200000e+001
      vertex -2.368304e+001 -2.786855e+001  1.200000e+001
    endloop
  endfacet
  facet normal  -0.000000e+000  0.000000e+000  9.999999e-001
    outer loop
      vertex -1.575498e+001 -2.786855e+001  1.200000e+001
      vertex -2.368304e+001 -2.786855e+001  1.200000e+001
      vertex -1.575498e+001 -3.031853e+001  1.200000e+001
    endloop
  endfacet
  facet normal  0.000000e+000  0.000000e+000  9.999999e-001
    outer loop
      vertex -1.575498e+001 -3.031853e+001  1.200000e+001
      vertex -2.368304e+001 -2.786855e+001  1.200000e+001
      vertex -2.368304e+001 -3.031853e+001  1.200000e+001
    endloop
  endfacet
  facet normal  -0.000000e+000  0.000000e+000  1.000000e+000
    outer loop
      vertex -1.575498e+001 -3.031853e+001  1.200000e+001
      vertex -2.368304e+001 -3.031853e+001  1.200000e+001
      vertex -1.633548e+001 -3.039496e+001  1.200000e+001
    endloop
  endfacet
  facet normal  0.000000e+000  0.000000e+000  1.000000e+000
    outer loop
      vertex -1.633548e+001 -3.039496e+001  1.200000e+001
      vertex -2.368304e+001 -3.031853e+001  1.200000e+001
      vertex -2.310255e+001 -3.039496e+001  1.200000e+001
    endloop
  endfacet
  facet normal  -0.000000e+000  0.000000e+000  1.000000e+000
    outer loop
      vertex -1.633548e+001 -3.039496e+001  1.200000e+001
      vertex -2.310255e+001 -3.039496e+001  1.200000e+001
      vertex -1.687641e+001 -3.061902e+001  1.200000e+001
    endloop
  endfacet
  facet normal  0.000000e+000  0.000000e+000  1.000000e+000
    outer loop
      vertex -1.687641e+001 -3.061902e+001  1.200000e+001
      vertex -2.310255e+001 -3.039496e+001  1.200000e+001
      vertex -2.256161e+001 -3.061902e+001  1.200000e+001
    endloop
  endfacet
  facet normal  -0.000000e+000  0.000000e+000  1.000000e+000
    outer loop
      vertex -1.687641e+001 -3.061902e+001  1.200000e+001
      vertex -2.256161e+001 -3.061902e+001  1.200000e+001
      vertex -1.734093e+001 -3.097546e+001  1.200000e+001
    endloop
  endfacet
  facet normal  0.000000e+000  0.000000e+000  1.000000e+000
    outer loop
      vertex -1.734093e+001 -3.097546e+001  1.200000e+001
      vertex -2.256161e+001 -3.061902e+001  1.200000e+001
      vertex -2.209710e+001 -3.097546e+001  1.200000e+001
    endloop
  endfacet
  facet normal  -0.000000e+000  0.000000e+000  1.000000e+000
    outer loop
      vertex -1.734093e+001 -3.097546e+001  1.200000e+001
      vertex -2.209710e+001 -3.097546e+001  1.200000e+001
      vertex -1.769736e+001 -3.143997e+001  1.200000e+001
    endloop
  endfacet
  facet normal  0.000000e+000  0.000000e+000  1.000000e+000
    outer loop
      vertex -1.769736e+001 -3.143997e+001  1.200000e+001
      vertex -2.209710e+001 -3.097546e+001  1.200000e+001
      vertex -2.174066e+001 -3.143997e+001  1.200000e+001
    endloop
  endfacet
  facet normal  -0.000000e+000  0.000000e+000  1.000000e+000
    outer loop
      vertex -1.769736e+001 -3.143997e+001  1.200000e+001
      vertex -2.174066e+001 -3.143997e+001  1.200000e+001
      vertex -1.792142e+001 -3.198091e+001  1.200000e+001
    endloop
  endfacet
  facet normal  0.000000e+000  0.000000e+000  1.000000e+000
    outer loop
      vertex -1.792142e+001 -3.198091e+001  1.200000e+001
      vertex -2.174066e+001 -3.143997e+001  1.200000e+001
      vertex -2.151660e+001 -3.198091e+001  1.200000e+001
    endloop
  endfacet
  facet normal  -0.000000e+000  0.000000e+000  1.000000e+000
    outer loop
      vertex -1.792142e+001 -3.198091e+001  1.200000e+001
      vertex -2.151660e+001 -3.198091e+001  1.200000e+001
      vertex -1.799785e+001 -3.256141e+001  1.200000e+001
    endloop
  endfacet
  facet normal  0.000000e+000  0.000000e+000  1.000000e+000
    outer loop
      vertex -1.799785e+001 -3.256141e+001  1.200000e+001
      vertex -2.151660e+001 -3.198091e+001  1.200000e+001
      vertex -2.144017e+001 -3.256141e+001  1.200000e+001
    endloop
  endfacet
  facet normal  -0.000000e+000  0.000000e+000  1.000000e+000
    outer loop
      vertex -1.799785e+001 -3.256141e+001  1.200000e+001
      vertex -2.144017e+001 -3.256141e+001  1.200000e+001
      vertex -1.792142e+001 -3.314190e+001  1.200000e+001
    endloop
  endfacet
  facet normal  0.000000e+000  0.000000e+000  1.000000e+000
    outer loop
      vertex -1.792142e+001 -3.314190e+001  1.200000e+001
      vertex -2.144017e+001 -3.256141e+001  1.200000e+001
      vertex -2.151660e+001 -3.314190e+001  1.200000e+001
    endloop
  endfacet
  facet normal  -0.000000e+000  0.000000e+000  1.000000e+000
    outer loop
      vertex -1.792142e+001 -3.314190e+001  1.200000e+001
      vertex -2.151660e+001 -3.314190e+001  1.200000e+001
      vertex -1.769736e+001 -3.368284e+001  1.200000e+001
    endloop
  endfacet
  facet normal  0.000000e+000  0.000000e+000  1.000000e+000
    outer loop
      vertex -1.769736e+001 -3.368284e+001  1.200000e+001
      vertex -2.151660e+001 -3.314190e+001  1.200000e+001
      vertex -2.174066e+001 -3.368284e+001  1.200000e+001
    endloop
  endfacet
  facet normal  -0.000000e+000  0.000000e+000  1.000000e+000
    outer loop
      vertex -1.769736e+001 -3.368284e+001  1.200000e+001
      vertex -2.174066e+001 -3.368284e+001  1.200000e+001
      vertex -1.734093e+001 -3.414735e+001  1.200000e+001
    endloop
  endfacet
  facet normal  0.000000e+000  0.000000e+000  1.000000e+000
    outer loop
      vertex -1.734093e+001 -3.414735e+001  1.200000e+001
      vertex -2.174066e+001 -3.368284e+001  1.200000e+001
      vertex -2.209710e+001 -3.414735e+001  1.200000e+001
    endloop
  endfacet
  facet normal  -0.000000e+000  0.000000e+000  1.000000e+000
    outer loop
      vertex -1.734093e+001 -3.414735e+001  1.200000e+001
      vertex -2.209710e+001 -3.414735e+001  1.200000e+001
      vertex -1.687641e+001 -3.450379e+001  1.200000e+001
    endloop
  endfacet
  facet normal  0.000000e+000  0.000000e+000  1.000000e+000
    outer loop
      vertex -1.687641e+001 -3.450379e+001  1.200000e+001
      vertex -2.209710e+001 -3.414735e+001  1.200000e+001
      vertex -2.256161e+001 -3.450379e+001  1.200000e+001
    endloop
  endfacet
  facet normal  -0.000000e+000  0.000000e+000  1.000000e+000
    outer loop
      vertex -1.687641e+001 -3.450379e+001  1.200000e+001
      vertex -2.256161e+001 -3.450379e+001  1.200000e+001
      vertex -1.633548e+001 -3.472785e+001  1.200000e+001
    endloop
  endfacet
  facet normal  0.000000e+000  0.000000e+000  1.000000e+000
    outer loop
      vertex -1.633548e+001 -3.472785e+001  1.200000e+001
      vertex -2.256161e+001 -3.450379e+001  1.200000e+001
      vertex -2.310255e+001 -3.472785e+001  1.200000e+001
    endloop
  endfacet
  facet normal  -0.000000e+000  0.000000e+000  1.000000e+000
    outer loop
      vertex -1.633548e+001 -3.472785e+001  1.200000e+001
      vertex -2.310255e+001 -3.472785e+001  1.200000e+001
      vertex -1.575498e+001 -3.480428e+001  1.200000e+001
    endloop
  endfacet
  facet normal  0.000000e+000  0.000000e+000  1.000000e+000
    outer loop
      vertex -1.575498e+001 -3.480428e+001  1.200000e+001
      vertex -2.310255e+001 -3.472785e+001  1.200000e+001
      vertex -2.368304e+001 -3.480428e+001  1.200000e+001
    endloop
  endfacet
  facet normal  -0.000000e+000  0.000000e+000  1.000000e+000
    outer loop
      vertex -7.826912e+000 -2.338281e+001  1.200000e+001
      vertex -1.575498e+001 -2.338281e+001  1.200000e+001
      vertex -8.407410e+000 -2.345924e+001  1.200000e+001
    endloop
  endfacet
  facet normal  0.000000e+000  0.000000e+000  1.000000e+000
    outer loop
      vertex -8.407410e+000 -2.345924e+001  1.200000e+001
      vertex -1.575498e+001 -2.338281e+001  1.200000e+001
      vertex -1.517448e+001 -2.345924e+001  1.200000e+001
    endloop
  endfacet
  facet normal  -0.000000e+000  0.000000e+000  1.000000e+000
    outer loop
      vertex -8.407410e+000 -2.345924e+001  1.200000e+001
      vertex -1.517448e+001 -2.345924e+001  1.200000e+001
      vertex -8.948347e+000 -2.368330e+001  1.200000e+001
    endloop
  endfacet
  facet normal  0.000000e+000  0.000000e+000  1.000000e+000
    outer loop
      vertex -8.948347e+000 -2.368330e+001  1.200000e+001
      vertex -1.517448e+001 -2.345924e+001  1.200000e+001
      vertex -1.463354e+001 -2.368330e+001  1.200000e+001
    endloop
  endfacet
  facet normal  -0.000000e+000  0.000000e+000  1.000000e+000
    outer loop
      vertex -8.948347e+000 -2.368330e+001  1.200000e+001
      vertex -1.463354e+001 -2.368330e+001  1.200000e+001
      vertex -9.412860e+000 -2.403973e+001  1.200000e+001
    endloop
  endfacet
  facet normal  0.000000e+000  0.000000e+000  1.000000e+000
    outer loop
      vertex -9.412860e+000 -2.403973e+001  1.200000e+001
      vertex -1.463354e+001 -2.368330e+001  1.200000e+001
      vertex -1.416903e+001 -2.403973e+001  1.200000e+001
    endloop
  endfacet
  facet normal  -0.000000e+000  0.000000e+000  1.000000e+000
    outer loop
      vertex -9.412860e+000 -2.403973e+001  1.200000e+001
      vertex -1.416903e+001 -2.403973e+001  1.200000e+001
      vertex -9.769294e+000 -2.450425e+001  1.200000e+001
    endloop
  endfacet
  facet normal  0.000000e+000  0.000000e+000  9.999999e-001
    outer loop
      vertex -9.769294e+000 -2.450425e+001  1.200000e+001
      vertex -1.416903e+001 -2.403973e+001  1.200000e+001
      vertex -1.381260e+001 -2.450425e+001  1.200000e+001
    endloop
  endfacet
  facet normal  -0.000000e+000  0.000000e+000  1.000000e+000
    outer loop
      vertex -9.769294e+000 -2.450425e+001  1.200000e+001
      vertex -1.381260e+001 -2.450425e+001  1.200000e+001
      vertex -9.993358e+000 -2.504519e+001  1.200000e+001
    endloop
  endfacet
  facet normal  0.000000e+000  0.000000e+000  1.000000e+000
    outer loop
      vertex -9.993358e+000 -2.504519e+001  1.200000e+001
      vertex -1.381260e+001 -2.450425e+001  1.200000e+001
      vertex -1.358853e+001 -2.504519e+001  1.200000e+001
    endloop
  endfacet
  facet normal  -0.000000e+000  0.000000e+000  1.000000e+000
    outer loop
      vertex -9.993358e+000 -2.504519e+001  1.200000e+001
      vertex -1.358853e+001 -2.504519e+001  1.200000e+001
      vertex -1.006978e+001 -2.562568e+001  1.200000e+001
    endloop
  endfacet
  facet normal  0.000000e+000  0.000000e+000  9.999999e-001
    outer loop
      vertex -1.006978e+001 -2.562568e+001  1.200000e+001
      vertex -1.358853e+001 -2.504519e+001  1.200000e+001
      vertex -1.351211e+001 -2.562568e+001  1.200000e+001
    endloop
  endfacet
  facet normal  -0.000000e+000  0.000000e+000  9.999999e-001
    outer loop
      vertex -1.006978e+001 -2.562568e+001  1.200000e+001
      vertex -1.351211e+001 -2.562568e+001  1.200000e+001
      vertex -9.993358e+000 -2.620618e+001  1.200000e+001
    endloop
  endfacet
  facet normal  0.000000e+000  0.000000e+000  1.000000e+000
    outer loop
      vertex -9.993358e+000 -2.620618e+001  1.200000e+001
      vertex -1.351211e+001 -2.562568e+001  1.200000e+001
      vertex -1.358853e+001 -2.620618e+001  1.200000e+001
    endloop
  endfacet
  facet normal  -0.000000e+000  0.000000e+000  1.000000e+000
    outer loop
      vertex -9.993358e+000 -2.620618e+001  1.200000e+001
      vertex -1.358853e+001 -2.620618e+001  1.200000e+001
      vertex -9.769294e+000 -2.674712e+001  1.200000e+001
    endloop
  endfacet
  facet normal  0.000000e+000  0.000000e+000  1.000000e+000
    outer loop
      vertex -9.769294e+000 -2.674712e+001  1.200000e+001
      vertex -1.358853e+001 -2.620618e+001  1.200000e+001
      vertex -1.381260e+001 -2.674712e+001  1.200000e+001
    endloop
  endfacet
  facet normal  -0.000000e+000  0.000000e+000  9.999999e-001
    outer loop
      vertex -9.769294e+000 -2.674712e+001  1.200000e+001
      vertex -1.381260e+001 -2.674712e+001  1.200000e+001
      vertex -9.412860e+000 -2.721163e+001  1.200000e+001
    endloop
  endfacet
  facet normal  0.000000e+000  0.000000e+000  1.000000e+000
    outer loop
      vertex -9.412860e+000 -2.721163e+001  1.200000e+001
      vertex -1.381260e+001 -2.674712e+001  1.200000e+001
      vertex -1.416903e+001 -2.721163e+001  1.200000e+001
    endloop
  endfacet
  facet normal  -0.000000e+000  0.000000e+000  1.000000e+000
    outer loop
      vertex -9.412860e+000 -2.721163e+001  1.200000e+001
      vertex -1.416903e+001 -2.721163e+001  1.200000e+001
      vertex -8.948347e+000 -2.756807e+001  1.200000e+001
    endloop
  endfacet
  facet normal  0.000000e+000  0.000000e+000  1.000000e+000
    outer loop
      vertex -8.948347e+000 -2.756807e+001  1.200000e+001
      vertex -1.416903e+001 -2.721163e+001  1.200000e+001
      vertex -1.463354e+001 -2.756807e+001  1.200000e+001
    endloop
  endfacet
  facet normal  -0.000000e+000  0.000000e+000  1.000000e+000
    outer loop
      vertex -8.948347e+000 -2.756807e+001  1.200000e+001
      vertex -1.463354e+001 -2.756807e+001  1.200000e+001
      vertex -8.407410e+000 -2.779213e+001  1.200000e+001
    endloop
  endfacet
  facet normal  0.000000e+000  0.000000e+000  1.000000e+000
    outer loop
      vertex -8.407410e+000 -2.779213e+001  1.200000e+001
      vertex -1.463354e+001 -2.756807e+001  1.200000e+001
      vertex -1.517448e+001 -2.779213e+001  1.200000e+001
    endloop
  endfacet
  facet normal  -0.000000e+000  0.000000e+000  1.000000e+000
    outer loop
      vertex -8.407410e+000 -2.779213e+001  1.200000e+001
      vertex -1.517448e+001 -2.779213e+001  1.200000e+001
      vertex -7.826912e+000 -2.786855e+001  1.200000e+001
    endloop
  endfacet
  facet normal  0.000000e+000  0.000000e+000  1.000000e+000
    outer loop
      vertex -7.826912e+000 -2.786855e+001  1.200000e+001
      vertex -1.517448e+001 -2.779213e+001  1.200000e+001
      vertex -1.575498e+001 -2.786855e+001  1.200000e+001
    endloop
  endfacet
  facet normal  -0.000000e+000  0.000000e+000  9.999999e-001
    outer loop
      vertex -7.826912e+000 -2.786855e+001  1.200000e+001
      vertex -1.575498e+001 -2.786855e+001  1.200000e+001
      vertex -7.826912e+000 -3.031853e+001  1.200000e+001
    endloop
  endfacet
  facet normal  0.000000e+000  0.000000e+000  9.999999e-001
    outer loop
      vertex -7.826912e+000 -3.031853e+001  1.200000e+001
      vertex -1.575498e+001 -2.786855e+001  1.200000e+001
      vertex -1.575498e+001 -3.031853e+001  1.200000e+001
    endloop
  endfacet
  facet normal  -0.000000e+000  0.000000e+000  1.000000e+000
    outer loop
      vertex -7.826912e+000 -3.031853e+001  1.200000e+001
      vertex -1.575498e+001 -3.031853e+001  1.200000e+001
      vertex -8.407410e+000 -3.039496e+001  1.200000e+001
    endloop
  endfacet
  facet normal  0.000000e+000  0.000000e+000  1.000000e+000
    outer loop
      vertex -8.407410e+000 -3.039496e+001  1.200000e+001
      vertex -1.575498e+001 -3.031853e+001  1.200000e+001
      vertex -1.517448e+001 -3.039496e+001  1.200000e+001
    endloop
  endfacet
  facet normal  -0.000000e+000  0.000000e+000  1.000000e+000
    outer loop
      vertex -8.407410e+000 -3.039496e+001  1.200000e+001
      vertex -1.517448e+001 -3.039496e+001  1.200000e+001
      vertex -8.948347e+000 -3.061902e+001  1.200000e+001
    endloop
  endfacet
  facet normal  0.000000e+000  0.000000e+000  1.000000e+000
    outer loop
      vertex -8.948347e+000 -3.061902e+001  1.200000e+001
      vertex -1.517448e+001 -3.039496e+001  1.200000e+001
      vertex -1.463354e+001 -3.061902e+001  1.200000e+001
    endloop
  endfacet
  facet normal  -0.000000e+000  0.000000e+000  1.000000e+000
    outer loop
      vertex -8.948347e+000 -3.061902e+001  1.200000e+001
      vertex -1.463354e+001 -3.061902e+001  1.200000e+001
      vertex -9.412860e+000 -3.097546e+001  1.200000e+001
    endloop
  endfacet
  facet normal  0.000000e+000  0.000000e+000  1.000000e+000
    outer loop
      vertex -9.412860e+000 -3.097546e+001  1.200000e+001
      vertex -1.463354e+001 -3.061902e+001  1.200000e+001
      vertex -1.416903e+001 -3.097546e+001  1.200000e+001
    endloop
  endfacet
  facet normal  -0.000000e+000  0.000000e+000  1.000000e+000
    outer loop
      vertex -9.412860e+000 -3.097546e+001  1.200000e+001
      vertex -1.416903e+001 -3.097546e+001  1.200000e+001
      vertex -9.769294e+000 -3.143997e+001  1.200000e+001
    endloop
  endfacet
  facet normal  0.000000e+000  0.000000e+000  9.999999e-001
    outer loop
      vertex -9.769294e+000 -3.143997e+001  1.200000e+001
      vertex -1.416903e+001 -3.097546e+001  1.200000e+001
      vertex -1.381260e+001 -3.143997e+001  1.200000e+001
    endloop
  endfacet
  facet normal  -0.000000e+000  0.000000e+000  1.000000e+000
    outer loop
      vertex -9.769294e+000 -3.143997e+001  1.200000e+001
      vertex -1.381260e+001 -3.143997e+001  1.200000e+001
      vertex -9.993358e+000 -3.198091e+001  1.200000e+001
    endloop
  endfacet
  facet normal  0.000000e+000  0.000000e+000  1.000000e+000
    outer loop
      vertex -9.993358e+000 -3.198091e+001  1.200000e+001
      vertex -1.381260e+001 -3.143997e+001  1.200000e+001
      vertex -1.358853e+001 -3.198091e+001  1.200000e+001
    endloop
  endfacet
  facet normal  -0.000000e+000  0.000000e+000  1.000000e+000
    outer loop
      vertex -9.993358e+000 -3.198091e+001  1.200000e+001
      vertex -1.358853e+001 -3.198091e+001  1.200000e+001
      vertex -1.006978e+001 -3.256141e+001  1.200000e+001
    endloop
  endfacet
  facet normal  0.000000e+000  0.000000e+000  9.999999e-001
    outer loop
      vertex -1.006978e+001 -3.256141e+001  1.200000e+001
      vertex -1.358853e+001 -3.198091e+001  1.200000e+001
      vertex -1.351211e+001 -3.256141e+001  1.200000e+001
    endloop
  endfacet
  facet normal  -0.000000e+000  0.000000e+000  9.999999e-001
    outer loop
      vertex -1.006978e+001 -3.256141e+001  1.200000e+001
      vertex -1.351211e+001 -3.256141e+001  1.200000e+001
      vertex -9.993358e+000 -3.314190e+001  1.200000e+001
    endloop
  endfacet
  facet normal  0.000000e+000  0.000000e+000  1.000000e+000
    outer loop
      vertex -9.993358e+000 -3.314190e+001  1.200000e+001
      vertex -1.351211e+001 -3.256141e+001  1.200000e+001
      vertex -1.358853e+001 -3.314190e+001  1.200000e+001
    endloop
  endfacet
  facet normal  -0.000000e+000  0.000000e+000  1.000000e+000
    outer loop
      vertex -9.993358e+000 -3.314190e+001  1.200000e+001
      vertex -1.358853e+001 -3.314190e+001  1.200000e+001
      vertex -9.769294e+000 -3.368284e+001  1.200000e+001
    endloop
  endfacet
  facet normal  0.000000e+000  0.000000e+000  1.000000e+000
    outer loop
      vertex -9.769294e+000 -3.368284e+001  1.200000e+001
      vertex -1.358853e+001 -3.314190e+001  1.200000e+001
      vertex -1.381260e+001 -3.368284e+001  1.200000e+001
    endloop
  endfacet
  facet normal  -0.000000e+000  0.000000e+000  1.000000e+000
    outer loop
      vertex -9.769294e+000 -3.368284e+001  1.200000e+001
      vertex -1.381260e+001 -3.368284e+001  1.200000e+001
      vertex -9.412860e+000 -3.414735e+001  1.200000e+001
    endloop
  endfacet
  facet normal  0.000000e+000  0.000000e+000  1.000000e+000
    outer loop
      vertex -9.412860e+000 -3.414735e+001  1.200000e+001
      vertex -1.381260e+001 -3.368284e+001  1.200000e+001
      vertex -1.416903e+001 -3.414735e+001  1.200000e+001
    endloop
  endfacet
  facet normal  -0.000000e+000  0.000000e+000  1.000000e+000
    outer loop
      vertex -9.412860e+000 -3.414735e+001  1.200000e+001
      vertex -1.416903e+001 -3.414735e+001  1.200000e+001
      vertex -8.948347e+000 -3.450379e+001  1.200000e+001
    endloop
  endfacet
  facet normal  0.000000e+000  0.000000e+000  1.000000e+000
    outer loop
      vertex -8.948347e+000 -3.450379e+001  1.200000e+001
      vertex -1.416903e+001 -3.414735e+001  1.200000e+001
      vertex -1.463354e+001 -3.450379e+001  1.200000e+001
    endloop
  endfacet
  facet normal  -0.000000e+000  0.000000e+000  1.000000e+000
    outer loop
      vertex -8.948347e+000 -3.450379e+001  1.200000e+001
      vertex -1.463354e+001 -3.450379e+001  1.200000e+001
      vertex -8.407410e+000 -3.472785e+001  1.200000e+001
    endloop
  endfacet
  facet normal  0.000000e+000  0.000000e+000  1.000000e+000
    outer loop
      vertex -8.407410e+000 -3.472785e+001  1.200000e+001
      vertex -1.463354e+001 -3.450379e+001  1.200000e+001
      vertex -1.517448e+001 -3.472785e+001  1.200000e+001
    endloop
  endfacet
  facet normal  -0.000000e+000  0.000000e+000  1.000000e+000
    outer loop
      vertex -8.407410e+000 -3.472785e+001  1.200000e+001
      vertex -1.517448e+001 -3.472785e+001  1.200000e+001
      vertex -7.826912e+000 -3.480428e+001  1.200000e+001
    endloop
  endfacet
  facet normal  0.000000e+000  0.000000e+000  1.000000e+000
    outer loop
      vertex -7.826912e+000 -3.480428e+001  1.200000e+001
      vertex -1.517448e+001 -3.472785e+001  1.200000e+001
      vertex -1.575498e+001 -3.480428e+001  1.200000e+001
    endloop
  endfacet
  facet normal -9.999999e-001  0.000000e+000  0.000000e+000
    outer loop
      vertex -4.371739e+001 -2.359354e+001  1.200000e+001
      vertex -4.371739e+001 -2.359354e+001  2.000000e+000
      vertex -4.371739e+001 -3.459354e+001  1.200000e+001
    endloop
  endfacet
  facet normal -9.999999e-001  0.000000e+000  0.000000e+000
    outer loop
      vertex -4.371739e+001 -3.459354e+001  1.200000e+001
      vertex -4.371739e+001 -2.359354e+001  2.000000e+000
      vertex -4.371739e+001 -3.459354e+001  2.000000e+000
    endloop
  endfacet
  facet normal  0.000000e+000  1.000000e+000  0.000000e+000
    outer loop
      vertex -4.171739e+001 -2.159354e+001  1.200000e+001
      vertex -5.717388e+000 -2.159354e+001  1.200000e+001
      vertex -4.171739e+001 -2.159354e+001  2.000000e+000
    endloop
  endfacet
  facet normal  0.000000e+000  1.000000e+000  0.000000e+000
    outer loop
      vertex -4.171739e+001 -2.159354e+001  2.000000e+000
      vertex -5.717388e+000 -2.159354e+001  1.200000e+001
      vertex -5.717388e+000 -2.159354e+001  2.000000e+000
    endloop
  endfacet
  facet normal  0.000000e+000  0.000000e+000  1.000000e+000
    outer loop
      vertex -4.571739e+001 -1.409354e+001  2.000000e+000
      vertex -4.571739e+001 -4.409354e+001  2.000000e+000
      vertex -4.371739e+001 -3.459354e+001  2.000000e+000
    endloop
  endfacet
  facet normal  0.000000e+000  -0.000000e+000  1.000000e+000
    outer loop
      vertex -4.571739e+001 -1.409354e+001  2.000000e+000
      vertex -4.371739e+001 -3.459354e+001  2.000000e+000
      vertex -4.371739e+001 -2.359354e+001  2.000000e+000
    endloop
  endfacet
  facet normal  0.000000e+000  -0.000000e+000  1.000000e+000
    outer loop
      vertex -4.571739e+001 -1.409354e+001  2.000000e+000
      vertex -4.371739e+001 -2.359354e+001  2.000000e+000
      vertex -4.364924e+001 -2.307591e+001  2.000000e+000
    endloop
  endfacet
  facet normal  0.000000e+000  -0.000000e+000  1.000000e+000
    outer loop
      vertex -4.571739e+001 -1.409354e+001  2.000000e+000
      vertex -4.364924e+001 -2.307591e+001  2.000000e+000
      vertex -4.344944e+001 -2.259354e+001  2.000000e+000
    endloop
  endfacet
  facet normal  0.000000e+000  -0.000000e+000  1.000000e+000
    outer loop
      vertex -4.571739e+001 -1.409354e+001  2.000000e+000
      vertex -4.344944e+001 -2.259354e+001  2.000000e+000
      vertex -4.313160e+001 -2.217933e+001  2.000000e+000
    endloop
  endfacet
  facet normal  0.000000e+000  -0.000000e+000  1.000000e+000
    outer loop
      vertex -4.571739e+001 -1.409354e+001  2.000000e+000
      vertex -4.313160e+001 -2.217933e+001  2.000000e+000
      vertex -4.271739e+001 -2.186149e+001  2.000000e+000
    endloop
  endfacet
  facet normal  0.000000e+000  -0.000000e+000  1.000000e+000
    outer loop
      vertex -4.571739e+001 -1.409354e+001  2.000000e+000
      vertex -4.271739e+001 -2.186149e+001  2.000000e+000
      vertex -4.223503e+001 -2.166169e+001  2.000000e+000
    endloop
  endfacet
  facet normal  0.000000e+000  -0.000000e+000  1.000000e+000
    outer loop
      vertex -4.571739e+001 -1.409354e+001  2.000000e+000
      vertex -4.223503e+001 -2.166169e+001  2.000000e+000
      vertex -4.171739e+001 -2.159354e+001  2.000000e+000
    endloop
  endfacet
  facet normal  0.000000e+000  -0.000000e+000  1.000000e+000
    outer loop
      vertex -4.571739e+001 -1.409354e+001  2.000000e+000
      vertex -4.171739e+001 -2.159354e+001  2.000000e+000
      vertex -5.717388e+000 -2.159354e+001  2.000000e+000
    endloop
  endfacet
  facet normal  0.000000e+000  -0.000000e+000  1.000000e+000
    outer loop
      vertex -4.571739e+001 -1.409354e+001  2.000000e+000
      vertex -5.717388e+000 -2.159354e+001  2.000000e+000
      vertex  3.428261e+001 -1.409354e+001  2.000000e+000
    endloop
  endfacet
  facet normal  0.000000e+000  0.000000e+000  1.000000e+000
    outer loop
      vertex -4.571739e+001 -4.409354e+001  2.000000e+000
      vertex  3.428261e+001 -4.409354e+001  2.000000e+000
      vertex -5.717388e+000 -3.659354e+001  2.000000e+000
    endloop
  endfacet
  facet normal  0.000000e+000  0.000000e+000  1.000000e+000
    outer loop
      vertex -4.571739e+001 -4.409354e+001  2.000000e+000
      vertex -5.717388e+000 -3.659354e+001  2.000000e+000
      vertex -4.171739e+001 -3.659354e+001  2.000000e+000
    endloop
  endfacet
  facet normal  0.000000e+000  0.000000e+000  1.000000e+000
    outer loop
      vertex -4.571739e+001 -4.409354e+001  2.000000e+000
      vertex -4.171739e+001 -3.659354e+001  2.000000e+000
      vertex -4.223503e+001 -3.652539e+001  2.000000e+000
    endloop
  endfacet
  facet normal  0.000000e+000  0.000000e+000  1.000000e+000
    outer loop
      vertex -4.571739e+001 -4.409354e+001  2.000000e+000
      vertex -4.223503e+001 -3.652539e+001  2.000000e+000
      vertex -4.271739e+001 -3.632560e+001  2.000000e+000
    endloop
  endfacet
  facet normal  0.000000e+000  0.000000e+000  1.000000e+000
    outer loop
      vertex -4.571739e+001 -4.409354e+001  2.000000e+000
      vertex -4.271739e+001 -3.632560e+001  2.000000e+000
      vertex -4.313160e+001 -3.600776e+001  2.000000e+000
    endloop
  endfacet
  facet normal  0.000000e+000  0.000000e+000  1.000000e+000
    outer loop
      vertex -4.571739e+001 -4.409354e+001  2.000000e+000
      vertex -4.313160e+001 -3.600776e+001  2.000000e+000
      vertex -4.344944e+001 -3.559354e+001  2.000000e+000
    endloop
  endfacet
  facet normal  0.000000e+000  0.000000e+000  1.000000e+000
    outer loop
      vertex -4.571739e+001 -4.409354e+001  2.000000e+000
      vertex -4.344944e+001 -3.559354e+001  2.000000e+000
      vertex -4.364924e+001 -3.511118e+001  2.000000e+000
    endloop
  endfacet
  facet normal  0.000000e+000  0.000000e+000  1.000000e+000
    outer loop
      vertex -4.571739e+001 -4.409354e+001  2.000000e+000
      vertex -4.364924e+001 -3.511118e+001  2.000000e+000
      vertex -4.371739e+001 -3.459354e+001  2.000000e+000
    endloop
  endfacet
  facet normal  -0.000000e+000  0.000000e+000  1.000000e+000
    outer loop
      vertex  3.428261e+001 -1.409354e+001  2.000000e+000
      vertex -5.717388e+000 -2.159354e+001  2.000000e+000
      vertex -5.199750e+000 -2.166169e+001  2.000000e+000
    endloop
  endfacet
  facet normal  -0.000000e+000  0.000000e+000  1.000000e+000
    outer loop
      vertex  3.428261e+001 -1.409354e+001  2.000000e+000
      vertex -5.199750e+000 -2.166169e+001  2.000000e+000
      vertex -4.717388e+000 -2.186149e+001  2.000000e+000
    endloop
  endfacet
  facet normal  -0.000000e+000  0.000000e+000  1.000000e+000
    outer loop
      vertex  3.428261e+001 -1.409354e+001  2.000000e+000
      vertex -4.717388e+000 -2.186149e+001  2.000000e+000
      vertex -4.303174e+000 -2.217933e+001  2.000000e+000
    endloop
  endfacet
  facet normal  -0.000000e+000  0.000000e+000  1.000000e+000
    outer loop
      vertex  3.428261e+001 -1.409354e+001  2.000000e+000
      vertex -4.303174e+000 -2.217933e+001  2.000000e+000
      vertex -3.985337e+000 -2.259354e+001  2.000000e+000
    endloop
  endfacet
  facet normal  -0.000000e+000  0.000000e+000  9.999999e-001
    outer loop
      vertex  3.428261e+001 -1.409354e+001  2.000000e+000
      vertex -3.985337e+000 -2.259354e+001  2.000000e+000
      vertex -3.785537e+000 -2.307591e+001  2.000000e+000
    endloop
  endfacet
  facet normal  -0.000000e+000  0.000000e+000  9.999999e-001
    outer loop
      vertex  3.428261e+001 -1.409354e+001  2.000000e+000
      vertex -3.785537e+000 -2.307591e+001  2.000000e+000
      vertex -3.717388e+000 -2.359354e+001  2.000000e+000
    endloop
  endfacet
  facet normal  -0.000000e+000  0.000000e+000  9.999999e-001
    outer loop
      vertex  3.428261e+001 -1.409354e+001  2.000000e+000
      vertex -3.717388e+000 -2.359354e+001  2.000000e+000
      vertex -3.717388e+000 -3.459354e+001  2.000000e+000
    endloop
  endfacet
  facet normal  -0.000000e+000  0.000000e+000  1.000000e+000
    outer loop
      vertex  3.428261e+001 -1.409354e+001  2.000000e+000
      vertex -3.717388e+000 -3.459354e+001  2.000000e+000
      vertex  3.428261e+001 -4.409354e+001  2.000000e+000
    endloop
  endfacet
  facet normal  0.000000e+000  0.000000e+000  1.000000e+000
    outer loop
      vertex  3.428261e+001 -4.409354e+001  2.000000e+000
      vertex -3.717388e+000 -3.459354e+001  2.000000e+000
      vertex -3.785537e+000 -3.511118e+001  2.000000e+000
    endloop
  endfacet
  facet normal  0.000000e+000  0.000000e+000  1.000000e+000
    outer loop
      vertex  3.428261e+001 -4.409354e+001  2.000000e+000
      vertex -3.785537e+000 -3.511118e+001  2.000000e+000
      vertex -3.985337e+000 -3.559354e+001  2.000000e+000
    endloop
  endfacet
  facet normal  0.000000e+000  0.000000e+000  1.000000e+000
    outer loop
      vertex  3.428261e+001 -4.409354e+001  2.000000e+000
      vertex -3.985337e+000 -3.559354e+001  2.000000e+000
      vertex -4.303174e+000 -3.600776e+001  2.000000e+000
    endloop
  endfacet
  facet normal  0.000000e+000  0.000000e+000  1.000000e+000
    outer loop
      vertex  3.428261e+001 -4.409354e+001  2.000000e+000
      vertex -4.303174e+000 -3.600776e+001  2.000000e+000
      vertex -4.717388e+000 -3.632560e+001  2.000000e+000
    endloop
  endfacet
  facet normal  0.000000e+000  0.000000e+000  1.000000e+000
    outer loop
      vertex  3.428261e+001 -4.409354e+001  2.000000e+000
      vertex -4.717388e+000 -3.632560e+001  2.000000e+000
      vertex -5.199750e+000 -3.652539e+001  2.000000e+000
    endloop
  endfacet
  facet normal  0.000000e+000  0.000000e+000  1.000000e+000
    outer loop
      vertex  3.428261e+001 -4.409354e+001  2.000000e+000
      vertex -5.199750e+000 -3.652539e+001  2.000000e+000
      vertex -5.717388e+000 -3.659354e+001  2.000000e+000
    endloop
  endfacet
  facet normal -9.914446e-001  1.305287e-001  0.000000e+000
    outer loop
      vertex -4.371739e+001 -2.359354e+001  2.000000e+000
      vertex -4.371739e+001 -2.359354e+001  1.200000e+001
      vertex -4.364924e+001 -2.307591e+001  2.000000e+000
    endloop
  endfacet
  facet normal -9.914446e-001  1.305287e-001  0.000000e+000
    outer loop
      vertex -4.364924e+001 -2.307591e+001  2.000000e+000
      vertex -4.371739e+001 -2.359354e+001  1.200000e+001
      vertex -4.364924e+001 -2.307591e+001  1.200000e+001
    endloop
  endfacet
  facet normal -9.238812e-001  3.826791e-001  0.000000e+000
    outer loop
      vertex -4.364924e+001 -2.307591e+001  2.000000e+000
      vertex -4.364924e+001 -2.307591e+001  1.200000e+001
      vertex -4.344944e+001 -2.259354e+001  2.000000e+000
    endloop
  endfacet
  facet normal -9.238812e-001  3.826791e-001  0.000000e+000
    outer loop
      vertex -4.344944e+001 -2.259354e+001  2.000000e+000
      vertex -4.364924e+001 -2.307591e+001  1.200000e+001
      vertex -4.344944e+001 -2.259354e+001  1.200000e+001
    endloop
  endfacet
  facet normal -7.933535e-001  6.087612e-001  0.000000e+000
    outer loop
      vertex -4.344944e+001 -2.259354e+001  2.000000e+000
      vertex -4.344944e+001 -2.259354e+001  1.200000e+001
      vertex -4.313160e+001 -2.217933e+001  2.000000e+000
    endloop
  endfacet
  facet normal -7.933535e-001  6.087612e-001  0.000000e+000
    outer loop
      vertex -4.313160e+001 -2.217933e+001  2.000000e+000
      vertex -4.344944e+001 -2.259354e+001  1.200000e+001
      vertex -4.313160e+001 -2.217933e+001  1.200000e+001
    endloop
  endfacet
  facet normal -6.087595e-001  7.933549e-001  0.000000e+000
    outer loop
      vertex -4.313160e+001 -2.217933e+001  2.000000e+000
      vertex -4.313160e+001 -2.217933e+001  1.200000e+001
      vertex -4.271739e+001 -2.186149e+001  2.000000e+000
    endloop
  endfacet
  facet normal -6.087595e-001  7.933549e-001  0.000000e+000
    outer loop
      vertex -4.271739e+001 -2.186149e+001  2.000000e+000
      vertex -4.313160e+001 -2.217933e+001  1.200000e+001
      vertex -4.271739e+001 -2.186149e+001  1.200000e+001
    endloop
  endfacet
  facet normal -3.826867e-001  9.238783e-001  0.000000e+000
    outer loop
      vertex -4.271739e+001 -2.186149e+001  2.000000e+000
      vertex -4.271739e+001 -2.186149e+001  1.200000e+001
      vertex -4.223503e+001 -2.166169e+001  2.000000e+000
    endloop
  endfacet
  facet normal -3.826867e-001  9.238783e-001  0.000000e+000
    outer loop
      vertex -4.223503e+001 -2.166169e+001  2.000000e+000
      vertex -4.271739e+001 -2.186149e+001  1.200000e+001
      vertex -4.223503e+001 -2.166169e+001  1.200000e+001
    endloop
  endfacet
  facet normal -1.305246e-001  9.914450e-001  0.000000e+000
    outer loop
      vertex -4.223503e+001 -2.166169e+001  2.000000e+000
      vertex -4.223503e+001 -2.166169e+001  1.200000e+001
      vertex -4.171739e+001 -2.159354e+001  2.000000e+000
    endloop
  endfacet
  facet normal -1.305246e-001  9.914450e-001  0.000000e+000
    outer loop
      vertex -4.171739e+001 -2.159354e+001  2.000000e+000
      vertex -4.223503e+001 -2.166169e+001  1.200000e+001
      vertex -4.171739e+001 -2.159354e+001  1.200000e+001
    endloop
  endfacet
  facet normal  0.000000e+000 -1.000000e+000  0.000000e+000
    outer loop
      vertex -5.717388e+000 -3.659354e+001  1.200000e+001
      vertex -4.171739e+001 -3.659354e+001  1.200000e+001
      vertex -5.717388e+000 -3.659354e+001  2.000000e+000
    endloop
  endfacet
  facet normal  0.000000e+000 -1.000000e+000  0.000000e+000
    outer loop
      vertex -5.717388e+000 -3.659354e+001  2.000000e+000
      vertex -4.171739e+001 -3.659354e+001  1.200000e+001
      vertex -4.171739e+001 -3.659354e+001  2.000000e+000
    endloop
  endfacet
  facet normal -1.305282e-001 -9.914446e-001  -0.000000e+000
    outer loop
      vertex -4.171739e+001 -3.659354e+001  2.000000e+000
      vertex -4.171739e+001 -3.659354e+001  1.200000e+001
      vertex -4.223503e+001 -3.652539e+001  2.000000e+000
    endloop
  endfacet
  facet normal -1.305282e-001 -9.914446e-001  0.000000e+000
    outer loop
      vertex -4.223503e+001 -3.652539e+001  2.000000e+000
      vertex -4.171739e+001 -3.659354e+001  1.200000e+001
      vertex -4.223503e+001 -3.652539e+001  1.200000e+001
    endloop
  endfacet
  facet normal -3.826804e-001 -9.238808e-001  -0.000000e+000
    outer loop
      vertex -4.223503e+001 -3.652539e+001  2.000000e+000
      vertex -4.223503e+001 -3.652539e+001  1.200000e+001
      vertex -4.271739e+001 -3.632560e+001  2.000000e+000
    endloop
  endfacet
  facet normal -3.826804e-001 -9.238808e-001  0.000000e+000
    outer loop
      vertex -4.271739e+001 -3.632560e+001  2.000000e+000
      vertex -4.223503e+001 -3.652539e+001  1.200000e+001
      vertex -4.271739e+001 -3.632560e+001  1.200000e+001
    endloop
  endfacet
  facet normal -6.087595e-001 -7.933549e-001  -0.000000e+000
    outer loop
      vertex -4.271739e+001 -3.632560e+001  2.000000e+000
      vertex -4.271739e+001 -3.632560e+001  1.200000e+001
      vertex -4.313160e+001 -3.600776e+001  2.000000e+000
    endloop
  endfacet
  facet normal -6.087595e-001 -7.933549e-001  0.000000e+000
    outer loop
      vertex -4.313160e+001 -3.600776e+001  2.000000e+000
      vertex -4.271739e+001 -3.632560e+001  1.200000e+001
      vertex -4.313160e+001 -3.600776e+001  1.200000e+001
    endloop
  endfacet
  facet normal -7.933549e-001 -6.087595e-001  -0.000000e+000
    outer loop
      vertex -4.313160e+001 -3.600776e+001  2.000000e+000
      vertex -4.313160e+001 -3.600776e+001  1.200000e+001
      vertex -4.344944e+001 -3.559354e+001  2.000000e+000
    endloop
  endfacet
  facet normal -7.933549e-001 -6.087595e-001  0.000000e+000
    outer loop
      vertex -4.344944e+001 -3.559354e+001  2.000000e+000
      vertex -4.313160e+001 -3.600776e+001  1.200000e+001
      vertex -4.344944e+001 -3.559354e+001  1.200000e+001
    endloop
  endfacet
  facet normal -9.238808e-001 -3.826804e-001  -0.000000e+000
    outer loop
      vertex -4.344944e+001 -3.559354e+001  2.000000e+000
      vertex -4.344944e+001 -3.559354e+001  1.200000e+001
      vertex -4.364924e+001 -3.511118e+001  2.000000e+000
    endloop
  endfacet
  facet normal -9.238808e-001 -3.826804e-001  0.000000e+000
    outer loop
      vertex -4.364924e+001 -3.511118e+001  2.000000e+000
      vertex -4.344944e+001 -3.559354e+001  1.200000e+001
      vertex -4.364924e+001 -3.511118e+001  1.200000e+001
    endloop
  endfacet
  facet normal -9.914446e-001 -1.305282e-001  -0.000000e+000
    outer loop
      vertex -4.364924e+001 -3.511118e+001  2.000000e+000
      vertex -4.364924e+001 -3.511118e+001  1.200000e+001
      vertex -4.371739e+001 -3.459354e+001  2.000000e+000
    endloop
  endfacet
  facet normal -9.914446e-001 -1.305282e-001  0.000000e+000
    outer loop
      vertex -4.371739e+001 -3.459354e+001  2.000000e+000
      vertex -4.364924e+001 -3.511118e+001  1.200000e+001
      vertex -4.371739e+001 -3.459354e+001  1.200000e+001
    endloop
  endfacet
  facet normal  9.999999e-001  0.000000e+000  0.000000e+000
    outer loop
      vertex -3.717388e+000 -3.459354e+001  1.200000e+001
      vertex -3.717388e+000 -3.459354e+001  2.000000e+000
      vertex -3.717388e+000 -2.359354e+001  1.200000e+001
    endloop
  endfacet
  facet normal  9.999999e-001  0.000000e+000  0.000000e+000
    outer loop
      vertex -3.717388e+000 -2.359354e+001  1.200000e+001
      vertex -3.717388e+000 -3.459354e+001  2.000000e+000
      vertex -3.717388e+000 -2.359354e+001  2.000000e+000
    endloop
  endfacet
  facet normal  1.305249e-001  9.914451e-001  0.000000e+000
    outer loop
      vertex -5.717388e+000 -2.159354e+001  2.000000e+000
      vertex -5.717388e+000 -2.159354e+001  1.200000e+001
      vertex -5.199750e+000 -2.166169e+001  2.000000e+000
    endloop
  endfacet
  facet normal  1.305249e-001  9.914451e-001  -0.000000e+000
    outer loop
      vertex -5.199750e+000 -2.166169e+001  2.000000e+000
      vertex -5.717388e+000 -2.159354e+001  1.200000e+001
      vertex -5.199750e+000 -2.166169e+001  1.200000e+001
    endloop
  endfacet
  facet normal  3.826860e-001  9.238784e-001  0.000000e+000
    outer loop
      vertex -5.199750e+000 -2.166169e+001  2.000000e+000
      vertex -5.199750e+000 -2.166169e+001  1.200000e+001
      vertex -4.717388e+000 -2.186149e+001  2.000000e+000
    endloop
  endfacet
  facet normal  3.826860e-001  9.238784e-001  -0.000000e+000
    outer loop
      vertex -4.717388e+000 -2.186149e+001  2.000000e+000
      vertex -5.199750e+000 -2.166169e+001  1.200000e+001
      vertex -4.717388e+000 -2.186149e+001  1.200000e+001
    endloop
  endfacet
  facet normal  6.087608e-001  7.933539e-001  0.000000e+000
    outer loop
      vertex -4.717388e+000 -2.186149e+001  2.000000e+000
      vertex -4.717388e+000 -2.186149e+001  1.200000e+001
      vertex -4.303174e+000 -2.217933e+001  2.000000e+000
    endloop
  endfacet
  facet normal  6.087608e-001  7.933539e-001  -0.000000e+000
    outer loop
      vertex -4.303174e+000 -2.217933e+001  2.000000e+000
      vertex -4.717388e+000 -2.186149e+001  1.200000e+001
      vertex -4.303174e+000 -2.217933e+001  1.200000e+001
    endloop
  endfacet
  facet normal  7.933531e-001  6.087618e-001  0.000000e+000
    outer loop
      vertex -4.303174e+000 -2.217933e+001  2.000000e+000
      vertex -4.303174e+000 -2.217933e+001  1.200000e+001
      vertex -3.985337e+000 -2.259354e+001  2.000000e+000
    endloop
  endfacet
  facet normal  7.933531e-001  6.087618e-001  -0.000000e+000
    outer loop
      vertex -3.985337e+000 -2.259354e+001  2.000000e+000
      vertex -4.303174e+000 -2.217933e+001  1.200000e+001
      vertex -3.985337e+000 -2.259354e+001  1.200000e+001
    endloop
  endfacet
  facet normal  9.238798e-001  3.826827e-001  0.000000e+000
    outer loop
      vertex -3.985337e+000 -2.259354e+001  2.000000e+000
      vertex -3.985337e+000 -2.259354e+001  1.200000e+001
      vertex -3.785537e+000 -2.307591e+001  2.000000e+000
    endloop
  endfacet
  facet normal  9.238798e-001  3.826827e-001  -0.000000e+000
    outer loop
      vertex -3.785537e+000 -2.307591e+001  2.000000e+000
      vertex -3.985337e+000 -2.259354e+001  1.200000e+001
      vertex -3.785537e+000 -2.307591e+001  1.200000e+001
    endloop
  endfacet
  facet normal  9.914448e-001  1.305265e-001  0.000000e+000
    outer loop
      vertex -3.785537e+000 -2.307591e+001  2.000000e+000
      vertex -3.785537e+000 -2.307591e+001  1.200000e+001
      vertex -3.717388e+000 -2.359354e+001  2.000000e+000
    endloop
  endfacet
  facet normal  9.914448e-001  1.305265e-001  -0.000000e+000
    outer loop
      vertex -3.717388e+000 -2.359354e+001  2.000000e+000
      vertex -3.785537e+000 -2.307591e+001  1.200000e+001
      vertex -3.717388e+000 -2.359354e+001  1.200000e+001
    endloop
  endfacet
  facet normal  9.914449e-001 -1.305260e-001  0.000000e+000
    outer loop
      vertex -3.717388e+000 -3.459354e+001  2.000000e+000
      vertex -3.717388e+000 -3.459354e+001  1.200000e+001
      vertex -3.785537e+000 -3.511118e+001  2.000000e+000
    endloop
  endfacet
  facet normal  9.914449e-001 -1.305260e-001  0.000000e+000
    outer loop
      vertex -3.785537e+000 -3.511118e+001  2.000000e+000
      vertex -3.717388e+000 -3.459354e+001  1.200000e+001
      vertex -3.785537e+000 -3.511118e+001  1.200000e+001
    endloop
  endfacet
  facet normal  9.238793e-001 -3.826840e-001  0.000000e+000
    outer loop
      vertex -3.785537e+000 -3.511118e+001  2.000000e+000
      vertex -3.785537e+000 -3.511118e+001  1.200000e+001
      vertex -3.985337e+000 -3.559354e+001  2.000000e+000
    endloop
  endfacet
  facet normal  9.238793e-001 -3.826840e-001  0.000000e+000
    outer loop
      vertex -3.985337e+000 -3.559354e+001  2.000000e+000
      vertex -3.785537e+000 -3.511118e+001  1.200000e+001
      vertex -3.985337e+000 -3.559354e+001  1.200000e+001
    endloop
  endfacet
  facet normal  7.933545e-001 -6.087600e-001  0.000000e+000
    outer loop
      vertex -3.985337e+000 -3.559354e+001  2.000000e+000
      vertex -3.985337e+000 -3.559354e+001  1.200000e+001
      vertex -4.303174e+000 -3.600776e+001  2.000000e+000
    endloop
  endfacet
  facet normal  7.933545e-001 -6.087600e-001  0.000000e+000
    outer loop
      vertex -4.303174e+000 -3.600776e+001  2.000000e+000
      vertex -3.985337e+000 -3.559354e+001  1.200000e+001
      vertex -4.303174e+000 -3.600776e+001  1.200000e+001
    endloop
  endfacet
  facet normal  6.087608e-001 -7.933539e-001  0.000000e+000
    outer loop
      vertex -4.303174e+000 -3.600776e+001  2.000000e+000
      vertex -4.303174e+000 -3.600776e+001  1.200000e+001
      vertex -4.717388e+000 -3.632560e+001  2.000000e+000
    endloop
  endfacet
  facet normal  6.087608e-001 -7.933539e-001  0.000000e+000
    outer loop
      vertex -4.717388e+000 -3.632560e+001  2.000000e+000
      vertex -4.303174e+000 -3.600776e+001  1.200000e+001
      vertex -4.717388e+000 -3.632560e+001  1.200000e+001
    endloop
  endfacet
  facet normal  3.826798e-001 -9.238811e-001  0.000000e+000
    outer loop
      vertex -4.717388e+000 -3.632560e+001  2.000000e+000
      vertex -4.717388e+000 -3.632560e+001  1.200000e+001
      vertex -5.199750e+000 -3.652539e+001  2.000000e+000
    endloop
  endfacet
  facet normal  3.826798e-001 -9.238811e-001  0.000000e+000
    outer loop
      vertex -5.199750e+000 -3.652539e+001  2.000000e+000
      vertex -4.717388e+000 -3.632560e+001  1.200000e+001
      vertex -5.199750e+000 -3.652539e+001  1.200000e+001
    endloop
  endfacet
  facet normal  1.305285e-001 -9.914446e-001  0.000000e+000
    outer loop
      vertex -5.199750e+000 -3.652539e+001  2.000000e+000
      vertex -5.199750e+000 -3.652539e+001  1.200000e+001
      vertex -5.717388e+000 -3.659354e+001  2.000000e+000
    endloop
  endfacet
  facet normal  1.305285e-001 -9.914446e-001  0.000000e+000
    outer loop
      vertex -5.717388e+000 -3.659354e+001  2.000000e+000
      vertex -5.199750e+000 -3.652539e+001  1.200000e+001
      vertex -5.717388e+000 -3.659354e+001  1.200000e+001
    endloop
  endfacet
  facet normal -1.305289e-001  9.914444e-001  0.000000e+000
    outer loop
      vertex -7.826912e+000 -2.786855e+001  2.000000e+000
      vertex -7.246415e+000 -2.779213e+001  1.200000e+001
      vertex -7.246415e+000 -2.779213e+001  2.000000e+000
    endloop
  endfacet
  facet normal -3.826810e-001  9.238805e-001  0.000000e+000
    outer loop
      vertex -7.246415e+000 -2.779213e+001  2.000000e+000
      vertex -7.246415e+000 -2.779213e+001  1.200000e+001
      vertex -6.705477e+000 -2.756807e+001  1.200000e+001
    endloop
  endfacet
  facet normal -3.826810e-001  9.238805e-001  0.000000e+000
    outer loop
      vertex -7.246415e+000 -2.779213e+001  2.000000e+000
      vertex -6.705477e+000 -2.756807e+001  1.200000e+001
      vertex -6.705477e+000 -2.756807e+001  2.000000e+000
    endloop
  endfacet
  facet normal -6.087617e-001  7.933531e-001  0.000000e+000
    outer loop
      vertex -6.705477e+000 -2.756807e+001  2.000000e+000
      vertex -6.705477e+000 -2.756807e+001  1.200000e+001
      vertex -6.240964e+000 -2.721163e+001  1.200000e+001
    endloop
  endfacet
  facet normal -6.087617e-001  7.933531e-001  0.000000e+000
    outer loop
      vertex -6.705477e+000 -2.756807e+001  2.000000e+000
      vertex -6.240964e+000 -2.721163e+001  1.200000e+001
      vertex -6.240964e+000 -2.721163e+001  2.000000e+000
    endloop
  endfacet
  facet normal -7.933535e-001  6.087614e-001  0.000000e+000
    outer loop
      vertex -6.240964e+000 -2.721163e+001  2.000000e+000
      vertex -6.240964e+000 -2.721163e+001  1.200000e+001
      vertex -5.884530e+000 -2.674712e+001  1.200000e+001
    endloop
  endfacet
  facet normal -7.933535e-001  6.087614e-001  0.000000e+000
    outer loop
      vertex -6.240964e+000 -2.721163e+001  2.000000e+000
      vertex -5.884530e+000 -2.674712e+001  1.200000e+001
      vertex -5.884530e+000 -2.674712e+001  2.000000e+000
    endloop
  endfacet
  facet normal -9.238797e-001  3.826831e-001  0.000000e+000
    outer loop
      vertex -5.884530e+000 -2.674712e+001  2.000000e+000
      vertex -5.884530e+000 -2.674712e+001  1.200000e+001
      vertex -5.660467e+000 -2.620618e+001  1.200000e+001
    endloop
  endfacet
  facet normal -9.238797e-001  3.826831e-001  0.000000e+000
    outer loop
      vertex -5.884530e+000 -2.674712e+001  2.000000e+000
      vertex -5.660467e+000 -2.620618e+001  1.200000e+001
      vertex -5.660467e+000 -2.620618e+001  2.000000e+000
    endloop
  endfacet
  facet normal -9.914449e-001  1.305264e-001  0.000000e+000
    outer loop
      vertex -5.660467e+000 -2.620618e+001  2.000000e+000
      vertex -5.660467e+000 -2.620618e+001  1.200000e+001
      vertex -5.584043e+000 -2.562568e+001  1.200000e+001
    endloop
  endfacet
  facet normal -9.914449e-001  1.305264e-001  0.000000e+000
    outer loop
      vertex -5.660467e+000 -2.620618e+001  2.000000e+000
      vertex -5.584043e+000 -2.562568e+001  1.200000e+001
      vertex -5.584043e+000 -2.562568e+001  2.000000e+000
    endloop
  endfacet
  facet normal -1.305289e-001  9.914444e-001  0.000000e+000
    outer loop
      vertex -7.246415e+000 -2.779213e+001  1.200000e+001
      vertex -7.826912e+000 -2.786855e+001  2.000000e+000
      vertex -7.826912e+000 -2.786855e+001  1.200000e+001
    endloop
  endfacet
  facet normal  1.305288e-001  9.914445e-001  0.000000e+000
    outer loop
      vertex -7.826912e+000 -2.786855e+001  1.200000e+001
      vertex -7.826912e+000 -2.786855e+001  2.000000e+000
      vertex -8.407410e+000 -2.779213e+001  2.000000e+000
    endloop
  endfacet
  facet normal  1.305288e-001  9.914445e-001  -0.000000e+000
    outer loop
      vertex -7.826912e+000 -2.786855e+001  1.200000e+001
      vertex -8.407410e+000 -2.779213e+001  2.000000e+000
      vertex -8.407410e+000 -2.779213e+001  1.200000e+001
    endloop
  endfacet
  facet normal  3.826810e-001  9.238805e-001  0.000000e+000
    outer loop
      vertex -8.407410e+000 -2.779213e+001  1.200000e+001
      vertex -8.407410e+000 -2.779213e+001  2.000000e+000
      vertex -8.948347e+000 -2.756807e+001  2.000000e+000
    endloop
  endfacet
  facet normal  3.826810e-001  9.238805e-001  -0.000000e+000
    outer loop
      vertex -8.407410e+000 -2.779213e+001  1.200000e+001
      vertex -8.948347e+000 -2.756807e+001  2.000000e+000
      vertex -8.948347e+000 -2.756807e+001  1.200000e+001
    endloop
  endfacet
  facet normal  6.087621e-001  7.933528e-001  0.000000e+000
    outer loop
      vertex -8.948347e+000 -2.756807e+001  1.200000e+001
      vertex -8.948347e+000 -2.756807e+001  2.000000e+000
      vertex -9.412860e+000 -2.721163e+001  2.000000e+000
    endloop
  endfacet
  facet normal  6.087621e-001  7.933528e-001  -0.000000e+000
    outer loop
      vertex -8.948347e+000 -2.756807e+001  1.200000e+001
      vertex -9.412860e+000 -2.721163e+001  2.000000e+000
      vertex -9.412860e+000 -2.721163e+001  1.200000e+001
    endloop
  endfacet
  facet normal  7.933535e-001  6.087614e-001  0.000000e+000
    outer loop
      vertex -9.412860e+000 -2.721163e+001  1.200000e+001
      vertex -9.412860e+000 -2.721163e+001  2.000000e+000
      vertex -9.769294e+000 -2.674712e+001  2.000000e+000
    endloop
  endfacet
  facet normal  7.933535e-001  6.087614e-001  -0.000000e+000
    outer loop
      vertex -9.412860e+000 -2.721163e+001  1.200000e+001
      vertex -9.769294e+000 -2.674712e+001  2.000000e+000
      vertex -9.769294e+000 -2.674712e+001  1.200000e+001
    endloop
  endfacet
  facet normal  9.238794e-001  3.826838e-001  0.000000e+000
    outer loop
      vertex -9.769294e+000 -2.674712e+001  1.200000e+001
      vertex -9.769294e+000 -2.674712e+001  2.000000e+000
      vertex -9.993358e+000 -2.620618e+001  2.000000e+000
    endloop
  endfacet
  facet normal  9.238794e-001  3.826838e-001  -0.000000e+000
    outer loop
      vertex -9.769294e+000 -2.674712e+001  1.200000e+001
      vertex -9.993358e+000 -2.620618e+001  2.000000e+000
      vertex -9.993358e+000 -2.620618e+001  1.200000e+001
    endloop
  endfacet
  facet normal  9.914450e-001  1.305256e-001  0.000000e+000
    outer loop
      vertex -9.993358e+000 -2.620618e+001  1.200000e+001
      vertex -9.993358e+000 -2.620618e+001  2.000000e+000
      vertex -1.006978e+001 -2.562568e+001  2.000000e+000
    endloop
  endfacet
  facet normal  9.914450e-001  1.305256e-001  -0.000000e+000
    outer loop
      vertex -9.993358e+000 -2.620618e+001  1.200000e+001
      vertex -1.006978e+001 -2.562568e+001  2.000000e+000
      vertex -1.006978e+001 -2.562568e+001  1.200000e+001
    endloop
  endfacet
  facet normal  1.305288e-001 -9.914445e-001  0.000000e+000
    outer loop
      vertex -7.826912e+000 -2.338281e+001  2.000000e+000
      vertex -8.407410e+000 -2.345924e+001  1.200000e+001
      vertex -8.407410e+000 -2.345924e+001  2.000000e+000
    endloop
  endfacet
  facet normal  3.826810e-001 -9.238805e-001  0.000000e+000
    outer loop
      vertex -8.407410e+000 -2.345924e+001  2.000000e+000
      vertex -8.407410e+000 -2.345924e+001  1.200000e+001
      vertex -8.948347e+000 -2.368330e+001  1.200000e+001
    endloop
  endfacet
  facet normal  3.826810e-001 -9.238805e-001  0.000000e+000
    outer loop
      vertex -8.407410e+000 -2.345924e+001  2.000000e+000
      vertex -8.948347e+000 -2.368330e+001  1.200000e+001
      vertex -8.948347e+000 -2.368330e+001  2.000000e+000
    endloop
  endfacet
  facet normal  6.087621e-001 -7.933528e-001  0.000000e+000
    outer loop
      vertex -8.948347e+000 -2.368330e+001  2.000000e+000
      vertex -8.948347e+000 -2.368330e+001  1.200000e+001
      vertex -9.412860e+000 -2.403973e+001  1.200000e+001
    endloop
  endfacet
  facet normal  6.087621e-001 -7.933528e-001  0.000000e+000
    outer loop
      vertex -8.948347e+000 -2.368330e+001  2.000000e+000
      vertex -9.412860e+000 -2.403973e+001  1.200000e+001
      vertex -9.412860e+000 -2.403973e+001  2.000000e+000
    endloop
  endfacet
  facet normal  7.933535e-001 -6.087614e-001  0.000000e+000
    outer loop
      vertex -9.412860e+000 -2.403973e+001  2.000000e+000
      vertex -9.412860e+000 -2.403973e+001  1.200000e+001
      vertex -9.769294e+000 -2.450425e+001  1.200000e+001
    endloop
  endfacet
  facet normal  7.933535e-001 -6.087614e-001  0.000000e+000
    outer loop
      vertex -9.412860e+000 -2.403973e+001  2.000000e+000
      vertex -9.769294e+000 -2.450425e+001  1.200000e+001
      vertex -9.769294e+000 -2.450425e+001  2.000000e+000
    endloop
  endfacet
  facet normal  9.238794e-001 -3.826838e-001  0.000000e+000
    outer loop
      vertex -9.769294e+000 -2.450425e+001  2.000000e+000
      vertex -9.769294e+000 -2.450425e+001  1.200000e+001
      vertex -9.993358e+000 -2.504519e+001  1.200000e+001
    endloop
  endfacet
  facet normal  9.238794e-001 -3.826838e-001  0.000000e+000
    outer loop
      vertex -9.769294e+000 -2.450425e+001  2.000000e+000
      vertex -9.993358e+000 -2.504519e+001  1.200000e+001
      vertex -9.993358e+000 -2.504519e+001  2.000000e+000
    endloop
  endfacet
  facet normal  9.914450e-001 -1.305256e-001  0.000000e+000
    outer loop
      vertex -9.993358e+000 -2.504519e+001  2.000000e+000
      vertex -9.993358e+000 -2.504519e+001  1.200000e+001
      vertex -1.006978e+001 -2.562568e+001  1.200000e+001
    endloop
  endfacet
  facet normal  9.914450e-001 -1.305256e-001  0.000000e+000
    outer loop
      vertex -9.993358e+000 -2.504519e+001  2.000000e+000
      vertex -1.006978e+001 -2.562568e+001  1.200000e+001
      vertex -1.006978e+001 -2.562568e+001  2.000000e+000
    endloop
  endfacet
  facet normal  1.305288e-001 -9.914445e-001  0.000000e+000
    outer loop
      vertex -8.407410e+000 -2.345924e+001  1.200000e+001
      vertex -7.826912e+000 -2.338281e+001  2.000000e+000
      vertex -7.826912e+000 -2.338281e+001  1.200000e+001
    endloop
  endfacet
  facet normal -1.305289e-001 -9.914444e-001  -0.000000e+000
    outer loop
      vertex -7.826912e+000 -2.338281e+001  1.200000e+001
      vertex -7.826912e+000 -2.338281e+001  2.000000e+000
      vertex -7.246415e+000 -2.345924e+001  2.000000e+000
    endloop
  endfacet
  facet normal -1.305289e-001 -9.914444e-001  0.000000e+000
    outer loop
      vertex -7.826912e+000 -2.338281e+001  1.200000e+001
      vertex -7.246415e+000 -2.345924e+001  2.000000e+000
      vertex -7.246415e+000 -2.345924e+001  1.200000e+001
    endloop
  endfacet
  facet normal -3.826810e-001 -9.238805e-001  -0.000000e+000
    outer loop
      vertex -7.246415e+000 -2.345924e+001  1.200000e+001
      vertex -7.246415e+000 -2.345924e+001  2.000000e+000
      vertex -6.705477e+000 -2.368330e+001  2.000000e+000
    endloop
  endfacet
  facet normal -3.826810e-001 -9.238805e-001  0.000000e+000
    outer loop
      vertex -7.246415e+000 -2.345924e+001  1.200000e+001
      vertex -6.705477e+000 -2.368330e+001  2.000000e+000
      vertex -6.705477e+000 -2.368330e+001  1.200000e+001
    endloop
  endfacet
  facet normal -6.087617e-001 -7.933531e-001  -0.000000e+000
    outer loop
      vertex -6.705477e+000 -2.368330e+001  1.200000e+001
      vertex -6.705477e+000 -2.368330e+001  2.000000e+000
      vertex -6.240964e+000 -2.403973e+001  2.000000e+000
    endloop
  endfacet
  facet normal -6.087617e-001 -7.933531e-001  0.000000e+000
    outer loop
      vertex -6.705477e+000 -2.368330e+001  1.200000e+001
      vertex -6.240964e+000 -2.403973e+001  2.000000e+000
      vertex -6.240964e+000 -2.403973e+001  1.200000e+001
    endloop
  endfacet
  facet normal -7.933535e-001 -6.087614e-001  -0.000000e+000
    outer loop
      vertex -6.240964e+000 -2.403973e+001  1.200000e+001
      vertex -6.240964e+000 -2.403973e+001  2.000000e+000
      vertex -5.884530e+000 -2.450425e+001  2.000000e+000
    endloop
  endfacet
  facet normal -7.933535e-001 -6.087614e-001  0.000000e+000
    outer loop
      vertex -6.240964e+000 -2.403973e+001  1.200000e+001
      vertex -5.884530e+000 -2.450425e+001  2.000000e+000
      vertex -5.884530e+000 -2.450425e+001  1.200000e+001
    endloop
  endfacet
  facet normal -9.238797e-001 -3.826831e-001  -0.000000e+000
    outer loop
      vertex -5.884530e+000 -2.450425e+001  1.200000e+001
      vertex -5.884530e+000 -2.450425e+001  2.000000e+000
      vertex -5.660467e+000 -2.504519e+001  2.000000e+000
    endloop
  endfacet
  facet normal -9.238797e-001 -3.826831e-001  0.000000e+000
    outer loop
      vertex -5.884530e+000 -2.450425e+001  1.200000e+001
      vertex -5.660467e+000 -2.504519e+001  2.000000e+000
      vertex -5.660467e+000 -2.504519e+001  1.200000e+001
    endloop
  endfacet
  facet normal -9.914449e-001 -1.305264e-001  -0.000000e+000
    outer loop
      vertex -5.660467e+000 -2.504519e+001  1.200000e+001
      vertex -5.660467e+000 -2.504519e+001  2.000000e+000
      vertex -5.584043e+000 -2.562568e+001  2.000000e+000
    endloop
  endfacet
  facet normal -9.914449e-001 -1.305264e-001  0.000000e+000
    outer loop
      vertex -5.660467e+000 -2.504519e+001  1.200000e+001
      vertex -5.584043e+000 -2.562568e+001  2.000000e+000
      vertex -5.584043e+000 -2.562568e+001  1.200000e+001
    endloop
  endfacet
  facet normal -1.305257e-001  9.914449e-001  0.000000e+000
    outer loop
      vertex -7.826912e+000 -3.480428e+001  2.000000e+000
      vertex -7.246415e+000 -3.472785e+001  1.200000e+001
      vertex -7.246415e+000 -3.472785e+001  2.000000e+000
    endloop
  endfacet
  facet normal -3.826838e-001  9.238794e-001  0.000000e+000
    outer loop
      vertex -7.246415e+000 -3.472785e+001  2.000000e+000
      vertex -7.246415e+000 -3.472785e+001  1.200000e+001
      vertex -6.705477e+000 -3.450379e+001  1.200000e+001
    endloop
  endfacet
  facet normal -3.826838e-001  9.238794e-001  0.000000e+000
    outer loop
      vertex -7.246415e+000 -3.472785e+001  2.000000e+000
      vertex -6.705477e+000 -3.450379e+001  1.200000e+001
      vertex -6.705477e+000 -3.450379e+001  2.000000e+000
    endloop
  endfacet
  facet normal -6.087617e-001  7.933531e-001  0.000000e+000
    outer loop
      vertex -6.705477e+000 -3.450379e+001  2.000000e+000
      vertex -6.705477e+000 -3.450379e+001  1.200000e+001
      vertex -6.240964e+000 -3.414735e+001  1.200000e+001
    endloop
  endfacet
  facet normal -6.087617e-001  7.933531e-001  0.000000e+000
    outer loop
      vertex -6.705477e+000 -3.450379e+001  2.000000e+000
      vertex -6.240964e+000 -3.414735e+001  1.200000e+001
      vertex -6.240964e+000 -3.414735e+001  2.000000e+000
    endloop
  endfacet
  facet normal -7.933546e-001  6.087598e-001  0.000000e+000
    outer loop
      vertex -6.240964e+000 -3.414735e+001  2.000000e+000
      vertex -6.240964e+000 -3.414735e+001  1.200000e+001
      vertex -5.884530e+000 -3.368284e+001  1.200000e+001
    endloop
  endfacet
  facet normal -7.933546e-001  6.087598e-001  0.000000e+000
    outer loop
      vertex -6.240964e+000 -3.414735e+001  2.000000e+000
      vertex -5.884530e+000 -3.368284e+001  1.200000e+001
      vertex -5.884530e+000 -3.368284e+001  2.000000e+000
    endloop
  endfacet
  facet normal -9.238793e-001  3.826843e-001  0.000000e+000
    outer loop
      vertex -5.884530e+000 -3.368284e+001  2.000000e+000
      vertex -5.884530e+000 -3.368284e+001  1.200000e+001
      vertex -5.660467e+000 -3.314190e+001  1.200000e+001
    endloop
  endfacet
  facet normal -9.238793e-001  3.826843e-001  0.000000e+000
    outer loop
      vertex -5.884530e+000 -3.368284e+001  2.000000e+000
      vertex -5.660467e+000 -3.314190e+001  1.200000e+001
      vertex -5.660467e+000 -3.314190e+001  2.000000e+000
    endloop
  endfacet
  facet normal -9.914449e-001  1.305264e-001  0.000000e+000
    outer loop
      vertex -5.660467e+000 -3.314190e+001  2.000000e+000
      vertex -5.660467e+000 -3.314190e+001  1.200000e+001
      vertex -5.584043e+000 -3.256141e+001  1.200000e+001
    endloop
  endfacet
  facet normal -9.914449e-001  1.305264e-001  0.000000e+000
    outer loop
      vertex -5.660467e+000 -3.314190e+001  2.000000e+000
      vertex -5.584043e+000 -3.256141e+001  1.200000e+001
      vertex -5.584043e+000 -3.256141e+001  2.000000e+000
    endloop
  endfacet
  facet normal -1.305257e-001  9.914449e-001  0.000000e+000
    outer loop
      vertex -7.246415e+000 -3.472785e+001  1.200000e+001
      vertex -7.826912e+000 -3.480428e+001  2.000000e+000
      vertex -7.826912e+000 -3.480428e+001  1.200000e+001
    endloop
  endfacet
  facet normal  1.305256e-001  9.914450e-001  0.000000e+000
    outer loop
      vertex -7.826912e+000 -3.480428e+001  1.200000e+001
      vertex -7.826912e+000 -3.480428e+001  2.000000e+000
      vertex -8.407410e+000 -3.472785e+001  2.000000e+000
    endloop
  endfacet
  facet normal  1.305256e-001  9.914450e-001  -0.000000e+000
    outer loop
      vertex -7.826912e+000 -3.480428e+001  1.200000e+001
      vertex -8.407410e+000 -3.472785e+001  2.000000e+000
      vertex -8.407410e+000 -3.472785e+001  1.200000e+001
    endloop
  endfacet
  facet normal  3.826838e-001  9.238794e-001  0.000000e+000
    outer loop
      vertex -8.407410e+000 -3.472785e+001  1.200000e+001
      vertex -8.407410e+000 -3.472785e+001  2.000000e+000
      vertex -8.948347e+000 -3.450379e+001  2.000000e+000
    endloop
  endfacet
  facet normal  3.826838e-001  9.238794e-001  -0.000000e+000
    outer loop
      vertex -8.407410e+000 -3.472785e+001  1.200000e+001
      vertex -8.948347e+000 -3.450379e+001  2.000000e+000
      vertex -8.948347e+000 -3.450379e+001  1.200000e+001
    endloop
  endfacet
  facet normal  6.087621e-001  7.933528e-001  0.000000e+000
    outer loop
      vertex -8.948347e+000 -3.450379e+001  1.200000e+001
      vertex -8.948347e+000 -3.450379e+001  2.000000e+000
      vertex -9.412860e+000 -3.414735e+001  2.000000e+000
    endloop
  endfacet
  facet normal  6.087621e-001  7.933528e-001  -0.000000e+000
    outer loop
      vertex -8.948347e+000 -3.450379e+001  1.200000e+001
      vertex -9.412860e+000 -3.414735e+001  2.000000e+000
      vertex -9.412860e+000 -3.414735e+001  1.200000e+001
    endloop
  endfacet
  facet normal  7.933546e-001  6.087598e-001  0.000000e+000
    outer loop
      vertex -9.412860e+000 -3.414735e+001  1.200000e+001
      vertex -9.412860e+000 -3.414735e+001  2.000000e+000
      vertex -9.769294e+000 -3.368284e+001  2.000000e+000
    endloop
  endfacet
  facet normal  7.933546e-001  6.087598e-001  -0.000000e+000
    outer loop
      vertex -9.412860e+000 -3.414735e+001  1.200000e+001
      vertex -9.769294e+000 -3.368284e+001  2.000000e+000
      vertex -9.769294e+000 -3.368284e+001  1.200000e+001
    endloop
  endfacet
  facet normal  9.238789e-001  3.826850e-001  0.000000e+000
    outer loop
      vertex -9.769294e+000 -3.368284e+001  1.200000e+001
      vertex -9.769294e+000 -3.368284e+001  2.000000e+000
      vertex -9.993358e+000 -3.314190e+001  2.000000e+000
    endloop
  endfacet
  facet normal  9.238789e-001  3.826850e-001  -0.000000e+000
    outer loop
      vertex -9.769294e+000 -3.368284e+001  1.200000e+001
      vertex -9.993358e+000 -3.314190e+001  2.000000e+000
      vertex -9.993358e+000 -3.314190e+001  1.200000e+001
    endloop
  endfacet
  facet normal  9.914450e-001  1.305256e-001  0.000000e+000
    outer loop
      vertex -9.993358e+000 -3.314190e+001  1.200000e+001
      vertex -9.993358e+000 -3.314190e+001  2.000000e+000
      vertex -1.006978e+001 -3.256141e+001  2.000000e+000
    endloop
  endfacet
  facet normal  9.914450e-001  1.305256e-001  -0.000000e+000
    outer loop
      vertex -9.993358e+000 -3.314190e+001  1.200000e+001
      vertex -1.006978e+001 -3.256141e+001  2.000000e+000
      vertex -1.006978e+001 -3.256141e+001  1.200000e+001
    endloop
  endfacet
  facet normal  1.305288e-001 -9.914445e-001  0.000000e+000
    outer loop
      vertex -7.826912e+000 -3.031853e+001  2.000000e+000
      vertex -8.407410e+000 -3.039496e+001  1.200000e+001
      vertex -8.407410e+000 -3.039496e+001  2.000000e+000
    endloop
  endfacet
  facet normal  3.826810e-001 -9.238805e-001  0.000000e+000
    outer loop
      vertex -8.407410e+000 -3.039496e+001  2.000000e+000
      vertex -8.407410e+000 -3.039496e+001  1.200000e+001
      vertex -8.948347e+000 -3.061902e+001  1.200000e+001
    endloop
  endfacet
  facet normal  3.826810e-001 -9.238805e-001  0.000000e+000
    outer loop
      vertex -8.407410e+000 -3.039496e+001  2.000000e+000
      vertex -8.948347e+000 -3.061902e+001  1.200000e+001
      vertex -8.948347e+000 -3.061902e+001  2.000000e+000
    endloop
  endfacet
  facet normal  6.087621e-001 -7.933528e-001  0.000000e+000
    outer loop
      vertex -8.948347e+000 -3.061902e+001  2.000000e+000
      vertex -8.948347e+000 -3.061902e+001  1.200000e+001
      vertex -9.412860e+000 -3.097546e+001  1.200000e+001
    endloop
  endfacet
  facet normal  6.087621e-001 -7.933528e-001  0.000000e+000
    outer loop
      vertex -8.948347e+000 -3.061902e+001  2.000000e+000
      vertex -9.412860e+000 -3.097546e+001  1.200000e+001
      vertex -9.412860e+000 -3.097546e+001  2.000000e+000
    endloop
  endfacet
  facet normal  7.933535e-001 -6.087614e-001  0.000000e+000
    outer loop
      vertex -9.412860e+000 -3.097546e+001  2.000000e+000
      vertex -9.412860e+000 -3.097546e+001  1.200000e+001
      vertex -9.769294e+000 -3.143997e+001  1.200000e+001
    endloop
  endfacet
  facet normal  7.933535e-001 -6.087614e-001  0.000000e+000
    outer loop
      vertex -9.412860e+000 -3.097546e+001  2.000000e+000
      vertex -9.769294e+000 -3.143997e+001  1.200000e+001
      vertex -9.769294e+000 -3.143997e+001  2.000000e+000
    endloop
  endfacet
  facet normal  9.238794e-001 -3.826838e-001  0.000000e+000
    outer loop
      vertex -9.769294e+000 -3.143997e+001  2.000000e+000
      vertex -9.769294e+000 -3.143997e+001  1.200000e+001
      vertex -9.993358e+000 -3.198091e+001  1.200000e+001
    endloop
  endfacet
  facet normal  9.238794e-001 -3.826838e-001  0.000000e+000
    outer loop
      vertex -9.769294e+000 -3.143997e+001  2.000000e+000
      vertex -9.993358e+000 -3.198091e+001  1.200000e+001
      vertex -9.993358e+000 -3.198091e+001  2.000000e+000
    endloop
  endfacet
  facet normal  9.914450e-001 -1.305256e-001  0.000000e+000
    outer loop
      vertex -9.993358e+000 -3.198091e+001  2.000000e+000
      vertex -9.993358e+000 -3.198091e+001  1.200000e+001
      vertex -1.006978e+001 -3.256141e+001  1.200000e+001
    endloop
  endfacet
  facet normal  9.914450e-001 -1.305256e-001  0.000000e+000
    outer loop
      vertex -9.993358e+000 -3.198091e+001  2.000000e+000
      vertex -1.006978e+001 -3.256141e+001  1.200000e+001
      vertex -1.006978e+001 -3.256141e+001  2.000000e+000
    endloop
  endfacet
  facet normal  1.305288e-001 -9.914445e-001  0.000000e+000
    outer loop
      vertex -8.407410e+000 -3.039496e+001  1.200000e+001
      vertex -7.826912e+000 -3.031853e+001  2.000000e+000
      vertex -7.826912e+000 -3.031853e+001  1.200000e+001
    endloop
  endfacet
  facet normal -1.305289e-001 -9.914444e-001  -0.000000e+000
    outer loop
      vertex -7.826912e+000 -3.031853e+001  1.200000e+001
      vertex -7.826912e+000 -3.031853e+001  2.000000e+000
      vertex -7.246415e+000 -3.039496e+001  2.000000e+000
    endloop
  endfacet
  facet normal -1.305289e-001 -9.914444e-001  0.000000e+000
    outer loop
      vertex -7.826912e+000 -3.031853e+001  1.200000e+001
      vertex -7.246415e+000 -3.039496e+001  2.000000e+000
      vertex -7.246415e+000 -3.039496e+001  1.200000e+001
    endloop
  endfacet
  facet normal -3.826810e-001 -9.238805e-001  -0.000000e+000
    outer loop
      vertex -7.246415e+000 -3.039496e+001  1.200000e+001
      vertex -7.246415e+000 -3.039496e+001  2.000000e+000
      vertex -6.705477e+000 -3.061902e+001  2.000000e+000
    endloop
  endfacet
  facet normal -3.826810e-001 -9.238805e-001  0.000000e+000
    outer loop
      vertex -7.246415e+000 -3.039496e+001  1.200000e+001
      vertex -6.705477e+000 -3.061902e+001  2.000000e+000
      vertex -6.705477e+000 -3.061902e+001  1.200000e+001
    endloop
  endfacet
  facet normal -6.087617e-001 -7.933531e-001  -0.000000e+000
    outer loop
      vertex -6.705477e+000 -3.061902e+001  1.200000e+001
      vertex -6.705477e+000 -3.061902e+001  2.000000e+000
      vertex -6.240964e+000 -3.097546e+001  2.000000e+000
    endloop
  endfacet
  facet normal -6.087617e-001 -7.933531e-001  0.000000e+000
    outer loop
      vertex -6.705477e+000 -3.061902e+001  1.200000e+001
      vertex -6.240964e+000 -3.097546e+001  2.000000e+000
      vertex -6.240964e+000 -3.097546e+001  1.200000e+001
    endloop
  endfacet
  facet normal -7.933535e-001 -6.087614e-001  -0.000000e+000
    outer loop
      vertex -6.240964e+000 -3.097546e+001  1.200000e+001
      vertex -6.240964e+000 -3.097546e+001  2.000000e+000
      vertex -5.884530e+000 -3.143997e+001  2.000000e+000
    endloop
  endfacet
  facet normal -7.933535e-001 -6.087614e-001  0.000000e+000
    outer loop
      vertex -6.240964e+000 -3.097546e+001  1.200000e+001
      vertex -5.884530e+000 -3.143997e+001  2.000000e+000
      vertex -5.884530e+000 -3.143997e+001  1.200000e+001
    endloop
  endfacet
  facet normal -9.238797e-001 -3.826831e-001  -0.000000e+000
    outer loop
      vertex -5.884530e+000 -3.143997e+001  1.200000e+001
      vertex -5.884530e+000 -3.143997e+001  2.000000e+000
      vertex -5.660467e+000 -3.198091e+001  2.000000e+000
    endloop
  endfacet
  facet normal -9.238797e-001 -3.826831e-001  0.000000e+000
    outer loop
      vertex -5.884530e+000 -3.143997e+001  1.200000e+001
      vertex -5.660467e+000 -3.198091e+001  2.000000e+000
      vertex -5.660467e+000 -3.198091e+001  1.200000e+001
    endloop
  endfacet
  facet normal -9.914449e-001 -1.305264e-001  -0.000000e+000
    outer loop
      vertex -5.660467e+000 -3.198091e+001  1.200000e+001
      vertex -5.660467e+000 -3.198091e+001  2.000000e+000
      vertex -5.584043e+000 -3.256141e+001  2.000000e+000
    endloop
  endfacet
  facet normal -9.914449e-001 -1.305264e-001  0.000000e+000
    outer loop
      vertex -5.660467e+000 -3.198091e+001  1.200000e+001
      vertex -5.584043e+000 -3.256141e+001  2.000000e+000
      vertex -5.584043e+000 -3.256141e+001  1.200000e+001
    endloop
  endfacet
  facet normal -1.305288e-001  9.914445e-001  0.000000e+000
    outer loop
      vertex -1.575498e+001 -2.786855e+001  2.000000e+000
      vertex -1.517448e+001 -2.779213e+001  1.200000e+001
      vertex -1.517448e+001 -2.779213e+001  2.000000e+000
    endloop
  endfacet
  facet normal -3.826810e-001  9.238805e-001  0.000000e+000
    outer loop
      vertex -1.517448e+001 -2.779213e+001  2.000000e+000
      vertex -1.517448e+001 -2.779213e+001  1.200000e+001
      vertex -1.463354e+001 -2.756807e+001  1.200000e+001
    endloop
  endfacet
  facet normal -3.826810e-001  9.238805e-001  0.000000e+000
    outer loop
      vertex -1.517448e+001 -2.779213e+001  2.000000e+000
      vertex -1.463354e+001 -2.756807e+001  1.200000e+001
      vertex -1.463354e+001 -2.756807e+001  2.000000e+000
    endloop
  endfacet
  facet normal -6.087621e-001  7.933528e-001  0.000000e+000
    outer loop
      vertex -1.463354e+001 -2.756807e+001  2.000000e+000
      vertex -1.463354e+001 -2.756807e+001  1.200000e+001
      vertex -1.416903e+001 -2.721163e+001  1.200000e+001
    endloop
  endfacet
  facet normal -6.087621e-001  7.933528e-001  0.000000e+000
    outer loop
      vertex -1.463354e+001 -2.756807e+001  2.000000e+000
      vertex -1.416903e+001 -2.721163e+001  1.200000e+001
      vertex -1.416903e+001 -2.721163e+001  2.000000e+000
    endloop
  endfacet
  facet normal -7.933535e-001  6.087614e-001  0.000000e+000
    outer loop
      vertex -1.416903e+001 -2.721163e+001  2.000000e+000
      vertex -1.416903e+001 -2.721163e+001  1.200000e+001
      vertex -1.381260e+001 -2.674712e+001  1.200000e+001
    endloop
  endfacet
  facet normal -7.933535e-001  6.087614e-001  0.000000e+000
    outer loop
      vertex -1.416903e+001 -2.721163e+001  2.000000e+000
      vertex -1.381260e+001 -2.674712e+001  1.200000e+001
      vertex -1.381260e+001 -2.674712e+001  2.000000e+000
    endloop
  endfacet
  facet normal -9.238794e-001  3.826838e-001  0.000000e+000
    outer loop
      vertex -1.381260e+001 -2.674712e+001  2.000000e+000
      vertex -1.381260e+001 -2.674712e+001  1.200000e+001
      vertex -1.358853e+001 -2.620618e+001  1.200000e+001
    endloop
  endfacet
  facet normal -9.238794e-001  3.826838e-001  0.000000e+000
    outer loop
      vertex -1.381260e+001 -2.674712e+001  2.000000e+000
      vertex -1.358853e+001 -2.620618e+001  1.200000e+001
      vertex -1.358853e+001 -2.620618e+001  2.000000e+000
    endloop
  endfacet
  facet normal -9.914450e-001  1.305256e-001  0.000000e+000
    outer loop
      vertex -1.358853e+001 -2.620618e+001  2.000000e+000
      vertex -1.358853e+001 -2.620618e+001  1.200000e+001
      vertex -1.351211e+001 -2.562568e+001  1.200000e+001
    endloop
  endfacet
  facet normal -9.914450e-001  1.305256e-001  0.000000e+000
    outer loop
      vertex -1.358853e+001 -2.620618e+001  2.000000e+000
      vertex -1.351211e+001 -2.562568e+001  1.200000e+001
      vertex -1.351211e+001 -2.562568e+001  2.000000e+000
    endloop
  endfacet
  facet normal -1.305288e-001  9.914445e-001  0.000000e+000
    outer loop
      vertex -1.517448e+001 -2.779213e+001  1.200000e+001
      vertex -1.575498e+001 -2.786855e+001  2.000000e+000
      vertex -1.575498e+001 -2.786855e+001  1.200000e+001
    endloop
  endfacet
  facet normal  1.305288e-001  9.914445e-001  0.000000e+000
    outer loop
      vertex -1.575498e+001 -2.786855e+001  1.200000e+001
      vertex -1.575498e+001 -2.786855e+001  2.000000e+000
      vertex -1.633548e+001 -2.779213e+001  2.000000e+000
    endloop
  endfacet
  facet normal  1.305288e-001  9.914445e-001  -0.000000e+000
    outer loop
      vertex -1.575498e+001 -2.786855e+001  1.200000e+001
      vertex -1.633548e+001 -2.779213e+001  2.000000e+000
      vertex -1.633548e+001 -2.779213e+001  1.200000e+001
    endloop
  endfacet
  facet normal  3.826810e-001  9.238805e-001  0.000000e+000
    outer loop
      vertex -1.633548e+001 -2.779213e+001  1.200000e+001
      vertex -1.633548e+001 -2.779213e+001  2.000000e+000
      vertex -1.687641e+001 -2.756807e+001  2.000000e+000
    endloop
  endfacet
  facet normal  3.826810e-001  9.238805e-001  -0.000000e+000
    outer loop
      vertex -1.633548e+001 -2.779213e+001  1.200000e+001
      vertex -1.687641e+001 -2.756807e+001  2.000000e+000
      vertex -1.687641e+001 -2.756807e+001  1.200000e+001
    endloop
  endfacet
  facet normal  6.087614e-001  7.933535e-001  0.000000e+000
    outer loop
      vertex -1.687641e+001 -2.756807e+001  1.200000e+001
      vertex -1.687641e+001 -2.756807e+001  2.000000e+000
      vertex -1.734093e+001 -2.721163e+001  2.000000e+000
    endloop
  endfacet
  facet normal  6.087614e-001  7.933535e-001  -0.000000e+000
    outer loop
      vertex -1.687641e+001 -2.756807e+001  1.200000e+001
      vertex -1.734093e+001 -2.721163e+001  2.000000e+000
      vertex -1.734093e+001 -2.721163e+001  1.200000e+001
    endloop
  endfacet
  facet normal  7.933535e-001  6.087614e-001  0.000000e+000
    outer loop
      vertex -1.734093e+001 -2.721163e+001  1.200000e+001
      vertex -1.734093e+001 -2.721163e+001  2.000000e+000
      vertex -1.769736e+001 -2.674712e+001  2.000000e+000
    endloop
  endfacet
  facet normal  7.933535e-001  6.087614e-001  -0.000000e+000
    outer loop
      vertex -1.734093e+001 -2.721163e+001  1.200000e+001
      vertex -1.769736e+001 -2.674712e+001  2.000000e+000
      vertex -1.769736e+001 -2.674712e+001  1.200000e+001
    endloop
  endfacet
  facet normal  9.238805e-001  3.826810e-001  0.000000e+000
    outer loop
      vertex -1.769736e+001 -2.674712e+001  1.200000e+001
      vertex -1.769736e+001 -2.674712e+001  2.000000e+000
      vertex -1.792142e+001 -2.620618e+001  2.000000e+000
    endloop
  endfacet
  facet normal  9.238805e-001  3.826810e-001  -0.000000e+000
    outer loop
      vertex -1.769736e+001 -2.674712e+001  1.200000e+001
      vertex -1.792142e+001 -2.620618e+001  2.000000e+000
      vertex -1.792142e+001 -2.620618e+001  1.200000e+001
    endloop
  endfacet
  facet normal  9.914445e-001  1.305288e-001  0.000000e+000
    outer loop
      vertex -1.792142e+001 -2.620618e+001  1.200000e+001
      vertex -1.792142e+001 -2.620618e+001  2.000000e+000
      vertex -1.799785e+001 -2.562568e+001  2.000000e+000
    endloop
  endfacet
  facet normal  9.914445e-001  1.305288e-001  -0.000000e+000
    outer loop
      vertex -1.792142e+001 -2.620618e+001  1.200000e+001
      vertex -1.799785e+001 -2.562568e+001  2.000000e+000
      vertex -1.799785e+001 -2.562568e+001  1.200000e+001
    endloop
  endfacet
  facet normal  1.305288e-001 -9.914445e-001  0.000000e+000
    outer loop
      vertex -1.575498e+001 -2.338281e+001  2.000000e+000
      vertex -1.633548e+001 -2.345924e+001  1.200000e+001
      vertex -1.633548e+001 -2.345924e+001  2.000000e+000
    endloop
  endfacet
  facet normal  3.826810e-001 -9.238805e-001  0.000000e+000
    outer loop
      vertex -1.633548e+001 -2.345924e+001  2.000000e+000
      vertex -1.633548e+001 -2.345924e+001  1.200000e+001
      vertex -1.687641e+001 -2.368330e+001  1.200000e+001
    endloop
  endfacet
  facet normal  3.826810e-001 -9.238805e-001  0.000000e+000
    outer loop
      vertex -1.633548e+001 -2.345924e+001  2.000000e+000
      vertex -1.687641e+001 -2.368330e+001  1.200000e+001
      vertex -1.687641e+001 -2.368330e+001  2.000000e+000
    endloop
  endfacet
  facet normal  6.087614e-001 -7.933535e-001  0.000000e+000
    outer loop
      vertex -1.687641e+001 -2.368330e+001  2.000000e+000
      vertex -1.687641e+001 -2.368330e+001  1.200000e+001
      vertex -1.734093e+001 -2.403973e+001  1.200000e+001
    endloop
  endfacet
  facet normal  6.087614e-001 -7.933535e-001  0.000000e+000
    outer loop
      vertex -1.687641e+001 -2.368330e+001  2.000000e+000
      vertex -1.734093e+001 -2.403973e+001  1.200000e+001
      vertex -1.734093e+001 -2.403973e+001  2.000000e+000
    endloop
  endfacet
  facet normal  7.933535e-001 -6.087614e-001  0.000000e+000
    outer loop
      vertex -1.734093e+001 -2.403973e+001  2.000000e+000
      vertex -1.734093e+001 -2.403973e+001  1.200000e+001
      vertex -1.769736e+001 -2.450425e+001  1.200000e+001
    endloop
  endfacet
  facet normal  7.933535e-001 -6.087614e-001  0.000000e+000
    outer loop
      vertex -1.734093e+001 -2.403973e+001  2.000000e+000
      vertex -1.769736e+001 -2.450425e+001  1.200000e+001
      vertex -1.769736e+001 -2.450425e+001  2.000000e+000
    endloop
  endfacet
  facet normal  9.238805e-001 -3.826810e-001  0.000000e+000
    outer loop
      vertex -1.769736e+001 -2.450425e+001  2.000000e+000
      vertex -1.769736e+001 -2.450425e+001  1.200000e+001
      vertex -1.792142e+001 -2.504519e+001  1.200000e+001
    endloop
  endfacet
  facet normal  9.238805e-001 -3.826810e-001  0.000000e+000
    outer loop
      vertex -1.769736e+001 -2.450425e+001  2.000000e+000
      vertex -1.792142e+001 -2.504519e+001  1.200000e+001
      vertex -1.792142e+001 -2.504519e+001  2.000000e+000
    endloop
  endfacet
  facet normal  9.914445e-001 -1.305288e-001  0.000000e+000
    outer loop
      vertex -1.792142e+001 -2.504519e+001  2.000000e+000
      vertex -1.792142e+001 -2.504519e+001  1.200000e+001
      vertex -1.799785e+001 -2.562568e+001  1.200000e+001
    endloop
  endfacet
  facet normal  9.914445e-001 -1.305288e-001  0.000000e+000
    outer loop
      vertex -1.792142e+001 -2.504519e+001  2.000000e+000
      vertex -1.799785e+001 -2.562568e+001  1.200000e+001
      vertex -1.799785e+001 -2.562568e+001  2.000000e+000
    endloop
  endfacet
  facet normal  1.305288e-001 -9.914445e-001  0.000000e+000
    outer loop
      vertex -1.633548e+001 -2.345924e+001  1.200000e+001
      vertex -1.575498e+001 -2.338281e+001  2.000000e+000
      vertex -1.575498e+001 -2.338281e+001  1.200000e+001
    endloop
  endfacet
  facet normal -1.305288e-001 -9.914445e-001  -0.000000e+000
    outer loop
      vertex -1.575498e+001 -2.338281e+001  1.200000e+001
      vertex -1.575498e+001 -2.338281e+001  2.000000e+000
      vertex -1.517448e+001 -2.345924e+001  2.000000e+000
    endloop
  endfacet
  facet normal -1.305288e-001 -9.914445e-001  0.000000e+000
    outer loop
      vertex -1.575498e+001 -2.338281e+001  1.200000e+001
      vertex -1.517448e+001 -2.345924e+001  2.000000e+000
      vertex -1.517448e+001 -2.345924e+001  1.200000e+001
    endloop
  endfacet
  facet normal -3.826810e-001 -9.238805e-001  -0.000000e+000
    outer loop
      vertex -1.517448e+001 -2.345924e+001  1.200000e+001
      vertex -1.517448e+001 -2.345924e+001  2.000000e+000
      vertex -1.463354e+001 -2.368330e+001  2.000000e+000
    endloop
  endfacet
  facet normal -3.826810e-001 -9.238805e-001  0.000000e+000
    outer loop
      vertex -1.517448e+001 -2.345924e+001  1.200000e+001
      vertex -1.463354e+001 -2.368330e+001  2.000000e+000
      vertex -1.463354e+001 -2.368330e+001  1.200000e+001
    endloop
  endfacet
  facet normal -6.087621e-001 -7.933528e-001  -0.000000e+000
    outer loop
      vertex -1.463354e+001 -2.368330e+001  1.200000e+001
      vertex -1.463354e+001 -2.368330e+001  2.000000e+000
      vertex -1.416903e+001 -2.403973e+001  2.000000e+000
    endloop
  endfacet
  facet normal -6.087621e-001 -7.933528e-001  0.000000e+000
    outer loop
      vertex -1.463354e+001 -2.368330e+001  1.200000e+001
      vertex -1.416903e+001 -2.403973e+001  2.000000e+000
      vertex -1.416903e+001 -2.403973e+001  1.200000e+001
    endloop
  endfacet
  facet normal -7.933535e-001 -6.087614e-001  -0.000000e+000
    outer loop
      vertex -1.416903e+001 -2.403973e+001  1.200000e+001
      vertex -1.416903e+001 -2.403973e+001  2.000000e+000
      vertex -1.381260e+001 -2.450425e+001  2.000000e+000
    endloop
  endfacet
  facet normal -7.933535e-001 -6.087614e-001  0.000000e+000
    outer loop
      vertex -1.416903e+001 -2.403973e+001  1.200000e+001
      vertex -1.381260e+001 -2.450425e+001  2.000000e+000
      vertex -1.381260e+001 -2.450425e+001  1.200000e+001
    endloop
  endfacet
  facet normal -9.238794e-001 -3.826838e-001  -0.000000e+000
    outer loop
      vertex -1.381260e+001 -2.450425e+001  1.200000e+001
      vertex -1.381260e+001 -2.450425e+001  2.000000e+000
      vertex -1.358853e+001 -2.504519e+001  2.000000e+000
    endloop
  endfacet
  facet normal -9.238794e-001 -3.826838e-001  0.000000e+000
    outer loop
      vertex -1.381260e+001 -2.450425e+001  1.200000e+001
      vertex -1.358853e+001 -2.504519e+001  2.000000e+000
      vertex -1.358853e+001 -2.504519e+001  1.200000e+001
    endloop
  endfacet
  facet normal -9.914450e-001 -1.305256e-001  -0.000000e+000
    outer loop
      vertex -1.358853e+001 -2.504519e+001  1.200000e+001
      vertex -1.358853e+001 -2.504519e+001  2.000000e+000
      vertex -1.351211e+001 -2.562568e+001  2.000000e+000
    endloop
  endfacet
  facet normal -9.914450e-001 -1.305256e-001  0.000000e+000
    outer loop
      vertex -1.358853e+001 -2.504519e+001  1.200000e+001
      vertex -1.351211e+001 -2.562568e+001  2.000000e+000
      vertex -1.351211e+001 -2.562568e+001  1.200000e+001
    endloop
  endfacet
  facet normal -1.305256e-001  9.914450e-001  0.000000e+000
    outer loop
      vertex -1.575498e+001 -3.480428e+001  2.000000e+000
      vertex -1.517448e+001 -3.472785e+001  1.200000e+001
      vertex -1.517448e+001 -3.472785e+001  2.000000e+000
    endloop
  endfacet
  facet normal -3.826838e-001  9.238794e-001  0.000000e+000
    outer loop
      vertex -1.517448e+001 -3.472785e+001  2.000000e+000
      vertex -1.517448e+001 -3.472785e+001  1.200000e+001
      vertex -1.463354e+001 -3.450379e+001  1.200000e+001
    endloop
  endfacet
  facet normal -3.826838e-001  9.238794e-001  0.000000e+000
    outer loop
      vertex -1.517448e+001 -3.472785e+001  2.000000e+000
      vertex -1.463354e+001 -3.450379e+001  1.200000e+001
      vertex -1.463354e+001 -3.450379e+001  2.000000e+000
    endloop
  endfacet
  facet normal -6.087621e-001  7.933528e-001  0.000000e+000
    outer loop
      vertex -1.463354e+001 -3.450379e+001  2.000000e+000
      vertex -1.463354e+001 -3.450379e+001  1.200000e+001
      vertex -1.416903e+001 -3.414735e+001  1.200000e+001
    endloop
  endfacet
  facet normal -6.087621e-001  7.933528e-001  0.000000e+000
    outer loop
      vertex -1.463354e+001 -3.450379e+001  2.000000e+000
      vertex -1.416903e+001 -3.414735e+001  1.200000e+001
      vertex -1.416903e+001 -3.414735e+001  2.000000e+000
    endloop
  endfacet
  facet normal -7.933546e-001  6.087598e-001  0.000000e+000
    outer loop
      vertex -1.416903e+001 -3.414735e+001  2.000000e+000
      vertex -1.416903e+001 -3.414735e+001  1.200000e+001
      vertex -1.381260e+001 -3.368284e+001  1.200000e+001
    endloop
  endfacet
  facet normal -7.933546e-001  6.087598e-001  0.000000e+000
    outer loop
      vertex -1.416903e+001 -3.414735e+001  2.000000e+000
      vertex -1.381260e+001 -3.368284e+001  1.200000e+001
      vertex -1.381260e+001 -3.368284e+001  2.000000e+000
    endloop
  endfacet
  facet normal -9.238789e-001  3.826850e-001  0.000000e+000
    outer loop
      vertex -1.381260e+001 -3.368284e+001  2.000000e+000
      vertex -1.381260e+001 -3.368284e+001  1.200000e+001
      vertex -1.358853e+001 -3.314190e+001  1.200000e+001
    endloop
  endfacet
  facet normal -9.238789e-001  3.826850e-001  0.000000e+000
    outer loop
      vertex -1.381260e+001 -3.368284e+001  2.000000e+000
      vertex -1.358853e+001 -3.314190e+001  1.200000e+001
      vertex -1.358853e+001 -3.314190e+001  2.000000e+000
    endloop
  endfacet
  facet normal -9.914450e-001  1.305256e-001  0.000000e+000
    outer loop
      vertex -1.358853e+001 -3.314190e+001  2.000000e+000
      vertex -1.358853e+001 -3.314190e+001  1.200000e+001
      vertex -1.351211e+001 -3.256141e+001  1.200000e+001
    endloop
  endfacet
  facet normal -9.914450e-001  1.305256e-001  0.000000e+000
    outer loop
      vertex -1.358853e+001 -3.314190e+001  2.000000e+000
      vertex -1.351211e+001 -3.256141e+001  1.200000e+001
      vertex -1.351211e+001 -3.256141e+001  2.000000e+000
    endloop
  endfacet
  facet normal -1.305256e-001  9.914450e-001  0.000000e+000
    outer loop
      vertex -1.517448e+001 -3.472785e+001  1.200000e+001
      vertex -1.575498e+001 -3.480428e+001  2.000000e+000
      vertex -1.575498e+001 -3.480428e+001  1.200000e+001
    endloop
  endfacet
  facet normal  1.305256e-001  9.914450e-001  0.000000e+000
    outer loop
      vertex -1.575498e+001 -3.480428e+001  1.200000e+001
      vertex -1.575498e+001 -3.480428e+001  2.000000e+000
      vertex -1.633548e+001 -3.472785e+001  2.000000e+000
    endloop
  endfacet
  facet normal  1.305256e-001  9.914450e-001  -0.000000e+000
    outer loop
      vertex -1.575498e+001 -3.480428e+001  1.200000e+001
      vertex -1.633548e+001 -3.472785e+001  2.000000e+000
      vertex -1.633548e+001 -3.472785e+001  1.200000e+001
    endloop
  endfacet
  facet normal  3.826838e-001  9.238794e-001  0.000000e+000
    outer loop
      vertex -1.633548e+001 -3.472785e+001  1.200000e+001
      vertex -1.633548e+001 -3.472785e+001  2.000000e+000
      vertex -1.687641e+001 -3.450379e+001  2.000000e+000
    endloop
  endfacet
  facet normal  3.826838e-001  9.238794e-001  -0.000000e+000
    outer loop
      vertex -1.633548e+001 -3.472785e+001  1.200000e+001
      vertex -1.687641e+001 -3.450379e+001  2.000000e+000
      vertex -1.687641e+001 -3.450379e+001  1.200000e+001
    endloop
  endfacet
  facet normal  6.087614e-001  7.933535e-001  0.000000e+000
    outer loop
      vertex -1.687641e+001 -3.450379e+001  1.200000e+001
      vertex -1.687641e+001 -3.450379e+001  2.000000e+000
      vertex -1.734093e+001 -3.414735e+001  2.000000e+000
    endloop
  endfacet
  facet normal  6.087614e-001  7.933535e-001  -0.000000e+000
    outer loop
      vertex -1.687641e+001 -3.450379e+001  1.200000e+001
      vertex -1.734093e+001 -3.414735e+001  2.000000e+000
      vertex -1.734093e+001 -3.414735e+001  1.200000e+001
    endloop
  endfacet
  facet normal  7.933546e-001  6.087598e-001  0.000000e+000
    outer loop
      vertex -1.734093e+001 -3.414735e+001  1.200000e+001
      vertex -1.734093e+001 -3.414735e+001  2.000000e+000
      vertex -1.769736e+001 -3.368284e+001  2.000000e+000
    endloop
  endfacet
  facet normal  7.933546e-001  6.087598e-001  -0.000000e+000
    outer loop
      vertex -1.734093e+001 -3.414735e+001  1.200000e+001
      vertex -1.769736e+001 -3.368284e+001  2.000000e+000
      vertex -1.769736e+001 -3.368284e+001  1.200000e+001
    endloop
  endfacet
  facet normal  9.238800e-001  3.826822e-001  0.000000e+000
    outer loop
      vertex -1.769736e+001 -3.368284e+001  1.200000e+001
      vertex -1.769736e+001 -3.368284e+001  2.000000e+000
      vertex -1.792142e+001 -3.314190e+001  2.000000e+000
    endloop
  endfacet
  facet normal  9.238800e-001  3.826822e-001  -0.000000e+000
    outer loop
      vertex -1.769736e+001 -3.368284e+001  1.200000e+001
      vertex -1.792142e+001 -3.314190e+001  2.000000e+000
      vertex -1.792142e+001 -3.314190e+001  1.200000e+001
    endloop
  endfacet
  facet normal  9.914445e-001  1.305288e-001  0.000000e+000
    outer loop
      vertex -1.792142e+001 -3.314190e+001  1.200000e+001
      vertex -1.792142e+001 -3.314190e+001  2.000000e+000
      vertex -1.799785e+001 -3.256141e+001  2.000000e+000
    endloop
  endfacet
  facet normal  9.914445e-001  1.305288e-001  -0.000000e+000
    outer loop
      vertex -1.792142e+001 -3.314190e+001  1.200000e+001
      vertex -1.799785e+001 -3.256141e+001  2.000000e+000
      vertex -1.799785e+001 -3.256141e+001  1.200000e+001
    endloop
  endfacet
  facet normal  1.305288e-001 -9.914445e-001  0.000000e+000
    outer loop
      vertex -1.575498e+001 -3.031853e+001  2.000000e+000
      vertex -1.633548e+001 -3.039496e+001  1.200000e+001
      vertex -1.633548e+001 -3.039496e+001  2.000000e+000
    endloop
  endfacet
  facet normal  3.826810e-001 -9.238805e-001  0.000000e+000
    outer loop
      vertex -1.633548e+001 -3.039496e+001  2.000000e+000
      vertex -1.633548e+001 -3.039496e+001  1.200000e+001
      vertex -1.687641e+001 -3.061902e+001  1.200000e+001
    endloop
  endfacet
  facet normal  3.826810e-001 -9.238805e-001  0.000000e+000
    outer loop
      vertex -1.633548e+001 -3.039496e+001  2.000000e+000
      vertex -1.687641e+001 -3.061902e+001  1.200000e+001
      vertex -1.687641e+001 -3.061902e+001  2.000000e+000
    endloop
  endfacet
  facet normal  6.087614e-001 -7.933535e-001  0.000000e+000
    outer loop
      vertex -1.687641e+001 -3.061902e+001  2.000000e+000
      vertex -1.687641e+001 -3.061902e+001  1.200000e+001
      vertex -1.734093e+001 -3.097546e+001  1.200000e+001
    endloop
  endfacet
  facet normal  6.087614e-001 -7.933535e-001  0.000000e+000
    outer loop
      vertex -1.687641e+001 -3.061902e+001  2.000000e+000
      vertex -1.734093e+001 -3.097546e+001  1.200000e+001
      vertex -1.734093e+001 -3.097546e+001  2.000000e+000
    endloop
  endfacet
  facet normal  7.933535e-001 -6.087614e-001  0.000000e+000
    outer loop
      vertex -1.734093e+001 -3.097546e+001  2.000000e+000
      vertex -1.734093e+001 -3.097546e+001  1.200000e+001
      vertex -1.769736e+001 -3.143997e+001  1.200000e+001
    endloop
  endfacet
  facet normal  7.933535e-001 -6.087614e-001  0.000000e+000
    outer loop
      vertex -1.734093e+001 -3.097546e+001  2.000000e+000
      vertex -1.769736e+001 -3.143997e+001  1.200000e+001
      vertex -1.769736e+001 -3.143997e+001  2.000000e+000
    endloop
  endfacet
  facet normal  9.238805e-001 -3.826810e-001  0.000000e+000
    outer loop
      vertex -1.769736e+001 -3.143997e+001  2.000000e+000
      vertex -1.769736e+001 -3.143997e+001  1.200000e+001
      vertex -1.792142e+001 -3.198091e+001  1.200000e+001
    endloop
  endfacet
  facet normal  9.238805e-001 -3.826810e-001  0.000000e+000
    outer loop
      vertex -1.769736e+001 -3.143997e+001  2.000000e+000
      vertex -1.792142e+001 -3.198091e+001  1.200000e+001
      vertex -1.792142e+001 -3.198091e+001  2.000000e+000
    endloop
  endfacet
  facet normal  9.914445e-001 -1.305288e-001  0.000000e+000
    outer loop
      vertex -1.792142e+001 -3.198091e+001  2.000000e+000
      vertex -1.792142e+001 -3.198091e+001  1.200000e+001
      vertex -1.799785e+001 -3.256141e+001  1.200000e+001
    endloop
  endfacet
  facet normal  9.914445e-001 -1.305288e-001  0.000000e+000
    outer loop
      vertex -1.792142e+001 -3.198091e+001  2.000000e+000
      vertex -1.799785e+001 -3.256141e+001  1.200000e+001
      vertex -1.799785e+001 -3.256141e+001  2.000000e+000
    endloop
  endfacet
  facet normal  1.305288e-001 -9.914445e-001  0.000000e+000
    outer loop
      vertex -1.633548e+001 -3.039496e+001  1.200000e+001
      vertex -1.575498e+001 -3.031853e+001  2.000000e+000
      vertex -1.575498e+001 -3.031853e+001  1.200000e+001
    endloop
  endfacet
  facet normal -1.305288e-001 -9.914445e-001  -0.000000e+000
    outer loop
      vertex -1.575498e+001 -3.031853e+001  1.200000e+001
      vertex -1.575498e+001 -3.031853e+001  2.000000e+000
      vertex -1.517448e+001 -3.039496e+001  2.000000e+000
    endloop
  endfacet
  facet normal -1.305288e-001 -9.914445e-001  0.000000e+000
    outer loop
      vertex -1.575498e+001 -3.031853e+001  1.200000e+001
      vertex -1.517448e+001 -3.039496e+001  2.000000e+000
      vertex -1.517448e+001 -3.039496e+001  1.200000e+001
    endloop
  endfacet
  facet normal -3.826810e-001 -9.238805e-001  -0.000000e+000
    outer loop
      vertex -1.517448e+001 -3.039496e+001  1.200000e+001
      vertex -1.517448e+001 -3.039496e+001  2.000000e+000
      vertex -1.463354e+001 -3.061902e+001  2.000000e+000
    endloop
  endfacet
  facet normal -3.826810e-001 -9.238805e-001  0.000000e+000
    outer loop
      vertex -1.517448e+001 -3.039496e+001  1.200000e+001
      vertex -1.463354e+001 -3.061902e+001  2.000000e+000
      vertex -1.463354e+001 -3.061902e+001  1.200000e+001
    endloop
  endfacet
  facet normal -6.087621e-001 -7.933528e-001  -0.000000e+000
    outer loop
      vertex -1.463354e+001 -3.061902e+001  1.200000e+001
      vertex -1.463354e+001 -3.061902e+001  2.000000e+000
      vertex -1.416903e+001 -3.097546e+001  2.000000e+000
    endloop
  endfacet
  facet normal -6.087621e-001 -7.933528e-001  0.000000e+000
    outer loop
      vertex -1.463354e+001 -3.061902e+001  1.200000e+001
      vertex -1.416903e+001 -3.097546e+001  2.000000e+000
      vertex -1.416903e+001 -3.097546e+001  1.200000e+001
    endloop
  endfacet
  facet normal -7.933535e-001 -6.087614e-001  -0.000000e+000
    outer loop
      vertex -1.416903e+001 -3.097546e+001  1.200000e+001
      vertex -1.416903e+001 -3.097546e+001  2.000000e+000
      vertex -1.381260e+001 -3.143997e+001  2.000000e+000
    endloop
  endfacet
  facet normal -7.933535e-001 -6.087614e-001  0.000000e+000
    outer loop
      vertex -1.416903e+001 -3.097546e+001  1.200000e+001
      vertex -1.381260e+001 -3.143997e+001  2.000000e+000
      vertex -1.381260e+001 -3.143997e+001  1.200000e+001
    endloop
  endfacet
  facet normal -9.238794e-001 -3.826838e-001  -0.000000e+000
    outer loop
      vertex -1.381260e+001 -3.143997e+001  1.200000e+001
      vertex -1.381260e+001 -3.143997e+001  2.000000e+000
      vertex -1.358853e+001 -3.198091e+001  2.000000e+000
    endloop
  endfacet
  facet normal -9.238794e-001 -3.826838e-001  0.000000e+000
    outer loop
      vertex -1.381260e+001 -3.143997e+001  1.200000e+001
      vertex -1.358853e+001 -3.198091e+001  2.000000e+000
      vertex -1.358853e+001 -3.198091e+001  1.200000e+001
    endloop
  endfacet
  facet normal -9.914450e-001 -1.305256e-001  -0.000000e+000
    outer loop
      vertex -1.358853e+001 -3.198091e+001  1.200000e+001
      vertex -1.358853e+001 -3.198091e+001  2.000000e+000
      vertex -1.351211e+001 -3.256141e+001  2.000000e+000
    endloop
  endfacet
  facet normal -9.914450e-001 -1.305256e-001  0.000000e+000
    outer loop
      vertex -1.358853e+001 -3.198091e+001  1.200000e+001
      vertex -1.351211e+001 -3.256141e+001  2.000000e+000
      vertex -1.351211e+001 -3.256141e+001  1.200000e+001
    endloop
  endfacet
  facet normal -1.305288e-001  9.914445e-001  0.000000e+000
    outer loop
      vertex -2.368304e+001 -2.786855e+001  2.000000e+000
      vertex -2.310255e+001 -2.779213e+001  1.200000e+001
      vertex -2.310255e+001 -2.779213e+001  2.000000e+000
    endloop
  endfacet
  facet normal -3.826810e-001  9.238805e-001  0.000000e+000
    outer loop
      vertex -2.310255e+001 -2.779213e+001  2.000000e+000
      vertex -2.310255e+001 -2.779213e+001  1.200000e+001
      vertex -2.256161e+001 -2.756807e+001  1.200000e+001
    endloop
  endfacet
  facet normal -3.826810e-001  9.238805e-001  0.000000e+000
    outer loop
      vertex -2.310255e+001 -2.779213e+001  2.000000e+000
      vertex -2.256161e+001 -2.756807e+001  1.200000e+001
      vertex -2.256161e+001 -2.756807e+001  2.000000e+000
    endloop
  endfacet
  facet normal -6.087614e-001  7.933535e-001  0.000000e+000
    outer loop
      vertex -2.256161e+001 -2.756807e+001  2.000000e+000
      vertex -2.256161e+001 -2.756807e+001  1.200000e+001
      vertex -2.209710e+001 -2.721163e+001  1.200000e+001
    endloop
  endfacet
  facet normal -6.087614e-001  7.933535e-001  0.000000e+000
    outer loop
      vertex -2.256161e+001 -2.756807e+001  2.000000e+000
      vertex -2.209710e+001 -2.721163e+001  1.200000e+001
      vertex -2.209710e+001 -2.721163e+001  2.000000e+000
    endloop
  endfacet
  facet normal -7.933535e-001  6.087614e-001  0.000000e+000
    outer loop
      vertex -2.209710e+001 -2.721163e+001  2.000000e+000
      vertex -2.209710e+001 -2.721163e+001  1.200000e+001
      vertex -2.174066e+001 -2.674712e+001  1.200000e+001
    endloop
  endfacet
  facet normal -7.933535e-001  6.087614e-001  0.000000e+000
    outer loop
      vertex -2.209710e+001 -2.721163e+001  2.000000e+000
      vertex -2.174066e+001 -2.674712e+001  1.200000e+001
      vertex -2.174066e+001 -2.674712e+001  2.000000e+000
    endloop
  endfacet
  facet normal -9.238805e-001  3.826810e-001  0.000000e+000
    outer loop
      vertex -2.174066e+001 -2.674712e+001  2.000000e+000
      vertex -2.174066e+001 -2.674712e+001  1.200000e+001
      vertex -2.151660e+001 -2.620618e+001  1.200000e+001
    endloop
  endfacet
  facet normal -9.238805e-001  3.826810e-001  0.000000e+000
    outer loop
      vertex -2.174066e+001 -2.674712e+001  2.000000e+000
      vertex -2.151660e+001 -2.620618e+001  1.200000e+001
      vertex -2.151660e+001 -2.620618e+001  2.000000e+000
    endloop
  endfacet
  facet normal -9.914445e-001  1.305288e-001  0.000000e+000
    outer loop
      vertex -2.151660e+001 -2.620618e+001  2.000000e+000
      vertex -2.151660e+001 -2.620618e+001  1.200000e+001
      vertex -2.144017e+001 -2.562568e+001  1.200000e+001
    endloop
  endfacet
  facet normal -9.914445e-001  1.305288e-001  0.000000e+000
    outer loop
      vertex -2.151660e+001 -2.620618e+001  2.000000e+000
      vertex -2.144017e+001 -2.562568e+001  1.200000e+001
      vertex -2.144017e+001 -2.562568e+001  2.000000e+000
    endloop
  endfacet
  facet normal -1.305288e-001  9.914445e-001  0.000000e+000
    outer loop
      vertex -2.310255e+001 -2.779213e+001  1.200000e+001
      vertex -2.368304e+001 -2.786855e+001  2.000000e+000
      vertex -2.368304e+001 -2.786855e+001  1.200000e+001
    endloop
  endfacet
  facet normal  1.305288e-001  9.914445e-001  0.000000e+000
    outer loop
      vertex -2.368304e+001 -2.786855e+001  1.200000e+001
      vertex -2.368304e+001 -2.786855e+001  2.000000e+000
      vertex -2.426354e+001 -2.779213e+001  2.000000e+000
    endloop
  endfacet
  facet normal  1.305288e-001  9.914445e-001  -0.000000e+000
    outer loop
      vertex -2.368304e+001 -2.786855e+001  1.200000e+001
      vertex -2.426354e+001 -2.779213e+001  2.000000e+000
      vertex -2.426354e+001 -2.779213e+001  1.200000e+001
    endloop
  endfacet
  facet normal  3.826810e-001  9.238805e-001  0.000000e+000
    outer loop
      vertex -2.426354e+001 -2.779213e+001  1.200000e+001
      vertex -2.426354e+001 -2.779213e+001  2.000000e+000
      vertex -2.480448e+001 -2.756807e+001  2.000000e+000
    endloop
  endfacet
  facet normal  3.826810e-001  9.238805e-001  -0.000000e+000
    outer loop
      vertex -2.426354e+001 -2.779213e+001  1.200000e+001
      vertex -2.480448e+001 -2.756807e+001  2.000000e+000
      vertex -2.480448e+001 -2.756807e+001  1.200000e+001
    endloop
  endfacet
  facet normal  6.087614e-001  7.933535e-001  0.000000e+000
    outer loop
      vertex -2.480448e+001 -2.756807e+001  1.200000e+001
      vertex -2.480448e+001 -2.756807e+001  2.000000e+000
      vertex -2.526899e+001 -2.721163e+001  2.000000e+000
    endloop
  endfacet
  facet normal  6.087614e-001  7.933535e-001  -0.000000e+000
    outer loop
      vertex -2.480448e+001 -2.756807e+001  1.200000e+001
      vertex -2.526899e+001 -2.721163e+001  2.000000e+000
      vertex -2.526899e+001 -2.721163e+001  1.200000e+001
    endloop
  endfacet
  facet normal  7.933535e-001  6.087614e-001  0.000000e+000
    outer loop
      vertex -2.526899e+001 -2.721163e+001  1.200000e+001
      vertex -2.526899e+001 -2.721163e+001  2.000000e+000
      vertex -2.562543e+001 -2.674712e+001  2.000000e+000
    endloop
  endfacet
  facet normal  7.933535e-001  6.087614e-001  -0.000000e+000
    outer loop
      vertex -2.526899e+001 -2.721163e+001  1.200000e+001
      vertex -2.562543e+001 -2.674712e+001  2.000000e+000
      vertex -2.562543e+001 -2.674712e+001  1.200000e+001
    endloop
  endfacet
  facet normal  9.238805e-001  3.826810e-001  0.000000e+000
    outer loop
      vertex -2.562543e+001 -2.674712e+001  1.200000e+001
      vertex -2.562543e+001 -2.674712e+001  2.000000e+000
      vertex -2.584949e+001 -2.620618e+001  2.000000e+000
    endloop
  endfacet
  facet normal  9.238805e-001  3.826810e-001  -0.000000e+000
    outer loop
      vertex -2.562543e+001 -2.674712e+001  1.200000e+001
      vertex -2.584949e+001 -2.620618e+001  2.000000e+000
      vertex -2.584949e+001 -2.620618e+001  1.200000e+001
    endloop
  endfacet
  facet normal  9.914445e-001  1.305288e-001  0.000000e+000
    outer loop
      vertex -2.584949e+001 -2.620618e+001  1.200000e+001
      vertex -2.584949e+001 -2.620618e+001  2.000000e+000
      vertex -2.592591e+001 -2.562568e+001  2.000000e+000
    endloop
  endfacet
  facet normal  9.914445e-001  1.305288e-001  -0.000000e+000
    outer loop
      vertex -2.584949e+001 -2.620618e+001  1.200000e+001
      vertex -2.592591e+001 -2.562568e+001  2.000000e+000
      vertex -2.592591e+001 -2.562568e+001  1.200000e+001
    endloop
  endfacet
  facet normal  1.305288e-001 -9.914445e-001  0.000000e+000
    outer loop
      vertex -2.368304e+001 -2.338281e+001  2.000000e+000
      vertex -2.426354e+001 -2.345924e+001  1.200000e+001
      vertex -2.426354e+001 -2.345924e+001  2.000000e+000
    endloop
  endfacet
  facet normal  3.826810e-001 -9.238805e-001  0.000000e+000
    outer loop
      vertex -2.426354e+001 -2.345924e+001  2.000000e+000
      vertex -2.426354e+001 -2.345924e+001  1.200000e+001
      vertex -2.480448e+001 -2.368330e+001  1.200000e+001
    endloop
  endfacet
  facet normal  3.826810e-001 -9.238805e-001  0.000000e+000
    outer loop
      vertex -2.426354e+001 -2.345924e+001  2.000000e+000
      vertex -2.480448e+001 -2.368330e+001  1.200000e+001
      vertex -2.480448e+001 -2.368330e+001  2.000000e+000
    endloop
  endfacet
  facet normal  6.087614e-001 -7.933535e-001  0.000000e+000
    outer loop
      vertex -2.480448e+001 -2.368330e+001  2.000000e+000
      vertex -2.480448e+001 -2.368330e+001  1.200000e+001
      vertex -2.526899e+001 -2.403973e+001  1.200000e+001
    endloop
  endfacet
  facet normal  6.087614e-001 -7.933535e-001  0.000000e+000
    outer loop
      vertex -2.480448e+001 -2.368330e+001  2.000000e+000
      vertex -2.526899e+001 -2.403973e+001  1.200000e+001
      vertex -2.526899e+001 -2.403973e+001  2.000000e+000
    endloop
  endfacet
  facet normal  7.933535e-001 -6.087614e-001  0.000000e+000
    outer loop
      vertex -2.526899e+001 -2.403973e+001  2.000000e+000
      vertex -2.526899e+001 -2.403973e+001  1.200000e+001
      vertex -2.562543e+001 -2.450425e+001  1.200000e+001
    endloop
  endfacet
  facet normal  7.933535e-001 -6.087614e-001  0.000000e+000
    outer loop
      vertex -2.526899e+001 -2.403973e+001  2.000000e+000
      vertex -2.562543e+001 -2.450425e+001  1.200000e+001
      vertex -2.562543e+001 -2.450425e+001  2.000000e+000
    endloop
  endfacet
  facet normal  9.238805e-001 -3.826810e-001  0.000000e+000
    outer loop
      vertex -2.562543e+001 -2.450425e+001  2.000000e+000
      vertex -2.562543e+001 -2.450425e+001  1.200000e+001
      vertex -2.584949e+001 -2.504519e+001  1.200000e+001
    endloop
  endfacet
  facet normal  9.238805e-001 -3.826810e-001  0.000000e+000
    outer loop
      vertex -2.562543e+001 -2.450425e+001  2.000000e+000
      vertex -2.584949e+001 -2.504519e+001  1.200000e+001
      vertex -2.584949e+001 -2.504519e+001  2.000000e+000
    endloop
  endfacet
  facet normal  9.914445e-001 -1.305288e-001  0.000000e+000
    outer loop
      vertex -2.584949e+001 -2.504519e+001  2.000000e+000
      vertex -2.584949e+001 -2.504519e+001  1.200000e+001
      vertex -2.592591e+001 -2.562568e+001  1.200000e+001
    endloop
  endfacet
  facet normal  9.914445e-001 -1.305288e-001  0.000000e+000
    outer loop
      vertex -2.584949e+001 -2.504519e+001  2.000000e+000
      vertex -2.592591e+001 -2.562568e+001  1.200000e+001
      vertex -2.592591e+001 -2.562568e+001  2.000000e+000
    endloop
  endfacet
  facet normal  1.305288e-001 -9.914445e-001  0.000000e+000
    outer loop
      vertex -2.426354e+001 -2.345924e+001  1.200000e+001
      vertex -2.368304e+001 -2.338281e+001  2.000000e+000
      vertex -2.368304e+001 -2.338281e+001  1.200000e+001
    endloop
  endfacet
  facet normal -1.305288e-001 -9.914445e-001  -0.000000e+000
    outer loop
      vertex -2.368304e+001 -2.338281e+001  1.200000e+001
      vertex -2.368304e+001 -2.338281e+001  2.000000e+000
      vertex -2.310255e+001 -2.345924e+001  2.000000e+000
    endloop
  endfacet
  facet normal -1.305288e-001 -9.914445e-001  0.000000e+000
    outer loop
      vertex -2.368304e+001 -2.338281e+001  1.200000e+001
      vertex -2.310255e+001 -2.345924e+001  2.000000e+000
      vertex -2.310255e+001 -2.345924e+001  1.200000e+001
    endloop
  endfacet
  facet normal -3.826810e-001 -9.238805e-001  -0.000000e+000
    outer loop
      vertex -2.310255e+001 -2.345924e+001  1.200000e+001
      vertex -2.310255e+001 -2.345924e+001  2.000000e+000
      vertex -2.256161e+001 -2.368330e+001  2.000000e+000
    endloop
  endfacet
  facet normal -3.826810e-001 -9.238805e-001  0.000000e+000
    outer loop
      vertex -2.310255e+001 -2.345924e+001  1.200000e+001
      vertex -2.256161e+001 -2.368330e+001  2.000000e+000
      vertex -2.256161e+001 -2.368330e+001  1.200000e+001
    endloop
  endfacet
  facet normal -6.087614e-001 -7.933535e-001  -0.000000e+000
    outer loop
      vertex -2.256161e+001 -2.368330e+001  1.200000e+001
      vertex -2.256161e+001 -2.368330e+001  2.000000e+000
      vertex -2.209710e+001 -2.403973e+001  2.000000e+000
    endloop
  endfacet
  facet normal -6.087614e-001 -7.933535e-001  0.000000e+000
    outer loop
      vertex -2.256161e+001 -2.368330e+001  1.200000e+001
      vertex -2.209710e+001 -2.403973e+001  2.000000e+000
      vertex -2.209710e+001 -2.403973e+001  1.200000e+001
    endloop
  endfacet
  facet normal -7.933535e-001 -6.087614e-001  -0.000000e+000
    outer loop
      vertex -2.209710e+001 -2.403973e+001  1.200000e+001
      vertex -2.209710e+001 -2.403973e+001  2.000000e+000
      vertex -2.174066e+001 -2.450425e+001  2.000000e+000
    endloop
  endfacet
  facet normal -7.933535e-001 -6.087614e-001  0.000000e+000
    outer loop
      vertex -2.209710e+001 -2.403973e+001  1.200000e+001
      vertex -2.174066e+001 -2.450425e+001  2.000000e+000
      vertex -2.174066e+001 -2.450425e+001  1.200000e+001
    endloop
  endfacet
  facet normal -9.238805e-001 -3.826810e-001  -0.000000e+000
    outer loop
      vertex -2.174066e+001 -2.450425e+001  1.200000e+001
      vertex -2.174066e+001 -2.450425e+001  2.000000e+000
      vertex -2.151660e+001 -2.504519e+001  2.000000e+000
    endloop
  endfacet
  facet normal -9.238805e-001 -3.826810e-001  0.000000e+000
    outer loop
      vertex -2.174066e+001 -2.450425e+001  1.200000e+001
      vertex -2.151660e+001 -2.504519e+001  2.000000e+000
      vertex -2.151660e+001 -2.504519e+001  1.200000e+001
    endloop
  endfacet
  facet normal -9.914445e-001 -1.305288e-001  -0.000000e+000
    outer loop
      vertex -2.151660e+001 -2.504519e+001  1.200000e+001
      vertex -2.151660e+001 -2.504519e+001  2.000000e+000
      vertex -2.144017e+001 -2.562568e+001  2.000000e+000
    endloop
  endfacet
  facet normal -9.914445e-001 -1.305288e-001  0.000000e+000
    outer loop
      vertex -2.151660e+001 -2.504519e+001  1.200000e+001
      vertex -2.144017e+001 -2.562568e+001  2.000000e+000
      vertex -2.144017e+001 -2.562568e+001  1.200000e+001
    endloop
  endfacet
  facet normal -1.305256e-001  9.914450e-001  0.000000e+000
    outer loop
      vertex -2.368304e+001 -3.480428e+001  2.000000e+000
      vertex -2.310255e+001 -3.472785e+001  1.200000e+001
      vertex -2.310255e+001 -3.472785e+001  2.000000e+000
    endloop
  endfacet
  facet normal -3.826838e-001  9.238794e-001  0.000000e+000
    outer loop
      vertex -2.310255e+001 -3.472785e+001  2.000000e+000
      vertex -2.310255e+001 -3.472785e+001  1.200000e+001
      vertex -2.256161e+001 -3.450379e+001  1.200000e+001
    endloop
  endfacet
  facet normal -3.826838e-001  9.238794e-001  0.000000e+000
    outer loop
      vertex -2.310255e+001 -3.472785e+001  2.000000e+000
      vertex -2.256161e+001 -3.450379e+001  1.200000e+001
      vertex -2.256161e+001 -3.450379e+001  2.000000e+000
    endloop
  endfacet
  facet normal -6.087614e-001  7.933535e-001  0.000000e+000
    outer loop
      vertex -2.256161e+001 -3.450379e+001  2.000000e+000
      vertex -2.256161e+001 -3.450379e+001  1.200000e+001
      vertex -2.209710e+001 -3.414735e+001  1.200000e+001
    endloop
  endfacet
  facet normal -6.087614e-001  7.933535e-001  0.000000e+000
    outer loop
      vertex -2.256161e+001 -3.450379e+001  2.000000e+000
      vertex -2.209710e+001 -3.414735e+001  1.200000e+001
      vertex -2.209710e+001 -3.414735e+001  2.000000e+000
    endloop
  endfacet
  facet normal -7.933546e-001  6.087598e-001  0.000000e+000
    outer loop
      vertex -2.209710e+001 -3.414735e+001  2.000000e+000
      vertex -2.209710e+001 -3.414735e+001  1.200000e+001
      vertex -2.174066e+001 -3.368284e+001  1.200000e+001
    endloop
  endfacet
  facet normal -7.933546e-001  6.087598e-001  0.000000e+000
    outer loop
      vertex -2.209710e+001 -3.414735e+001  2.000000e+000
      vertex -2.174066e+001 -3.368284e+001  1.200000e+001
      vertex -2.174066e+001 -3.368284e+001  2.000000e+000
    endloop
  endfacet
  facet normal -9.238800e-001  3.826822e-001  0.000000e+000
    outer loop
      vertex -2.174066e+001 -3.368284e+001  2.000000e+000
      vertex -2.174066e+001 -3.368284e+001  1.200000e+001
      vertex -2.151660e+001 -3.314190e+001  1.200000e+001
    endloop
  endfacet
  facet normal -9.238800e-001  3.826822e-001  0.000000e+000
    outer loop
      vertex -2.174066e+001 -3.368284e+001  2.000000e+000
      vertex -2.151660e+001 -3.314190e+001  1.200000e+001
      vertex -2.151660e+001 -3.314190e+001  2.000000e+000
    endloop
  endfacet
  facet normal -9.914445e-001  1.305288e-001  0.000000e+000
    outer loop
      vertex -2.151660e+001 -3.314190e+001  2.000000e+000
      vertex -2.151660e+001 -3.314190e+001  1.200000e+001
      vertex -2.144017e+001 -3.256141e+001  1.200000e+001
    endloop
  endfacet
  facet normal -9.914445e-001  1.305288e-001  0.000000e+000
    outer loop
      vertex -2.151660e+001 -3.314190e+001  2.000000e+000
      vertex -2.144017e+001 -3.256141e+001  1.200000e+001
      vertex -2.144017e+001 -3.256141e+001  2.000000e+000
    endloop
  endfacet
  facet normal -1.305256e-001  9.914450e-001  0.000000e+000
    outer loop
      vertex -2.310255e+001 -3.472785e+001  1.200000e+001
      vertex -2.368304e+001 -3.480428e+001  2.000000e+000
      vertex -2.368304e+001 -3.480428e+001  1.200000e+001
    endloop
  endfacet
  facet normal  1.305256e-001  9.914450e-001  0.000000e+000
    outer loop
      vertex -2.368304e+001 -3.480428e+001  1.200000e+001
      vertex -2.368304e+001 -3.480428e+001  2.000000e+000
      vertex -2.426354e+001 -3.472785e+001  2.000000e+000
    endloop
  endfacet
  facet normal  1.305256e-001  9.914450e-001  -0.000000e+000
    outer loop
      vertex -2.368304e+001 -3.480428e+001  1.200000e+001
      vertex -2.426354e+001 -3.472785e+001  2.000000e+000
      vertex -2.426354e+001 -3.472785e+001  1.200000e+001
    endloop
  endfacet
  facet normal  3.826838e-001  9.238794e-001  0.000000e+000
    outer loop
      vertex -2.426354e+001 -3.472785e+001  1.200000e+001
      vertex -2.426354e+001 -3.472785e+001  2.000000e+000
      vertex -2.480448e+001 -3.450379e+001  2.000000e+000
    endloop
  endfacet
  facet normal  3.826838e-001  9.238794e-001  -0.000000e+000
    outer loop
      vertex -2.426354e+001 -3.472785e+001  1.200000e+001
      vertex -2.480448e+001 -3.450379e+001  2.000000e+000
      vertex -2.480448e+001 -3.450379e+001  1.200000e+001
    endloop
  endfacet
  facet normal  6.087614e-001  7.933535e-001  0.000000e+000
    outer loop
      vertex -2.480448e+001 -3.450379e+001  1.200000e+001
      vertex -2.480448e+001 -3.450379e+001  2.000000e+000
      vertex -2.526899e+001 -3.414735e+001  2.000000e+000
    endloop
  endfacet
  facet normal  6.087614e-001  7.933535e-001  -0.000000e+000
    outer loop
      vertex -2.480448e+001 -3.450379e+001  1.200000e+001
      vertex -2.526899e+001 -3.414735e+001  2.000000e+000
      vertex -2.526899e+001 -3.414735e+001  1.200000e+001
    endloop
  endfacet
  facet normal  7.933546e-001  6.087598e-001  0.000000e+000
    outer loop
      vertex -2.526899e+001 -3.414735e+001  1.200000e+001
      vertex -2.526899e+001 -3.414735e+001  2.000000e+000
      vertex -2.562543e+001 -3.368284e+001  2.000000e+000
    endloop
  endfacet
  facet normal  7.933546e-001  6.087598e-001  -0.000000e+000
    outer loop
      vertex -2.526899e+001 -3.414735e+001  1.200000e+001
      vertex -2.562543e+001 -3.368284e+001  2.000000e+000
      vertex -2.562543e+001 -3.368284e+001  1.200000e+001
    endloop
  endfacet
  facet normal  9.238800e-001  3.826822e-001  0.000000e+000
    outer loop
      vertex -2.562543e+001 -3.368284e+001  1.200000e+001
      vertex -2.562543e+001 -3.368284e+001  2.000000e+000
      vertex -2.584949e+001 -3.314190e+001  2.000000e+000
    endloop
  endfacet
  facet normal  9.238800e-001  3.826822e-001  -0.000000e+000
    outer loop
      vertex -2.562543e+001 -3.368284e+001  1.200000e+001
      vertex -2.584949e+001 -3.314190e+001  2.000000e+000
      vertex -2.584949e+001 -3.314190e+001  1.200000e+001
    endloop
  endfacet
  facet normal  9.914445e-001  1.305288e-001  0.000000e+000
    outer loop
      vertex -2.584949e+001 -3.314190e+001  1.200000e+001
      vertex -2.584949e+001 -3.314190e+001  2.000000e+000
      vertex -2.592591e+001 -3.256141e+001  2.000000e+000
    endloop
  endfacet
  facet normal  9.914445e-001  1.305288e-001  -0.000000e+000
    outer loop
      vertex -2.584949e+001 -3.314190e+001  1.200000e+001
      vertex -2.592591e+001 -3.256141e+001  2.000000e+000
      vertex -2.592591e+001 -3.256141e+001  1.200000e+001
    endloop
  endfacet
  facet normal  1.305288e-001 -9.914445e-001  0.000000e+000
    outer loop
      vertex -2.368304e+001 -3.031853e+001  2.000000e+000
      vertex -2.426354e+001 -3.039496e+001  1.200000e+001
      vertex -2.426354e+001 -3.039496e+001  2.000000e+000
    endloop
  endfacet
  facet normal  3.826810e-001 -9.238805e-001  0.000000e+000
    outer loop
      vertex -2.426354e+001 -3.039496e+001  2.000000e+000
      vertex -2.426354e+001 -3.039496e+001  1.200000e+001
      vertex -2.480448e+001 -3.061902e+001  1.200000e+001
    endloop
  endfacet
  facet normal  3.826810e-001 -9.238805e-001  0.000000e+000
    outer loop
      vertex -2.426354e+001 -3.039496e+001  2.000000e+000
      vertex -2.480448e+001 -3.061902e+001  1.200000e+001
      vertex -2.480448e+001 -3.061902e+001  2.000000e+000
    endloop
  endfacet
  facet normal  6.087614e-001 -7.933535e-001  0.000000e+000
    outer loop
      vertex -2.480448e+001 -3.061902e+001  2.000000e+000
      vertex -2.480448e+001 -3.061902e+001  1.200000e+001
      vertex -2.526899e+001 -3.097546e+001  1.200000e+001
    endloop
  endfacet
  facet normal  6.087614e-001 -7.933535e-001  0.000000e+000
    outer loop
      vertex -2.480448e+001 -3.061902e+001  2.000000e+000
      vertex -2.526899e+001 -3.097546e+001  1.200000e+001
      vertex -2.526899e+001 -3.097546e+001  2.000000e+000
    endloop
  endfacet
  facet normal  7.933535e-001 -6.087614e-001  0.000000e+000
    outer loop
      vertex -2.526899e+001 -3.097546e+001  2.000000e+000
      vertex -2.526899e+001 -3.097546e+001  1.200000e+001
      vertex -2.562543e+001 -3.143997e+001  1.200000e+001
    endloop
  endfacet
  facet normal  7.933535e-001 -6.087614e-001  0.000000e+000
    outer loop
      vertex -2.526899e+001 -3.097546e+001  2.000000e+000
      vertex -2.562543e+001 -3.143997e+001  1.200000e+001
      vertex -2.562543e+001 -3.143997e+001  2.000000e+000
    endloop
  endfacet
  facet normal  9.238805e-001 -3.826810e-001  0.000000e+000
    outer loop
      vertex -2.562543e+001 -3.143997e+001  2.000000e+000
      vertex -2.562543e+001 -3.143997e+001  1.200000e+001
      vertex -2.584949e+001 -3.198091e+001  1.200000e+001
    endloop
  endfacet
  facet normal  9.238805e-001 -3.826810e-001  0.000000e+000
    outer loop
      vertex -2.562543e+001 -3.143997e+001  2.000000e+000
      vertex -2.584949e+001 -3.198091e+001  1.200000e+001
      vertex -2.584949e+001 -3.198091e+001  2.000000e+000
    endloop
  endfacet
  facet normal  9.914445e-001 -1.305288e-001  0.000000e+000
    outer loop
      vertex -2.584949e+001 -3.198091e+001  2.000000e+000
      vertex -2.584949e+001 -3.198091e+001  1.200000e+001
      vertex -2.592591e+001 -3.256141e+001  1.200000e+001
    endloop
  endfacet
  facet normal  9.914445e-001 -1.305288e-001  0.000000e+000
    outer loop
      vertex -2.584949e+001 -3.198091e+001  2.000000e+000
      vertex -2.592591e+001 -3.256141e+001  1.200000e+001
      vertex -2.592591e+001 -3.256141e+001  2.000000e+000
    endloop
  endfacet
  facet normal  1.305288e-001 -9.914445e-001  0.000000e+000
    outer loop
      vertex -2.426354e+001 -3.039496e+001  1.200000e+001
      vertex -2.368304e+001 -3.031853e+001  2.000000e+000
      vertex -2.368304e+001 -3.031853e+001  1.200000e+001
    endloop
  endfacet
  facet normal -1.305288e-001 -9.914445e-001  -0.000000e+000
    outer loop
      vertex -2.368304e+001 -3.031853e+001  1.200000e+001
      vertex -2.368304e+001 -3.031853e+001  2.000000e+000
      vertex -2.310255e+001 -3.039496e+001  2.000000e+000
    endloop
  endfacet
  facet normal -1.305288e-001 -9.914445e-001  0.000000e+000
    outer loop
      vertex -2.368304e+001 -3.031853e+001  1.200000e+001
      vertex -2.310255e+001 -3.039496e+001  2.000000e+000
      vertex -2.310255e+001 -3.039496e+001  1.200000e+001
    endloop
  endfacet
  facet normal -3.826810e-001 -9.238805e-001  -0.000000e+000
    outer loop
      vertex -2.310255e+001 -3.039496e+001  1.200000e+001
      vertex -2.310255e+001 -3.039496e+001  2.000000e+000
      vertex -2.256161e+001 -3.061902e+001  2.000000e+000
    endloop
  endfacet
  facet normal -3.826810e-001 -9.238805e-001  0.000000e+000
    outer loop
      vertex -2.310255e+001 -3.039496e+001  1.200000e+001
      vertex -2.256161e+001 -3.061902e+001  2.000000e+000
      vertex -2.256161e+001 -3.061902e+001  1.200000e+001
    endloop
  endfacet
  facet normal -6.087614e-001 -7.933535e-001  -0.000000e+000
    outer loop
      vertex -2.256161e+001 -3.061902e+001  1.200000e+001
      vertex -2.256161e+001 -3.061902e+001  2.000000e+000
      vertex -2.209710e+001 -3.097546e+001  2.000000e+000
    endloop
  endfacet
  facet normal -6.087614e-001 -7.933535e-001  0.000000e+000
    outer loop
      vertex -2.256161e+001 -3.061902e+001  1.200000e+001
      vertex -2.209710e+001 -3.097546e+001  2.000000e+000
      vertex -2.209710e+001 -3.097546e+001  1.200000e+001
    endloop
  endfacet
  facet normal -7.933535e-001 -6.087614e-001  -0.000000e+000
    outer loop
      vertex -2.209710e+001 -3.097546e+001  1.200000e+001
      vertex -2.209710e+001 -3.097546e+001  2.000000e+000
      vertex -2.174066e+001 -3.143997e+001  2.000000e+000
    endloop
  endfacet
  facet normal -7.933535e-001 -6.087614e-001  0.000000e+000
    outer loop
      vertex -2.209710e+001 -3.097546e+001  1.200000e+001
      vertex -2.174066e+001 -3.143997e+001  2.000000e+000
      vertex -2.174066e+001 -3.143997e+001  1.200000e+001
    endloop
  endfacet
  facet normal -9.238805e-001 -3.826810e-001  -0.000000e+000
    outer loop
      vertex -2.174066e+001 -3.143997e+001  1.200000e+001
      vertex -2.174066e+001 -3.143997e+001  2.000000e+000
      vertex -2.151660e+001 -3.198091e+001  2.000000e+000
    endloop
  endfacet
  facet normal -9.238805e-001 -3.826810e-001  0.000000e+000
    outer loop
      vertex -2.174066e+001 -3.143997e+001  1.200000e+001
      vertex -2.151660e+001 -3.198091e+001  2.000000e+000
      vertex -2.151660e+001 -3.198091e+001  1.200000e+001
    endloop
  endfacet
  facet normal -9.914445e-001 -1.305288e-001  -0.000000e+000
    outer loop
      vertex -2.151660e+001 -3.198091e+001  1.200000e+001
      vertex -2.151660e+001 -3.198091e+001  2.000000e+000
      vertex -2.144017e+001 -3.256141e+001  2.000000e+000
    endloop
  endfacet
  facet normal -9.914445e-001 -1.305288e-001  0.000000e+000
    outer loop
      vertex -2.151660e+001 -3.198091e+001  1.200000e+001
      vertex -2.144017e+001 -3.256141e+001  2.000000e+000
      vertex -2.144017e+001 -3.256141e+001  1.200000e+001
    endloop
  endfacet
  facet normal -1.305288e-001  9.914445e-001  0.000000e+000
    outer loop
      vertex -3.161111e+001 -2.786855e+001  2.000000e+000
      vertex -3.103061e+001 -2.779213e+001  1.200000e+001
      vertex -3.103061e+001 -2.779213e+001  2.000000e+000
    endloop
  endfacet
  facet normal -3.826810e-001  9.238805e-001  0.000000e+000
    outer loop
      vertex -3.103061e+001 -2.779213e+001  2.000000e+000
      vertex -3.103061e+001 -2.779213e+001  1.200000e+001
      vertex -3.048968e+001 -2.756807e+001  1.200000e+001
    endloop
  endfacet
  facet normal -3.826810e-001  9.238805e-001  0.000000e+000
    outer loop
      vertex -3.103061e+001 -2.779213e+001  2.000000e+000
      vertex -3.048968e+001 -2.756807e+001  1.200000e+001
      vertex -3.048968e+001 -2.756807e+001  2.000000e+000
    endloop
  endfacet
  facet normal -6.087614e-001  7.933535e-001  0.000000e+000
    outer loop
      vertex -3.048968e+001 -2.756807e+001  2.000000e+000
      vertex -3.048968e+001 -2.756807e+001  1.200000e+001
      vertex -3.002516e+001 -2.721163e+001  1.200000e+001
    endloop
  endfacet
  facet normal -6.087614e-001  7.933535e-001  0.000000e+000
    outer loop
      vertex -3.048968e+001 -2.756807e+001  2.000000e+000
      vertex -3.002516e+001 -2.721163e+001  1.200000e+001
      vertex -3.002516e+001 -2.721163e+001  2.000000e+000
    endloop
  endfacet
  facet normal -7.933535e-001  6.087614e-001  0.000000e+000
    outer loop
      vertex -3.002516e+001 -2.721163e+001  2.000000e+000
      vertex -3.002516e+001 -2.721163e+001  1.200000e+001
      vertex -2.966873e+001 -2.674712e+001  1.200000e+001
    endloop
  endfacet
  facet normal -7.933535e-001  6.087614e-001  0.000000e+000
    outer loop
      vertex -3.002516e+001 -2.721163e+001  2.000000e+000
      vertex -2.966873e+001 -2.674712e+001  1.200000e+001
      vertex -2.966873e+001 -2.674712e+001  2.000000e+000
    endloop
  endfacet
  facet normal -9.238805e-001  3.826810e-001  0.000000e+000
    outer loop
      vertex -2.966873e+001 -2.674712e+001  2.000000e+000
      vertex -2.966873e+001 -2.674712e+001  1.200000e+001
      vertex -2.944467e+001 -2.620618e+001  1.200000e+001
    endloop
  endfacet
  facet normal -9.238805e-001  3.826810e-001  0.000000e+000
    outer loop
      vertex -2.966873e+001 -2.674712e+001  2.000000e+000
      vertex -2.944467e+001 -2.620618e+001  1.200000e+001
      vertex -2.944467e+001 -2.620618e+001  2.000000e+000
    endloop
  endfacet
  facet normal -9.914445e-001  1.305288e-001  0.000000e+000
    outer loop
      vertex -2.944467e+001 -2.620618e+001  2.000000e+000
      vertex -2.944467e+001 -2.620618e+001  1.200000e+001
      vertex -2.936824e+001 -2.562568e+001  1.200000e+001
    endloop
  endfacet
  facet normal -9.914445e-001  1.305288e-001  0.000000e+000
    outer loop
      vertex -2.944467e+001 -2.620618e+001  2.000000e+000
      vertex -2.936824e+001 -2.562568e+001  1.200000e+001
      vertex -2.936824e+001 -2.562568e+001  2.000000e+000
    endloop
  endfacet
  facet normal -1.305288e-001  9.914445e-001  0.000000e+000
    outer loop
      vertex -3.103061e+001 -2.779213e+001  1.200000e+001
      vertex -3.161111e+001 -2.786855e+001  2.000000e+000
      vertex -3.161111e+001 -2.786855e+001  1.200000e+001
    endloop
  endfacet
  facet normal  1.305288e-001  9.914445e-001  0.000000e+000
    outer loop
      vertex -3.161111e+001 -2.786855e+001  1.200000e+001
      vertex -3.161111e+001 -2.786855e+001  2.000000e+000
      vertex -3.219161e+001 -2.779213e+001  2.000000e+000
    endloop
  endfacet
  facet normal  1.305288e-001  9.914445e-001  -0.000000e+000
    outer loop
      vertex -3.161111e+001 -2.786855e+001  1.200000e+001
      vertex -3.219161e+001 -2.779213e+001  2.000000e+000
      vertex -3.219161e+001 -2.779213e+001  1.200000e+001
    endloop
  endfacet
  facet normal  3.826822e-001  9.238800e-001  0.000000e+000
    outer loop
      vertex -3.219161e+001 -2.779213e+001  1.200000e+001
      vertex -3.219161e+001 -2.779213e+001  2.000000e+000
      vertex -3.273254e+001 -2.756807e+001  2.000000e+000
    endloop
  endfacet
  facet normal  3.826822e-001  9.238800e-001  -0.000000e+000
    outer loop
      vertex -3.219161e+001 -2.779213e+001  1.200000e+001
      vertex -3.273254e+001 -2.756807e+001  2.000000e+000
      vertex -3.273254e+001 -2.756807e+001  1.200000e+001
    endloop
  endfacet
  facet normal  6.087598e-001  7.933546e-001  0.000000e+000
    outer loop
      vertex -3.273254e+001 -2.756807e+001  1.200000e+001
      vertex -3.273254e+001 -2.756807e+001  2.000000e+000
      vertex -3.319706e+001 -2.721163e+001  2.000000e+000
    endloop
  endfacet
  facet normal  6.087598e-001  7.933546e-001  -0.000000e+000
    outer loop
      vertex -3.273254e+001 -2.756807e+001  1.200000e+001
      vertex -3.319706e+001 -2.721163e+001  2.000000e+000
      vertex -3.319706e+001 -2.721163e+001  1.200000e+001
    endloop
  endfacet
  facet normal  7.933535e-001  6.087614e-001  0.000000e+000
    outer loop
      vertex -3.319706e+001 -2.721163e+001  1.200000e+001
      vertex -3.319706e+001 -2.721163e+001  2.000000e+000
      vertex -3.355349e+001 -2.674712e+001  2.000000e+000
    endloop
  endfacet
  facet normal  7.933535e-001  6.087614e-001  -0.000000e+000
    outer loop
      vertex -3.319706e+001 -2.721163e+001  1.200000e+001
      vertex -3.355349e+001 -2.674712e+001  2.000000e+000
      vertex -3.355349e+001 -2.674712e+001  1.200000e+001
    endloop
  endfacet
  facet normal  9.238794e-001  3.826838e-001  0.000000e+000
    outer loop
      vertex -3.355349e+001 -2.674712e+001  1.200000e+001
      vertex -3.355349e+001 -2.674712e+001  2.000000e+000
      vertex -3.377756e+001 -2.620618e+001  2.000000e+000
    endloop
  endfacet
  facet normal  9.238794e-001  3.826838e-001  -0.000000e+000
    outer loop
      vertex -3.355349e+001 -2.674712e+001  1.200000e+001
      vertex -3.377756e+001 -2.620618e+001  2.000000e+000
      vertex -3.377756e+001 -2.620618e+001  1.200000e+001
    endloop
  endfacet
  facet normal  9.914450e-001  1.305256e-001  0.000000e+000
    outer loop
      vertex -3.377756e+001 -2.620618e+001  1.200000e+001
      vertex -3.377756e+001 -2.620618e+001  2.000000e+000
      vertex -3.385398e+001 -2.562568e+001  2.000000e+000
    endloop
  endfacet
  facet normal  9.914450e-001  1.305256e-001  -0.000000e+000
    outer loop
      vertex -3.377756e+001 -2.620618e+001  1.200000e+001
      vertex -3.385398e+001 -2.562568e+001  2.000000e+000
      vertex -3.385398e+001 -2.562568e+001  1.200000e+001
    endloop
  endfacet
  facet normal  1.305288e-001 -9.914445e-001  0.000000e+000
    outer loop
      vertex -3.161111e+001 -2.338281e+001  2.000000e+000
      vertex -3.219161e+001 -2.345924e+001  1.200000e+001
      vertex -3.219161e+001 -2.345924e+001  2.000000e+000
    endloop
  endfacet
  facet normal  3.826822e-001 -9.238800e-001  0.000000e+000
    outer loop
      vertex -3.219161e+001 -2.345924e+001  2.000000e+000
      vertex -3.219161e+001 -2.345924e+001  1.200000e+001
      vertex -3.273254e+001 -2.368330e+001  1.200000e+001
    endloop
  endfacet
  facet normal  3.826822e-001 -9.238800e-001  0.000000e+000
    outer loop
      vertex -3.219161e+001 -2.345924e+001  2.000000e+000
      vertex -3.273254e+001 -2.368330e+001  1.200000e+001
      vertex -3.273254e+001 -2.368330e+001  2.000000e+000
    endloop
  endfacet
  facet normal  6.087598e-001 -7.933546e-001  0.000000e+000
    outer loop
      vertex -3.273254e+001 -2.368330e+001  2.000000e+000
      vertex -3.273254e+001 -2.368330e+001  1.200000e+001
      vertex -3.319706e+001 -2.403973e+001  1.200000e+001
    endloop
  endfacet
  facet normal  6.087598e-001 -7.933546e-001  0.000000e+000
    outer loop
      vertex -3.273254e+001 -2.368330e+001  2.000000e+000
      vertex -3.319706e+001 -2.403973e+001  1.200000e+001
      vertex -3.319706e+001 -2.403973e+001  2.000000e+000
    endloop
  endfacet
  facet normal  7.933535e-001 -6.087614e-001  0.000000e+000
    outer loop
      vertex -3.319706e+001 -2.403973e+001  2.000000e+000
      vertex -3.319706e+001 -2.403973e+001  1.200000e+001
      vertex -3.355349e+001 -2.450425e+001  1.200000e+001
    endloop
  endfacet
  facet normal  7.933535e-001 -6.087614e-001  0.000000e+000
    outer loop
      vertex -3.319706e+001 -2.403973e+001  2.000000e+000
      vertex -3.355349e+001 -2.450425e+001  1.200000e+001
      vertex -3.355349e+001 -2.450425e+001  2.000000e+000
    endloop
  endfacet
  facet normal  9.238794e-001 -3.826838e-001  0.000000e+000
    outer loop
      vertex -3.355349e+001 -2.450425e+001  2.000000e+000
      vertex -3.355349e+001 -2.450425e+001  1.200000e+001
      vertex -3.377756e+001 -2.504519e+001  1.200000e+001
    endloop
  endfacet
  facet normal  9.238794e-001 -3.826838e-001  0.000000e+000
    outer loop
      vertex -3.355349e+001 -2.450425e+001  2.000000e+000
      vertex -3.377756e+001 -2.504519e+001  1.200000e+001
      vertex -3.377756e+001 -2.504519e+001  2.000000e+000
    endloop
  endfacet
  facet normal  9.914450e-001 -1.305256e-001  0.000000e+000
    outer loop
      vertex -3.377756e+001 -2.504519e+001  2.000000e+000
      vertex -3.377756e+001 -2.504519e+001  1.200000e+001
      vertex -3.385398e+001 -2.562568e+001  1.200000e+001
    endloop
  endfacet
  facet normal  9.914450e-001 -1.305256e-001  0.000000e+000
    outer loop
      vertex -3.377756e+001 -2.504519e+001  2.000000e+000
      vertex -3.385398e+001 -2.562568e+001  1.200000e+001
      vertex -3.385398e+001 -2.562568e+001  2.000000e+000
    endloop
  endfacet
  facet normal  1.305288e-001 -9.914445e-001  0.000000e+000
    outer loop
      vertex -3.219161e+001 -2.345924e+001  1.200000e+001
      vertex -3.161111e+001 -2.338281e+001  2.000000e+000
      vertex -3.161111e+001 -2.338281e+001  1.200000e+001
    endloop
  endfacet
  facet normal -1.305288e-001 -9.914445e-001  -0.000000e+000
    outer loop
      vertex -3.161111e+001 -2.338281e+001  1.200000e+001
      vertex -3.161111e+001 -2.338281e+001  2.000000e+000
      vertex -3.103061e+001 -2.345924e+001  2.000000e+000
    endloop
  endfacet
  facet normal -1.305288e-001 -9.914445e-001  0.000000e+000
    outer loop
      vertex -3.161111e+001 -2.338281e+001  1.200000e+001
      vertex -3.103061e+001 -2.345924e+001  2.000000e+000
      vertex -3.103061e+001 -2.345924e+001  1.200000e+001
    endloop
  endfacet
  facet normal -3.826810e-001 -9.238805e-001  -0.000000e+000
    outer loop
      vertex -3.103061e+001 -2.345924e+001  1.200000e+001
      vertex -3.103061e+001 -2.345924e+001  2.000000e+000
      vertex -3.048968e+001 -2.368330e+001  2.000000e+000
    endloop
  endfacet
  facet normal -3.826810e-001 -9.238805e-001  0.000000e+000
    outer loop
      vertex -3.103061e+001 -2.345924e+001  1.200000e+001
      vertex -3.048968e+001 -2.368330e+001  2.000000e+000
      vertex -3.048968e+001 -2.368330e+001  1.200000e+001
    endloop
  endfacet
  facet normal -6.087614e-001 -7.933535e-001  -0.000000e+000
    outer loop
      vertex -3.048968e+001 -2.368330e+001  1.200000e+001
      vertex -3.048968e+001 -2.368330e+001  2.000000e+000
      vertex -3.002516e+001 -2.403973e+001  2.000000e+000
    endloop
  endfacet
  facet normal -6.087614e-001 -7.933535e-001  0.000000e+000
    outer loop
      vertex -3.048968e+001 -2.368330e+001  1.200000e+001
      vertex -3.002516e+001 -2.403973e+001  2.000000e+000
      vertex -3.002516e+001 -2.403973e+001  1.200000e+001
    endloop
  endfacet
  facet normal -7.933535e-001 -6.087614e-001  -0.000000e+000
    outer loop
      vertex -3.002516e+001 -2.403973e+001  1.200000e+001
      vertex -3.002516e+001 -2.403973e+001  2.000000e+000
      vertex -2.966873e+001 -2.450425e+001  2.000000e+000
    endloop
  endfacet
  facet normal -7.933535e-001 -6.087614e-001  0.000000e+000
    outer loop
      vertex -3.002516e+001 -2.403973e+001  1.200000e+001
      vertex -2.966873e+001 -2.450425e+001  2.000000e+000
      vertex -2.966873e+001 -2.450425e+001  1.200000e+001
    endloop
  endfacet
  facet normal -9.238805e-001 -3.826810e-001  -0.000000e+000
    outer loop
      vertex -2.966873e+001 -2.450425e+001  1.200000e+001
      vertex -2.966873e+001 -2.450425e+001  2.000000e+000
      vertex -2.944467e+001 -2.504519e+001  2.000000e+000
    endloop
  endfacet
  facet normal -9.238805e-001 -3.826810e-001  0.000000e+000
    outer loop
      vertex -2.966873e+001 -2.450425e+001  1.200000e+001
      vertex -2.944467e+001 -2.504519e+001  2.000000e+000
      vertex -2.944467e+001 -2.504519e+001  1.200000e+001
    endloop
  endfacet
  facet normal -9.914445e-001 -1.305288e-001  -0.000000e+000
    outer loop
      vertex -2.944467e+001 -2.504519e+001  1.200000e+001
      vertex -2.944467e+001 -2.504519e+001  2.000000e+000
      vertex -2.936824e+001 -2.562568e+001  2.000000e+000
    endloop
  endfacet
  facet normal -9.914445e-001 -1.305288e-001  0.000000e+000
    outer loop
      vertex -2.944467e+001 -2.504519e+001  1.200000e+001
      vertex -2.936824e+001 -2.562568e+001  2.000000e+000
      vertex -2.936824e+001 -2.562568e+001  1.200000e+001
    endloop
  endfacet
  facet normal -1.305256e-001  9.914450e-001  0.000000e+000
    outer loop
      vertex -3.161111e+001 -3.480428e+001  2.000000e+000
      vertex -3.103061e+001 -3.472785e+001  1.200000e+001
      vertex -3.103061e+001 -3.472785e+001  2.000000e+000
    endloop
  endfacet
  facet normal -3.826838e-001  9.238794e-001  0.000000e+000
    outer loop
      vertex -3.103061e+001 -3.472785e+001  2.000000e+000
      vertex -3.103061e+001 -3.472785e+001  1.200000e+001
      vertex -3.048968e+001 -3.450379e+001  1.200000e+001
    endloop
  endfacet
  facet normal -3.826838e-001  9.238794e-001  0.000000e+000
    outer loop
      vertex -3.103061e+001 -3.472785e+001  2.000000e+000
      vertex -3.048968e+001 -3.450379e+001  1.200000e+001
      vertex -3.048968e+001 -3.450379e+001  2.000000e+000
    endloop
  endfacet
  facet normal -6.087614e-001  7.933535e-001  0.000000e+000
    outer loop
      vertex -3.048968e+001 -3.450379e+001  2.000000e+000
      vertex -3.048968e+001 -3.450379e+001  1.200000e+001
      vertex -3.002516e+001 -3.414735e+001  1.200000e+001
    endloop
  endfacet
  facet normal -6.087614e-001  7.933535e-001  0.000000e+000
    outer loop
      vertex -3.048968e+001 -3.450379e+001  2.000000e+000
      vertex -3.002516e+001 -3.414735e+001  1.200000e+001
      vertex -3.002516e+001 -3.414735e+001  2.000000e+000
    endloop
  endfacet
  facet normal -7.933546e-001  6.087598e-001  0.000000e+000
    outer loop
      vertex -3.002516e+001 -3.414735e+001  2.000000e+000
      vertex -3.002516e+001 -3.414735e+001  1.200000e+001
      vertex -2.966873e+001 -3.368284e+001  1.200000e+001
    endloop
  endfacet
  facet normal -7.933546e-001  6.087598e-001  0.000000e+000
    outer loop
      vertex -3.002516e+001 -3.414735e+001  2.000000e+000
      vertex -2.966873e+001 -3.368284e+001  1.200000e+001
      vertex -2.966873e+001 -3.368284e+001  2.000000e+000
    endloop
  endfacet
  facet normal -9.238800e-001  3.826822e-001  0.000000e+000
    outer loop
      vertex -2.966873e+001 -3.368284e+001  2.000000e+000
      vertex -2.966873e+001 -3.368284e+001  1.200000e+001
      vertex -2.944467e+001 -3.314190e+001  1.200000e+001
    endloop
  endfacet
  facet normal -9.238800e-001  3.826822e-001  0.000000e+000
    outer loop
      vertex -2.966873e+001 -3.368284e+001  2.000000e+000
      vertex -2.944467e+001 -3.314190e+001  1.200000e+001
      vertex -2.944467e+001 -3.314190e+001  2.000000e+000
    endloop
  endfacet
  facet normal -9.914445e-001  1.305288e-001  0.000000e+000
    outer loop
      vertex -2.944467e+001 -3.314190e+001  2.000000e+000
      vertex -2.944467e+001 -3.314190e+001  1.200000e+001
      vertex -2.936824e+001 -3.256141e+001  1.200000e+001
    endloop
  endfacet
  facet normal -9.914445e-001  1.305288e-001  0.000000e+000
    outer loop
      vertex -2.944467e+001 -3.314190e+001  2.000000e+000
      vertex -2.936824e+001 -3.256141e+001  1.200000e+001
      vertex -2.936824e+001 -3.256141e+001  2.000000e+000
    endloop
  endfacet
  facet normal -1.305256e-001  9.914450e-001  0.000000e+000
    outer loop
      vertex -3.103061e+001 -3.472785e+001  1.200000e+001
      vertex -3.161111e+001 -3.480428e+001  2.000000e+000
      vertex -3.161111e+001 -3.480428e+001  1.200000e+001
    endloop
  endfacet
  facet normal  1.305256e-001  9.914450e-001  0.000000e+000
    outer loop
      vertex -3.161111e+001 -3.480428e+001  1.200000e+001
      vertex -3.161111e+001 -3.480428e+001  2.000000e+000
      vertex -3.219161e+001 -3.472785e+001  2.000000e+000
    endloop
  endfacet
  facet normal  1.305256e-001  9.914450e-001  -0.000000e+000
    outer loop
      vertex -3.161111e+001 -3.480428e+001  1.200000e+001
      vertex -3.219161e+001 -3.472785e+001  2.000000e+000
      vertex -3.219161e+001 -3.472785e+001  1.200000e+001
    endloop
  endfacet
  facet normal  3.826850e-001  9.238789e-001  0.000000e+000
    outer loop
      vertex -3.219161e+001 -3.472785e+001  1.200000e+001
      vertex -3.219161e+001 -3.472785e+001  2.000000e+000
      vertex -3.273254e+001 -3.450379e+001  2.000000e+000
    endloop
  endfacet
  facet normal  3.826850e-001  9.238789e-001  -0.000000e+000
    outer loop
      vertex -3.219161e+001 -3.472785e+001  1.200000e+001
      vertex -3.273254e+001 -3.450379e+001  2.000000e+000
      vertex -3.273254e+001 -3.450379e+001  1.200000e+001
    endloop
  endfacet
  facet normal  6.087598e-001  7.933546e-001  0.000000e+000
    outer loop
      vertex -3.273254e+001 -3.450379e+001  1.200000e+001
      vertex -3.273254e+001 -3.450379e+001  2.000000e+000
      vertex -3.319706e+001 -3.414735e+001  2.000000e+000
    endloop
  endfacet
  facet normal  6.087598e-001  7.933546e-001  -0.000000e+000
    outer loop
      vertex -3.273254e+001 -3.450379e+001  1.200000e+001
      vertex -3.319706e+001 -3.414735e+001  2.000000e+000
      vertex -3.319706e+001 -3.414735e+001  1.200000e+001
    endloop
  endfacet
  facet normal  7.933546e-001  6.087598e-001  0.000000e+000
    outer loop
      vertex -3.319706e+001 -3.414735e+001  1.200000e+001
      vertex -3.319706e+001 -3.414735e+001  2.000000e+000
      vertex -3.355349e+001 -3.368284e+001  2.000000e+000
    endloop
  endfacet
  facet normal  7.933546e-001  6.087598e-001  -0.000000e+000
    outer loop
      vertex -3.319706e+001 -3.414735e+001  1.200000e+001
      vertex -3.355349e+001 -3.368284e+001  2.000000e+000
      vertex -3.355349e+001 -3.368284e+001  1.200000e+001
    endloop
  endfacet
  facet normal  9.238789e-001  3.826850e-001  0.000000e+000
    outer loop
      vertex -3.355349e+001 -3.368284e+001  1.200000e+001
      vertex -3.355349e+001 -3.368284e+001  2.000000e+000
      vertex -3.377756e+001 -3.314190e+001  2.000000e+000
    endloop
  endfacet
  facet normal  9.238789e-001  3.826850e-001  -0.000000e+000
    outer loop
      vertex -3.355349e+001 -3.368284e+001  1.200000e+001
      vertex -3.377756e+001 -3.314190e+001  2.000000e+000
      vertex -3.377756e+001 -3.314190e+001  1.200000e+001
    endloop
  endfacet
  facet normal  9.914450e-001  1.305256e-001  0.000000e+000
    outer loop
      vertex -3.377756e+001 -3.314190e+001  1.200000e+001
      vertex -3.377756e+001 -3.314190e+001  2.000000e+000
      vertex -3.385398e+001 -3.256141e+001  2.000000e+000
    endloop
  endfacet
  facet normal  9.914450e-001  1.305256e-001  -0.000000e+000
    outer loop
      vertex -3.377756e+001 -3.314190e+001  1.200000e+001
      vertex -3.385398e+001 -3.256141e+001  2.000000e+000
      vertex -3.385398e+001 -3.256141e+001  1.200000e+001
    endloop
  endfacet
  facet normal  1.305288e-001 -9.914445e-001  0.000000e+000
    outer loop
      vertex -3.161111e+001 -3.031853e+001  2.000000e+000
      vertex -3.219161e+001 -3.039496e+001  1.200000e+001
      vertex -3.219161e+001 -3.039496e+001  2.000000e+000
    endloop
  endfacet
  facet normal  3.826822e-001 -9.238800e-001  0.000000e+000
    outer loop
      vertex -3.219161e+001 -3.039496e+001  2.000000e+000
      vertex -3.219161e+001 -3.039496e+001  1.200000e+001
      vertex -3.273254e+001 -3.061902e+001  1.200000e+001
    endloop
  endfacet
  facet normal  3.826822e-001 -9.238800e-001  0.000000e+000
    outer loop
      vertex -3.219161e+001 -3.039496e+001  2.000000e+000
      vertex -3.273254e+001 -3.061902e+001  1.200000e+001
      vertex -3.273254e+001 -3.061902e+001  2.000000e+000
    endloop
  endfacet
  facet normal  6.087598e-001 -7.933546e-001  0.000000e+000
    outer loop
      vertex -3.273254e+001 -3.061902e+001  2.000000e+000
      vertex -3.273254e+001 -3.061902e+001  1.200000e+001
      vertex -3.319706e+001 -3.097546e+001  1.200000e+001
    endloop
  endfacet
  facet normal  6.087598e-001 -7.933546e-001  0.000000e+000
    outer loop
      vertex -3.273254e+001 -3.061902e+001  2.000000e+000
      vertex -3.319706e+001 -3.097546e+001  1.200000e+001
      vertex -3.319706e+001 -3.097546e+001  2.000000e+000
    endloop
  endfacet
  facet normal  7.933535e-001 -6.087614e-001  0.000000e+000
    outer loop
      vertex -3.319706e+001 -3.097546e+001  2.000000e+000
      vertex -3.319706e+001 -3.097546e+001  1.200000e+001
      vertex -3.355349e+001 -3.143997e+001  1.200000e+001
    endloop
  endfacet
  facet normal  7.933535e-001 -6.087614e-001  0.000000e+000
    outer loop
      vertex -3.319706e+001 -3.097546e+001  2.000000e+000
      vertex -3.355349e+001 -3.143997e+001  1.200000e+001
      vertex -3.355349e+001 -3.143997e+001  2.000000e+000
    endloop
  endfacet
  facet normal  9.238794e-001 -3.826838e-001  0.000000e+000
    outer loop
      vertex -3.355349e+001 -3.143997e+001  2.000000e+000
      vertex -3.355349e+001 -3.143997e+001  1.200000e+001
      vertex -3.377756e+001 -3.198091e+001  1.200000e+001
    endloop
  endfacet
  facet normal  9.238794e-001 -3.826838e-001  0.000000e+000
    outer loop
      vertex -3.355349e+001 -3.143997e+001  2.000000e+000
      vertex -3.377756e+001 -3.198091e+001  1.200000e+001
      vertex -3.377756e+001 -3.198091e+001  2.000000e+000
    endloop
  endfacet
  facet normal  9.914450e-001 -1.305256e-001  0.000000e+000
    outer loop
      vertex -3.377756e+001 -3.198091e+001  2.000000e+000
      vertex -3.377756e+001 -3.198091e+001  1.200000e+001
      vertex -3.385398e+001 -3.256141e+001  1.200000e+001
    endloop
  endfacet
  facet normal  9.914450e-001 -1.305256e-001  0.000000e+000
    outer loop
      vertex -3.377756e+001 -3.198091e+001  2.000000e+000
      vertex -3.385398e+001 -3.256141e+001  1.200000e+001
      vertex -3.385398e+001 -3.256141e+001  2.000000e+000
    endloop
  endfacet
  facet normal  1.305288e-001 -9.914445e-001  0.000000e+000
    outer loop
      vertex -3.219161e+001 -3.039496e+001  1.200000e+001
      vertex -3.161111e+001 -3.031853e+001  2.000000e+000
      vertex -3.161111e+001 -3.031853e+001  1.200000e+001
    endloop
  endfacet
  facet normal -1.305288e-001 -9.914445e-001  -0.000000e+000
    outer loop
      vertex -3.161111e+001 -3.031853e+001  1.200000e+001
      vertex -3.161111e+001 -3.031853e+001  2.000000e+000
      vertex -3.103061e+001 -3.039496e+001  2.000000e+000
    endloop
  endfacet
  facet normal -1.305288e-001 -9.914445e-001  0.000000e+000
    outer loop
      vertex -3.161111e+001 -3.031853e+001  1.200000e+001
      vertex -3.103061e+001 -3.039496e+001  2.000000e+000
      vertex -3.103061e+001 -3.039496e+001  1.200000e+001
    endloop
  endfacet
  facet normal -3.826810e-001 -9.238805e-001  -0.000000e+000
    outer loop
      vertex -3.103061e+001 -3.039496e+001  1.200000e+001
      vertex -3.103061e+001 -3.039496e+001  2.000000e+000
      vertex -3.048968e+001 -3.061902e+001  2.000000e+000
    endloop
  endfacet
  facet normal -3.826810e-001 -9.238805e-001  0.000000e+000
    outer loop
      vertex -3.103061e+001 -3.039496e+001  1.200000e+001
      vertex -3.048968e+001 -3.061902e+001  2.000000e+000
      vertex -3.048968e+001 -3.061902e+001  1.200000e+001
    endloop
  endfacet
  facet normal -6.087614e-001 -7.933535e-001  -0.000000e+000
    outer loop
      vertex -3.048968e+001 -3.061902e+001  1.200000e+001
      vertex -3.048968e+001 -3.061902e+001  2.000000e+000
      vertex -3.002516e+001 -3.097546e+001  2.000000e+000
    endloop
  endfacet
  facet normal -6.087614e-001 -7.933535e-001  0.000000e+000
    outer loop
      vertex -3.048968e+001 -3.061902e+001  1.200000e+001
      vertex -3.002516e+001 -3.097546e+001  2.000000e+000
      vertex -3.002516e+001 -3.097546e+001  1.200000e+001
    endloop
  endfacet
  facet normal -7.933535e-001 -6.087614e-001  -0.000000e+000
    outer loop
      vertex -3.002516e+001 -3.097546e+001  1.200000e+001
      vertex -3.002516e+001 -3.097546e+001  2.000000e+000
      vertex -2.966873e+001 -3.143997e+001  2.000000e+000
    endloop
  endfacet
  facet normal -7.933535e-001 -6.087614e-001  0.000000e+000
    outer loop
      vertex -3.002516e+001 -3.097546e+001  1.200000e+001
      vertex -2.966873e+001 -3.143997e+001  2.000000e+000
      vertex -2.966873e+001 -3.143997e+001  1.200000e+001
    endloop
  endfacet
  facet normal -9.238805e-001 -3.826810e-001  -0.000000e+000
    outer loop
      vertex -2.966873e+001 -3.143997e+001  1.200000e+001
      vertex -2.966873e+001 -3.143997e+001  2.000000e+000
      vertex -2.944467e+001 -3.198091e+001  2.000000e+000
    endloop
  endfacet
  facet normal -9.238805e-001 -3.826810e-001  0.000000e+000
    outer loop
      vertex -2.966873e+001 -3.143997e+001  1.200000e+001
      vertex -2.944467e+001 -3.198091e+001  2.000000e+000
      vertex -2.944467e+001 -3.198091e+001  1.200000e+001
    endloop
  endfacet
  facet normal -9.914445e-001 -1.305288e-001  -0.000000e+000
    outer loop
      vertex -2.944467e+001 -3.198091e+001  1.200000e+001
      vertex -2.944467e+001 -3.198091e+001  2.000000e+000
      vertex -2.936824e+001 -3.256141e+001  2.000000e+000
    endloop
  endfacet
  facet normal -9.914445e-001 -1.305288e-001  0.000000e+000
    outer loop
      vertex -2.944467e+001 -3.198091e+001  1.200000e+001
      vertex -2.936824e+001 -3.256141e+001  2.000000e+000
      vertex -2.936824e+001 -3.256141e+001  1.200000e+001
    endloop
  endfacet
  facet normal -1.305256e-001  9.914450e-001  0.000000e+000
    outer loop
      vertex -3.953918e+001 -3.480428e+001  2.000000e+000
      vertex -3.895868e+001 -3.472785e+001  1.200000e+001
      vertex -3.895868e+001 -3.472785e+001  2.000000e+000
    endloop
  endfacet
  facet normal -3.826850e-001  9.238789e-001  0.000000e+000
    outer loop
      vertex -3.895868e+001 -3.472785e+001  2.000000e+000
      vertex -3.895868e+001 -3.472785e+001  1.200000e+001
      vertex -3.841774e+001 -3.450379e+001  1.200000e+001
    endloop
  endfacet
  facet normal -3.826850e-001  9.238789e-001  0.000000e+000
    outer loop
      vertex -3.895868e+001 -3.472785e+001  2.000000e+000
      vertex -3.841774e+001 -3.450379e+001  1.200000e+001
      vertex -3.841774e+001 -3.450379e+001  2.000000e+000
    endloop
  endfacet
  facet normal -6.087598e-001  7.933546e-001  0.000000e+000
    outer loop
      vertex -3.841774e+001 -3.450379e+001  2.000000e+000
      vertex -3.841774e+001 -3.450379e+001  1.200000e+001
      vertex -3.795323e+001 -3.414735e+001  1.200000e+001
    endloop
  endfacet
  facet normal -6.087598e-001  7.933546e-001  0.000000e+000
    outer loop
      vertex -3.841774e+001 -3.450379e+001  2.000000e+000
      vertex -3.795323e+001 -3.414735e+001  1.200000e+001
      vertex -3.795323e+001 -3.414735e+001  2.000000e+000
    endloop
  endfacet
  facet normal -7.933546e-001  6.087598e-001  0.000000e+000
    outer loop
      vertex -3.795323e+001 -3.414735e+001  2.000000e+000
      vertex -3.795323e+001 -3.414735e+001  1.200000e+001
      vertex -3.759679e+001 -3.368284e+001  1.200000e+001
    endloop
  endfacet
  facet normal -7.933546e-001  6.087598e-001  0.000000e+000
    outer loop
      vertex -3.795323e+001 -3.414735e+001  2.000000e+000
      vertex -3.759679e+001 -3.368284e+001  1.200000e+001
      vertex -3.759679e+001 -3.368284e+001  2.000000e+000
    endloop
  endfacet
  facet normal -9.238789e-001  3.826850e-001  0.000000e+000
    outer loop
      vertex -3.759679e+001 -3.368284e+001  2.000000e+000
      vertex -3.759679e+001 -3.368284e+001  1.200000e+001
      vertex -3.737273e+001 -3.314190e+001  1.200000e+001
    endloop
  endfacet
  facet normal -9.238789e-001  3.826850e-001  0.000000e+000
    outer loop
      vertex -3.759679e+001 -3.368284e+001  2.000000e+000
      vertex -3.737273e+001 -3.314190e+001  1.200000e+001
      vertex -3.737273e+001 -3.314190e+001  2.000000e+000
    endloop
  endfacet
  facet normal -9.914450e-001  1.305256e-001  0.000000e+000
    outer loop
      vertex -3.737273e+001 -3.314190e+001  2.000000e+000
      vertex -3.737273e+001 -3.314190e+001  1.200000e+001
      vertex -3.729631e+001 -3.256141e+001  1.200000e+001
    endloop
  endfacet
  facet normal -9.914450e-001  1.305256e-001  0.000000e+000
    outer loop
      vertex -3.737273e+001 -3.314190e+001  2.000000e+000
      vertex -3.729631e+001 -3.256141e+001  1.200000e+001
      vertex -3.729631e+001 -3.256141e+001  2.000000e+000
    endloop
  endfacet
  facet normal -1.305256e-001  9.914450e-001  0.000000e+000
    outer loop
      vertex -3.895868e+001 -3.472785e+001  1.200000e+001
      vertex -3.953918e+001 -3.480428e+001  2.000000e+000
      vertex -3.953918e+001 -3.480428e+001  1.200000e+001
    endloop
  endfacet
  facet normal  1.305256e-001  9.914450e-001  0.000000e+000
    outer loop
      vertex -3.953918e+001 -3.480428e+001  1.200000e+001
      vertex -3.953918e+001 -3.480428e+001  2.000000e+000
      vertex -4.011967e+001 -3.472785e+001  2.000000e+000
    endloop
  endfacet
  facet normal  1.305256e-001  9.914450e-001  -0.000000e+000
    outer loop
      vertex -3.953918e+001 -3.480428e+001  1.200000e+001
      vertex -4.011967e+001 -3.472785e+001  2.000000e+000
      vertex -4.011967e+001 -3.472785e+001  1.200000e+001
    endloop
  endfacet
  facet normal  3.826850e-001  9.238789e-001  0.000000e+000
    outer loop
      vertex -4.011967e+001 -3.472785e+001  1.200000e+001
      vertex -4.011967e+001 -3.472785e+001  2.000000e+000
      vertex -4.066061e+001 -3.450379e+001  2.000000e+000
    endloop
  endfacet
  facet normal  3.826850e-001  9.238789e-001  -0.000000e+000
    outer loop
      vertex -4.011967e+001 -3.472785e+001  1.200000e+001
      vertex -4.066061e+001 -3.450379e+001  2.000000e+000
      vertex -4.066061e+001 -3.450379e+001  1.200000e+001
    endloop
  endfacet
  facet normal  6.087598e-001  7.933546e-001  0.000000e+000
    outer loop
      vertex -4.066061e+001 -3.450379e+001  1.200000e+001
      vertex -4.066061e+001 -3.450379e+001  2.000000e+000
      vertex -4.112513e+001 -3.414735e+001  2.000000e+000
    endloop
  endfacet
  facet normal  6.087598e-001  7.933546e-001  -0.000000e+000
    outer loop
      vertex -4.066061e+001 -3.450379e+001  1.200000e+001
      vertex -4.112513e+001 -3.414735e+001  2.000000e+000
      vertex -4.112513e+001 -3.414735e+001  1.200000e+001
    endloop
  endfacet
  facet normal  7.933546e-001  6.087598e-001  0.000000e+000
    outer loop
      vertex -4.112513e+001 -3.414735e+001  1.200000e+001
      vertex -4.112513e+001 -3.414735e+001  2.000000e+000
      vertex -4.148156e+001 -3.368284e+001  2.000000e+000
    endloop
  endfacet
  facet normal  7.933546e-001  6.087598e-001  -0.000000e+000
    outer loop
      vertex -4.112513e+001 -3.414735e+001  1.200000e+001
      vertex -4.148156e+001 -3.368284e+001  2.000000e+000
      vertex -4.148156e+001 -3.368284e+001  1.200000e+001
    endloop
  endfacet
  facet normal  9.238789e-001  3.826850e-001  0.000000e+000
    outer loop
      vertex -4.148156e+001 -3.368284e+001  1.200000e+001
      vertex -4.148156e+001 -3.368284e+001  2.000000e+000
      vertex -4.170562e+001 -3.314190e+001  2.000000e+000
    endloop
  endfacet
  facet normal  9.238789e-001  3.826850e-001  -0.000000e+000
    outer loop
      vertex -4.148156e+001 -3.368284e+001  1.200000e+001
      vertex -4.170562e+001 -3.314190e+001  2.000000e+000
      vertex -4.170562e+001 -3.314190e+001  1.200000e+001
    endloop
  endfacet
  facet normal  9.914450e-001  1.305256e-001  0.000000e+000
    outer loop
      vertex -4.170562e+001 -3.314190e+001  1.200000e+001
      vertex -4.170562e+001 -3.314190e+001  2.000000e+000
      vertex -4.178205e+001 -3.256141e+001  2.000000e+000
    endloop
  endfacet
  facet normal  9.914450e-001  1.305256e-001  -0.000000e+000
    outer loop
      vertex -4.170562e+001 -3.314190e+001  1.200000e+001
      vertex -4.178205e+001 -3.256141e+001  2.000000e+000
      vertex -4.178205e+001 -3.256141e+001  1.200000e+001
    endloop
  endfacet
  facet normal  1.305288e-001 -9.914445e-001  0.000000e+000
    outer loop
      vertex -3.953918e+001 -3.031853e+001  2.000000e+000
      vertex -4.011967e+001 -3.039496e+001  1.200000e+001
      vertex -4.011967e+001 -3.039496e+001  2.000000e+000
    endloop
  endfacet
  facet normal  3.826822e-001 -9.238800e-001  0.000000e+000
    outer loop
      vertex -4.011967e+001 -3.039496e+001  2.000000e+000
      vertex -4.011967e+001 -3.039496e+001  1.200000e+001
      vertex -4.066061e+001 -3.061902e+001  1.200000e+001
    endloop
  endfacet
  facet normal  3.826822e-001 -9.238800e-001  0.000000e+000
    outer loop
      vertex -4.011967e+001 -3.039496e+001  2.000000e+000
      vertex -4.066061e+001 -3.061902e+001  1.200000e+001
      vertex -4.066061e+001 -3.061902e+001  2.000000e+000
    endloop
  endfacet
  facet normal  6.087598e-001 -7.933546e-001  0.000000e+000
    outer loop
      vertex -4.066061e+001 -3.061902e+001  2.000000e+000
      vertex -4.066061e+001 -3.061902e+001  1.200000e+001
      vertex -4.112513e+001 -3.097546e+001  1.200000e+001
    endloop
  endfacet
  facet normal  6.087598e-001 -7.933546e-001  0.000000e+000
    outer loop
      vertex -4.066061e+001 -3.061902e+001  2.000000e+000
      vertex -4.112513e+001 -3.097546e+001  1.200000e+001
      vertex -4.112513e+001 -3.097546e+001  2.000000e+000
    endloop
  endfacet
  facet normal  7.933535e-001 -6.087614e-001  0.000000e+000
    outer loop
      vertex -4.112513e+001 -3.097546e+001  2.000000e+000
      vertex -4.112513e+001 -3.097546e+001  1.200000e+001
      vertex -4.148156e+001 -3.143997e+001  1.200000e+001
    endloop
  endfacet
  facet normal  7.933535e-001 -6.087614e-001  0.000000e+000
    outer loop
      vertex -4.112513e+001 -3.097546e+001  2.000000e+000
      vertex -4.148156e+001 -3.143997e+001  1.200000e+001
      vertex -4.148156e+001 -3.143997e+001  2.000000e+000
    endloop
  endfacet
  facet normal  9.238794e-001 -3.826838e-001  0.000000e+000
    outer loop
      vertex -4.148156e+001 -3.143997e+001  2.000000e+000
      vertex -4.148156e+001 -3.143997e+001  1.200000e+001
      vertex -4.170562e+001 -3.198091e+001  1.200000e+001
    endloop
  endfacet
  facet normal  9.238794e-001 -3.826838e-001  0.000000e+000
    outer loop
      vertex -4.148156e+001 -3.143997e+001  2.000000e+000
      vertex -4.170562e+001 -3.198091e+001  1.200000e+001
      vertex -4.170562e+001 -3.198091e+001  2.000000e+000
    endloop
  endfacet
  facet normal  9.914450e-001 -1.305256e-001  0.000000e+000
    outer loop
      vertex -4.170562e+001 -3.198091e+001  2.000000e+000
      vertex -4.170562e+001 -3.198091e+001  1.200000e+001
      vertex -4.178205e+001 -3.256141e+001  1.200000e+001
    endloop
  endfacet
  facet normal  9.914450e-001 -1.305256e-001  0.000000e+000
    outer loop
      vertex -4.170562e+001 -3.198091e+001  2.000000e+000
      vertex -4.178205e+001 -3.256141e+001  1.200000e+001
      vertex -4.178205e+001 -3.256141e+001  2.000000e+000
    endloop
  endfacet
  facet normal  1.305288e-001 -9.914445e-001  0.000000e+000
    outer loop
      vertex -4.011967e+001 -3.039496e+001  1.200000e+001
      vertex -3.953918e+001 -3.031853e+001  2.000000e+000
      vertex -3.953918e+001 -3.031853e+001  1.200000e+001
    endloop
  endfacet
  facet normal -1.305288e-001 -9.914445e-001  -0.000000e+000
    outer loop
      vertex -3.953918e+001 -3.031853e+001  1.200000e+001
      vertex -3.953918e+001 -3.031853e+001  2.000000e+000
      vertex -3.895868e+001 -3.039496e+001  2.000000e+000
    endloop
  endfacet
  facet normal -1.305288e-001 -9.914445e-001  0.000000e+000
    outer loop
      vertex -3.953918e+001 -3.031853e+001  1.200000e+001
      vertex -3.895868e+001 -3.039496e+001  2.000000e+000
      vertex -3.895868e+001 -3.039496e+001  1.200000e+001
    endloop
  endfacet
  facet normal -3.826822e-001 -9.238800e-001  -0.000000e+000
    outer loop
      vertex -3.895868e+001 -3.039496e+001  1.200000e+001
      vertex -3.895868e+001 -3.039496e+001  2.000000e+000
      vertex -3.841774e+001 -3.061902e+001  2.000000e+000
    endloop
  endfacet
  facet normal -3.826822e-001 -9.238800e-001  0.000000e+000
    outer loop
      vertex -3.895868e+001 -3.039496e+001  1.200000e+001
      vertex -3.841774e+001 -3.061902e+001  2.000000e+000
      vertex -3.841774e+001 -3.061902e+001  1.200000e+001
    endloop
  endfacet
  facet normal -6.087598e-001 -7.933546e-001  -0.000000e+000
    outer loop
      vertex -3.841774e+001 -3.061902e+001  1.200000e+001
      vertex -3.841774e+001 -3.061902e+001  2.000000e+000
      vertex -3.795323e+001 -3.097546e+001  2.000000e+000
    endloop
  endfacet
  facet normal -6.087598e-001 -7.933546e-001  0.000000e+000
    outer loop
      vertex -3.841774e+001 -3.061902e+001  1.200000e+001
      vertex -3.795323e+001 -3.097546e+001  2.000000e+000
      vertex -3.795323e+001 -3.097546e+001  1.200000e+001
    endloop
  endfacet
  facet normal -7.933535e-001 -6.087614e-001  -0.000000e+000
    outer loop
      vertex -3.795323e+001 -3.097546e+001  1.200000e+001
      vertex -3.795323e+001 -3.097546e+001  2.000000e+000
      vertex -3.759679e+001 -3.143997e+001  2.000000e+000
    endloop
  endfacet
  facet normal -7.933535e-001 -6.087614e-001  0.000000e+000
    outer loop
      vertex -3.795323e+001 -3.097546e+001  1.200000e+001
      vertex -3.759679e+001 -3.143997e+001  2.000000e+000
      vertex -3.759679e+001 -3.143997e+001  1.200000e+001
    endloop
  endfacet
  facet normal -9.238794e-001 -3.826838e-001  -0.000000e+000
    outer loop
      vertex -3.759679e+001 -3.143997e+001  1.200000e+001
      vertex -3.759679e+001 -3.143997e+001  2.000000e+000
      vertex -3.737273e+001 -3.198091e+001  2.000000e+000
    endloop
  endfacet
  facet normal -9.238794e-001 -3.826838e-001  0.000000e+000
    outer loop
      vertex -3.759679e+001 -3.143997e+001  1.200000e+001
      vertex -3.737273e+001 -3.198091e+001  2.000000e+000
      vertex -3.737273e+001 -3.198091e+001  1.200000e+001
    endloop
  endfacet
  facet normal -9.914450e-001 -1.305256e-001  -0.000000e+000
    outer loop
      vertex -3.737273e+001 -3.198091e+001  1.200000e+001
      vertex -3.737273e+001 -3.198091e+001  2.000000e+000
      vertex -3.729631e+001 -3.256141e+001  2.000000e+000
    endloop
  endfacet
  facet normal -9.914450e-001 -1.305256e-001  0.000000e+000
    outer loop
      vertex -3.737273e+001 -3.198091e+001  1.200000e+001
      vertex -3.729631e+001 -3.256141e+001  2.000000e+000
      vertex -3.729631e+001 -3.256141e+001  1.200000e+001
    endloop
  endfacet
  facet normal -1.305288e-001  9.914445e-001  0.000000e+000
    outer loop
      vertex -3.953918e+001 -2.786855e+001  2.000000e+000
      vertex -3.895868e+001 -2.779213e+001  1.200000e+001
      vertex -3.895868e+001 -2.779213e+001  2.000000e+000
    endloop
  endfacet
  facet normal -3.826822e-001  9.238800e-001  0.000000e+000
    outer loop
      vertex -3.895868e+001 -2.779213e+001  2.000000e+000
      vertex -3.895868e+001 -2.779213e+001  1.200000e+001
      vertex -3.841774e+001 -2.756807e+001  1.200000e+001
    endloop
  endfacet
  facet normal -3.826822e-001  9.238800e-001  0.000000e+000
    outer loop
      vertex -3.895868e+001 -2.779213e+001  2.000000e+000
      vertex -3.841774e+001 -2.756807e+001  1.200000e+001
      vertex -3.841774e+001 -2.756807e+001  2.000000e+000
    endloop
  endfacet
  facet normal -6.087598e-001  7.933546e-001  0.000000e+000
    outer loop
      vertex -3.841774e+001 -2.756807e+001  2.000000e+000
      vertex -3.841774e+001 -2.756807e+001  1.200000e+001
      vertex -3.795323e+001 -2.721163e+001  1.200000e+001
    endloop
  endfacet
  facet normal -6.087598e-001  7.933546e-001  0.000000e+000
    outer loop
      vertex -3.841774e+001 -2.756807e+001  2.000000e+000
      vertex -3.795323e+001 -2.721163e+001  1.200000e+001
      vertex -3.795323e+001 -2.721163e+001  2.000000e+000
    endloop
  endfacet
  facet normal -7.933535e-001  6.087614e-001  0.000000e+000
    outer loop
      vertex -3.795323e+001 -2.721163e+001  2.000000e+000
      vertex -3.795323e+001 -2.721163e+001  1.200000e+001
      vertex -3.759679e+001 -2.674712e+001  1.200000e+001
    endloop
  endfacet
  facet normal -7.933535e-001  6.087614e-001  0.000000e+000
    outer loop
      vertex -3.795323e+001 -2.721163e+001  2.000000e+000
      vertex -3.759679e+001 -2.674712e+001  1.200000e+001
      vertex -3.759679e+001 -2.674712e+001  2.000000e+000
    endloop
  endfacet
  facet normal -9.238794e-001  3.826838e-001  0.000000e+000
    outer loop
      vertex -3.759679e+001 -2.674712e+001  2.000000e+000
      vertex -3.759679e+001 -2.674712e+001  1.200000e+001
      vertex -3.737273e+001 -2.620618e+001  1.200000e+001
    endloop
  endfacet
  facet normal -9.238794e-001  3.826838e-001  0.000000e+000
    outer loop
      vertex -3.759679e+001 -2.674712e+001  2.000000e+000
      vertex -3.737273e+001 -2.620618e+001  1.200000e+001
      vertex -3.737273e+001 -2.620618e+001  2.000000e+000
    endloop
  endfacet
  facet normal -9.914450e-001  1.305256e-001  0.000000e+000
    outer loop
      vertex -3.737273e+001 -2.620618e+001  2.000000e+000
      vertex -3.737273e+001 -2.620618e+001  1.200000e+001
      vertex -3.729631e+001 -2.562568e+001  1.200000e+001
    endloop
  endfacet
  facet normal -9.914450e-001  1.305256e-001  0.000000e+000
    outer loop
      vertex -3.737273e+001 -2.620618e+001  2.000000e+000
      vertex -3.729631e+001 -2.562568e+001  1.200000e+001
      vertex -3.729631e+001 -2.562568e+001  2.000000e+000
    endloop
  endfacet
  facet normal -1.305288e-001  9.914445e-001  0.000000e+000
    outer loop
      vertex -3.895868e+001 -2.779213e+001  1.200000e+001
      vertex -3.953918e+001 -2.786855e+001  2.000000e+000
      vertex -3.953918e+001 -2.786855e+001  1.200000e+001
    endloop
  endfacet
  facet normal  1.305288e-001  9.914445e-001  0.000000e+000
    outer loop
      vertex -3.953918e+001 -2.786855e+001  1.200000e+001
      vertex -3.953918e+001 -2.786855e+001  2.000000e+000
      vertex -4.011967e+001 -2.779213e+001  2.000000e+000
    endloop
  endfacet
  facet normal  1.305288e-001  9.914445e-001  -0.000000e+000
    outer loop
      vertex -3.953918e+001 -2.786855e+001  1.200000e+001
      vertex -4.011967e+001 -2.779213e+001  2.000000e+000
      vertex -4.011967e+001 -2.779213e+001  1.200000e+001
    endloop
  endfacet
  facet normal  3.826822e-001  9.238800e-001  0.000000e+000
    outer loop
      vertex -4.011967e+001 -2.779213e+001  1.200000e+001
      vertex -4.011967e+001 -2.779213e+001  2.000000e+000
      vertex -4.066061e+001 -2.756807e+001  2.000000e+000
    endloop
  endfacet
  facet normal  3.826822e-001  9.238800e-001  -0.000000e+000
    outer loop
      vertex -4.011967e+001 -2.779213e+001  1.200000e+001
      vertex -4.066061e+001 -2.756807e+001  2.000000e+000
      vertex -4.066061e+001 -2.756807e+001  1.200000e+001
    endloop
  endfacet
  facet normal  6.087598e-001  7.933546e-001  0.000000e+000
    outer loop
      vertex -4.066061e+001 -2.756807e+001  1.200000e+001
      vertex -4.066061e+001 -2.756807e+001  2.000000e+000
      vertex -4.112513e+001 -2.721163e+001  2.000000e+000
    endloop
  endfacet
  facet normal  6.087598e-001  7.933546e-001  -0.000000e+000
    outer loop
      vertex -4.066061e+001 -2.756807e+001  1.200000e+001
      vertex -4.112513e+001 -2.721163e+001  2.000000e+000
      vertex -4.112513e+001 -2.721163e+001  1.200000e+001
    endloop
  endfacet
  facet normal  7.933535e-001  6.087614e-001  0.000000e+000
    outer loop
      vertex -4.112513e+001 -2.721163e+001  1.200000e+001
      vertex -4.112513e+001 -2.721163e+001  2.000000e+000
      vertex -4.148156e+001 -2.674712e+001  2.000000e+000
    endloop
  endfacet
  facet normal  7.933535e-001  6.087614e-001  -0.000000e+000
    outer loop
      vertex -4.112513e+001 -2.721163e+001  1.200000e+001
      vertex -4.148156e+001 -2.674712e+001  2.000000e+000
      vertex -4.148156e+001 -2.674712e+001  1.200000e+001
    endloop
  endfacet
  facet normal  9.238794e-001  3.826838e-001  0.000000e+000
    outer loop
      vertex -4.148156e+001 -2.674712e+001  1.200000e+001
      vertex -4.148156e+001 -2.674712e+001  2.000000e+000
      vertex -4.170562e+001 -2.620618e+001  2.000000e+000
    endloop
  endfacet
  facet normal  9.238794e-001  3.826838e-001  -0.000000e+000
    outer loop
      vertex -4.148156e+001 -2.674712e+001  1.200000e+001
      vertex -4.170562e+001 -2.620618e+001  2.000000e+000
      vertex -4.170562e+001 -2.620618e+001  1.200000e+001
    endloop
  endfacet
  facet normal  9.914450e-001  1.305256e-001  0.000000e+000
    outer loop
      vertex -4.170562e+001 -2.620618e+001  1.200000e+001
      vertex -4.170562e+001 -2.620618e+001  2.000000e+000
      vertex -4.178205e+001 -2.562568e+001  2.000000e+000
    endloop
  endfacet
  facet normal  9.914450e-001  1.305256e-001  -0.000000e+000
    outer loop
      vertex -4.170562e+001 -2.620618e+001  1.200000e+001
      vertex -4.178205e+001 -2.562568e+001  2.000000e+000
      vertex -4.178205e+001 -2.562568e+001  1.200000e+001
    endloop
  endfacet
  facet normal  1.305288e-001 -9.914445e-001  0.000000e+000
    outer loop
      vertex -3.953918e+001 -2.338281e+001  2.000000e+000
      vertex -4.011967e+001 -2.345924e+001  1.200000e+001
      vertex -4.011967e+001 -2.345924e+001  2.000000e+000
    endloop
  endfacet
  facet normal  3.826822e-001 -9.238800e-001  0.000000e+000
    outer loop
      vertex -4.011967e+001 -2.345924e+001  2.000000e+000
      vertex -4.011967e+001 -2.345924e+001  1.200000e+001
      vertex -4.066061e+001 -2.368330e+001  1.200000e+001
    endloop
  endfacet
  facet normal  3.826822e-001 -9.238800e-001  0.000000e+000
    outer loop
      vertex -4.011967e+001 -2.345924e+001  2.000000e+000
      vertex -4.066061e+001 -2.368330e+001  1.200000e+001
      vertex -4.066061e+001 -2.368330e+001  2.000000e+000
    endloop
  endfacet
  facet normal  6.087598e-001 -7.933546e-001  0.000000e+000
    outer loop
      vertex -4.066061e+001 -2.368330e+001  2.000000e+000
      vertex -4.066061e+001 -2.368330e+001  1.200000e+001
      vertex -4.112513e+001 -2.403973e+001  1.200000e+001
    endloop
  endfacet
  facet normal  6.087598e-001 -7.933546e-001  0.000000e+000
    outer loop
      vertex -4.066061e+001 -2.368330e+001  2.000000e+000
      vertex -4.112513e+001 -2.403973e+001  1.200000e+001
      vertex -4.112513e+001 -2.403973e+001  2.000000e+000
    endloop
  endfacet
  facet normal  7.933535e-001 -6.087614e-001  0.000000e+000
    outer loop
      vertex -4.112513e+001 -2.403973e+001  2.000000e+000
      vertex -4.112513e+001 -2.403973e+001  1.200000e+001
      vertex -4.148156e+001 -2.450425e+001  1.200000e+001
    endloop
  endfacet
  facet normal  7.933535e-001 -6.087614e-001  0.000000e+000
    outer loop
      vertex -4.112513e+001 -2.403973e+001  2.000000e+000
      vertex -4.148156e+001 -2.450425e+001  1.200000e+001
      vertex -4.148156e+001 -2.450425e+001  2.000000e+000
    endloop
  endfacet
  facet normal  9.238794e-001 -3.826838e-001  0.000000e+000
    outer loop
      vertex -4.148156e+001 -2.450425e+001  2.000000e+000
      vertex -4.148156e+001 -2.450425e+001  1.200000e+001
      vertex -4.170562e+001 -2.504519e+001  1.200000e+001
    endloop
  endfacet
  facet normal  9.238794e-001 -3.826838e-001  0.000000e+000
    outer loop
      vertex -4.148156e+001 -2.450425e+001  2.000000e+000
      vertex -4.170562e+001 -2.504519e+001  1.200000e+001
      vertex -4.170562e+001 -2.504519e+001  2.000000e+000
    endloop
  endfacet
  facet normal  9.914450e-001 -1.305256e-001  0.000000e+000
    outer loop
      vertex -4.170562e+001 -2.504519e+001  2.000000e+000
      vertex -4.170562e+001 -2.504519e+001  1.200000e+001
      vertex -4.178205e+001 -2.562568e+001  1.200000e+001
    endloop
  endfacet
  facet normal  9.914450e-001 -1.305256e-001  0.000000e+000
    outer loop
      vertex -4.170562e+001 -2.504519e+001  2.000000e+000
      vertex -4.178205e+001 -2.562568e+001  1.200000e+001
      vertex -4.178205e+001 -2.562568e+001  2.000000e+000
    endloop
  endfacet
  facet normal  1.305288e-001 -9.914445e-001  0.000000e+000
    outer loop
      vertex -4.011967e+001 -2.345924e+001  1.200000e+001
      vertex -3.953918e+001 -2.338281e+001  2.000000e+000
      vertex -3.953918e+001 -2.338281e+001  1.200000e+001
    endloop
  endfacet
  facet normal -1.305288e-001 -9.914445e-001  -0.000000e+000
    outer loop
      vertex -3.953918e+001 -2.338281e+001  1.200000e+001
      vertex -3.953918e+001 -2.338281e+001  2.000000e+000
      vertex -3.895868e+001 -2.345924e+001  2.000000e+000
    endloop
  endfacet
  facet normal -1.305288e-001 -9.914445e-001  0.000000e+000
    outer loop
      vertex -3.953918e+001 -2.338281e+001  1.200000e+001
      vertex -3.895868e+001 -2.345924e+001  2.000000e+000
      vertex -3.895868e+001 -2.345924e+001  1.200000e+001
    endloop
  endfacet
  facet normal -3.826822e-001 -9.238800e-001  -0.000000e+000
    outer loop
      vertex -3.895868e+001 -2.345924e+001  1.200000e+001
      vertex -3.895868e+001 -2.345924e+001  2.000000e+000
      vertex -3.841774e+001 -2.368330e+001  2.000000e+000
    endloop
  endfacet
  facet normal -3.826822e-001 -9.238800e-001  0.000000e+000
    outer loop
      vertex -3.895868e+001 -2.345924e+001  1.200000e+001
      vertex -3.841774e+001 -2.368330e+001  2.000000e+000
      vertex -3.841774e+001 -2.368330e+001  1.200000e+001
    endloop
  endfacet
  facet normal -6.087598e-001 -7.933546e-001  -0.000000e+000
    outer loop
      vertex -3.841774e+001 -2.368330e+001  1.200000e+001
      vertex -3.841774e+001 -2.368330e+001  2.000000e+000
      vertex -3.795323e+001 -2.403973e+001  2.000000e+000
    endloop
  endfacet
  facet normal -6.087598e-001 -7.933546e-001  0.000000e+000
    outer loop
      vertex -3.841774e+001 -2.368330e+001  1.200000e+001
      vertex -3.795323e+001 -2.403973e+001  2.000000e+000
      vertex -3.795323e+001 -2.403973e+001  1.200000e+001
    endloop
  endfacet
  facet normal -7.933535e-001 -6.087614e-001  -0.000000e+000
    outer loop
      vertex -3.795323e+001 -2.403973e+001  1.200000e+001
      vertex -3.795323e+001 -2.403973e+001  2.000000e+000
      vertex -3.759679e+001 -2.450425e+001  2.000000e+000
    endloop
  endfacet
  facet normal -7.933535e-001 -6.087614e-001  0.000000e+000
    outer loop
      vertex -3.795323e+001 -2.403973e+001  1.200000e+001
      vertex -3.759679e+001 -2.450425e+001  2.000000e+000
      vertex -3.759679e+001 -2.450425e+001  1.200000e+001
    endloop
  endfacet
  facet normal -9.238794e-001 -3.826838e-001  -0.000000e+000
    outer loop
      vertex -3.759679e+001 -2.450425e+001  1.200000e+001
      vertex -3.759679e+001 -2.450425e+001  2.000000e+000
      vertex -3.737273e+001 -2.504519e+001  2.000000e+000
    endloop
  endfacet
  facet normal -9.238794e-001 -3.826838e-001  0.000000e+000
    outer loop
      vertex -3.759679e+001 -2.450425e+001  1.200000e+001
      vertex -3.737273e+001 -2.504519e+001  2.000000e+000
      vertex -3.737273e+001 -2.504519e+001  1.200000e+001
    endloop
  endfacet
  facet normal -9.914450e-001 -1.305256e-001  -0.000000e+000
    outer loop
      vertex -3.737273e+001 -2.504519e+001  1.200000e+001
      vertex -3.737273e+001 -2.504519e+001  2.000000e+000
      vertex -3.729631e+001 -2.562568e+001  2.000000e+000
    endloop
  endfacet
  facet normal -9.914450e-001 -1.305256e-001  0.000000e+000
    outer loop
      vertex -3.737273e+001 -2.504519e+001  1.200000e+001
      vertex -3.729631e+001 -2.562568e+001  2.000000e+000
      vertex -3.729631e+001 -2.562568e+001  1.200000e+001
    endloop
  endfacet
  facet normal  0.000000e+000  0.000000e+000  1.000000e+000
    outer loop
      vertex -8.407410e+000 -2.345924e+001  2.000000e+000
      vertex -7.246415e+000 -2.345924e+001  2.000000e+000
      vertex -7.826912e+000 -2.338281e+001  2.000000e+000
    endloop
  endfacet
  facet normal  -0.000000e+000  0.000000e+000  1.000000e+000
    outer loop
      vertex -7.246415e+000 -2.345924e+001  2.000000e+000
      vertex -8.407410e+000 -2.345924e+001  2.000000e+000
      vertex -6.705477e+000 -2.368330e+001  2.000000e+000
    endloop
  endfacet
  facet normal  0.000000e+000  0.000000e+000  1.000000e+000
    outer loop
      vertex -6.705477e+000 -2.368330e+001  2.000000e+000
      vertex -8.407410e+000 -2.345924e+001  2.000000e+000
      vertex -8.948347e+000 -2.368330e+001  2.000000e+000
    endloop
  endfacet
  facet normal  -0.000000e+000  0.000000e+000  1.000000e+000
    outer loop
      vertex -6.705477e+000 -2.368330e+001  2.000000e+000
      vertex -8.948347e+000 -2.368330e+001  2.000000e+000
      vertex -6.240964e+000 -2.403973e+001  2.000000e+000
    endloop
  endfacet
  facet normal  0.000000e+000  0.000000e+000  1.000000e+000
    outer loop
      vertex -6.240964e+000 -2.403973e+001  2.000000e+000
      vertex -8.948347e+000 -2.368330e+001  2.000000e+000
      vertex -9.412860e+000 -2.403973e+001  2.000000e+000
    endloop
  endfacet
  facet normal  -0.000000e+000  0.000000e+000  9.999999e-001
    outer loop
      vertex -6.240964e+000 -2.403973e+001  2.000000e+000
      vertex -9.412860e+000 -2.403973e+001  2.000000e+000
      vertex -5.884530e+000 -2.450425e+001  2.000000e+000
    endloop
  endfacet
  facet normal  0.000000e+000  0.000000e+000  9.999999e-001
    outer loop
      vertex -5.884530e+000 -2.450425e+001  2.000000e+000
      vertex -9.412860e+000 -2.403973e+001  2.000000e+000
      vertex -9.769294e+000 -2.450425e+001  2.000000e+000
    endloop
  endfacet
  facet normal  -0.000000e+000  0.000000e+000  1.000000e+000
    outer loop
      vertex -5.884530e+000 -2.450425e+001  2.000000e+000
      vertex -9.769294e+000 -2.450425e+001  2.000000e+000
      vertex -5.660467e+000 -2.504519e+001  2.000000e+000
    endloop
  endfacet
  facet normal  0.000000e+000  0.000000e+000  1.000000e+000
    outer loop
      vertex -5.660467e+000 -2.504519e+001  2.000000e+000
      vertex -9.769294e+000 -2.450425e+001  2.000000e+000
      vertex -9.993358e+000 -2.504519e+001  2.000000e+000
    endloop
  endfacet
  facet normal  -0.000000e+000  0.000000e+000  1.000000e+000
    outer loop
      vertex -5.660467e+000 -2.504519e+001  2.000000e+000
      vertex -9.993358e+000 -2.504519e+001  2.000000e+000
      vertex -5.584043e+000 -2.562568e+001  2.000000e+000
    endloop
  endfacet
  facet normal  0.000000e+000  0.000000e+000  9.999999e-001
    outer loop
      vertex -5.584043e+000 -2.562568e+001  2.000000e+000
      vertex -9.993358e+000 -2.504519e+001  2.000000e+000
      vertex -1.006978e+001 -2.562568e+001  2.000000e+000
    endloop
  endfacet
  facet normal  -0.000000e+000  0.000000e+000  9.999999e-001
    outer loop
      vertex -5.584043e+000 -2.562568e+001  2.000000e+000
      vertex -1.006978e+001 -2.562568e+001  2.000000e+000
      vertex -5.660467e+000 -2.620618e+001  2.000000e+000
    endloop
  endfacet
  facet normal  0.000000e+000  0.000000e+000  1.000000e+000
    outer loop
      vertex -5.660467e+000 -2.620618e+001  2.000000e+000
      vertex -1.006978e+001 -2.562568e+001  2.000000e+000
      vertex -9.993358e+000 -2.620618e+001  2.000000e+000
    endloop
  endfacet
  facet normal  -0.000000e+000  0.000000e+000  1.000000e+000
    outer loop
      vertex -5.660467e+000 -2.620618e+001  2.000000e+000
      vertex -9.993358e+000 -2.620618e+001  2.000000e+000
      vertex -5.884530e+000 -2.674712e+001  2.000000e+000
    endloop
  endfacet
  facet normal  0.000000e+000  0.000000e+000  1.000000e+000
    outer loop
      vertex -5.884530e+000 -2.674712e+001  2.000000e+000
      vertex -9.993358e+000 -2.620618e+001  2.000000e+000
      vertex -9.769294e+000 -2.674712e+001  2.000000e+000
    endloop
  endfacet
  facet normal  -0.000000e+000  0.000000e+000  9.999999e-001
    outer loop
      vertex -5.884530e+000 -2.674712e+001  2.000000e+000
      vertex -9.769294e+000 -2.674712e+001  2.000000e+000
      vertex -6.240964e+000 -2.721163e+001  2.000000e+000
    endloop
  endfacet
  facet normal  0.000000e+000  0.000000e+000  9.999999e-001
    outer loop
      vertex -6.240964e+000 -2.721163e+001  2.000000e+000
      vertex -9.769294e+000 -2.674712e+001  2.000000e+000
      vertex -9.412860e+000 -2.721163e+001  2.000000e+000
    endloop
  endfacet
  facet normal  -0.000000e+000  0.000000e+000  1.000000e+000
    outer loop
      vertex -6.240964e+000 -2.721163e+001  2.000000e+000
      vertex -9.412860e+000 -2.721163e+001  2.000000e+000
      vertex -6.705477e+000 -2.756807e+001  2.000000e+000
    endloop
  endfacet
  facet normal  0.000000e+000  0.000000e+000  1.000000e+000
    outer loop
      vertex -6.705477e+000 -2.756807e+001  2.000000e+000
      vertex -9.412860e+000 -2.721163e+001  2.000000e+000
      vertex -8.948347e+000 -2.756807e+001  2.000000e+000
    endloop
  endfacet
  facet normal  -0.000000e+000  0.000000e+000  1.000000e+000
    outer loop
      vertex -6.705477e+000 -2.756807e+001  2.000000e+000
      vertex -8.948347e+000 -2.756807e+001  2.000000e+000
      vertex -7.246415e+000 -2.779213e+001  2.000000e+000
    endloop
  endfacet
  facet normal  0.000000e+000  0.000000e+000  1.000000e+000
    outer loop
      vertex -7.246415e+000 -2.779213e+001  2.000000e+000
      vertex -8.948347e+000 -2.756807e+001  2.000000e+000
      vertex -8.407410e+000 -2.779213e+001  2.000000e+000
    endloop
  endfacet
  facet normal  -0.000000e+000  0.000000e+000  1.000000e+000
    outer loop
      vertex -7.246415e+000 -2.779213e+001  2.000000e+000
      vertex -8.407410e+000 -2.779213e+001  2.000000e+000
      vertex -7.826912e+000 -2.786855e+001  2.000000e+000
    endloop
  endfacet
  facet normal  0.000000e+000  0.000000e+000  1.000000e+000
    outer loop
      vertex -8.407410e+000 -3.039496e+001  2.000000e+000
      vertex -7.246415e+000 -3.039496e+001  2.000000e+000
      vertex -7.826912e+000 -3.031853e+001  2.000000e+000
    endloop
  endfacet
  facet normal  -0.000000e+000  0.000000e+000  1.000000e+000
    outer loop
      vertex -7.246415e+000 -3.039496e+001  2.000000e+000
      vertex -8.407410e+000 -3.039496e+001  2.000000e+000
      vertex -6.705477e+000 -3.061902e+001  2.000000e+000
    endloop
  endfacet
  facet normal  0.000000e+000  0.000000e+000  1.000000e+000
    outer loop
      vertex -6.705477e+000 -3.061902e+001  2.000000e+000
      vertex -8.407410e+000 -3.039496e+001  2.000000e+000
      vertex -8.948347e+000 -3.061902e+001  2.000000e+000
    endloop
  endfacet
  facet normal  -0.000000e+000  0.000000e+000  1.000000e+000
    outer loop
      vertex -6.705477e+000 -3.061902e+001  2.000000e+000
      vertex -8.948347e+000 -3.061902e+001  2.000000e+000
      vertex -6.240964e+000 -3.097546e+001  2.000000e+000
    endloop
  endfacet
  facet normal  0.000000e+000  0.000000e+000  1.000000e+000
    outer loop
      vertex -6.240964e+000 -3.097546e+001  2.000000e+000
      vertex -8.948347e+000 -3.061902e+001  2.000000e+000
      vertex -9.412860e+000 -3.097546e+001  2.000000e+000
    endloop
  endfacet
  facet normal  -0.000000e+000  0.000000e+000  9.999999e-001
    outer loop
      vertex -6.240964e+000 -3.097546e+001  2.000000e+000
      vertex -9.412860e+000 -3.097546e+001  2.000000e+000
      vertex -5.884530e+000 -3.143997e+001  2.000000e+000
    endloop
  endfacet
  facet normal  0.000000e+000  0.000000e+000  9.999999e-001
    outer loop
      vertex -5.884530e+000 -3.143997e+001  2.000000e+000
      vertex -9.412860e+000 -3.097546e+001  2.000000e+000
      vertex -9.769294e+000 -3.143997e+001  2.000000e+000
    endloop
  endfacet
  facet normal  -0.000000e+000  0.000000e+000  1.000000e+000
    outer loop
      vertex -5.884530e+000 -3.143997e+001  2.000000e+000
      vertex -9.769294e+000 -3.143997e+001  2.000000e+000
      vertex -5.660467e+000 -3.198091e+001  2.000000e+000
    endloop
  endfacet
  facet normal  0.000000e+000  0.000000e+000  1.000000e+000
    outer loop
      vertex -5.660467e+000 -3.198091e+001  2.000000e+000
      vertex -9.769294e+000 -3.143997e+001  2.000000e+000
      vertex -9.993358e+000 -3.198091e+001  2.000000e+000
    endloop
  endfacet
  facet normal  -0.000000e+000  0.000000e+000  1.000000e+000
    outer loop
      vertex -5.660467e+000 -3.198091e+001  2.000000e+000
      vertex -9.993358e+000 -3.198091e+001  2.000000e+000
      vertex -5.584043e+000 -3.256141e+001  2.000000e+000
    endloop
  endfacet
  facet normal  0.000000e+000  0.000000e+000  9.999999e-001
    outer loop
      vertex -5.584043e+000 -3.256141e+001  2.000000e+000
      vertex -9.993358e+000 -3.198091e+001  2.000000e+000
      vertex -1.006978e+001 -3.256141e+001  2.000000e+000
    endloop
  endfacet
  facet normal  -0.000000e+000  0.000000e+000  9.999999e-001
    outer loop
      vertex -5.584043e+000 -3.256141e+001  2.000000e+000
      vertex -1.006978e+001 -3.256141e+001  2.000000e+000
      vertex -5.660467e+000 -3.314190e+001  2.000000e+000
    endloop
  endfacet
  facet normal  0.000000e+000  0.000000e+000  1.000000e+000
    outer loop
      vertex -5.660467e+000 -3.314190e+001  2.000000e+000
      vertex -1.006978e+001 -3.256141e+001  2.000000e+000
      vertex -9.993358e+000 -3.314190e+001  2.000000e+000
    endloop
  endfacet
  facet normal  -0.000000e+000  0.000000e+000  1.000000e+000
    outer loop
      vertex -5.660467e+000 -3.314190e+001  2.000000e+000
      vertex -9.993358e+000 -3.314190e+001  2.000000e+000
      vertex -5.884530e+000 -3.368284e+001  2.000000e+000
    endloop
  endfacet
  facet normal  0.000000e+000  0.000000e+000  1.000000e+000
    outer loop
      vertex -5.884530e+000 -3.368284e+001  2.000000e+000
      vertex -9.993358e+000 -3.314190e+001  2.000000e+000
      vertex -9.769294e+000 -3.368284e+001  2.000000e+000
    endloop
  endfacet
  facet normal  -0.000000e+000  0.000000e+000  1.000000e+000
    outer loop
      vertex -5.884530e+000 -3.368284e+001  2.000000e+000
      vertex -9.769294e+000 -3.368284e+001  2.000000e+000
      vertex -6.240964e+000 -3.414735e+001  2.000000e+000
    endloop
  endfacet
  facet normal  0.000000e+000  0.000000e+000  9.999999e-001
    outer loop
      vertex -6.240964e+000 -3.414735e+001  2.000000e+000
      vertex -9.769294e+000 -3.368284e+001  2.000000e+000
      vertex -9.412860e+000 -3.414735e+001  2.000000e+000
    endloop
  endfacet
  facet normal  -0.000000e+000  0.000000e+000  1.000000e+000
    outer loop
      vertex -6.240964e+000 -3.414735e+001  2.000000e+000
      vertex -9.412860e+000 -3.414735e+001  2.000000e+000
      vertex -6.705477e+000 -3.450379e+001  2.000000e+000
    endloop
  endfacet
  facet normal  0.000000e+000  0.000000e+000  1.000000e+000
    outer loop
      vertex -6.705477e+000 -3.450379e+001  2.000000e+000
      vertex -9.412860e+000 -3.414735e+001  2.000000e+000
      vertex -8.948347e+000 -3.450379e+001  2.000000e+000
    endloop
  endfacet
  facet normal  -0.000000e+000  0.000000e+000  1.000000e+000
    outer loop
      vertex -6.705477e+000 -3.450379e+001  2.000000e+000
      vertex -8.948347e+000 -3.450379e+001  2.000000e+000
      vertex -7.246415e+000 -3.472785e+001  2.000000e+000
    endloop
  endfacet
  facet normal  0.000000e+000  0.000000e+000  1.000000e+000
    outer loop
      vertex -7.246415e+000 -3.472785e+001  2.000000e+000
      vertex -8.948347e+000 -3.450379e+001  2.000000e+000
      vertex -8.407410e+000 -3.472785e+001  2.000000e+000
    endloop
  endfacet
  facet normal  -0.000000e+000  0.000000e+000  9.999999e-001
    outer loop
      vertex -7.246415e+000 -3.472785e+001  2.000000e+000
      vertex -8.407410e+000 -3.472785e+001  2.000000e+000
      vertex -7.826912e+000 -3.480428e+001  2.000000e+000
    endloop
  endfacet
  facet normal  0.000000e+000  0.000000e+000  1.000000e+000
    outer loop
      vertex -1.633548e+001 -2.345924e+001  2.000000e+000
      vertex -1.517448e+001 -2.345924e+001  2.000000e+000
      vertex -1.575498e+001 -2.338281e+001  2.000000e+000
    endloop
  endfacet
  facet normal  -0.000000e+000  0.000000e+000  1.000000e+000
    outer loop
      vertex -1.517448e+001 -2.345924e+001  2.000000e+000
      vertex -1.633548e+001 -2.345924e+001  2.000000e+000
      vertex -1.463354e+001 -2.368330e+001  2.000000e+000
    endloop
  endfacet
  facet normal  0.000000e+000  0.000000e+000  1.000000e+000
    outer loop
      vertex -1.463354e+001 -2.368330e+001  2.000000e+000
      vertex -1.633548e+001 -2.345924e+001  2.000000e+000
      vertex -1.687641e+001 -2.368330e+001  2.000000e+000
    endloop
  endfacet
  facet normal  -0.000000e+000  0.000000e+000  9.999999e-001
    outer loop
      vertex -1.463354e+001 -2.368330e+001  2.000000e+000
      vertex -1.687641e+001 -2.368330e+001  2.000000e+000
      vertex -1.416903e+001 -2.403973e+001  2.000000e+000
    endloop
  endfacet
  facet normal  0.000000e+000  0.000000e+000  1.000000e+000
    outer loop
      vertex -1.416903e+001 -2.403973e+001  2.000000e+000
      vertex -1.687641e+001 -2.368330e+001  2.000000e+000
      vertex -1.734093e+001 -2.403973e+001  2.000000e+000
    endloop
  endfacet
  facet normal  -0.000000e+000  0.000000e+000  1.000000e+000
    outer loop
      vertex -1.416903e+001 -2.403973e+001  2.000000e+000
      vertex -1.734093e+001 -2.403973e+001  2.000000e+000
      vertex -1.381260e+001 -2.450425e+001  2.000000e+000
    endloop
  endfacet
  facet normal  0.000000e+000  0.000000e+000  9.999999e-001
    outer loop
      vertex -1.381260e+001 -2.450425e+001  2.000000e+000
      vertex -1.734093e+001 -2.403973e+001  2.000000e+000
      vertex -1.769736e+001 -2.450425e+001  2.000000e+000
    endloop
  endfacet
  facet normal  -0.000000e+000  0.000000e+000  1.000000e+000
    outer loop
      vertex -1.381260e+001 -2.450425e+001  2.000000e+000
      vertex -1.769736e+001 -2.450425e+001  2.000000e+000
      vertex -1.358853e+001 -2.504519e+001  2.000000e+000
    endloop
  endfacet
  facet normal  0.000000e+000  0.000000e+000  9.999999e-001
    outer loop
      vertex -1.358853e+001 -2.504519e+001  2.000000e+000
      vertex -1.769736e+001 -2.450425e+001  2.000000e+000
      vertex -1.792142e+001 -2.504519e+001  2.000000e+000
    endloop
  endfacet
  facet normal  -0.000000e+000  0.000000e+000  1.000000e+000
    outer loop
      vertex -1.358853e+001 -2.504519e+001  2.000000e+000
      vertex -1.792142e+001 -2.504519e+001  2.000000e+000
      vertex -1.351211e+001 -2.562568e+001  2.000000e+000
    endloop
  endfacet
  facet normal  0.000000e+000  0.000000e+000  1.000000e+000
    outer loop
      vertex -1.351211e+001 -2.562568e+001  2.000000e+000
      vertex -1.792142e+001 -2.504519e+001  2.000000e+000
      vertex -1.799785e+001 -2.562568e+001  2.000000e+000
    endloop
  endfacet
  facet normal  -0.000000e+000  0.000000e+000  1.000000e+000
    outer loop
      vertex -1.351211e+001 -2.562568e+001  2.000000e+000
      vertex -1.799785e+001 -2.562568e+001  2.000000e+000
      vertex -1.358853e+001 -2.620618e+001  2.000000e+000
    endloop
  endfacet
  facet normal  0.000000e+000  0.000000e+000  1.000000e+000
    outer loop
      vertex -1.358853e+001 -2.620618e+001  2.000000e+000
      vertex -1.799785e+001 -2.562568e+001  2.000000e+000
      vertex -1.792142e+001 -2.620618e+001  2.000000e+000
    endloop
  endfacet
  facet normal  -0.000000e+000  0.000000e+000  9.999999e-001
    outer loop
      vertex -1.358853e+001 -2.620618e+001  2.000000e+000
      vertex -1.792142e+001 -2.620618e+001  2.000000e+000
      vertex -1.381260e+001 -2.674712e+001  2.000000e+000
    endloop
  endfacet
  facet normal  0.000000e+000  0.000000e+000  1.000000e+000
    outer loop
      vertex -1.381260e+001 -2.674712e+001  2.000000e+000
      vertex -1.792142e+001 -2.620618e+001  2.000000e+000
      vertex -1.769736e+001 -2.674712e+001  2.000000e+000
    endloop
  endfacet
  facet normal  -0.000000e+000  0.000000e+000  9.999999e-001
    outer loop
      vertex -1.381260e+001 -2.674712e+001  2.000000e+000
      vertex -1.769736e+001 -2.674712e+001  2.000000e+000
      vertex -1.416903e+001 -2.721163e+001  2.000000e+000
    endloop
  endfacet
  facet normal  0.000000e+000  0.000000e+000  1.000000e+000
    outer loop
      vertex -1.416903e+001 -2.721163e+001  2.000000e+000
      vertex -1.769736e+001 -2.674712e+001  2.000000e+000
      vertex -1.734093e+001 -2.721163e+001  2.000000e+000
    endloop
  endfacet
  facet normal  -0.000000e+000  0.000000e+000  1.000000e+000
    outer loop
      vertex -1.416903e+001 -2.721163e+001  2.000000e+000
      vertex -1.734093e+001 -2.721163e+001  2.000000e+000
      vertex -1.463354e+001 -2.756807e+001  2.000000e+000
    endloop
  endfacet
  facet normal  0.000000e+000  0.000000e+000  9.999999e-001
    outer loop
      vertex -1.463354e+001 -2.756807e+001  2.000000e+000
      vertex -1.734093e+001 -2.721163e+001  2.000000e+000
      vertex -1.687641e+001 -2.756807e+001  2.000000e+000
    endloop
  endfacet
  facet normal  -0.000000e+000  0.000000e+000  1.000000e+000
    outer loop
      vertex -1.463354e+001 -2.756807e+001  2.000000e+000
      vertex -1.687641e+001 -2.756807e+001  2.000000e+000
      vertex -1.517448e+001 -2.779213e+001  2.000000e+000
    endloop
  endfacet
  facet normal  0.000000e+000  0.000000e+000  1.000000e+000
    outer loop
      vertex -1.517448e+001 -2.779213e+001  2.000000e+000
      vertex -1.687641e+001 -2.756807e+001  2.000000e+000
      vertex -1.633548e+001 -2.779213e+001  2.000000e+000
    endloop
  endfacet
  facet normal  -0.000000e+000  0.000000e+000  1.000000e+000
    outer loop
      vertex -1.517448e+001 -2.779213e+001  2.000000e+000
      vertex -1.633548e+001 -2.779213e+001  2.000000e+000
      vertex -1.575498e+001 -2.786855e+001  2.000000e+000
    endloop
  endfacet
  facet normal  0.000000e+000  0.000000e+000  1.000000e+000
    outer loop
      vertex -1.633548e+001 -3.039496e+001  2.000000e+000
      vertex -1.517448e+001 -3.039496e+001  2.000000e+000
      vertex -1.575498e+001 -3.031853e+001  2.000000e+000
    endloop
  endfacet
  facet normal  -0.000000e+000  0.000000e+000  1.000000e+000
    outer loop
      vertex -1.517448e+001 -3.039496e+001  2.000000e+000
      vertex -1.633548e+001 -3.039496e+001  2.000000e+000
      vertex -1.463354e+001 -3.061902e+001  2.000000e+000
    endloop
  endfacet
  facet normal  0.000000e+000  0.000000e+000  1.000000e+000
    outer loop
      vertex -1.463354e+001 -3.061902e+001  2.000000e+000
      vertex -1.633548e+001 -3.039496e+001  2.000000e+000
      vertex -1.687641e+001 -3.061902e+001  2.000000e+000
    endloop
  endfacet
  facet normal  -0.000000e+000  0.000000e+000  9.999999e-001
    outer loop
      vertex -1.463354e+001 -3.061902e+001  2.000000e+000
      vertex -1.687641e+001 -3.061902e+001  2.000000e+000
      vertex -1.416903e+001 -3.097546e+001  2.000000e+000
    endloop
  endfacet
  facet normal  0.000000e+000  0.000000e+000  1.000000e+000
    outer loop
      vertex -1.416903e+001 -3.097546e+001  2.000000e+000
      vertex -1.687641e+001 -3.061902e+001  2.000000e+000
      vertex -1.734093e+001 -3.097546e+001  2.000000e+000
    endloop
  endfacet
  facet normal  -0.000000e+000  0.000000e+000  1.000000e+000
    outer loop
      vertex -1.416903e+001 -3.097546e+001  2.000000e+000
      vertex -1.734093e+001 -3.097546e+001  2.000000e+000
      vertex -1.381260e+001 -3.143997e+001  2.000000e+000
    endloop
  endfacet
  facet normal  0.000000e+000  0.000000e+000  9.999999e-001
    outer loop
      vertex -1.381260e+001 -3.143997e+001  2.000000e+000
      vertex -1.734093e+001 -3.097546e+001  2.000000e+000
      vertex -1.769736e+001 -3.143997e+001  2.000000e+000
    endloop
  endfacet
  facet normal  -0.000000e+000  0.000000e+000  1.000000e+000
    outer loop
      vertex -1.381260e+001 -3.143997e+001  2.000000e+000
      vertex -1.769736e+001 -3.143997e+001  2.000000e+000
      vertex -1.358853e+001 -3.198091e+001  2.000000e+000
    endloop
  endfacet
  facet normal  0.000000e+000  0.000000e+000  9.999999e-001
    outer loop
      vertex -1.358853e+001 -3.198091e+001  2.000000e+000
      vertex -1.769736e+001 -3.143997e+001  2.000000e+000
      vertex -1.792142e+001 -3.198091e+001  2.000000e+000
    endloop
  endfacet
  facet normal  -0.000000e+000  0.000000e+000  1.000000e+000
    outer loop
      vertex -1.358853e+001 -3.198091e+001  2.000000e+000
      vertex -1.792142e+001 -3.198091e+001  2.000000e+000
      vertex -1.351211e+001 -3.256141e+001  2.000000e+000
    endloop
  endfacet
  facet normal  0.000000e+000  0.000000e+000  1.000000e+000
    outer loop
      vertex -1.351211e+001 -3.256141e+001  2.000000e+000
      vertex -1.792142e+001 -3.198091e+001  2.000000e+000
      vertex -1.799785e+001 -3.256141e+001  2.000000e+000
    endloop
  endfacet
  facet normal  -0.000000e+000  0.000000e+000  1.000000e+000
    outer loop
      vertex -1.351211e+001 -3.256141e+001  2.000000e+000
      vertex -1.799785e+001 -3.256141e+001  2.000000e+000
      vertex -1.358853e+001 -3.314190e+001  2.000000e+000
    endloop
  endfacet
  facet normal  0.000000e+000  0.000000e+000  1.000000e+000
    outer loop
      vertex -1.358853e+001 -3.314190e+001  2.000000e+000
      vertex -1.799785e+001 -3.256141e+001  2.000000e+000
      vertex -1.792142e+001 -3.314190e+001  2.000000e+000
    endloop
  endfacet
  facet normal  -0.000000e+000  0.000000e+000  9.999999e-001
    outer loop
      vertex -1.358853e+001 -3.314190e+001  2.000000e+000
      vertex -1.792142e+001 -3.314190e+001  2.000000e+000
      vertex -1.381260e+001 -3.368284e+001  2.000000e+000
    endloop
  endfacet
  facet normal  0.000000e+000  0.000000e+000  1.000000e+000
    outer loop
      vertex -1.381260e+001 -3.368284e+001  2.000000e+000
      vertex -1.792142e+001 -3.314190e+001  2.000000e+000
      vertex -1.769736e+001 -3.368284e+001  2.000000e+000
    endloop
  endfacet
  facet normal  -0.000000e+000  0.000000e+000  9.999999e-001
    outer loop
      vertex -1.381260e+001 -3.368284e+001  2.000000e+000
      vertex -1.769736e+001 -3.368284e+001  2.000000e+000
      vertex -1.416903e+001 -3.414735e+001  2.000000e+000
    endloop
  endfacet
  facet normal  0.000000e+000  0.000000e+000  1.000000e+000
    outer loop
      vertex -1.416903e+001 -3.414735e+001  2.000000e+000
      vertex -1.769736e+001 -3.368284e+001  2.000000e+000
      vertex -1.734093e+001 -3.414735e+001  2.000000e+000
    endloop
  endfacet
  facet normal  -0.000000e+000  0.000000e+000  1.000000e+000
    outer loop
      vertex -1.416903e+001 -3.414735e+001  2.000000e+000
      vertex -1.734093e+001 -3.414735e+001  2.000000e+000
      vertex -1.463354e+001 -3.450379e+001  2.000000e+000
    endloop
  endfacet
  facet normal  0.000000e+000  0.000000e+000  9.999999e-001
    outer loop
      vertex -1.463354e+001 -3.450379e+001  2.000000e+000
      vertex -1.734093e+001 -3.414735e+001  2.000000e+000
      vertex -1.687641e+001 -3.450379e+001  2.000000e+000
    endloop
  endfacet
  facet normal  -0.000000e+000  0.000000e+000  1.000000e+000
    outer loop
      vertex -1.463354e+001 -3.450379e+001  2.000000e+000
      vertex -1.687641e+001 -3.450379e+001  2.000000e+000
      vertex -1.517448e+001 -3.472785e+001  2.000000e+000
    endloop
  endfacet
  facet normal  0.000000e+000  0.000000e+000  1.000000e+000
    outer loop
      vertex -1.517448e+001 -3.472785e+001  2.000000e+000
      vertex -1.687641e+001 -3.450379e+001  2.000000e+000
      vertex -1.633548e+001 -3.472785e+001  2.000000e+000
    endloop
  endfacet
  facet normal  -0.000000e+000  0.000000e+000  9.999999e-001
    outer loop
      vertex -1.517448e+001 -3.472785e+001  2.000000e+000
      vertex -1.633548e+001 -3.472785e+001  2.000000e+000
      vertex -1.575498e+001 -3.480428e+001  2.000000e+000
    endloop
  endfacet
  facet normal  0.000000e+000  0.000000e+000  1.000000e+000
    outer loop
      vertex -2.426354e+001 -2.345924e+001  2.000000e+000
      vertex -2.310255e+001 -2.345924e+001  2.000000e+000
      vertex -2.368304e+001 -2.338281e+001  2.000000e+000
    endloop
  endfacet
  facet normal  -0.000000e+000  0.000000e+000  1.000000e+000
    outer loop
      vertex -2.310255e+001 -2.345924e+001  2.000000e+000
      vertex -2.426354e+001 -2.345924e+001  2.000000e+000
      vertex -2.256161e+001 -2.368330e+001  2.000000e+000
    endloop
  endfacet
  facet normal  0.000000e+000  0.000000e+000  1.000000e+000
    outer loop
      vertex -2.256161e+001 -2.368330e+001  2.000000e+000
      vertex -2.426354e+001 -2.345924e+001  2.000000e+000
      vertex -2.480448e+001 -2.368330e+001  2.000000e+000
    endloop
  endfacet
  facet normal  -0.000000e+000  0.000000e+000  9.999999e-001
    outer loop
      vertex -2.256161e+001 -2.368330e+001  2.000000e+000
      vertex -2.480448e+001 -2.368330e+001  2.000000e+000
      vertex -2.209710e+001 -2.403973e+001  2.000000e+000
    endloop
  endfacet
  facet normal  0.000000e+000  0.000000e+000  1.000000e+000
    outer loop
      vertex -2.209710e+001 -2.403973e+001  2.000000e+000
      vertex -2.480448e+001 -2.368330e+001  2.000000e+000
      vertex -2.526899e+001 -2.403973e+001  2.000000e+000
    endloop
  endfacet
  facet normal  -0.000000e+000  0.000000e+000  1.000000e+000
    outer loop
      vertex -2.209710e+001 -2.403973e+001  2.000000e+000
      vertex -2.526899e+001 -2.403973e+001  2.000000e+000
      vertex -2.174066e+001 -2.450425e+001  2.000000e+000
    endloop
  endfacet
  facet normal  0.000000e+000  0.000000e+000  1.000000e+000
    outer loop
      vertex -2.174066e+001 -2.450425e+001  2.000000e+000
      vertex -2.526899e+001 -2.403973e+001  2.000000e+000
      vertex -2.562543e+001 -2.450425e+001  2.000000e+000
    endloop
  endfacet
  facet normal  -0.000000e+000  0.000000e+000  1.000000e+000
    outer loop
      vertex -2.174066e+001 -2.450425e+001  2.000000e+000
      vertex -2.562543e+001 -2.450425e+001  2.000000e+000
      vertex -2.151660e+001 -2.504519e+001  2.000000e+000
    endloop
  endfacet
  facet normal  0.000000e+000  0.000000e+000  1.000000e+000
    outer loop
      vertex -2.151660e+001 -2.504519e+001  2.000000e+000
      vertex -2.562543e+001 -2.450425e+001  2.000000e+000
      vertex -2.584949e+001 -2.504519e+001  2.000000e+000
    endloop
  endfacet
  facet normal  -0.000000e+000  0.000000e+000  1.000000e+000
    outer loop
      vertex -2.151660e+001 -2.504519e+001  2.000000e+000
      vertex -2.584949e+001 -2.504519e+001  2.000000e+000
      vertex -2.144017e+001 -2.562568e+001  2.000000e+000
    endloop
  endfacet
  facet normal  0.000000e+000  0.000000e+000  1.000000e+000
    outer loop
      vertex -2.144017e+001 -2.562568e+001  2.000000e+000
      vertex -2.584949e+001 -2.504519e+001  2.000000e+000
      vertex -2.592591e+001 -2.562568e+001  2.000000e+000
    endloop
  endfacet
  facet normal  -0.000000e+000  0.000000e+000  1.000000e+000
    outer loop
      vertex -2.144017e+001 -2.562568e+001  2.000000e+000
      vertex -2.592591e+001 -2.562568e+001  2.000000e+000
      vertex -2.151660e+001 -2.620618e+001  2.000000e+000
    endloop
  endfacet
  facet normal  0.000000e+000  0.000000e+000  1.000000e+000
    outer loop
      vertex -2.151660e+001 -2.620618e+001  2.000000e+000
      vertex -2.592591e+001 -2.562568e+001  2.000000e+000
      vertex -2.584949e+001 -2.620618e+001  2.000000e+000
    endloop
  endfacet
  facet normal  -0.000000e+000  0.000000e+000  1.000000e+000
    outer loop
      vertex -2.151660e+001 -2.620618e+001  2.000000e+000
      vertex -2.584949e+001 -2.620618e+001  2.000000e+000
      vertex -2.174066e+001 -2.674712e+001  2.000000e+000
    endloop
  endfacet
  facet normal  0.000000e+000  0.000000e+000  1.000000e+000
    outer loop
      vertex -2.174066e+001 -2.674712e+001  2.000000e+000
      vertex -2.584949e+001 -2.620618e+001  2.000000e+000
      vertex -2.562543e+001 -2.674712e+001  2.000000e+000
    endloop
  endfacet
  facet normal  -0.000000e+000  0.000000e+000  1.000000e+000
    outer loop
      vertex -2.174066e+001 -2.674712e+001  2.000000e+000
      vertex -2.562543e+001 -2.674712e+001  2.000000e+000
      vertex -2.209710e+001 -2.721163e+001  2.000000e+000
    endloop
  endfacet
  facet normal  0.000000e+000  0.000000e+000  1.000000e+000
    outer loop
      vertex -2.209710e+001 -2.721163e+001  2.000000e+000
      vertex -2.562543e+001 -2.674712e+001  2.000000e+000
      vertex -2.526899e+001 -2.721163e+001  2.000000e+000
    endloop
  endfacet
  facet normal  -0.000000e+000  0.000000e+000  1.000000e+000
    outer loop
      vertex -2.209710e+001 -2.721163e+001  2.000000e+000
      vertex -2.526899e+001 -2.721163e+001  2.000000e+000
      vertex -2.256161e+001 -2.756807e+001  2.000000e+000
    endloop
  endfacet
  facet normal  0.000000e+000  0.000000e+000  9.999999e-001
    outer loop
      vertex -2.256161e+001 -2.756807e+001  2.000000e+000
      vertex -2.526899e+001 -2.721163e+001  2.000000e+000
      vertex -2.480448e+001 -2.756807e+001  2.000000e+000
    endloop
  endfacet
  facet normal  -0.000000e+000  0.000000e+000  1.000000e+000
    outer loop
      vertex -2.256161e+001 -2.756807e+001  2.000000e+000
      vertex -2.480448e+001 -2.756807e+001  2.000000e+000
      vertex -2.310255e+001 -2.779213e+001  2.000000e+000
    endloop
  endfacet
  facet normal  0.000000e+000  0.000000e+000  1.000000e+000
    outer loop
      vertex -2.310255e+001 -2.779213e+001  2.000000e+000
      vertex -2.480448e+001 -2.756807e+001  2.000000e+000
      vertex -2.426354e+001 -2.779213e+001  2.000000e+000
    endloop
  endfacet
  facet normal  -0.000000e+000  0.000000e+000  1.000000e+000
    outer loop
      vertex -2.310255e+001 -2.779213e+001  2.000000e+000
      vertex -2.426354e+001 -2.779213e+001  2.000000e+000
      vertex -2.368304e+001 -2.786855e+001  2.000000e+000
    endloop
  endfacet
  facet normal  0.000000e+000  0.000000e+000  1.000000e+000
    outer loop
      vertex -2.426354e+001 -3.039496e+001  2.000000e+000
      vertex -2.310255e+001 -3.039496e+001  2.000000e+000
      vertex -2.368304e+001 -3.031853e+001  2.000000e+000
    endloop
  endfacet
  facet normal  -0.000000e+000  0.000000e+000  1.000000e+000
    outer loop
      vertex -2.310255e+001 -3.039496e+001  2.000000e+000
      vertex -2.426354e+001 -3.039496e+001  2.000000e+000
      vertex -2.256161e+001 -3.061902e+001  2.000000e+000
    endloop
  endfacet
  facet normal  0.000000e+000  0.000000e+000  1.000000e+000
    outer loop
      vertex -2.256161e+001 -3.061902e+001  2.000000e+000
      vertex -2.426354e+001 -3.039496e+001  2.000000e+000
      vertex -2.480448e+001 -3.061902e+001  2.000000e+000
    endloop
  endfacet
  facet normal  -0.000000e+000  0.000000e+000  9.999999e-001
    outer loop
      vertex -2.256161e+001 -3.061902e+001  2.000000e+000
      vertex -2.480448e+001 -3.061902e+001  2.000000e+000
      vertex -2.209710e+001 -3.097546e+001  2.000000e+000
    endloop
  endfacet
  facet normal  0.000000e+000  0.000000e+000  1.000000e+000
    outer loop
      vertex -2.209710e+001 -3.097546e+001  2.000000e+000
      vertex -2.480448e+001 -3.061902e+001  2.000000e+000
      vertex -2.526899e+001 -3.097546e+001  2.000000e+000
    endloop
  endfacet
  facet normal  -0.000000e+000  0.000000e+000  1.000000e+000
    outer loop
      vertex -2.209710e+001 -3.097546e+001  2.000000e+000
      vertex -2.526899e+001 -3.097546e+001  2.000000e+000
      vertex -2.174066e+001 -3.143997e+001  2.000000e+000
    endloop
  endfacet
  facet normal  0.000000e+000  0.000000e+000  1.000000e+000
    outer loop
      vertex -2.174066e+001 -3.143997e+001  2.000000e+000
      vertex -2.526899e+001 -3.097546e+001  2.000000e+000
      vertex -2.562543e+001 -3.143997e+001  2.000000e+000
    endloop
  endfacet
  facet normal  -0.000000e+000  0.000000e+000  1.000000e+000
    outer loop
      vertex -2.174066e+001 -3.143997e+001  2.000000e+000
      vertex -2.562543e+001 -3.143997e+001  2.000000e+000
      vertex -2.151660e+001 -3.198091e+001  2.000000e+000
    endloop
  endfacet
  facet normal  0.000000e+000  0.000000e+000  1.000000e+000
    outer loop
      vertex -2.151660e+001 -3.198091e+001  2.000000e+000
      vertex -2.562543e+001 -3.143997e+001  2.000000e+000
      vertex -2.584949e+001 -3.198091e+001  2.000000e+000
    endloop
  endfacet
  facet normal  -0.000000e+000  0.000000e+000  1.000000e+000
    outer loop
      vertex -2.151660e+001 -3.198091e+001  2.000000e+000
      vertex -2.584949e+001 -3.198091e+001  2.000000e+000
      vertex -2.144017e+001 -3.256141e+001  2.000000e+000
    endloop
  endfacet
  facet normal  0.000000e+000  0.000000e+000  1.000000e+000
    outer loop
      vertex -2.144017e+001 -3.256141e+001  2.000000e+000
      vertex -2.584949e+001 -3.198091e+001  2.000000e+000
      vertex -2.592591e+001 -3.256141e+001  2.000000e+000
    endloop
  endfacet
  facet normal  -0.000000e+000  0.000000e+000  1.000000e+000
    outer loop
      vertex -2.144017e+001 -3.256141e+001  2.000000e+000
      vertex -2.592591e+001 -3.256141e+001  2.000000e+000
      vertex -2.151660e+001 -3.314190e+001  2.000000e+000
    endloop
  endfacet
  facet normal  0.000000e+000  0.000000e+000  1.000000e+000
    outer loop
      vertex -2.151660e+001 -3.314190e+001  2.000000e+000
      vertex -2.592591e+001 -3.256141e+001  2.000000e+000
      vertex -2.584949e+001 -3.314190e+001  2.000000e+000
    endloop
  endfacet
  facet normal  -0.000000e+000  0.000000e+000  1.000000e+000
    outer loop
      vertex -2.151660e+001 -3.314190e+001  2.000000e+000
      vertex -2.584949e+001 -3.314190e+001  2.000000e+000
      vertex -2.174066e+001 -3.368284e+001  2.000000e+000
    endloop
  endfacet
  facet normal  0.000000e+000  0.000000e+000  1.000000e+000
    outer loop
      vertex -2.174066e+001 -3.368284e+001  2.000000e+000
      vertex -2.584949e+001 -3.314190e+001  2.000000e+000
      vertex -2.562543e+001 -3.368284e+001  2.000000e+000
    endloop
  endfacet
  facet normal  -0.000000e+000  0.000000e+000  1.000000e+000
    outer loop
      vertex -2.174066e+001 -3.368284e+001  2.000000e+000
      vertex -2.562543e+001 -3.368284e+001  2.000000e+000
      vertex -2.209710e+001 -3.414735e+001  2.000000e+000
    endloop
  endfacet
  facet normal  0.000000e+000  0.000000e+000  1.000000e+000
    outer loop
      vertex -2.209710e+001 -3.414735e+001  2.000000e+000
      vertex -2.562543e+001 -3.368284e+001  2.000000e+000
      vertex -2.526899e+001 -3.414735e+001  2.000000e+000
    endloop
  endfacet
  facet normal  -0.000000e+000  0.000000e+000  1.000000e+000
    outer loop
      vertex -2.209710e+001 -3.414735e+001  2.000000e+000
      vertex -2.526899e+001 -3.414735e+001  2.000000e+000
      vertex -2.256161e+001 -3.450379e+001  2.000000e+000
    endloop
  endfacet
  facet normal  0.000000e+000  0.000000e+000  9.999999e-001
    outer loop
      vertex -2.256161e+001 -3.450379e+001  2.000000e+000
      vertex -2.526899e+001 -3.414735e+001  2.000000e+000
      vertex -2.480448e+001 -3.450379e+001  2.000000e+000
    endloop
  endfacet
  facet normal  -0.000000e+000  0.000000e+000  1.000000e+000
    outer loop
      vertex -2.256161e+001 -3.450379e+001  2.000000e+000
      vertex -2.480448e+001 -3.450379e+001  2.000000e+000
      vertex -2.310255e+001 -3.472785e+001  2.000000e+000
    endloop
  endfacet
  facet normal  0.000000e+000  0.000000e+000  1.000000e+000
    outer loop
      vertex -2.310255e+001 -3.472785e+001  2.000000e+000
      vertex -2.480448e+001 -3.450379e+001  2.000000e+000
      vertex -2.426354e+001 -3.472785e+001  2.000000e+000
    endloop
  endfacet
  facet normal  -0.000000e+000  0.000000e+000  9.999999e-001
    outer loop
      vertex -2.310255e+001 -3.472785e+001  2.000000e+000
      vertex -2.426354e+001 -3.472785e+001  2.000000e+000
      vertex -2.368304e+001 -3.480428e+001  2.000000e+000
    endloop
  endfacet
  facet normal  0.000000e+000  0.000000e+000  1.000000e+000
    outer loop
      vertex -3.219161e+001 -2.345924e+001  2.000000e+000
      vertex -3.103061e+001 -2.345924e+001  2.000000e+000
      vertex -3.161111e+001 -2.338281e+001  2.000000e+000
    endloop
  endfacet
  facet normal  -0.000000e+000  0.000000e+000  1.000000e+000
    outer loop
      vertex -3.103061e+001 -2.345924e+001  2.000000e+000
      vertex -3.219161e+001 -2.345924e+001  2.000000e+000
      vertex -3.048968e+001 -2.368330e+001  2.000000e+000
    endloop
  endfacet
  facet normal  0.000000e+000  0.000000e+000  1.000000e+000
    outer loop
      vertex -3.048968e+001 -2.368330e+001  2.000000e+000
      vertex -3.219161e+001 -2.345924e+001  2.000000e+000
      vertex -3.273254e+001 -2.368330e+001  2.000000e+000
    endloop
  endfacet
  facet normal  -0.000000e+000  0.000000e+000  1.000000e+000
    outer loop
      vertex -3.048968e+001 -2.368330e+001  2.000000e+000
      vertex -3.273254e+001 -2.368330e+001  2.000000e+000
      vertex -3.002516e+001 -2.403973e+001  2.000000e+000
    endloop
  endfacet
  facet normal  0.000000e+000  0.000000e+000  1.000000e+000
    outer loop
      vertex -3.002516e+001 -2.403973e+001  2.000000e+000
      vertex -3.273254e+001 -2.368330e+001  2.000000e+000
      vertex -3.319706e+001 -2.403973e+001  2.000000e+000
    endloop
  endfacet
  facet normal  -0.000000e+000  0.000000e+000  1.000000e+000
    outer loop
      vertex -3.002516e+001 -2.403973e+001  2.000000e+000
      vertex -3.319706e+001 -2.403973e+001  2.000000e+000
      vertex -2.966873e+001 -2.450425e+001  2.000000e+000
    endloop
  endfacet
  facet normal  0.000000e+000  0.000000e+000  1.000000e+000
    outer loop
      vertex -2.966873e+001 -2.450425e+001  2.000000e+000
      vertex -3.319706e+001 -2.403973e+001  2.000000e+000
      vertex -3.355349e+001 -2.450425e+001  2.000000e+000
    endloop
  endfacet
  facet normal  -0.000000e+000  0.000000e+000  1.000000e+000
    outer loop
      vertex -2.966873e+001 -2.450425e+001  2.000000e+000
      vertex -3.355349e+001 -2.450425e+001  2.000000e+000
      vertex -2.944467e+001 -2.504519e+001  2.000000e+000
    endloop
  endfacet
  facet normal  0.000000e+000  0.000000e+000  1.000000e+000
    outer loop
      vertex -2.944467e+001 -2.504519e+001  2.000000e+000
      vertex -3.355349e+001 -2.450425e+001  2.000000e+000
      vertex -3.377756e+001 -2.504519e+001  2.000000e+000
    endloop
  endfacet
  facet normal  -0.000000e+000  0.000000e+000  1.000000e+000
    outer loop
      vertex -2.944467e+001 -2.504519e+001  2.000000e+000
      vertex -3.377756e+001 -2.504519e+001  2.000000e+000
      vertex -2.936824e+001 -2.562568e+001  2.000000e+000
    endloop
  endfacet
  facet normal  0.000000e+000  0.000000e+000  1.000000e+000
    outer loop
      vertex -2.936824e+001 -2.562568e+001  2.000000e+000
      vertex -3.377756e+001 -2.504519e+001  2.000000e+000
      vertex -3.385398e+001 -2.562568e+001  2.000000e+000
    endloop
  endfacet
  facet normal  -0.000000e+000  0.000000e+000  1.000000e+000
    outer loop
      vertex -2.936824e+001 -2.562568e+001  2.000000e+000
      vertex -3.385398e+001 -2.562568e+001  2.000000e+000
      vertex -2.944467e+001 -2.620618e+001  2.000000e+000
    endloop
  endfacet
  facet normal  0.000000e+000  0.000000e+000  1.000000e+000
    outer loop
      vertex -2.944467e+001 -2.620618e+001  2.000000e+000
      vertex -3.385398e+001 -2.562568e+001  2.000000e+000
      vertex -3.377756e+001 -2.620618e+001  2.000000e+000
    endloop
  endfacet
  facet normal  -0.000000e+000  0.000000e+000  1.000000e+000
    outer loop
      vertex -2.944467e+001 -2.620618e+001  2.000000e+000
      vertex -3.377756e+001 -2.620618e+001  2.000000e+000
      vertex -2.966873e+001 -2.674712e+001  2.000000e+000
    endloop
  endfacet
  facet normal  0.000000e+000  0.000000e+000  1.000000e+000
    outer loop
      vertex -2.966873e+001 -2.674712e+001  2.000000e+000
      vertex -3.377756e+001 -2.620618e+001  2.000000e+000
      vertex -3.355349e+001 -2.674712e+001  2.000000e+000
    endloop
  endfacet
  facet normal  -0.000000e+000  0.000000e+000  1.000000e+000
    outer loop
      vertex -2.966873e+001 -2.674712e+001  2.000000e+000
      vertex -3.355349e+001 -2.674712e+001  2.000000e+000
      vertex -3.002516e+001 -2.721163e+001  2.000000e+000
    endloop
  endfacet
  facet normal  0.000000e+000  0.000000e+000  1.000000e+000
    outer loop
      vertex -3.002516e+001 -2.721163e+001  2.000000e+000
      vertex -3.355349e+001 -2.674712e+001  2.000000e+000
      vertex -3.319706e+001 -2.721163e+001  2.000000e+000
    endloop
  endfacet
  facet normal  -0.000000e+000  0.000000e+000  1.000000e+000
    outer loop
      vertex -3.002516e+001 -2.721163e+001  2.000000e+000
      vertex -3.319706e+001 -2.721163e+001  2.000000e+000
      vertex -3.048968e+001 -2.756807e+001  2.000000e+000
    endloop
  endfacet
  facet normal  0.000000e+000  0.000000e+000  1.000000e+000
    outer loop
      vertex -3.048968e+001 -2.756807e+001  2.000000e+000
      vertex -3.319706e+001 -2.721163e+001  2.000000e+000
      vertex -3.273254e+001 -2.756807e+001  2.000000e+000
    endloop
  endfacet
  facet normal  -0.000000e+000  0.000000e+000  1.000000e+000
    outer loop
      vertex -3.048968e+001 -2.756807e+001  2.000000e+000
      vertex -3.273254e+001 -2.756807e+001  2.000000e+000
      vertex -3.103061e+001 -2.779213e+001  2.000000e+000
    endloop
  endfacet
  facet normal  0.000000e+000  0.000000e+000  1.000000e+000
    outer loop
      vertex -3.103061e+001 -2.779213e+001  2.000000e+000
      vertex -3.273254e+001 -2.756807e+001  2.000000e+000
      vertex -3.219161e+001 -2.779213e+001  2.000000e+000
    endloop
  endfacet
  facet normal  -0.000000e+000  0.000000e+000  1.000000e+000
    outer loop
      vertex -3.103061e+001 -2.779213e+001  2.000000e+000
      vertex -3.219161e+001 -2.779213e+001  2.000000e+000
      vertex -3.161111e+001 -2.786855e+001  2.000000e+000
    endloop
  endfacet
  facet normal  0.000000e+000  0.000000e+000  1.000000e+000
    outer loop
      vertex -3.219161e+001 -3.039496e+001  2.000000e+000
      vertex -3.103061e+001 -3.039496e+001  2.000000e+000
      vertex -3.161111e+001 -3.031853e+001  2.000000e+000
    endloop
  endfacet
  facet normal  -0.000000e+000  0.000000e+000  1.000000e+000
    outer loop
      vertex -3.103061e+001 -3.039496e+001  2.000000e+000
      vertex -3.219161e+001 -3.039496e+001  2.000000e+000
      vertex -3.048968e+001 -3.061902e+001  2.000000e+000
    endloop
  endfacet
  facet normal  0.000000e+000  0.000000e+000  1.000000e+000
    outer loop
      vertex -3.048968e+001 -3.061902e+001  2.000000e+000
      vertex -3.219161e+001 -3.039496e+001  2.000000e+000
      vertex -3.273254e+001 -3.061902e+001  2.000000e+000
    endloop
  endfacet
  facet normal  -0.000000e+000  0.000000e+000  1.000000e+000
    outer loop
      vertex -3.048968e+001 -3.061902e+001  2.000000e+000
      vertex -3.273254e+001 -3.061902e+001  2.000000e+000
      vertex -3.002516e+001 -3.097546e+001  2.000000e+000
    endloop
  endfacet
  facet normal  0.000000e+000  0.000000e+000  1.000000e+000
    outer loop
      vertex -3.002516e+001 -3.097546e+001  2.000000e+000
      vertex -3.273254e+001 -3.061902e+001  2.000000e+000
      vertex -3.319706e+001 -3.097546e+001  2.000000e+000
    endloop
  endfacet
  facet normal  -0.000000e+000  0.000000e+000  1.000000e+000
    outer loop
      vertex -3.002516e+001 -3.097546e+001  2.000000e+000
      vertex -3.319706e+001 -3.097546e+001  2.000000e+000
      vertex -2.966873e+001 -3.143997e+001  2.000000e+000
    endloop
  endfacet
  facet normal  0.000000e+000  0.000000e+000  1.000000e+000
    outer loop
      vertex -2.966873e+001 -3.143997e+001  2.000000e+000
      vertex -3.319706e+001 -3.097546e+001  2.000000e+000
      vertex -3.355349e+001 -3.143997e+001  2.000000e+000
    endloop
  endfacet
  facet normal  -0.000000e+000  0.000000e+000  1.000000e+000
    outer loop
      vertex -2.966873e+001 -3.143997e+001  2.000000e+000
      vertex -3.355349e+001 -3.143997e+001  2.000000e+000
      vertex -2.944467e+001 -3.198091e+001  2.000000e+000
    endloop
  endfacet
  facet normal  0.000000e+000  0.000000e+000  1.000000e+000
    outer loop
      vertex -2.944467e+001 -3.198091e+001  2.000000e+000
      vertex -3.355349e+001 -3.143997e+001  2.000000e+000
      vertex -3.377756e+001 -3.198091e+001  2.000000e+000
    endloop
  endfacet
  facet normal  -0.000000e+000  0.000000e+000  1.000000e+000
    outer loop
      vertex -2.944467e+001 -3.198091e+001  2.000000e+000
      vertex -3.377756e+001 -3.198091e+001  2.000000e+000
      vertex -2.936824e+001 -3.256141e+001  2.000000e+000
    endloop
  endfacet
  facet normal  0.000000e+000  0.000000e+000  1.000000e+000
    outer loop
      vertex -2.936824e+001 -3.256141e+001  2.000000e+000
      vertex -3.377756e+001 -3.198091e+001  2.000000e+000
      vertex -3.385398e+001 -3.256141e+001  2.000000e+000
    endloop
  endfacet
  facet normal  -0.000000e+000  0.000000e+000  1.000000e+000
    outer loop
      vertex -2.936824e+001 -3.256141e+001  2.000000e+000
      vertex -3.385398e+001 -3.256141e+001  2.000000e+000
      vertex -2.944467e+001 -3.314190e+001  2.000000e+000
    endloop
  endfacet
  facet normal  0.000000e+000  0.000000e+000  1.000000e+000
    outer loop
      vertex -2.944467e+001 -3.314190e+001  2.000000e+000
      vertex -3.385398e+001 -3.256141e+001  2.000000e+000
      vertex -3.377756e+001 -3.314190e+001  2.000000e+000
    endloop
  endfacet
  facet normal  -0.000000e+000  0.000000e+000  1.000000e+000
    outer loop
      vertex -2.944467e+001 -3.314190e+001  2.000000e+000
      vertex -3.377756e+001 -3.314190e+001  2.000000e+000
      vertex -2.966873e+001 -3.368284e+001  2.000000e+000
    endloop
  endfacet
  facet normal  0.000000e+000  0.000000e+000  1.000000e+000
    outer loop
      vertex -2.966873e+001 -3.368284e+001  2.000000e+000
      vertex -3.377756e+001 -3.314190e+001  2.000000e+000
      vertex -3.355349e+001 -3.368284e+001  2.000000e+000
    endloop
  endfacet
  facet normal  -0.000000e+000  0.000000e+000  1.000000e+000
    outer loop
      vertex -2.966873e+001 -3.368284e+001  2.000000e+000
      vertex -3.355349e+001 -3.368284e+001  2.000000e+000
      vertex -3.002516e+001 -3.414735e+001  2.000000e+000
    endloop
  endfacet
  facet normal  0.000000e+000  0.000000e+000  1.000000e+000
    outer loop
      vertex -3.002516e+001 -3.414735e+001  2.000000e+000
      vertex -3.355349e+001 -3.368284e+001  2.000000e+000
      vertex -3.319706e+001 -3.414735e+001  2.000000e+000
    endloop
  endfacet
  facet normal  -0.000000e+000  0.000000e+000  1.000000e+000
    outer loop
      vertex -3.002516e+001 -3.414735e+001  2.000000e+000
      vertex -3.319706e+001 -3.414735e+001  2.000000e+000
      vertex -3.048968e+001 -3.450379e+001  2.000000e+000
    endloop
  endfacet
  facet normal  0.000000e+000  0.000000e+000  1.000000e+000
    outer loop
      vertex -3.048968e+001 -3.450379e+001  2.000000e+000
      vertex -3.319706e+001 -3.414735e+001  2.000000e+000
      vertex -3.273254e+001 -3.450379e+001  2.000000e+000
    endloop
  endfacet
  facet normal  -0.000000e+000  0.000000e+000  1.000000e+000
    outer loop
      vertex -3.048968e+001 -3.450379e+001  2.000000e+000
      vertex -3.273254e+001 -3.450379e+001  2.000000e+000
      vertex -3.103061e+001 -3.472785e+001  2.000000e+000
    endloop
  endfacet
  facet normal  0.000000e+000  0.000000e+000  1.000000e+000
    outer loop
      vertex -3.103061e+001 -3.472785e+001  2.000000e+000
      vertex -3.273254e+001 -3.450379e+001  2.000000e+000
      vertex -3.219161e+001 -3.472785e+001  2.000000e+000
    endloop
  endfacet
  facet normal  -0.000000e+000  0.000000e+000  9.999999e-001
    outer loop
      vertex -3.103061e+001 -3.472785e+001  2.000000e+000
      vertex -3.219161e+001 -3.472785e+001  2.000000e+000
      vertex -3.161111e+001 -3.480428e+001  2.000000e+000
    endloop
  endfacet
  facet normal  0.000000e+000  0.000000e+000  1.000000e+000
    outer loop
      vertex -4.011967e+001 -3.039496e+001  2.000000e+000
      vertex -3.895868e+001 -3.039496e+001  2.000000e+000
      vertex -3.953918e+001 -3.031853e+001  2.000000e+000
    endloop
  endfacet
  facet normal  -0.000000e+000  0.000000e+000  1.000000e+000
    outer loop
      vertex -3.895868e+001 -3.039496e+001  2.000000e+000
      vertex -4.011967e+001 -3.039496e+001  2.000000e+000
      vertex -3.841774e+001 -3.061902e+001  2.000000e+000
    endloop
  endfacet
  facet normal  0.000000e+000  0.000000e+000  1.000000e+000
    outer loop
      vertex -3.841774e+001 -3.061902e+001  2.000000e+000
      vertex -4.011967e+001 -3.039496e+001  2.000000e+000
      vertex -4.066061e+001 -3.061902e+001  2.000000e+000
    endloop
  endfacet
  facet normal  -0.000000e+000  0.000000e+000  9.999999e-001
    outer loop
      vertex -3.841774e+001 -3.061902e+001  2.000000e+000
      vertex -4.066061e+001 -3.061902e+001  2.000000e+000
      vertex -3.795323e+001 -3.097546e+001  2.000000e+000
    endloop
  endfacet
  facet normal  0.000000e+000  0.000000e+000  1.000000e+000
    outer loop
      vertex -3.795323e+001 -3.097546e+001  2.000000e+000
      vertex -4.066061e+001 -3.061902e+001  2.000000e+000
      vertex -4.112513e+001 -3.097546e+001  2.000000e+000
    endloop
  endfacet
  facet normal  -0.000000e+000  0.000000e+000  1.000000e+000
    outer loop
      vertex -3.795323e+001 -3.097546e+001  2.000000e+000
      vertex -4.112513e+001 -3.097546e+001  2.000000e+000
      vertex -3.759679e+001 -3.143997e+001  2.000000e+000
    endloop
  endfacet
  facet normal  0.000000e+000  0.000000e+000  1.000000e+000
    outer loop
      vertex -3.759679e+001 -3.143997e+001  2.000000e+000
      vertex -4.112513e+001 -3.097546e+001  2.000000e+000
      vertex -4.148156e+001 -3.143997e+001  2.000000e+000
    endloop
  endfacet
  facet normal  -0.000000e+000  0.000000e+000  1.000000e+000
    outer loop
      vertex -3.759679e+001 -3.143997e+001  2.000000e+000
      vertex -4.148156e+001 -3.143997e+001  2.000000e+000
      vertex -3.737273e+001 -3.198091e+001  2.000000e+000
    endloop
  endfacet
  facet normal  0.000000e+000  0.000000e+000  1.000000e+000
    outer loop
      vertex -3.737273e+001 -3.198091e+001  2.000000e+000
      vertex -4.148156e+001 -3.143997e+001  2.000000e+000
      vertex -4.170562e+001 -3.198091e+001  2.000000e+000
    endloop
  endfacet
  facet normal  -0.000000e+000  0.000000e+000  9.999999e-001
    outer loop
      vertex -3.737273e+001 -3.198091e+001  2.000000e+000
      vertex -4.170562e+001 -3.198091e+001  2.000000e+000
      vertex -3.729631e+001 -3.256141e+001  2.000000e+000
    endloop
  endfacet
  facet normal  0.000000e+000  0.000000e+000  1.000000e+000
    outer loop
      vertex -3.729631e+001 -3.256141e+001  2.000000e+000
      vertex -4.170562e+001 -3.198091e+001  2.000000e+000
      vertex -4.178205e+001 -3.256141e+001  2.000000e+000
    endloop
  endfacet
  facet normal  -0.000000e+000  0.000000e+000  1.000000e+000
    outer loop
      vertex -3.729631e+001 -3.256141e+001  2.000000e+000
      vertex -4.178205e+001 -3.256141e+001  2.000000e+000
      vertex -3.737273e+001 -3.314190e+001  2.000000e+000
    endloop
  endfacet
  facet normal  0.000000e+000  0.000000e+000  9.999999e-001
    outer loop
      vertex -3.737273e+001 -3.314190e+001  2.000000e+000
      vertex -4.178205e+001 -3.256141e+001  2.000000e+000
      vertex -4.170562e+001 -3.314190e+001  2.000000e+000
    endloop
  endfacet
  facet normal  -0.000000e+000  0.000000e+000  1.000000e+000
    outer loop
      vertex -3.737273e+001 -3.314190e+001  2.000000e+000
      vertex -4.170562e+001 -3.314190e+001  2.000000e+000
      vertex -3.759679e+001 -3.368284e+001  2.000000e+000
    endloop
  endfacet
  facet normal  0.000000e+000  0.000000e+000  1.000000e+000
    outer loop
      vertex -3.759679e+001 -3.368284e+001  2.000000e+000
      vertex -4.170562e+001 -3.314190e+001  2.000000e+000
      vertex -4.148156e+001 -3.368284e+001  2.000000e+000
    endloop
  endfacet
  facet normal  -0.000000e+000  0.000000e+000  1.000000e+000
    outer loop
      vertex -3.759679e+001 -3.368284e+001  2.000000e+000
      vertex -4.148156e+001 -3.368284e+001  2.000000e+000
      vertex -3.795323e+001 -3.414735e+001  2.000000e+000
    endloop
  endfacet
  facet normal  0.000000e+000  0.000000e+000  1.000000e+000
    outer loop
      vertex -3.795323e+001 -3.414735e+001  2.000000e+000
      vertex -4.148156e+001 -3.368284e+001  2.000000e+000
      vertex -4.112513e+001 -3.414735e+001  2.000000e+000
    endloop
  endfacet
  facet normal  -0.000000e+000  0.000000e+000  1.000000e+000
    outer loop
      vertex -3.795323e+001 -3.414735e+001  2.000000e+000
      vertex -4.112513e+001 -3.414735e+001  2.000000e+000
      vertex -3.841774e+001 -3.450379e+001  2.000000e+000
    endloop
  endfacet
  facet normal  0.000000e+000  0.000000e+000  9.999999e-001
    outer loop
      vertex -3.841774e+001 -3.450379e+001  2.000000e+000
      vertex -4.112513e+001 -3.414735e+001  2.000000e+000
      vertex -4.066061e+001 -3.450379e+001  2.000000e+000
    endloop
  endfacet
  facet normal  -0.000000e+000  0.000000e+000  1.000000e+000
    outer loop
      vertex -3.841774e+001 -3.450379e+001  2.000000e+000
      vertex -4.066061e+001 -3.450379e+001  2.000000e+000
      vertex -3.895868e+001 -3.472785e+001  2.000000e+000
    endloop
  endfacet
  facet normal  0.000000e+000  0.000000e+000  1.000000e+000
    outer loop
      vertex -3.895868e+001 -3.472785e+001  2.000000e+000
      vertex -4.066061e+001 -3.450379e+001  2.000000e+000
      vertex -4.011967e+001 -3.472785e+001  2.000000e+000
    endloop
  endfacet
  facet normal  -0.000000e+000  0.000000e+000  9.999999e-001
    outer loop
      vertex -3.895868e+001 -3.472785e+001  2.000000e+000
      vertex -4.011967e+001 -3.472785e+001  2.000000e+000
      vertex -3.953918e+001 -3.480428e+001  2.000000e+000
    endloop
  endfacet
  facet normal  0.000000e+000  0.000000e+000  1.000000e+000
    outer loop
      vertex -4.011967e+001 -2.345924e+001  2.000000e+000
      vertex -3.895868e+001 -2.345924e+001  2.000000e+000
      vertex -3.953918e+001 -2.338281e+001  2.000000e+000
    endloop
  endfacet
  facet normal  -0.000000e+000  0.000000e+000  1.000000e+000
    outer loop
      vertex -3.895868e+001 -2.345924e+001  2.000000e+000
      vertex -4.011967e+001 -2.345924e+001  2.000000e+000
      vertex -3.841774e+001 -2.368330e+001  2.000000e+000
    endloop
  endfacet
  facet normal  0.000000e+000  0.000000e+000  1.000000e+000
    outer loop
      vertex -3.841774e+001 -2.368330e+001  2.000000e+000
      vertex -4.011967e+001 -2.345924e+001  2.000000e+000
      vertex -4.066061e+001 -2.368330e+001  2.000000e+000
    endloop
  endfacet
  facet normal  -0.000000e+000  0.000000e+000  9.999999e-001
    outer loop
      vertex -3.841774e+001 -2.368330e+001  2.000000e+000
      vertex -4.066061e+001 -2.368330e+001  2.000000e+000
      vertex -3.795323e+001 -2.403973e+001  2.000000e+000
    endloop
  endfacet
  facet normal  0.000000e+000  0.000000e+000  1.000000e+000
    outer loop
      vertex -3.795323e+001 -2.403973e+001  2.000000e+000
      vertex -4.066061e+001 -2.368330e+001  2.000000e+000
      vertex -4.112513e+001 -2.403973e+001  2.000000e+000
    endloop
  endfacet
  facet normal  -0.000000e+000  0.000000e+000  1.000000e+000
    outer loop
      vertex -3.795323e+001 -2.403973e+001  2.000000e+000
      vertex -4.112513e+001 -2.403973e+001  2.000000e+000
      vertex -3.759679e+001 -2.450425e+001  2.000000e+000
    endloop
  endfacet
  facet normal  0.000000e+000  0.000000e+000  1.000000e+000
    outer loop
      vertex -3.759679e+001 -2.450425e+001  2.000000e+000
      vertex -4.112513e+001 -2.403973e+001  2.000000e+000
      vertex -4.148156e+001 -2.450425e+001  2.000000e+000
    endloop
  endfacet
  facet normal  -0.000000e+000  0.000000e+000  1.000000e+000
    outer loop
      vertex -3.759679e+001 -2.450425e+001  2.000000e+000
      vertex -4.148156e+001 -2.450425e+001  2.000000e+000
      vertex -3.737273e+001 -2.504519e+001  2.000000e+000
    endloop
  endfacet
  facet normal  0.000000e+000  0.000000e+000  1.000000e+000
    outer loop
      vertex -3.737273e+001 -2.504519e+001  2.000000e+000
      vertex -4.148156e+001 -2.450425e+001  2.000000e+000
      vertex -4.170562e+001 -2.504519e+001  2.000000e+000
    endloop
  endfacet
  facet normal  -0.000000e+000  0.000000e+000  9.999999e-001
    outer loop
      vertex -3.737273e+001 -2.504519e+001  2.000000e+000
      vertex -4.170562e+001 -2.504519e+001  2.000000e+000
      vertex -3.729631e+001 -2.562568e+001  2.000000e+000
    endloop
  endfacet
  facet normal  0.000000e+000  0.000000e+000  1.000000e+000
    outer loop
      vertex -3.729631e+001 -2.562568e+001  2.000000e+000
      vertex -4.170562e+001 -2.504519e+001  2.000000e+000
      vertex -4.178205e+001 -2.562568e+001  2.000000e+000
    endloop
  endfacet
  facet normal  -0.000000e+000  0.000000e+000  1.000000e+000
    outer loop
      vertex -3.729631e+001 -2.562568e+001  2.000000e+000
      vertex -4.178205e+001 -2.562568e+001  2.000000e+000
      vertex -3.737273e+001 -2.620618e+001  2.000000e+000
    endloop
  endfacet
  facet normal  0.000000e+000  0.000000e+000  9.999999e-001
    outer loop
      vertex -3.737273e+001 -2.620618e+001  2.000000e+000
      vertex -4.178205e+001 -2.562568e+001  2.000000e+000
      vertex -4.170562e+001 -2.620618e+001  2.000000e+000
    endloop
  endfacet
  facet normal  -0.000000e+000  0.000000e+000  1.000000e+000
    outer loop
      vertex -3.737273e+001 -2.620618e+001  2.000000e+000
      vertex -4.170562e+001 -2.620618e+001  2.000000e+000
      vertex -3.759679e+001 -2.674712e+001  2.000000e+000
    endloop
  endfacet
  facet normal  0.000000e+000  0.000000e+000  1.000000e+000
    outer loop
      vertex -3.759679e+001 -2.674712e+001  2.000000e+000
      vertex -4.170562e+001 -2.620618e+001  2.000000e+000
      vertex -4.148156e+001 -2.674712e+001  2.000000e+000
    endloop
  endfacet
  facet normal  -0.000000e+000  0.000000e+000  1.000000e+000
    outer loop
      vertex -3.759679e+001 -2.674712e+001  2.000000e+000
      vertex -4.148156e+001 -2.674712e+001  2.000000e+000
      vertex -3.795323e+001 -2.721163e+001  2.000000e+000
    endloop
  endfacet
  facet normal  0.000000e+000  0.000000e+000  1.000000e+000
    outer loop
      vertex -3.795323e+001 -2.721163e+001  2.000000e+000
      vertex -4.148156e+001 -2.674712e+001  2.000000e+000
      vertex -4.112513e+001 -2.721163e+001  2.000000e+000
    endloop
  endfacet
  facet normal  -0.000000e+000  0.000000e+000  1.000000e+000
    outer loop
      vertex -3.795323e+001 -2.721163e+001  2.000000e+000
      vertex -4.112513e+001 -2.721163e+001  2.000000e+000
      vertex -3.841774e+001 -2.756807e+001  2.000000e+000
    endloop
  endfacet
  facet normal  0.000000e+000  0.000000e+000  9.999999e-001
    outer loop
      vertex -3.841774e+001 -2.756807e+001  2.000000e+000
      vertex -4.112513e+001 -2.721163e+001  2.000000e+000
      vertex -4.066061e+001 -2.756807e+001  2.000000e+000
    endloop
  endfacet
  facet normal  -0.000000e+000  0.000000e+000  1.000000e+000
    outer loop
      vertex -3.841774e+001 -2.756807e+001  2.000000e+000
      vertex -4.066061e+001 -2.756807e+001  2.000000e+000
      vertex -3.895868e+001 -2.779213e+001  2.000000e+000
    endloop
  endfacet
  facet normal  0.000000e+000  0.000000e+000  1.000000e+000
    outer loop
      vertex -3.895868e+001 -2.779213e+001  2.000000e+000
      vertex -4.066061e+001 -2.756807e+001  2.000000e+000
      vertex -4.011967e+001 -2.779213e+001  2.000000e+000
    endloop
  endfacet
  facet normal  -0.000000e+000  0.000000e+000  1.000000e+000
    outer loop
      vertex -3.895868e+001 -2.779213e+001  2.000000e+000
      vertex -4.011967e+001 -2.779213e+001  2.000000e+000
      vertex -3.953918e+001 -2.786855e+001  2.000000e+000
    endloop
  endfacet
  facet normal -9.999999e-001  0.000000e+000  0.000000e+000
    outer loop
      vertex  3.428261e+001 -1.409354e+001  1.800000e+001
      vertex  3.428261e+001 -1.409354e+001  2.000000e+000
      vertex  3.428261e+001 -2.722307e+001  1.134690e+001
    endloop
  endfacet
  facet normal -1.000000e+000  0.000000e+000  0.000000e+000
    outer loop
      vertex  3.428261e+001 -1.409354e+001  1.800000e+001
      vertex  3.428261e+001 -2.722307e+001  1.134690e+001
      vertex  3.428261e+001 -2.779189e+001  1.170431e+001
    endloop
  endfacet
  facet normal -1.000000e+000  0.000000e+000  0.000000e+000
    outer loop
      vertex  3.428261e+001 -1.409354e+001  1.800000e+001
      vertex  3.428261e+001 -2.779189e+001  1.170431e+001
      vertex  3.428261e+001 -4.409354e+001  1.800000e+001
    endloop
  endfacet
  facet normal -1.000000e+000  0.000000e+000  0.000000e+000
    outer loop
      vertex  3.428261e+001 -1.409354e+001  2.000000e+000
      vertex  3.428261e+001 -4.409354e+001  2.000000e+000
      vertex  3.428261e+001 -2.842598e+001  6.076621e+000
    endloop
  endfacet
  facet normal -1.000000e+000  0.000000e+000  0.000000e+000
    outer loop
      vertex  3.428261e+001 -1.409354e+001  2.000000e+000
      vertex  3.428261e+001 -2.842598e+001  6.076621e+000
      vertex  3.428261e+001 -2.779189e+001  6.298498e+000
    endloop
  endfacet
  facet normal -1.000000e+000  0.000000e+000  0.000000e+000
    outer loop
      vertex  3.428261e+001 -1.409354e+001  2.000000e+000
      vertex  3.428261e+001 -2.779189e+001  6.298498e+000
      vertex  3.428261e+001 -2.722307e+001  6.655910e+000
    endloop
  endfacet
  facet normal -1.000000e+000  0.000000e+000  0.000000e+000
    outer loop
      vertex  3.428261e+001 -1.409354e+001  2.000000e+000
      vertex  3.428261e+001 -2.722307e+001  6.655910e+000
      vertex  3.428261e+001 -2.674805e+001  7.130935e+000
    endloop
  endfacet
  facet normal -9.999999e-001  0.000000e+000  0.000000e+000
    outer loop
      vertex  3.428261e+001 -1.409354e+001  2.000000e+000
      vertex  3.428261e+001 -2.674805e+001  7.130935e+000
      vertex  3.428261e+001 -2.639064e+001  7.699753e+000
    endloop
  endfacet
  facet normal -1.000000e+000  0.000000e+000  0.000000e+000
    outer loop
      vertex  3.428261e+001 -1.409354e+001  2.000000e+000
      vertex  3.428261e+001 -2.639064e+001  7.699753e+000
      vertex  3.428261e+001 -2.616876e+001  8.333841e+000
    endloop
  endfacet
  facet normal -1.000000e+000  0.000000e+000  0.000000e+000
    outer loop
      vertex  3.428261e+001 -1.409354e+001  2.000000e+000
      vertex  3.428261e+001 -2.616876e+001  8.333841e+000
      vertex  3.428261e+001 -2.609354e+001  9.001405e+000
    endloop
  endfacet
  facet normal -9.999999e-001  0.000000e+000  0.000000e+000
    outer loop
      vertex  3.428261e+001 -1.409354e+001  2.000000e+000
      vertex  3.428261e+001 -2.609354e+001  9.001405e+000
      vertex  3.428261e+001 -2.616876e+001  9.668967e+000
    endloop
  endfacet
  facet normal -1.000000e+000  0.000000e+000  0.000000e+000
    outer loop
      vertex  3.428261e+001 -1.409354e+001  2.000000e+000
      vertex  3.428261e+001 -2.616876e+001  9.668967e+000
      vertex  3.428261e+001 -2.639064e+001  1.030306e+001
    endloop
  endfacet
  facet normal -1.000000e+000  0.000000e+000  0.000000e+000
    outer loop
      vertex  3.428261e+001 -1.409354e+001  2.000000e+000
      vertex  3.428261e+001 -2.639064e+001  1.030306e+001
      vertex  3.428261e+001 -2.674805e+001  1.087187e+001
    endloop
  endfacet
  facet normal -1.000000e+000  0.000000e+000  0.000000e+000
    outer loop
      vertex  3.428261e+001 -1.409354e+001  2.000000e+000
      vertex  3.428261e+001 -2.674805e+001  1.087187e+001
      vertex  3.428261e+001 -2.722307e+001  1.134690e+001
    endloop
  endfacet
  facet normal -1.000000e+000  0.000000e+000  0.000000e+000
    outer loop
      vertex  3.428261e+001 -4.409354e+001  2.000000e+000
      vertex  3.428261e+001 -4.409354e+001  1.800000e+001
      vertex  3.428261e+001 -3.209354e+001  9.001405e+000
    endloop
  endfacet
  facet normal -1.000000e+000  0.000000e+000  -0.000000e+000
    outer loop
      vertex  3.428261e+001 -4.409354e+001  2.000000e+000
      vertex  3.428261e+001 -3.209354e+001  9.001405e+000
      vertex  3.428261e+001 -3.201833e+001  8.333841e+000
    endloop
  endfacet
  facet normal -1.000000e+000  0.000000e+000  -0.000000e+000
    outer loop
      vertex  3.428261e+001 -4.409354e+001  2.000000e+000
      vertex  3.428261e+001 -3.201833e+001  8.333841e+000
      vertex  3.428261e+001 -3.179645e+001  7.699753e+000
    endloop
  endfacet
  facet normal -1.000000e+000  0.000000e+000  -0.000000e+000
    outer loop
      vertex  3.428261e+001 -4.409354e+001  2.000000e+000
      vertex  3.428261e+001 -3.179645e+001  7.699753e+000
      vertex  3.428261e+001 -3.143904e+001  7.130935e+000
    endloop
  endfacet
  facet normal -1.000000e+000  0.000000e+000  -0.000000e+000
    outer loop
      vertex  3.428261e+001 -4.409354e+001  2.000000e+000
      vertex  3.428261e+001 -3.143904e+001  7.130935e+000
      vertex  3.428261e+001 -3.096401e+001  6.655910e+000
    endloop
  endfacet
  facet normal -1.000000e+000  0.000000e+000  -0.000000e+000
    outer loop
      vertex  3.428261e+001 -4.409354e+001  2.000000e+000
      vertex  3.428261e+001 -3.096401e+001  6.655910e+000
      vertex  3.428261e+001 -3.039520e+001  6.298498e+000
    endloop
  endfacet
  facet normal -1.000000e+000  0.000000e+000  -0.000000e+000
    outer loop
      vertex  3.428261e+001 -4.409354e+001  2.000000e+000
      vertex  3.428261e+001 -3.039520e+001  6.298498e+000
      vertex  3.428261e+001 -2.976111e+001  6.076621e+000
    endloop
  endfacet
  facet normal -1.000000e+000  0.000000e+000  -0.000000e+000
    outer loop
      vertex  3.428261e+001 -4.409354e+001  2.000000e+000
      vertex  3.428261e+001 -2.976111e+001  6.076621e+000
      vertex  3.428261e+001 -2.909354e+001  6.001404e+000
    endloop
  endfacet
  facet normal -9.999999e-001  0.000000e+000  -0.000000e+000
    outer loop
      vertex  3.428261e+001 -4.409354e+001  2.000000e+000
      vertex  3.428261e+001 -2.909354e+001  6.001404e+000
      vertex  3.428261e+001 -2.842598e+001  6.076621e+000
    endloop
  endfacet
  facet normal -1.000000e+000  0.000000e+000  0.000000e+000
    outer loop
      vertex  3.428261e+001 -4.409354e+001  1.800000e+001
      vertex  3.428261e+001 -2.779189e+001  1.170431e+001
      vertex  3.428261e+001 -2.842598e+001  1.192619e+001
    endloop
  endfacet
  facet normal -1.000000e+000  0.000000e+000  0.000000e+000
    outer loop
      vertex  3.428261e+001 -4.409354e+001  1.800000e+001
      vertex  3.428261e+001 -2.842598e+001  1.192619e+001
      vertex  3.428261e+001 -2.909354e+001  1.200140e+001
    endloop
  endfacet
  facet normal -1.000000e+000  -0.000000e+000  0.000000e+000
    outer loop
      vertex  3.428261e+001 -4.409354e+001  1.800000e+001
      vertex  3.428261e+001 -2.909354e+001  1.200140e+001
      vertex  3.428261e+001 -2.976111e+001  1.192619e+001
    endloop
  endfacet
  facet normal -9.999999e-001  -0.000000e+000  0.000000e+000
    outer loop
      vertex  3.428261e+001 -4.409354e+001  1.800000e+001
      vertex  3.428261e+001 -2.976111e+001  1.192619e+001
      vertex  3.428261e+001 -3.039520e+001  1.170431e+001
    endloop
  endfacet
  facet normal -1.000000e+000  -0.000000e+000  0.000000e+000
    outer loop
      vertex  3.428261e+001 -4.409354e+001  1.800000e+001
      vertex  3.428261e+001 -3.039520e+001  1.170431e+001
      vertex  3.428261e+001 -3.096401e+001  1.134690e+001
    endloop
  endfacet
  facet normal -1.000000e+000  -0.000000e+000  0.000000e+000
    outer loop
      vertex  3.428261e+001 -4.409354e+001  1.800000e+001
      vertex  3.428261e+001 -3.096401e+001  1.134690e+001
      vertex  3.428261e+001 -3.143904e+001  1.087187e+001
    endloop
  endfacet
  facet normal -1.000000e+000  -0.000000e+000  0.000000e+000
    outer loop
      vertex  3.428261e+001 -4.409354e+001  1.800000e+001
      vertex  3.428261e+001 -3.143904e+001  1.087187e+001
      vertex  3.428261e+001 -3.179645e+001  1.030306e+001
    endloop
  endfacet
  facet normal -1.000000e+000  -0.000000e+000  0.000000e+000
    outer loop
      vertex  3.428261e+001 -4.409354e+001  1.800000e+001
      vertex  3.428261e+001 -3.179645e+001  1.030306e+001
      vertex  3.428261e+001 -3.201833e+001  9.668967e+000
    endloop
  endfacet
  facet normal -1.000000e+000  -0.000000e+000  0.000000e+000
    outer loop
      vertex  3.428261e+001 -4.409354e+001  1.800000e+001
      vertex  3.428261e+001 -3.201833e+001  9.668967e+000
      vertex  3.428261e+001 -3.209354e+001  9.001405e+000
    endloop
  endfacet
  facet normal  0.000000e+000  1.119646e-001 -9.937122e-001
    outer loop
      vertex  3.428261e+001 -2.909354e+001  1.200140e+001
      vertex  3.528261e+001 -2.976111e+001  1.192619e+001
      vertex  3.428261e+001 -2.976111e+001  1.192619e+001
    endloop
  endfacet
  facet normal  0.000000e+000  3.302790e-001 -9.438833e-001
    outer loop
      vertex  3.428261e+001 -2.976111e+001  1.192619e+001
      vertex  3.528261e+001 -2.976111e+001  1.192619e+001
      vertex  3.528261e+001 -3.039520e+001  1.170431e+001
    endloop
  endfacet
  facet normal  0.000000e+000  3.302790e-001 -9.438833e-001
    outer loop
      vertex  3.428261e+001 -2.976111e+001  1.192619e+001
      vertex  3.528261e+001 -3.039520e+001  1.170431e+001
      vertex  3.428261e+001 -3.039520e+001  1.170431e+001
    endloop
  endfacet
  facet normal  0.000000e+000  5.320317e-001 -8.467245e-001
    outer loop
      vertex  3.428261e+001 -3.039520e+001  1.170431e+001
      vertex  3.528261e+001 -3.039520e+001  1.170431e+001
      vertex  3.528261e+001 -3.096401e+001  1.134690e+001
    endloop
  endfacet
  facet normal  0.000000e+000  5.320317e-001 -8.467245e-001
    outer loop
      vertex  3.428261e+001 -3.039520e+001  1.170431e+001
      vertex  3.528261e+001 -3.096401e+001  1.134690e+001
      vertex  3.428261e+001 -3.096401e+001  1.134690e+001
    endloop
  endfacet
  facet normal  0.000000e+000  7.071068e-001 -7.071068e-001
    outer loop
      vertex  3.428261e+001 -3.096401e+001  1.134690e+001
      vertex  3.528261e+001 -3.096401e+001  1.134690e+001
      vertex  3.528261e+001 -3.143904e+001  1.087187e+001
    endloop
  endfacet
  facet normal  0.000000e+000  7.071068e-001 -7.071068e-001
    outer loop
      vertex  3.428261e+001 -3.096401e+001  1.134690e+001
      vertex  3.528261e+001 -3.143904e+001  1.087187e+001
      vertex  3.428261e+001 -3.143904e+001  1.087187e+001
    endloop
  endfacet
  facet normal  0.000000e+000  8.467253e-001 -5.320303e-001
    outer loop
      vertex  3.428261e+001 -3.143904e+001  1.087187e+001
      vertex  3.528261e+001 -3.143904e+001  1.087187e+001
      vertex  3.528261e+001 -3.179645e+001  1.030306e+001
    endloop
  endfacet
  facet normal  0.000000e+000  8.467253e-001 -5.320303e-001
    outer loop
      vertex  3.428261e+001 -3.143904e+001  1.087187e+001
      vertex  3.528261e+001 -3.179645e+001  1.030306e+001
      vertex  3.428261e+001 -3.179645e+001  1.030306e+001
    endloop
  endfacet
  facet normal  0.000000e+000  9.438819e-001 -3.302827e-001
    outer loop
      vertex  3.428261e+001 -3.179645e+001  1.030306e+001
      vertex  3.528261e+001 -3.179645e+001  1.030306e+001
      vertex  3.528261e+001 -3.201833e+001  9.668967e+000
    endloop
  endfacet
  facet normal  0.000000e+000  9.438819e-001 -3.302827e-001
    outer loop
      vertex  3.428261e+001 -3.179645e+001  1.030306e+001
      vertex  3.528261e+001 -3.201833e+001  9.668967e+000
      vertex  3.428261e+001 -3.201833e+001  9.668967e+000
    endloop
  endfacet
  facet normal  0.000000e+000  9.937125e-001 -1.119618e-001
    outer loop
      vertex  3.428261e+001 -3.201833e+001  9.668967e+000
      vertex  3.528261e+001 -3.201833e+001  9.668967e+000
      vertex  3.528261e+001 -3.209354e+001  9.001405e+000
    endloop
  endfacet
  facet normal  0.000000e+000  9.937125e-001 -1.119618e-001
    outer loop
      vertex  3.428261e+001 -3.201833e+001  9.668967e+000
      vertex  3.528261e+001 -3.209354e+001  9.001405e+000
      vertex  3.428261e+001 -3.209354e+001  9.001405e+000
    endloop
  endfacet
  facet normal  0.000000e+000  1.119646e-001 -9.937122e-001
    outer loop
      vertex  3.528261e+001 -2.976111e+001  1.192619e+001
      vertex  3.428261e+001 -2.909354e+001  1.200140e+001
      vertex  3.528261e+001 -2.909354e+001  1.200140e+001
    endloop
  endfacet
  facet normal  -0.000000e+000 -1.119646e-001 -9.937122e-001
    outer loop
      vertex  3.528261e+001 -2.909354e+001  1.200140e+001
      vertex  3.428261e+001 -2.909354e+001  1.200140e+001
      vertex  3.428261e+001 -2.842598e+001  1.192619e+001
    endloop
  endfacet
  facet normal  0.000000e+000 -1.119646e-001 -9.937122e-001
    outer loop
      vertex  3.528261e+001 -2.909354e+001  1.200140e+001
      vertex  3.428261e+001 -2.842598e+001  1.192619e+001
      vertex  3.528261e+001 -2.842598e+001  1.192619e+001
    endloop
  endfacet
  facet normal  -0.000000e+000 -3.302790e-001 -9.438833e-001
    outer loop
      vertex  3.528261e+001 -2.842598e+001  1.192619e+001
      vertex  3.428261e+001 -2.842598e+001  1.192619e+001
      vertex  3.428261e+001 -2.779189e+001  1.170431e+001
    endloop
  endfacet
  facet normal  0.000000e+000 -3.302790e-001 -9.438833e-001
    outer loop
      vertex  3.528261e+001 -2.842598e+001  1.192619e+001
      vertex  3.428261e+001 -2.779189e+001  1.170431e+001
      vertex  3.528261e+001 -2.779189e+001  1.170431e+001
    endloop
  endfacet
  facet normal  -0.000000e+000 -5.320317e-001 -8.467245e-001
    outer loop
      vertex  3.528261e+001 -2.779189e+001  1.170431e+001
      vertex  3.428261e+001 -2.779189e+001  1.170431e+001
      vertex  3.428261e+001 -2.722307e+001  1.134690e+001
    endloop
  endfacet
  facet normal  0.000000e+000 -5.320317e-001 -8.467245e-001
    outer loop
      vertex  3.528261e+001 -2.779189e+001  1.170431e+001
      vertex  3.428261e+001 -2.722307e+001  1.134690e+001
      vertex  3.528261e+001 -2.722307e+001  1.134690e+001
    endloop
  endfacet
  facet normal  -0.000000e+000 -7.071068e-001 -7.071068e-001
    outer loop
      vertex  3.528261e+001 -2.722307e+001  1.134690e+001
      vertex  3.428261e+001 -2.722307e+001  1.134690e+001
      vertex  3.428261e+001 -2.674805e+001  1.087187e+001
    endloop
  endfacet
  facet normal  0.000000e+000 -7.071068e-001 -7.071068e-001
    outer loop
      vertex  3.528261e+001 -2.722307e+001  1.134690e+001
      vertex  3.428261e+001 -2.674805e+001  1.087187e+001
      vertex  3.528261e+001 -2.674805e+001  1.087187e+001
    endloop
  endfacet
  facet normal  -0.000000e+000 -8.467253e-001 -5.320303e-001
    outer loop
      vertex  3.528261e+001 -2.674805e+001  1.087187e+001
      vertex  3.428261e+001 -2.674805e+001  1.087187e+001
      vertex  3.428261e+001 -2.639064e+001  1.030306e+001
    endloop
  endfacet
  facet normal  0.000000e+000 -8.467253e-001 -5.320303e-001
    outer loop
      vertex  3.528261e+001 -2.674805e+001  1.087187e+001
      vertex  3.428261e+001 -2.639064e+001  1.030306e+001
      vertex  3.528261e+001 -2.639064e+001  1.030306e+001
    endloop
  endfacet
  facet normal  -0.000000e+000 -9.438829e-001 -3.302802e-001
    outer loop
      vertex  3.528261e+001 -2.639064e+001  1.030306e+001
      vertex  3.428261e+001 -2.639064e+001  1.030306e+001
      vertex  3.428261e+001 -2.616876e+001  9.668967e+000
    endloop
  endfacet
  facet normal  0.000000e+000 -9.438829e-001 -3.302802e-001
    outer loop
      vertex  3.528261e+001 -2.639064e+001  1.030306e+001
      vertex  3.428261e+001 -2.616876e+001  9.668967e+000
      vertex  3.528261e+001 -2.616876e+001  9.668967e+000
    endloop
  endfacet
  facet normal  -0.000000e+000 -9.937122e-001 -1.119646e-001
    outer loop
      vertex  3.528261e+001 -2.616876e+001  9.668967e+000
      vertex  3.428261e+001 -2.616876e+001  9.668967e+000
      vertex  3.428261e+001 -2.609354e+001  9.001405e+000
    endloop
  endfacet
  facet normal  0.000000e+000 -9.937122e-001 -1.119646e-001
    outer loop
      vertex  3.528261e+001 -2.616876e+001  9.668967e+000
      vertex  3.428261e+001 -2.609354e+001  9.001405e+000
      vertex  3.528261e+001 -2.609354e+001  9.001405e+000
    endloop
  endfacet
  facet normal  0.000000e+000 -1.119646e-001  9.937122e-001
    outer loop
      vertex  3.428261e+001 -2.909354e+001  6.001404e+000
      vertex  3.528261e+001 -2.842598e+001  6.076621e+000
      vertex  3.428261e+001 -2.842598e+001  6.076621e+000
    endloop
  endfacet
  facet normal  0.000000e+000 -3.302790e-001  9.438833e-001
    outer loop
      vertex  3.428261e+001 -2.842598e+001  6.076621e+000
      vertex  3.528261e+001 -2.842598e+001  6.076621e+000
      vertex  3.528261e+001 -2.779189e+001  6.298498e+000
    endloop
  endfacet
  facet normal  0.000000e+000 -3.302790e-001  9.438833e-001
    outer loop
      vertex  3.428261e+001 -2.842598e+001  6.076621e+000
      vertex  3.528261e+001 -2.779189e+001  6.298498e+000
      vertex  3.428261e+001 -2.779189e+001  6.298498e+000
    endloop
  endfacet
  facet normal  0.000000e+000 -5.320317e-001  8.467245e-001
    outer loop
      vertex  3.428261e+001 -2.779189e+001  6.298498e+000
      vertex  3.528261e+001 -2.779189e+001  6.298498e+000
      vertex  3.528261e+001 -2.722307e+001  6.655910e+000
    endloop
  endfacet
  facet normal  0.000000e+000 -5.320317e-001  8.467245e-001
    outer loop
      vertex  3.428261e+001 -2.779189e+001  6.298498e+000
      vertex  3.528261e+001 -2.722307e+001  6.655910e+000
      vertex  3.428261e+001 -2.722307e+001  6.655910e+000
    endloop
  endfacet
  facet normal  0.000000e+000 -7.071068e-001  7.071068e-001
    outer loop
      vertex  3.428261e+001 -2.722307e+001  6.655910e+000
      vertex  3.528261e+001 -2.722307e+001  6.655910e+000
      vertex  3.528261e+001 -2.674805e+001  7.130935e+000
    endloop
  endfacet
  facet normal  0.000000e+000 -7.071068e-001  7.071068e-001
    outer loop
      vertex  3.428261e+001 -2.722307e+001  6.655910e+000
      vertex  3.528261e+001 -2.674805e+001  7.130935e+000
      vertex  3.428261e+001 -2.674805e+001  7.130935e+000
    endloop
  endfacet
  facet normal  0.000000e+000 -8.467253e-001  5.320303e-001
    outer loop
      vertex  3.428261e+001 -2.674805e+001  7.130935e+000
      vertex  3.528261e+001 -2.674805e+001  7.130935e+000
      vertex  3.528261e+001 -2.639064e+001  7.699753e+000
    endloop
  endfacet
  facet normal  0.000000e+000 -8.467253e-001  5.320303e-001
    outer loop
      vertex  3.428261e+001 -2.674805e+001  7.130935e+000
      vertex  3.528261e+001 -2.639064e+001  7.699753e+000
      vertex  3.428261e+001 -2.639064e+001  7.699753e+000
    endloop
  endfacet
  facet normal  0.000000e+000 -9.438829e-001  3.302805e-001
    outer loop
      vertex  3.428261e+001 -2.639064e+001  7.699753e+000
      vertex  3.528261e+001 -2.639064e+001  7.699753e+000
      vertex  3.528261e+001 -2.616876e+001  8.333841e+000
    endloop
  endfacet
  facet normal  0.000000e+000 -9.438829e-001  3.302805e-001
    outer loop
      vertex  3.428261e+001 -2.639064e+001  7.699753e+000
      vertex  3.528261e+001 -2.616876e+001  8.333841e+000
      vertex  3.428261e+001 -2.616876e+001  8.333841e+000
    endloop
  endfacet
  facet normal  0.000000e+000 -9.937122e-001  1.119644e-001
    outer loop
      vertex  3.428261e+001 -2.616876e+001  8.333841e+000
      vertex  3.528261e+001 -2.616876e+001  8.333841e+000
      vertex  3.528261e+001 -2.609354e+001  9.001405e+000
    endloop
  endfacet
  facet normal  0.000000e+000 -9.937122e-001  1.119644e-001
    outer loop
      vertex  3.428261e+001 -2.616876e+001  8.333841e+000
      vertex  3.528261e+001 -2.609354e+001  9.001405e+000
      vertex  3.428261e+001 -2.609354e+001  9.001405e+000
    endloop
  endfacet
  facet normal  0.000000e+000 -1.119646e-001  9.937122e-001
    outer loop
      vertex  3.528261e+001 -2.842598e+001  6.076621e+000
      vertex  3.428261e+001 -2.909354e+001  6.001404e+000
      vertex  3.528261e+001 -2.909354e+001  6.001404e+000
    endloop
  endfacet
  facet normal  0.000000e+000  1.119646e-001  9.937122e-001
    outer loop
      vertex  3.528261e+001 -2.909354e+001  6.001404e+000
      vertex  3.428261e+001 -2.909354e+001  6.001404e+000
      vertex  3.428261e+001 -2.976111e+001  6.076621e+000
    endloop
  endfacet
  facet normal  -0.000000e+000  1.119646e-001  9.937122e-001
    outer loop
      vertex  3.528261e+001 -2.909354e+001  6.001404e+000
      vertex  3.428261e+001 -2.976111e+001  6.076621e+000
      vertex  3.528261e+001 -2.976111e+001  6.076621e+000
    endloop
  endfacet
  facet normal  0.000000e+000  3.302790e-001  9.438833e-001
    outer loop
      vertex  3.528261e+001 -2.976111e+001  6.076621e+000
      vertex  3.428261e+001 -2.976111e+001  6.076621e+000
      vertex  3.428261e+001 -3.039520e+001  6.298498e+000
    endloop
  endfacet
  facet normal  -0.000000e+000  3.302790e-001  9.438833e-001
    outer loop
      vertex  3.528261e+001 -2.976111e+001  6.076621e+000
      vertex  3.428261e+001 -3.039520e+001  6.298498e+000
      vertex  3.528261e+001 -3.039520e+001  6.298498e+000
    endloop
  endfacet
  facet normal  0.000000e+000  5.320317e-001  8.467245e-001
    outer loop
      vertex  3.528261e+001 -3.039520e+001  6.298498e+000
      vertex  3.428261e+001 -3.039520e+001  6.298498e+000
      vertex  3.428261e+001 -3.096401e+001  6.655910e+000
    endloop
  endfacet
  facet normal  -0.000000e+000  5.320317e-001  8.467245e-001
    outer loop
      vertex  3.528261e+001 -3.039520e+001  6.298498e+000
      vertex  3.428261e+001 -3.096401e+001  6.655910e+000
      vertex  3.528261e+001 -3.096401e+001  6.655910e+000
    endloop
  endfacet
  facet normal  0.000000e+000  7.071068e-001  7.071068e-001
    outer loop
      vertex  3.528261e+001 -3.096401e+001  6.655910e+000
      vertex  3.428261e+001 -3.096401e+001  6.655910e+000
      vertex  3.428261e+001 -3.143904e+001  7.130935e+000
    endloop
  endfacet
  facet normal  -0.000000e+000  7.071068e-001  7.071068e-001
    outer loop
      vertex  3.528261e+001 -3.096401e+001  6.655910e+000
      vertex  3.428261e+001 -3.143904e+001  7.130935e+000
      vertex  3.528261e+001 -3.143904e+001  7.130935e+000
    endloop
  endfacet
  facet normal  0.000000e+000  8.467253e-001  5.320303e-001
    outer loop
      vertex  3.528261e+001 -3.143904e+001  7.130935e+000
      vertex  3.428261e+001 -3.143904e+001  7.130935e+000
      vertex  3.428261e+001 -3.179645e+001  7.699753e+000
    endloop
  endfacet
  facet normal  -0.000000e+000  8.467253e-001  5.320303e-001
    outer loop
      vertex  3.528261e+001 -3.143904e+001  7.130935e+000
      vertex  3.428261e+001 -3.179645e+001  7.699753e+000
      vertex  3.528261e+001 -3.179645e+001  7.699753e+000
    endloop
  endfacet
  facet normal  0.000000e+000  9.438819e-001  3.302830e-001
    outer loop
      vertex  3.528261e+001 -3.179645e+001  7.699753e+000
      vertex  3.428261e+001 -3.179645e+001  7.699753e+000
      vertex  3.428261e+001 -3.201833e+001  8.333841e+000
    endloop
  endfacet
  facet normal  -0.000000e+000  9.438819e-001  3.302830e-001
    outer loop
      vertex  3.528261e+001 -3.179645e+001  7.699753e+000
      vertex  3.428261e+001 -3.201833e+001  8.333841e+000
      vertex  3.528261e+001 -3.201833e+001  8.333841e+000
    endloop
  endfacet
  facet normal  0.000000e+000  9.937126e-001  1.119616e-001
    outer loop
      vertex  3.528261e+001 -3.201833e+001  8.333841e+000
      vertex  3.428261e+001 -3.201833e+001  8.333841e+000
      vertex  3.428261e+001 -3.209354e+001  9.001405e+000
    endloop
  endfacet
  facet normal  -0.000000e+000  9.937126e-001  1.119616e-001
    outer loop
      vertex  3.528261e+001 -3.201833e+001  8.333841e+000
      vertex  3.428261e+001 -3.209354e+001  9.001405e+000
      vertex  3.528261e+001 -3.209354e+001  9.001405e+000
    endloop
  endfacet
  facet normal  0.000000e+000  1.000000e+000  -0.000000e+000
    outer loop
      vertex  3.428261e+001 -4.409354e+001  1.800000e+001
      vertex  3.428261e+001 -4.409354e+001  2.000000e+000
      vertex -4.571739e+001 -4.409354e+001  1.800000e+001
    endloop
  endfacet
  facet normal  0.000000e+000  1.000000e+000  0.000000e+000
    outer loop
      vertex -4.571739e+001 -4.409354e+001  1.800000e+001
      vertex  3.428261e+001 -4.409354e+001  2.000000e+000
      vertex -4.571739e+001 -4.409354e+001  2.000000e+000
    endloop
  endfacet
  facet normal  0.000000e+000 -1.000000e+000  0.000000e+000
    outer loop
      vertex -4.571739e+001 -1.409354e+001  1.800000e+001
      vertex -4.571739e+001 -1.409354e+001  2.000000e+000
      vertex  3.428261e+001 -1.409354e+001  1.800000e+001
    endloop
  endfacet
  facet normal  0.000000e+000 -1.000000e+000  -0.000000e+000
    outer loop
      vertex  3.428261e+001 -1.409354e+001  1.800000e+001
      vertex -4.571739e+001 -1.409354e+001  2.000000e+000
      vertex  3.428261e+001 -1.409354e+001  2.000000e+000
    endloop
  endfacet
endsolid CATIA STL
