solid CATIA STL
  facet normal  0.000000e+000  0.000000e+000  1.000000e+000
    outer loop
      vertex  3.672671e+001 -4.461285e+001  2.100000e+001
      vertex  3.778643e+001 -4.359264e+001  2.100000e+001
      vertex  3.715234e+001 -4.337076e+001  2.100000e+001
    endloop
  endfacet
  facet normal  0.000000e+000  0.000000e+000  9.999999e-001
    outer loop
      vertex -4.621955e+001 -4.629554e+001  2.100000e+001
      vertex -4.491955e+001 -4.629554e+001  2.100000e+001
      vertex -4.628841e+001 -4.581660e+001  2.100000e+001
    endloop
  endfacet
  facet normal  -0.000000e+000  0.000000e+000  1.000000e+000
    outer loop
      vertex  3.648478e+001 -4.329554e+001  2.100000e+001
      vertex  3.528261e+001 -4.329554e+001  2.100000e+001
      vertex -4.767762e+001 -4.461285e+001  2.100000e+001
    endloop
  endfacet
  facet normal  0.000000e+000  0.000000e+000  1.000000e+000
    outer loop
      vertex  3.648478e+001 -4.329554e+001  2.100000e+001
      vertex -4.767762e+001 -4.461285e+001  2.100000e+001
      vertex  3.624284e+001 -4.461285e+001  2.100000e+001
    endloop
  endfacet
  facet normal  0.000000e+000  0.000000e+000  1.000000e+000
    outer loop
      vertex  3.648478e+001 -4.329554e+001  2.100000e+001
      vertex  3.624284e+001 -4.461285e+001  2.100000e+001
      vertex  3.672671e+001 -4.461285e+001  2.100000e+001
    endloop
  endfacet
  facet normal  0.000000e+000  -0.000000e+000  9.999999e-001
    outer loop
      vertex  3.648478e+001 -4.329554e+001  2.100000e+001
      vertex  3.672671e+001 -4.461285e+001  2.100000e+001
      vertex  3.715234e+001 -4.337076e+001  2.100000e+001
    endloop
  endfacet
  facet normal  0.000000e+000  -0.000000e+000  1.000000e+000
    outer loop
      vertex  3.348478e+001 -4.629554e+001  2.100000e+001
      vertex  3.355999e+001 -4.696311e+001  2.100000e+001
      vertex  3.485364e+001 -4.677449e+001  2.100000e+001
    endloop
  endfacet
  facet normal  0.000000e+000  0.000000e+000  1.000000e+000
    outer loop
      vertex  3.348478e+001 -4.629554e+001  2.100000e+001
      vertex  3.485364e+001 -4.677449e+001  2.100000e+001
      vertex  3.478477e+001 -4.629554e+001  2.100000e+001
    endloop
  endfacet
  facet normal  0.000000e+000  -0.000000e+000  9.999999e-001
    outer loop
      vertex  3.348478e+001 -4.629554e+001  2.100000e+001
      vertex  3.478477e+001 -4.629554e+001  2.100000e+001
      vertex  3.485364e+001 -4.581660e+001  2.100000e+001
    endloop
  endfacet
  facet normal  0.000000e+000  -0.000000e+000  1.000000e+000
    outer loop
      vertex  3.348478e+001 -4.629554e+001  2.100000e+001
      vertex  3.485364e+001 -4.581660e+001  2.100000e+001
      vertex  3.505465e+001 -4.537645e+001  2.100000e+001
    endloop
  endfacet
  facet normal  0.000000e+000  -0.000000e+000  1.000000e+000
    outer loop
      vertex  3.348478e+001 -4.629554e+001  2.100000e+001
      vertex  3.505465e+001 -4.537645e+001  2.100000e+001
      vertex  3.537151e+001 -4.501077e+001  2.100000e+001
    endloop
  endfacet
  facet normal  0.000000e+000  0.000000e+000  1.000000e+000
    outer loop
      vertex  3.348478e+001 -4.629554e+001  2.100000e+001
      vertex  3.537151e+001 -4.501077e+001  2.100000e+001
      vertex  3.348478e+001 -4.509354e+001  2.100000e+001
    endloop
  endfacet
  facet normal  0.000000e+000  -0.000000e+000  1.000000e+000
    outer loop
      vertex -4.491955e+001 -4.509354e+001  2.100000e+001
      vertex  3.348478e+001 -4.509354e+001  2.100000e+001
      vertex  3.537151e+001 -4.501077e+001  2.100000e+001
    endloop
  endfacet
  facet normal  0.000000e+000  0.000000e+000  1.000000e+000
    outer loop
      vertex -4.491955e+001 -4.509354e+001  2.100000e+001
      vertex  3.537151e+001 -4.501077e+001  2.100000e+001
      vertex -4.680629e+001 -4.501077e+001  2.100000e+001
    endloop
  endfacet
  facet normal  0.000000e+000  0.000000e+000  1.000000e+000
    outer loop
      vertex -4.491955e+001 -4.509354e+001  2.100000e+001
      vertex -4.680629e+001 -4.501077e+001  2.100000e+001
      vertex -4.648942e+001 -4.537645e+001  2.100000e+001
    endloop
  endfacet
  facet normal  -0.000000e+000  0.000000e+000  1.000000e+000
    outer loop
      vertex -4.491955e+001 -4.509354e+001  2.100000e+001
      vertex -4.648942e+001 -4.537645e+001  2.100000e+001
      vertex -4.628841e+001 -4.581660e+001  2.100000e+001
    endloop
  endfacet
  facet normal  -0.000000e+000  0.000000e+000  1.000000e+000
    outer loop
      vertex -4.491955e+001 -4.509354e+001  2.100000e+001
      vertex -4.628841e+001 -4.581660e+001  2.100000e+001
      vertex -4.491955e+001 -4.629554e+001  2.100000e+001
    endloop
  endfacet
  facet normal  0.000000e+000  -0.000000e+000  1.000000e+000
    outer loop
      vertex -4.791955e+001 -1.489154e+001  2.100000e+001
      vertex -4.671739e+001 -1.489154e+001  2.100000e+001
      vertex  3.624284e+001 -1.357424e+001  2.100000e+001
    endloop
  endfacet
  facet normal  0.000000e+000  0.000000e+000  1.000000e+000
    outer loop
      vertex -4.791955e+001 -1.489154e+001  2.100000e+001
      vertex  3.624284e+001 -1.357424e+001  2.100000e+001
      vertex -4.767762e+001 -1.357424e+001  2.100000e+001
    endloop
  endfacet
  facet normal  0.000000e+000  0.000000e+000  1.000000e+000
    outer loop
      vertex -4.791955e+001 -1.489154e+001  2.100000e+001
      vertex -4.767762e+001 -1.357424e+001  2.100000e+001
      vertex -4.816149e+001 -1.357424e+001  2.100000e+001
    endloop
  endfacet
  facet normal  0.000000e+000  0.000000e+000  1.000000e+000
    outer loop
      vertex -4.791955e+001 -1.489154e+001  2.100000e+001
      vertex -4.816149e+001 -1.357424e+001  2.100000e+001
      vertex -5.026505e+001 -1.376201e+001  2.100000e+001
    endloop
  endfacet
  facet normal  0.000000e+000  0.000000e+000  1.000000e+000
    outer loop
      vertex -4.791955e+001 -1.489154e+001  2.100000e+001
      vertex -5.026505e+001 -1.376201e+001  2.100000e+001
      vertex -4.979002e+001 -1.423704e+001  2.100000e+001
    endloop
  endfacet
  facet normal  0.000000e+000  0.000000e+000  1.000000e+000
    outer loop
      vertex -4.791955e+001 -1.489154e+001  2.100000e+001
      vertex -4.979002e+001 -1.423704e+001  2.100000e+001
      vertex -4.922120e+001 -1.459445e+001  2.100000e+001
    endloop
  endfacet
  facet normal  0.000000e+000  0.000000e+000  9.999999e-001
    outer loop
      vertex -4.791955e+001 -1.489154e+001  2.100000e+001
      vertex -4.922120e+001 -1.459445e+001  2.100000e+001
      vertex -4.858711e+001 -1.481633e+001  2.100000e+001
    endloop
  endfacet
  facet normal  0.000000e+000  0.000000e+000  1.000000e+000
    outer loop
      vertex -4.491955e+001 -1.309354e+001  2.100000e+001
      vertex -4.491955e+001 -1.189154e+001  2.100000e+001
      vertex -4.621955e+001 -1.189154e+001  2.100000e+001
    endloop
  endfacet
  facet normal  0.000000e+000  0.000000e+000  1.000000e+000
    outer loop
      vertex -4.491955e+001 -1.309354e+001  2.100000e+001
      vertex -4.621955e+001 -1.189154e+001  2.100000e+001
      vertex -4.628841e+001 -1.237049e+001  2.100000e+001
    endloop
  endfacet
  facet normal  0.000000e+000  0.000000e+000  1.000000e+000
    outer loop
      vertex -4.491955e+001 -1.309354e+001  2.100000e+001
      vertex -4.628841e+001 -1.237049e+001  2.100000e+001
      vertex -4.648942e+001 -1.281063e+001  2.100000e+001
    endloop
  endfacet
  facet normal  0.000000e+000  0.000000e+000  1.000000e+000
    outer loop
      vertex -4.491955e+001 -1.309354e+001  2.100000e+001
      vertex -4.648942e+001 -1.281063e+001  2.100000e+001
      vertex -4.680629e+001 -1.317632e+001  2.100000e+001
    endloop
  endfacet
  facet normal  0.000000e+000  0.000000e+000  9.999999e-001
    outer loop
      vertex -4.491955e+001 -1.309354e+001  2.100000e+001
      vertex -4.680629e+001 -1.317632e+001  2.100000e+001
      vertex  3.537151e+001 -1.317632e+001  2.100000e+001
    endloop
  endfacet
  facet normal  0.000000e+000  0.000000e+000  1.000000e+000
    outer loop
      vertex -4.491955e+001 -1.309354e+001  2.100000e+001
      vertex  3.537151e+001 -1.317632e+001  2.100000e+001
      vertex  3.348478e+001 -1.309354e+001  2.100000e+001
    endloop
  endfacet
  facet normal  0.000000e+000  0.000000e+000  1.000000e+000
    outer loop
      vertex  3.528261e+001 -1.489154e+001  2.100000e+001
      vertex  3.648478e+001 -1.489154e+001  2.100000e+001
      vertex  3.624284e+001 -1.357424e+001  2.100000e+001
    endloop
  endfacet
  facet normal  0.000000e+000  0.000000e+000  1.000000e+000
    outer loop
      vertex  3.528261e+001 -1.489154e+001  2.100000e+001
      vertex  3.624284e+001 -1.357424e+001  2.100000e+001
      vertex -4.671739e+001 -1.489154e+001  2.100000e+001
    endloop
  endfacet
  facet normal  -0.000000e+000  0.000000e+000  1.000000e+000
    outer loop
      vertex  3.528261e+001 -1.489154e+001  2.100000e+001
      vertex -4.671739e+001 -1.489154e+001  2.100000e+001
      vertex -4.671739e+001 -4.329554e+001  2.100000e+001
    endloop
  endfacet
  facet normal  0.000000e+000  0.000000e+000  1.000000e+000
    outer loop
      vertex  3.528261e+001 -1.489154e+001  2.100000e+001
      vertex -4.671739e+001 -4.329554e+001  2.100000e+001
      vertex  3.528261e+001 -4.329554e+001  2.100000e+001
    endloop
  endfacet
  facet normal  0.000000e+000  -0.000000e+000  1.000000e+000
    outer loop
      vertex  3.648478e+001 -4.929554e+001  2.100000e+001
      vertex  3.715234e+001 -4.922033e+001  2.100000e+001
      vertex  3.778643e+001 -4.899845e+001  2.100000e+001
    endloop
  endfacet
  facet normal  0.000000e+000  -0.000000e+000  1.000000e+000
    outer loop
      vertex  3.648478e+001 -4.929554e+001  2.100000e+001
      vertex  3.778643e+001 -4.899845e+001  2.100000e+001
      vertex  3.835524e+001 -4.864104e+001  2.100000e+001
    endloop
  endfacet
  facet normal  0.000000e+000  -0.000000e+000  1.000000e+000
    outer loop
      vertex  3.648478e+001 -4.929554e+001  2.100000e+001
      vertex  3.835524e+001 -4.864104e+001  2.100000e+001
      vertex  3.883027e+001 -4.816601e+001  2.100000e+001
    endloop
  endfacet
  facet normal  0.000000e+000  0.000000e+000  1.000000e+000
    outer loop
      vertex  3.648478e+001 -4.929554e+001  2.100000e+001
      vertex  3.883027e+001 -4.816601e+001  2.100000e+001
      vertex  3.672671e+001 -4.797824e+001  2.100000e+001
    endloop
  endfacet
  facet normal  0.000000e+000  0.000000e+000  1.000000e+000
    outer loop
      vertex  3.648478e+001 -4.929554e+001  2.100000e+001
      vertex  3.672671e+001 -4.797824e+001  2.100000e+001
      vertex  3.624284e+001 -4.797824e+001  2.100000e+001
    endloop
  endfacet
  facet normal  0.000000e+000  0.000000e+000  1.000000e+000
    outer loop
      vertex  3.648478e+001 -4.929554e+001  2.100000e+001
      vertex  3.624284e+001 -4.797824e+001  2.100000e+001
      vertex  3.413928e+001 -4.816601e+001  2.100000e+001
    endloop
  endfacet
  facet normal  0.000000e+000  0.000000e+000  1.000000e+000
    outer loop
      vertex  3.648478e+001 -4.929554e+001  2.100000e+001
      vertex  3.413928e+001 -4.816601e+001  2.100000e+001
      vertex  3.461430e+001 -4.864104e+001  2.100000e+001
    endloop
  endfacet
  facet normal  0.000000e+000  0.000000e+000  1.000000e+000
    outer loop
      vertex  3.648478e+001 -4.929554e+001  2.100000e+001
      vertex  3.461430e+001 -4.864104e+001  2.100000e+001
      vertex  3.518312e+001 -4.899845e+001  2.100000e+001
    endloop
  endfacet
  facet normal  0.000000e+000  0.000000e+000  1.000000e+000
    outer loop
      vertex  3.648478e+001 -4.929554e+001  2.100000e+001
      vertex  3.518312e+001 -4.899845e+001  2.100000e+001
      vertex  3.581721e+001 -4.922033e+001  2.100000e+001
    endloop
  endfacet
  facet normal  0.000000e+000  -0.000000e+000  1.000000e+000
    outer loop
      vertex -4.791955e+001 -4.929554e+001  2.100000e+001
      vertex -4.725199e+001 -4.922033e+001  2.100000e+001
      vertex -4.661790e+001 -4.899845e+001  2.100000e+001
    endloop
  endfacet
  facet normal  0.000000e+000  -0.000000e+000  1.000000e+000
    outer loop
      vertex -4.791955e+001 -4.929554e+001  2.100000e+001
      vertex -4.661790e+001 -4.899845e+001  2.100000e+001
      vertex -4.604908e+001 -4.864104e+001  2.100000e+001
    endloop
  endfacet
  facet normal  0.000000e+000  -0.000000e+000  1.000000e+000
    outer loop
      vertex -4.791955e+001 -4.929554e+001  2.100000e+001
      vertex -4.604908e+001 -4.864104e+001  2.100000e+001
      vertex -4.557406e+001 -4.816601e+001  2.100000e+001
    endloop
  endfacet
  facet normal  0.000000e+000  0.000000e+000  1.000000e+000
    outer loop
      vertex -4.791955e+001 -4.929554e+001  2.100000e+001
      vertex -4.557406e+001 -4.816601e+001  2.100000e+001
      vertex -4.767762e+001 -4.797824e+001  2.100000e+001
    endloop
  endfacet
  facet normal  0.000000e+000  0.000000e+000  1.000000e+000
    outer loop
      vertex -4.791955e+001 -4.929554e+001  2.100000e+001
      vertex -4.767762e+001 -4.797824e+001  2.100000e+001
      vertex -4.816149e+001 -4.797824e+001  2.100000e+001
    endloop
  endfacet
  facet normal  0.000000e+000  0.000000e+000  1.000000e+000
    outer loop
      vertex -4.791955e+001 -4.929554e+001  2.100000e+001
      vertex -4.816149e+001 -4.797824e+001  2.100000e+001
      vertex -5.026505e+001 -4.816601e+001  2.100000e+001
    endloop
  endfacet
  facet normal  0.000000e+000  0.000000e+000  1.000000e+000
    outer loop
      vertex -4.791955e+001 -4.929554e+001  2.100000e+001
      vertex -5.026505e+001 -4.816601e+001  2.100000e+001
      vertex -4.979002e+001 -4.864104e+001  2.100000e+001
    endloop
  endfacet
  facet normal  0.000000e+000  0.000000e+000  1.000000e+000
    outer loop
      vertex -4.791955e+001 -4.929554e+001  2.100000e+001
      vertex -4.979002e+001 -4.864104e+001  2.100000e+001
      vertex -4.922120e+001 -4.899845e+001  2.100000e+001
    endloop
  endfacet
  facet normal  0.000000e+000  0.000000e+000  9.999999e-001
    outer loop
      vertex -4.791955e+001 -4.929554e+001  2.100000e+001
      vertex -4.922120e+001 -4.899845e+001  2.100000e+001
      vertex -4.858711e+001 -4.922033e+001  2.100000e+001
    endloop
  endfacet
  facet normal  0.000000e+000  0.000000e+000  1.000000e+000
    outer loop
      vertex  3.348478e+001 -1.309354e+001  2.100000e+001
      vertex  3.537151e+001 -1.317632e+001  2.100000e+001
      vertex  3.505465e+001 -1.281063e+001  2.100000e+001
    endloop
  endfacet
  facet normal  0.000000e+000  0.000000e+000  1.000000e+000
    outer loop
      vertex  3.348478e+001 -1.309354e+001  2.100000e+001
      vertex  3.505465e+001 -1.281063e+001  2.100000e+001
      vertex  3.485364e+001 -1.237049e+001  2.100000e+001
    endloop
  endfacet
  facet normal  0.000000e+000  0.000000e+000  1.000000e+000
    outer loop
      vertex  3.348478e+001 -1.309354e+001  2.100000e+001
      vertex  3.485364e+001 -1.237049e+001  2.100000e+001
      vertex  3.478477e+001 -1.189154e+001  2.100000e+001
    endloop
  endfacet
  facet normal  0.000000e+000  0.000000e+000  1.000000e+000
    outer loop
      vertex  3.348478e+001 -1.309354e+001  2.100000e+001
      vertex  3.478477e+001 -1.189154e+001  2.100000e+001
      vertex  3.348478e+001 -1.189154e+001  2.100000e+001
    endloop
  endfacet
  facet normal  0.000000e+000  -0.000000e+000  1.000000e+000
    outer loop
      vertex  3.648478e+001 -1.489154e+001  2.100000e+001
      vertex  3.715234e+001 -1.481633e+001  2.100000e+001
      vertex  3.778643e+001 -1.459445e+001  2.100000e+001
    endloop
  endfacet
  facet normal  0.000000e+000  -0.000000e+000  1.000000e+000
    outer loop
      vertex  3.648478e+001 -1.489154e+001  2.100000e+001
      vertex  3.778643e+001 -1.459445e+001  2.100000e+001
      vertex  3.835524e+001 -1.423704e+001  2.100000e+001
    endloop
  endfacet
  facet normal  0.000000e+000  -0.000000e+000  1.000000e+000
    outer loop
      vertex  3.648478e+001 -1.489154e+001  2.100000e+001
      vertex  3.835524e+001 -1.423704e+001  2.100000e+001
      vertex  3.883027e+001 -1.376201e+001  2.100000e+001
    endloop
  endfacet
  facet normal  0.000000e+000  0.000000e+000  1.000000e+000
    outer loop
      vertex  3.648478e+001 -1.489154e+001  2.100000e+001
      vertex  3.883027e+001 -1.376201e+001  2.100000e+001
      vertex  3.672671e+001 -1.357424e+001  2.100000e+001
    endloop
  endfacet
  facet normal  0.000000e+000  0.000000e+000  1.000000e+000
    outer loop
      vertex  3.648478e+001 -1.489154e+001  2.100000e+001
      vertex  3.672671e+001 -1.357424e+001  2.100000e+001
      vertex  3.624284e+001 -1.357424e+001  2.100000e+001
    endloop
  endfacet
  facet normal  0.000000e+000  0.000000e+000  1.000000e+000
    outer loop
      vertex  3.835524e+001 -4.395005e+001  2.100000e+001
      vertex  3.778643e+001 -4.359264e+001  2.100000e+001
      vertex  3.883027e+001 -4.442508e+001  2.100000e+001
    endloop
  endfacet
  facet normal  0.000000e+000  0.000000e+000  1.000000e+000
    outer loop
      vertex  3.883027e+001 -4.442508e+001  2.100000e+001
      vertex  3.778643e+001 -4.359264e+001  2.100000e+001
      vertex  3.672671e+001 -4.461285e+001  2.100000e+001
    endloop
  endfacet
  facet normal  -0.000000e+000  0.000000e+000  1.000000e+000
    outer loop
      vertex  3.883027e+001 -4.442508e+001  2.100000e+001
      vertex  3.672671e+001 -4.461285e+001  2.100000e+001
      vertex  3.918768e+001 -4.499389e+001  2.100000e+001
    endloop
  endfacet
  facet normal  0.000000e+000  0.000000e+000  1.000000e+000
    outer loop
      vertex  3.918768e+001 -4.499389e+001  2.100000e+001
      vertex  3.672671e+001 -4.461285e+001  2.100000e+001
      vertex  3.719098e+001 -4.474917e+001  2.100000e+001
    endloop
  endfacet
  facet normal  0.000000e+000  0.000000e+000  9.999999e-001
    outer loop
      vertex  3.918768e+001 -4.499389e+001  2.100000e+001
      vertex  3.719098e+001 -4.474917e+001  2.100000e+001
      vertex  3.759804e+001 -4.501077e+001  2.100000e+001
    endloop
  endfacet
  facet normal  0.000000e+000  0.000000e+000  9.999999e-001
    outer loop
      vertex  3.518312e+001 -9.188638e+000  2.100000e+001
      vertex  3.461430e+001 -9.546049e+000  2.100000e+001
      vertex  3.581721e+001 -8.966761e+000  2.100000e+001
    endloop
  endfacet
  facet normal  0.000000e+000  0.000000e+000  1.000000e+000
    outer loop
      vertex  3.581721e+001 -8.966761e+000  2.100000e+001
      vertex  3.461430e+001 -9.546049e+000  2.100000e+001
      vertex  3.413928e+001 -1.002107e+001  2.100000e+001
    endloop
  endfacet
  facet normal  0.000000e+000  0.000000e+000  1.000000e+000
    outer loop
      vertex  3.581721e+001 -8.966761e+000  2.100000e+001
      vertex  3.413928e+001 -1.002107e+001  2.100000e+001
      vertex  3.648478e+001 -8.891544e+000  2.100000e+001
    endloop
  endfacet
  facet normal  0.000000e+000  0.000000e+000  1.000000e+000
    outer loop
      vertex  3.648478e+001 -8.891544e+000  2.100000e+001
      vertex  3.413928e+001 -1.002107e+001  2.100000e+001
      vertex  3.624284e+001 -1.020885e+001  2.100000e+001
    endloop
  endfacet
  facet normal  0.000000e+000  0.000000e+000  1.000000e+000
    outer loop
      vertex  3.648478e+001 -8.891544e+000  2.100000e+001
      vertex  3.624284e+001 -1.020885e+001  2.100000e+001
      vertex  3.715234e+001 -8.966761e+000  2.100000e+001
    endloop
  endfacet
  facet normal  0.000000e+000  0.000000e+000  1.000000e+000
    outer loop
      vertex  3.715234e+001 -8.966761e+000  2.100000e+001
      vertex  3.624284e+001 -1.020885e+001  2.100000e+001
      vertex  3.672671e+001 -1.020885e+001  2.100000e+001
    endloop
  endfacet
  facet normal  0.000000e+000  0.000000e+000  1.000000e+000
    outer loop
      vertex  3.715234e+001 -8.966761e+000  2.100000e+001
      vertex  3.672671e+001 -1.020885e+001  2.100000e+001
      vertex  3.778643e+001 -9.188638e+000  2.100000e+001
    endloop
  endfacet
  facet normal  0.000000e+000  0.000000e+000  1.000000e+000
    outer loop
      vertex  3.835524e+001 -9.546049e+000  2.100000e+001
      vertex  3.778643e+001 -9.188638e+000  2.100000e+001
      vertex  3.883027e+001 -1.002107e+001  2.100000e+001
    endloop
  endfacet
  facet normal  0.000000e+000  0.000000e+000  1.000000e+000
    outer loop
      vertex  3.883027e+001 -1.002107e+001  2.100000e+001
      vertex  3.778643e+001 -9.188638e+000  2.100000e+001
      vertex  3.672671e+001 -1.020885e+001  2.100000e+001
    endloop
  endfacet
  facet normal  -0.000000e+000  0.000000e+000  1.000000e+000
    outer loop
      vertex  3.883027e+001 -1.002107e+001  2.100000e+001
      vertex  3.672671e+001 -1.020885e+001  2.100000e+001
      vertex  3.918768e+001 -1.058989e+001  2.100000e+001
    endloop
  endfacet
  facet normal  0.000000e+000  0.000000e+000  1.000000e+000
    outer loop
      vertex  3.918768e+001 -1.058989e+001  2.100000e+001
      vertex  3.672671e+001 -1.020885e+001  2.100000e+001
      vertex  3.719098e+001 -1.034517e+001  2.100000e+001
    endloop
  endfacet
  facet normal  0.000000e+000  0.000000e+000  1.000000e+000
    outer loop
      vertex  3.918768e+001 -1.058989e+001  2.100000e+001
      vertex  3.719098e+001 -1.034517e+001  2.100000e+001
      vertex  3.759804e+001 -1.060677e+001  2.100000e+001
    endloop
  endfacet
  facet normal  0.000000e+000  0.000000e+000  1.000000e+000
    outer loop
      vertex -4.922120e+001 -4.359264e+001  2.100000e+001
      vertex -4.979002e+001 -4.395005e+001  2.100000e+001
      vertex -4.858711e+001 -4.337076e+001  2.100000e+001
    endloop
  endfacet
  facet normal  0.000000e+000  0.000000e+000  1.000000e+000
    outer loop
      vertex -4.858711e+001 -4.337076e+001  2.100000e+001
      vertex -4.979002e+001 -4.395005e+001  2.100000e+001
      vertex -5.026505e+001 -4.442508e+001  2.100000e+001
    endloop
  endfacet
  facet normal  0.000000e+000  0.000000e+000  1.000000e+000
    outer loop
      vertex -4.858711e+001 -4.337076e+001  2.100000e+001
      vertex -5.026505e+001 -4.442508e+001  2.100000e+001
      vertex -4.791955e+001 -4.329554e+001  2.100000e+001
    endloop
  endfacet
  facet normal  0.000000e+000  0.000000e+000  1.000000e+000
    outer loop
      vertex -4.791955e+001 -4.329554e+001  2.100000e+001
      vertex -5.026505e+001 -4.442508e+001  2.100000e+001
      vertex -4.816149e+001 -4.461285e+001  2.100000e+001
    endloop
  endfacet
  facet normal  0.000000e+000  0.000000e+000  1.000000e+000
    outer loop
      vertex -4.791955e+001 -4.329554e+001  2.100000e+001
      vertex -4.816149e+001 -4.461285e+001  2.100000e+001
      vertex -4.671739e+001 -4.329554e+001  2.100000e+001
    endloop
  endfacet
  facet normal  0.000000e+000  0.000000e+000  1.000000e+000
    outer loop
      vertex -4.671739e+001 -4.329554e+001  2.100000e+001
      vertex -4.816149e+001 -4.461285e+001  2.100000e+001
      vertex -4.767762e+001 -4.461285e+001  2.100000e+001
    endloop
  endfacet
  facet normal  0.000000e+000  0.000000e+000  1.000000e+000
    outer loop
      vertex -4.671739e+001 -4.329554e+001  2.100000e+001
      vertex -4.767762e+001 -4.461285e+001  2.100000e+001
      vertex  3.528261e+001 -4.329554e+001  2.100000e+001
    endloop
  endfacet
  facet normal  0.000000e+000  0.000000e+000  1.000000e+000
    outer loop
      vertex -4.922120e+001 -9.188638e+000  2.100000e+001
      vertex -4.979002e+001 -9.546049e+000  2.100000e+001
      vertex -4.858711e+001 -8.966761e+000  2.100000e+001
    endloop
  endfacet
  facet normal  0.000000e+000  0.000000e+000  1.000000e+000
    outer loop
      vertex -4.858711e+001 -8.966761e+000  2.100000e+001
      vertex -4.979002e+001 -9.546049e+000  2.100000e+001
      vertex -5.026505e+001 -1.002107e+001  2.100000e+001
    endloop
  endfacet
  facet normal  0.000000e+000  0.000000e+000  9.999999e-001
    outer loop
      vertex -4.858711e+001 -8.966761e+000  2.100000e+001
      vertex -5.026505e+001 -1.002107e+001  2.100000e+001
      vertex -4.791955e+001 -8.891544e+000  2.100000e+001
    endloop
  endfacet
  facet normal  0.000000e+000  0.000000e+000  1.000000e+000
    outer loop
      vertex -4.791955e+001 -8.891544e+000  2.100000e+001
      vertex -5.026505e+001 -1.002107e+001  2.100000e+001
      vertex -4.816149e+001 -1.020885e+001  2.100000e+001
    endloop
  endfacet
  facet normal  0.000000e+000  0.000000e+000  1.000000e+000
    outer loop
      vertex -4.791955e+001 -8.891544e+000  2.100000e+001
      vertex -4.816149e+001 -1.020885e+001  2.100000e+001
      vertex -4.725199e+001 -8.966761e+000  2.100000e+001
    endloop
  endfacet
  facet normal  0.000000e+000  0.000000e+000  1.000000e+000
    outer loop
      vertex -4.725199e+001 -8.966761e+000  2.100000e+001
      vertex -4.816149e+001 -1.020885e+001  2.100000e+001
      vertex -4.767762e+001 -1.020885e+001  2.100000e+001
    endloop
  endfacet
  facet normal  0.000000e+000  0.000000e+000  1.000000e+000
    outer loop
      vertex -4.725199e+001 -8.966761e+000  2.100000e+001
      vertex -4.767762e+001 -1.020885e+001  2.100000e+001
      vertex -4.661790e+001 -9.188638e+000  2.100000e+001
    endloop
  endfacet
  facet normal  0.000000e+000  0.000000e+000  1.000000e+000
    outer loop
      vertex -4.604908e+001 -9.546049e+000  2.100000e+001
      vertex -4.661790e+001 -9.188638e+000  2.100000e+001
      vertex -4.557406e+001 -1.002107e+001  2.100000e+001
    endloop
  endfacet
  facet normal  0.000000e+000  0.000000e+000  1.000000e+000
    outer loop
      vertex -4.557406e+001 -1.002107e+001  2.100000e+001
      vertex -4.661790e+001 -9.188638e+000  2.100000e+001
      vertex -4.767762e+001 -1.020885e+001  2.100000e+001
    endloop
  endfacet
  facet normal  -0.000000e+000  0.000000e+000  1.000000e+000
    outer loop
      vertex -4.557406e+001 -1.002107e+001  2.100000e+001
      vertex -4.767762e+001 -1.020885e+001  2.100000e+001
      vertex -4.521664e+001 -1.058989e+001  2.100000e+001
    endloop
  endfacet
  facet normal  0.000000e+000  0.000000e+000  1.000000e+000
    outer loop
      vertex -4.521664e+001 -1.058989e+001  2.100000e+001
      vertex -4.767762e+001 -1.020885e+001  2.100000e+001
      vertex -4.721334e+001 -1.034517e+001  2.100000e+001
    endloop
  endfacet
  facet normal  0.000000e+000  0.000000e+000  1.000000e+000
    outer loop
      vertex -4.521664e+001 -1.058989e+001  2.100000e+001
      vertex -4.721334e+001 -1.034517e+001  2.100000e+001
      vertex -4.680629e+001 -1.060677e+001  2.100000e+001
    endloop
  endfacet
  facet normal  -0.000000e+000  0.000000e+000  1.000000e+000
    outer loop
      vertex  3.918768e+001 -4.499389e+001  2.100000e+001
      vertex  3.759804e+001 -4.501077e+001  2.100000e+001
      vertex  3.940956e+001 -4.562798e+001  2.100000e+001
    endloop
  endfacet
  facet normal  0.000000e+000  0.000000e+000  9.999999e-001
    outer loop
      vertex  3.940956e+001 -4.562798e+001  2.100000e+001
      vertex  3.759804e+001 -4.501077e+001  2.100000e+001
      vertex  3.791491e+001 -4.537645e+001  2.100000e+001
    endloop
  endfacet
  facet normal  0.000000e+000  0.000000e+000  1.000000e+000
    outer loop
      vertex  3.940956e+001 -4.562798e+001  2.100000e+001
      vertex  3.791491e+001 -4.537645e+001  2.100000e+001
      vertex  3.811591e+001 -4.581660e+001  2.100000e+001
    endloop
  endfacet
  facet normal  -0.000000e+000  0.000000e+000  1.000000e+000
    outer loop
      vertex  3.940956e+001 -4.562798e+001  2.100000e+001
      vertex  3.811591e+001 -4.581660e+001  2.100000e+001
      vertex  3.948478e+001 -4.629554e+001  2.100000e+001
    endloop
  endfacet
  facet normal  0.000000e+000  0.000000e+000  9.999999e-001
    outer loop
      vertex  3.948478e+001 -4.629554e+001  2.100000e+001
      vertex  3.811591e+001 -4.581660e+001  2.100000e+001
      vertex  3.818478e+001 -4.629554e+001  2.100000e+001
    endloop
  endfacet
  facet normal  -0.000000e+000  0.000000e+000  9.999999e-001
    outer loop
      vertex  3.948478e+001 -4.629554e+001  2.100000e+001
      vertex  3.818478e+001 -4.629554e+001  2.100000e+001
      vertex  3.940956e+001 -4.696311e+001  2.100000e+001
    endloop
  endfacet
  facet normal  0.000000e+000  0.000000e+000  1.000000e+000
    outer loop
      vertex  3.940956e+001 -4.696311e+001  2.100000e+001
      vertex  3.818478e+001 -4.629554e+001  2.100000e+001
      vertex  3.811591e+001 -4.677449e+001  2.100000e+001
    endloop
  endfacet
  facet normal  0.000000e+000  0.000000e+000  1.000000e+000
    outer loop
      vertex  3.940956e+001 -4.696311e+001  2.100000e+001
      vertex  3.811591e+001 -4.677449e+001  2.100000e+001
      vertex  3.918768e+001 -4.759719e+001  2.100000e+001
    endloop
  endfacet
  facet normal  0.000000e+000  0.000000e+000  1.000000e+000
    outer loop
      vertex  3.918768e+001 -4.759719e+001  2.100000e+001
      vertex  3.811591e+001 -4.677449e+001  2.100000e+001
      vertex  3.791491e+001 -4.721463e+001  2.100000e+001
    endloop
  endfacet
  facet normal  0.000000e+000  0.000000e+000  9.999999e-001
    outer loop
      vertex  3.918768e+001 -4.759719e+001  2.100000e+001
      vertex  3.791491e+001 -4.721463e+001  2.100000e+001
      vertex  3.759804e+001 -4.758032e+001  2.100000e+001
    endloop
  endfacet
  facet normal  0.000000e+000  0.000000e+000  9.999999e-001
    outer loop
      vertex  3.918768e+001 -4.759719e+001  2.100000e+001
      vertex  3.759804e+001 -4.758032e+001  2.100000e+001
      vertex  3.883027e+001 -4.816601e+001  2.100000e+001
    endloop
  endfacet
  facet normal  0.000000e+000  0.000000e+000  1.000000e+000
    outer loop
      vertex  3.883027e+001 -4.816601e+001  2.100000e+001
      vertex  3.759804e+001 -4.758032e+001  2.100000e+001
      vertex  3.719098e+001 -4.784192e+001  2.100000e+001
    endloop
  endfacet
  facet normal  0.000000e+000  0.000000e+000  1.000000e+000
    outer loop
      vertex  3.883027e+001 -4.816601e+001  2.100000e+001
      vertex  3.719098e+001 -4.784192e+001  2.100000e+001
      vertex  3.672671e+001 -4.797824e+001  2.100000e+001
    endloop
  endfacet
  facet normal  0.000000e+000  0.000000e+000  1.000000e+000
    outer loop
      vertex -4.816149e+001 -1.020885e+001  2.100000e+001
      vertex -5.026505e+001 -1.002107e+001  2.100000e+001
      vertex -4.862576e+001 -1.034517e+001  2.100000e+001
    endloop
  endfacet
  facet normal  0.000000e+000  0.000000e+000  1.000000e+000
    outer loop
      vertex -4.862576e+001 -1.034517e+001  2.100000e+001
      vertex -5.026505e+001 -1.002107e+001  2.100000e+001
      vertex -5.062246e+001 -1.058989e+001  2.100000e+001
    endloop
  endfacet
  facet normal  -0.000000e+000  0.000000e+000  1.000000e+000
    outer loop
      vertex -4.862576e+001 -1.034517e+001  2.100000e+001
      vertex -5.062246e+001 -1.058989e+001  2.100000e+001
      vertex -4.903281e+001 -1.060677e+001  2.100000e+001
    endloop
  endfacet
  facet normal  0.000000e+000  0.000000e+000  1.000000e+000
    outer loop
      vertex -4.903281e+001 -1.060677e+001  2.100000e+001
      vertex -5.062246e+001 -1.058989e+001  2.100000e+001
      vertex -4.934968e+001 -1.097246e+001  2.100000e+001
    endloop
  endfacet
  facet normal  0.000000e+000  0.000000e+000  1.000000e+000
    outer loop
      vertex -4.934968e+001 -1.097246e+001  2.100000e+001
      vertex -5.062246e+001 -1.058989e+001  2.100000e+001
      vertex -5.084433e+001 -1.122398e+001  2.100000e+001
    endloop
  endfacet
  facet normal  -0.000000e+000  0.000000e+000  1.000000e+000
    outer loop
      vertex -4.934968e+001 -1.097246e+001  2.100000e+001
      vertex -5.084433e+001 -1.122398e+001  2.100000e+001
      vertex -4.955069e+001 -1.141260e+001  2.100000e+001
    endloop
  endfacet
  facet normal  0.000000e+000  0.000000e+000  1.000000e+000
    outer loop
      vertex -4.955069e+001 -1.141260e+001  2.100000e+001
      vertex -5.084433e+001 -1.122398e+001  2.100000e+001
      vertex -4.961955e+001 -1.189154e+001  2.100000e+001
    endloop
  endfacet
  facet normal  0.000000e+000  0.000000e+000  9.999999e-001
    outer loop
      vertex -4.961955e+001 -1.189154e+001  2.100000e+001
      vertex -5.084433e+001 -1.122398e+001  2.100000e+001
      vertex -5.091955e+001 -1.189154e+001  2.100000e+001
    endloop
  endfacet
  facet normal  -0.000000e+000  0.000000e+000  1.000000e+000
    outer loop
      vertex -4.961955e+001 -1.189154e+001  2.100000e+001
      vertex -5.091955e+001 -1.189154e+001  2.100000e+001
      vertex -4.955069e+001 -1.237049e+001  2.100000e+001
    endloop
  endfacet
  facet normal  0.000000e+000  0.000000e+000  1.000000e+000
    outer loop
      vertex -4.955069e+001 -1.237049e+001  2.100000e+001
      vertex -5.091955e+001 -1.189154e+001  2.100000e+001
      vertex -5.084433e+001 -1.255911e+001  2.100000e+001
    endloop
  endfacet
  facet normal  -0.000000e+000  0.000000e+000  1.000000e+000
    outer loop
      vertex -4.955069e+001 -1.237049e+001  2.100000e+001
      vertex -5.084433e+001 -1.255911e+001  2.100000e+001
      vertex -4.934968e+001 -1.281063e+001  2.100000e+001
    endloop
  endfacet
  facet normal  0.000000e+000  0.000000e+000  1.000000e+000
    outer loop
      vertex -4.934968e+001 -1.281063e+001  2.100000e+001
      vertex -5.084433e+001 -1.255911e+001  2.100000e+001
      vertex -5.062246e+001 -1.319320e+001  2.100000e+001
    endloop
  endfacet
  facet normal  0.000000e+000  0.000000e+000  1.000000e+000
    outer loop
      vertex -4.934968e+001 -1.281063e+001  2.100000e+001
      vertex -5.062246e+001 -1.319320e+001  2.100000e+001
      vertex -4.903281e+001 -1.317632e+001  2.100000e+001
    endloop
  endfacet
  facet normal  -0.000000e+000  0.000000e+000  1.000000e+000
    outer loop
      vertex -4.903281e+001 -1.317632e+001  2.100000e+001
      vertex -5.062246e+001 -1.319320e+001  2.100000e+001
      vertex -4.862576e+001 -1.343792e+001  2.100000e+001
    endloop
  endfacet
  facet normal  0.000000e+000  0.000000e+000  1.000000e+000
    outer loop
      vertex -4.862576e+001 -1.343792e+001  2.100000e+001
      vertex -5.062246e+001 -1.319320e+001  2.100000e+001
      vertex -5.026505e+001 -1.376201e+001  2.100000e+001
    endloop
  endfacet
  facet normal  0.000000e+000  0.000000e+000  9.999999e-001
    outer loop
      vertex -4.862576e+001 -1.343792e+001  2.100000e+001
      vertex -5.026505e+001 -1.376201e+001  2.100000e+001
      vertex -4.816149e+001 -1.357424e+001  2.100000e+001
    endloop
  endfacet
  facet normal  0.000000e+000  0.000000e+000  1.000000e+000
    outer loop
      vertex -4.816149e+001 -4.461285e+001  2.100000e+001
      vertex -5.026505e+001 -4.442508e+001  2.100000e+001
      vertex -4.862576e+001 -4.474917e+001  2.100000e+001
    endloop
  endfacet
  facet normal  0.000000e+000  0.000000e+000  1.000000e+000
    outer loop
      vertex -4.862576e+001 -4.474917e+001  2.100000e+001
      vertex -5.026505e+001 -4.442508e+001  2.100000e+001
      vertex -5.062246e+001 -4.499389e+001  2.100000e+001
    endloop
  endfacet
  facet normal  -0.000000e+000  0.000000e+000  9.999999e-001
    outer loop
      vertex -4.862576e+001 -4.474917e+001  2.100000e+001
      vertex -5.062246e+001 -4.499389e+001  2.100000e+001
      vertex -4.903281e+001 -4.501077e+001  2.100000e+001
    endloop
  endfacet
  facet normal  0.000000e+000  0.000000e+000  9.999999e-001
    outer loop
      vertex -4.903281e+001 -4.501077e+001  2.100000e+001
      vertex -5.062246e+001 -4.499389e+001  2.100000e+001
      vertex -4.934968e+001 -4.537645e+001  2.100000e+001
    endloop
  endfacet
  facet normal  0.000000e+000  0.000000e+000  9.999999e-001
    outer loop
      vertex -4.934968e+001 -4.537645e+001  2.100000e+001
      vertex -5.062246e+001 -4.499389e+001  2.100000e+001
      vertex -5.084433e+001 -4.562798e+001  2.100000e+001
    endloop
  endfacet
  facet normal  -0.000000e+000  0.000000e+000  1.000000e+000
    outer loop
      vertex -4.934968e+001 -4.537645e+001  2.100000e+001
      vertex -5.084433e+001 -4.562798e+001  2.100000e+001
      vertex -4.955069e+001 -4.581660e+001  2.100000e+001
    endloop
  endfacet
  facet normal  0.000000e+000  0.000000e+000  9.999999e-001
    outer loop
      vertex -4.955069e+001 -4.581660e+001  2.100000e+001
      vertex -5.084433e+001 -4.562798e+001  2.100000e+001
      vertex -4.961955e+001 -4.629554e+001  2.100000e+001
    endloop
  endfacet
  facet normal  0.000000e+000  0.000000e+000  1.000000e+000
    outer loop
      vertex -4.961955e+001 -4.629554e+001  2.100000e+001
      vertex -5.084433e+001 -4.562798e+001  2.100000e+001
      vertex -5.091955e+001 -4.629554e+001  2.100000e+001
    endloop
  endfacet
  facet normal  -0.000000e+000  0.000000e+000  9.999999e-001
    outer loop
      vertex -4.961955e+001 -4.629554e+001  2.100000e+001
      vertex -5.091955e+001 -4.629554e+001  2.100000e+001
      vertex -4.955069e+001 -4.677449e+001  2.100000e+001
    endloop
  endfacet
  facet normal  0.000000e+000  0.000000e+000  9.999999e-001
    outer loop
      vertex -4.955069e+001 -4.677449e+001  2.100000e+001
      vertex -5.091955e+001 -4.629554e+001  2.100000e+001
      vertex -5.084433e+001 -4.696311e+001  2.100000e+001
    endloop
  endfacet
  facet normal  -0.000000e+000  0.000000e+000  1.000000e+000
    outer loop
      vertex -4.955069e+001 -4.677449e+001  2.100000e+001
      vertex -5.084433e+001 -4.696311e+001  2.100000e+001
      vertex -4.934968e+001 -4.721463e+001  2.100000e+001
    endloop
  endfacet
  facet normal  0.000000e+000  0.000000e+000  9.999999e-001
    outer loop
      vertex -4.934968e+001 -4.721463e+001  2.100000e+001
      vertex -5.084433e+001 -4.696311e+001  2.100000e+001
      vertex -5.062246e+001 -4.759719e+001  2.100000e+001
    endloop
  endfacet
  facet normal  0.000000e+000  0.000000e+000  9.999999e-001
    outer loop
      vertex -4.934968e+001 -4.721463e+001  2.100000e+001
      vertex -5.062246e+001 -4.759719e+001  2.100000e+001
      vertex -4.903281e+001 -4.758032e+001  2.100000e+001
    endloop
  endfacet
  facet normal  -0.000000e+000  0.000000e+000  9.999999e-001
    outer loop
      vertex -4.903281e+001 -4.758032e+001  2.100000e+001
      vertex -5.062246e+001 -4.759719e+001  2.100000e+001
      vertex -4.862576e+001 -4.784192e+001  2.100000e+001
    endloop
  endfacet
  facet normal  0.000000e+000  0.000000e+000  1.000000e+000
    outer loop
      vertex -4.862576e+001 -4.784192e+001  2.100000e+001
      vertex -5.062246e+001 -4.759719e+001  2.100000e+001
      vertex -5.026505e+001 -4.816601e+001  2.100000e+001
    endloop
  endfacet
  facet normal  0.000000e+000  0.000000e+000  1.000000e+000
    outer loop
      vertex -4.862576e+001 -4.784192e+001  2.100000e+001
      vertex -5.026505e+001 -4.816601e+001  2.100000e+001
      vertex -4.816149e+001 -4.797824e+001  2.100000e+001
    endloop
  endfacet
  facet normal  0.000000e+000  0.000000e+000  1.000000e+000
    outer loop
      vertex  3.624284e+001 -1.020885e+001  2.100000e+001
      vertex  3.413928e+001 -1.002107e+001  2.100000e+001
      vertex  3.577857e+001 -1.034517e+001  2.100000e+001
    endloop
  endfacet
  facet normal  0.000000e+000  0.000000e+000  1.000000e+000
    outer loop
      vertex  3.577857e+001 -1.034517e+001  2.100000e+001
      vertex  3.413928e+001 -1.002107e+001  2.100000e+001
      vertex  3.378187e+001 -1.058989e+001  2.100000e+001
    endloop
  endfacet
  facet normal  -0.000000e+000  0.000000e+000  1.000000e+000
    outer loop
      vertex  3.577857e+001 -1.034517e+001  2.100000e+001
      vertex  3.378187e+001 -1.058989e+001  2.100000e+001
      vertex  3.537151e+001 -1.060677e+001  2.100000e+001
    endloop
  endfacet
  facet normal  0.000000e+000  0.000000e+000  1.000000e+000
    outer loop
      vertex  3.537151e+001 -1.060677e+001  2.100000e+001
      vertex  3.378187e+001 -1.058989e+001  2.100000e+001
      vertex  3.505465e+001 -1.097246e+001  2.100000e+001
    endloop
  endfacet
  facet normal  0.000000e+000  0.000000e+000  1.000000e+000
    outer loop
      vertex  3.505465e+001 -1.097246e+001  2.100000e+001
      vertex  3.378187e+001 -1.058989e+001  2.100000e+001
      vertex  3.355999e+001 -1.122398e+001  2.100000e+001
    endloop
  endfacet
  facet normal  -0.000000e+000  0.000000e+000  1.000000e+000
    outer loop
      vertex  3.505465e+001 -1.097246e+001  2.100000e+001
      vertex  3.355999e+001 -1.122398e+001  2.100000e+001
      vertex  3.485364e+001 -1.141260e+001  2.100000e+001
    endloop
  endfacet
  facet normal  0.000000e+000  0.000000e+000  9.999999e-001
    outer loop
      vertex  3.348478e+001 -1.189154e+001  2.100000e+001
      vertex  3.478477e+001 -1.189154e+001  2.100000e+001
      vertex  3.355999e+001 -1.122398e+001  2.100000e+001
    endloop
  endfacet
  facet normal  0.000000e+000  0.000000e+000  1.000000e+000
    outer loop
      vertex  3.355999e+001 -1.122398e+001  2.100000e+001
      vertex  3.478477e+001 -1.189154e+001  2.100000e+001
      vertex  3.485364e+001 -1.141260e+001  2.100000e+001
    endloop
  endfacet
  facet normal  -0.000000e+000  0.000000e+000  1.000000e+000
    outer loop
      vertex -4.521664e+001 -1.058989e+001  2.100000e+001
      vertex -4.680629e+001 -1.060677e+001  2.100000e+001
      vertex -4.499477e+001 -1.122398e+001  2.100000e+001
    endloop
  endfacet
  facet normal  0.000000e+000  0.000000e+000  9.999999e-001
    outer loop
      vertex -4.499477e+001 -1.122398e+001  2.100000e+001
      vertex -4.680629e+001 -1.060677e+001  2.100000e+001
      vertex -4.648942e+001 -1.097246e+001  2.100000e+001
    endloop
  endfacet
  facet normal  0.000000e+000  0.000000e+000  1.000000e+000
    outer loop
      vertex -4.499477e+001 -1.122398e+001  2.100000e+001
      vertex -4.648942e+001 -1.097246e+001  2.100000e+001
      vertex -4.628841e+001 -1.141260e+001  2.100000e+001
    endloop
  endfacet
  facet normal  0.000000e+000  -0.000000e+000  1.000000e+000
    outer loop
      vertex -4.628841e+001 -1.141260e+001  2.100000e+001
      vertex -4.621955e+001 -1.189154e+001  2.100000e+001
      vertex -4.499477e+001 -1.122398e+001  2.100000e+001
    endloop
  endfacet
  facet normal  0.000000e+000  0.000000e+000  9.999999e-001
    outer loop
      vertex -4.499477e+001 -1.122398e+001  2.100000e+001
      vertex -4.621955e+001 -1.189154e+001  2.100000e+001
      vertex -4.491955e+001 -1.189154e+001  2.100000e+001
    endloop
  endfacet
  facet normal  -0.000000e+000  0.000000e+000  1.000000e+000
    outer loop
      vertex  3.537151e+001 -1.317632e+001  2.100000e+001
      vertex -4.680629e+001 -1.317632e+001  2.100000e+001
      vertex  3.577857e+001 -1.343792e+001  2.100000e+001
    endloop
  endfacet
  facet normal  0.000000e+000  0.000000e+000  1.000000e+000
    outer loop
      vertex  3.577857e+001 -1.343792e+001  2.100000e+001
      vertex -4.680629e+001 -1.317632e+001  2.100000e+001
      vertex -4.721334e+001 -1.343792e+001  2.100000e+001
    endloop
  endfacet
  facet normal  -0.000000e+000  0.000000e+000  9.999999e-001
    outer loop
      vertex  3.577857e+001 -1.343792e+001  2.100000e+001
      vertex -4.721334e+001 -1.343792e+001  2.100000e+001
      vertex  3.624284e+001 -1.357424e+001  2.100000e+001
    endloop
  endfacet
  facet normal  0.000000e+000  0.000000e+000  1.000000e+000
    outer loop
      vertex  3.624284e+001 -1.357424e+001  2.100000e+001
      vertex -4.721334e+001 -1.343792e+001  2.100000e+001
      vertex -4.767762e+001 -1.357424e+001  2.100000e+001
    endloop
  endfacet
  facet normal  -0.000000e+000  0.000000e+000  1.000000e+000
    outer loop
      vertex  3.624284e+001 -4.461285e+001  2.100000e+001
      vertex -4.767762e+001 -4.461285e+001  2.100000e+001
      vertex  3.577857e+001 -4.474917e+001  2.100000e+001
    endloop
  endfacet
  facet normal  0.000000e+000  0.000000e+000  9.999999e-001
    outer loop
      vertex  3.577857e+001 -4.474917e+001  2.100000e+001
      vertex -4.767762e+001 -4.461285e+001  2.100000e+001
      vertex -4.721334e+001 -4.474917e+001  2.100000e+001
    endloop
  endfacet
  facet normal  -0.000000e+000  0.000000e+000  1.000000e+000
    outer loop
      vertex  3.577857e+001 -4.474917e+001  2.100000e+001
      vertex -4.721334e+001 -4.474917e+001  2.100000e+001
      vertex  3.537151e+001 -4.501077e+001  2.100000e+001
    endloop
  endfacet
  facet normal  0.000000e+000  0.000000e+000  1.000000e+000
    outer loop
      vertex  3.537151e+001 -4.501077e+001  2.100000e+001
      vertex -4.721334e+001 -4.474917e+001  2.100000e+001
      vertex -4.680629e+001 -4.501077e+001  2.100000e+001
    endloop
  endfacet
  facet normal  -0.000000e+000  0.000000e+000  9.999999e-001
    outer loop
      vertex -4.491955e+001 -4.629554e+001  2.100000e+001
      vertex -4.621955e+001 -4.629554e+001  2.100000e+001
      vertex -4.499477e+001 -4.696311e+001  2.100000e+001
    endloop
  endfacet
  facet normal  0.000000e+000  0.000000e+000  1.000000e+000
    outer loop
      vertex -4.499477e+001 -4.696311e+001  2.100000e+001
      vertex -4.621955e+001 -4.629554e+001  2.100000e+001
      vertex -4.628841e+001 -4.677449e+001  2.100000e+001
    endloop
  endfacet
  facet normal  0.000000e+000  0.000000e+000  1.000000e+000
    outer loop
      vertex -4.499477e+001 -4.696311e+001  2.100000e+001
      vertex -4.628841e+001 -4.677449e+001  2.100000e+001
      vertex -4.521664e+001 -4.759719e+001  2.100000e+001
    endloop
  endfacet
  facet normal  0.000000e+000  0.000000e+000  1.000000e+000
    outer loop
      vertex -4.521664e+001 -4.759719e+001  2.100000e+001
      vertex -4.628841e+001 -4.677449e+001  2.100000e+001
      vertex -4.648942e+001 -4.721463e+001  2.100000e+001
    endloop
  endfacet
  facet normal  0.000000e+000  0.000000e+000  9.999999e-001
    outer loop
      vertex -4.521664e+001 -4.759719e+001  2.100000e+001
      vertex -4.648942e+001 -4.721463e+001  2.100000e+001
      vertex -4.680629e+001 -4.758032e+001  2.100000e+001
    endloop
  endfacet
  facet normal  0.000000e+000  0.000000e+000  9.999999e-001
    outer loop
      vertex -4.521664e+001 -4.759719e+001  2.100000e+001
      vertex -4.680629e+001 -4.758032e+001  2.100000e+001
      vertex -4.557406e+001 -4.816601e+001  2.100000e+001
    endloop
  endfacet
  facet normal  0.000000e+000  0.000000e+000  1.000000e+000
    outer loop
      vertex -4.557406e+001 -4.816601e+001  2.100000e+001
      vertex -4.680629e+001 -4.758032e+001  2.100000e+001
      vertex -4.721334e+001 -4.784192e+001  2.100000e+001
    endloop
  endfacet
  facet normal  0.000000e+000  0.000000e+000  1.000000e+000
    outer loop
      vertex -4.557406e+001 -4.816601e+001  2.100000e+001
      vertex -4.721334e+001 -4.784192e+001  2.100000e+001
      vertex -4.767762e+001 -4.797824e+001  2.100000e+001
    endloop
  endfacet
  facet normal  -0.000000e+000  0.000000e+000  1.000000e+000
    outer loop
      vertex  3.485364e+001 -4.677449e+001  2.100000e+001
      vertex  3.355999e+001 -4.696311e+001  2.100000e+001
      vertex  3.505465e+001 -4.721463e+001  2.100000e+001
    endloop
  endfacet
  facet normal  0.000000e+000  0.000000e+000  1.000000e+000
    outer loop
      vertex  3.505465e+001 -4.721463e+001  2.100000e+001
      vertex  3.355999e+001 -4.696311e+001  2.100000e+001
      vertex  3.378187e+001 -4.759719e+001  2.100000e+001
    endloop
  endfacet
  facet normal  0.000000e+000  0.000000e+000  9.999999e-001
    outer loop
      vertex  3.505465e+001 -4.721463e+001  2.100000e+001
      vertex  3.378187e+001 -4.759719e+001  2.100000e+001
      vertex  3.537151e+001 -4.758032e+001  2.100000e+001
    endloop
  endfacet
  facet normal  -0.000000e+000  0.000000e+000  9.999999e-001
    outer loop
      vertex  3.537151e+001 -4.758032e+001  2.100000e+001
      vertex  3.378187e+001 -4.759719e+001  2.100000e+001
      vertex  3.577857e+001 -4.784192e+001  2.100000e+001
    endloop
  endfacet
  facet normal  0.000000e+000  0.000000e+000  1.000000e+000
    outer loop
      vertex  3.577857e+001 -4.784192e+001  2.100000e+001
      vertex  3.378187e+001 -4.759719e+001  2.100000e+001
      vertex  3.413928e+001 -4.816601e+001  2.100000e+001
    endloop
  endfacet
  facet normal  0.000000e+000  0.000000e+000  1.000000e+000
    outer loop
      vertex  3.577857e+001 -4.784192e+001  2.100000e+001
      vertex  3.413928e+001 -4.816601e+001  2.100000e+001
      vertex  3.624284e+001 -4.797824e+001  2.100000e+001
    endloop
  endfacet
  facet normal  -0.000000e+000  0.000000e+000  1.000000e+000
    outer loop
      vertex  3.918768e+001 -1.058989e+001  2.100000e+001
      vertex  3.759804e+001 -1.060677e+001  2.100000e+001
      vertex  3.940956e+001 -1.122398e+001  2.100000e+001
    endloop
  endfacet
  facet normal  0.000000e+000  0.000000e+000  1.000000e+000
    outer loop
      vertex  3.940956e+001 -1.122398e+001  2.100000e+001
      vertex  3.759804e+001 -1.060677e+001  2.100000e+001
      vertex  3.791491e+001 -1.097246e+001  2.100000e+001
    endloop
  endfacet
  facet normal  0.000000e+000  0.000000e+000  1.000000e+000
    outer loop
      vertex  3.940956e+001 -1.122398e+001  2.100000e+001
      vertex  3.791491e+001 -1.097246e+001  2.100000e+001
      vertex  3.811591e+001 -1.141260e+001  2.100000e+001
    endloop
  endfacet
  facet normal  -0.000000e+000  0.000000e+000  9.999999e-001
    outer loop
      vertex  3.940956e+001 -1.122398e+001  2.100000e+001
      vertex  3.811591e+001 -1.141260e+001  2.100000e+001
      vertex  3.948478e+001 -1.189154e+001  2.100000e+001
    endloop
  endfacet
  facet normal  0.000000e+000  0.000000e+000  1.000000e+000
    outer loop
      vertex  3.948478e+001 -1.189154e+001  2.100000e+001
      vertex  3.811591e+001 -1.141260e+001  2.100000e+001
      vertex  3.818478e+001 -1.189154e+001  2.100000e+001
    endloop
  endfacet
  facet normal  -0.000000e+000  0.000000e+000  9.999999e-001
    outer loop
      vertex  3.948478e+001 -1.189154e+001  2.100000e+001
      vertex  3.818478e+001 -1.189154e+001  2.100000e+001
      vertex  3.940956e+001 -1.255911e+001  2.100000e+001
    endloop
  endfacet
  facet normal  0.000000e+000  0.000000e+000  1.000000e+000
    outer loop
      vertex  3.940956e+001 -1.255911e+001  2.100000e+001
      vertex  3.818478e+001 -1.189154e+001  2.100000e+001
      vertex  3.811591e+001 -1.237049e+001  2.100000e+001
    endloop
  endfacet
  facet normal  0.000000e+000  0.000000e+000  1.000000e+000
    outer loop
      vertex  3.940956e+001 -1.255911e+001  2.100000e+001
      vertex  3.811591e+001 -1.237049e+001  2.100000e+001
      vertex  3.918768e+001 -1.319320e+001  2.100000e+001
    endloop
  endfacet
  facet normal  0.000000e+000  0.000000e+000  1.000000e+000
    outer loop
      vertex  3.918768e+001 -1.319320e+001  2.100000e+001
      vertex  3.811591e+001 -1.237049e+001  2.100000e+001
      vertex  3.791491e+001 -1.281063e+001  2.100000e+001
    endloop
  endfacet
  facet normal  0.000000e+000  0.000000e+000  1.000000e+000
    outer loop
      vertex  3.918768e+001 -1.319320e+001  2.100000e+001
      vertex  3.791491e+001 -1.281063e+001  2.100000e+001
      vertex  3.759804e+001 -1.317632e+001  2.100000e+001
    endloop
  endfacet
  facet normal  0.000000e+000  0.000000e+000  1.000000e+000
    outer loop
      vertex  3.918768e+001 -1.319320e+001  2.100000e+001
      vertex  3.759804e+001 -1.317632e+001  2.100000e+001
      vertex  3.883027e+001 -1.376201e+001  2.100000e+001
    endloop
  endfacet
  facet normal  0.000000e+000  0.000000e+000  1.000000e+000
    outer loop
      vertex  3.883027e+001 -1.376201e+001  2.100000e+001
      vertex  3.759804e+001 -1.317632e+001  2.100000e+001
      vertex  3.719098e+001 -1.343792e+001  2.100000e+001
    endloop
  endfacet
  facet normal  0.000000e+000  0.000000e+000  9.999999e-001
    outer loop
      vertex  3.883027e+001 -1.376201e+001  2.100000e+001
      vertex  3.719098e+001 -1.343792e+001  2.100000e+001
      vertex  3.672671e+001 -1.357424e+001  2.100000e+001
    endloop
  endfacet
  facet normal  -0.000000e+000  0.000000e+000 -1.000000e+000
    outer loop
      vertex  3.715234e+001 -4.337076e+001  1.800000e+001
      vertex  3.778643e+001 -4.359264e+001  1.800000e+001
      vertex  3.672671e+001 -4.461285e+001  1.800000e+001
    endloop
  endfacet
  facet normal  0.000000e+000  0.000000e+000 -9.999999e-001
    outer loop
      vertex -4.628841e+001 -4.581660e+001  1.800000e+001
      vertex -4.491955e+001 -4.629554e+001  1.800000e+001
      vertex -4.621955e+001 -4.629554e+001  1.800000e+001
    endloop
  endfacet
  facet normal  -0.000000e+000  0.000000e+000 -9.999999e-001
    outer loop
      vertex  3.648478e+001 -4.329554e+001  1.800000e+001
      vertex  3.715234e+001 -4.337076e+001  1.800000e+001
      vertex  3.672671e+001 -4.461285e+001  1.800000e+001
    endloop
  endfacet
  facet normal  0.000000e+000  0.000000e+000 -1.000000e+000
    outer loop
      vertex  3.648478e+001 -4.329554e+001  1.800000e+001
      vertex  3.672671e+001 -4.461285e+001  1.800000e+001
      vertex  3.624284e+001 -4.461285e+001  1.800000e+001
    endloop
  endfacet
  facet normal  0.000000e+000  0.000000e+000 -1.000000e+000
    outer loop
      vertex  3.648478e+001 -4.329554e+001  1.800000e+001
      vertex  3.624284e+001 -4.461285e+001  1.800000e+001
      vertex -4.767762e+001 -4.461285e+001  1.800000e+001
    endloop
  endfacet
  facet normal  0.000000e+000  0.000000e+000 -1.000000e+000
    outer loop
      vertex  3.648478e+001 -4.329554e+001  1.800000e+001
      vertex -4.767762e+001 -4.461285e+001  1.800000e+001
      vertex  3.528261e+001 -4.329554e+001  1.800000e+001
    endloop
  endfacet
  facet normal  0.000000e+000  0.000000e+000 -1.000000e+000
    outer loop
      vertex  3.348478e+001 -4.629554e+001  1.800000e+001
      vertex  3.348478e+001 -4.509354e+001  1.800000e+001
      vertex  3.537151e+001 -4.501077e+001  1.800000e+001
    endloop
  endfacet
  facet normal  0.000000e+000  0.000000e+000 -1.000000e+000
    outer loop
      vertex  3.348478e+001 -4.629554e+001  1.800000e+001
      vertex  3.537151e+001 -4.501077e+001  1.800000e+001
      vertex  3.505465e+001 -4.537645e+001  1.800000e+001
    endloop
  endfacet
  facet normal  0.000000e+000  0.000000e+000 -1.000000e+000
    outer loop
      vertex  3.348478e+001 -4.629554e+001  1.800000e+001
      vertex  3.505465e+001 -4.537645e+001  1.800000e+001
      vertex  3.485364e+001 -4.581660e+001  1.800000e+001
    endloop
  endfacet
  facet normal  0.000000e+000  0.000000e+000 -1.000000e+000
    outer loop
      vertex  3.348478e+001 -4.629554e+001  1.800000e+001
      vertex  3.485364e+001 -4.581660e+001  1.800000e+001
      vertex  3.478477e+001 -4.629554e+001  1.800000e+001
    endloop
  endfacet
  facet normal  -0.000000e+000  -0.000000e+000 -9.999999e-001
    outer loop
      vertex  3.348478e+001 -4.629554e+001  1.800000e+001
      vertex  3.478477e+001 -4.629554e+001  1.800000e+001
      vertex  3.485364e+001 -4.677449e+001  1.800000e+001
    endloop
  endfacet
  facet normal  -0.000000e+000  0.000000e+000 -1.000000e+000
    outer loop
      vertex  3.348478e+001 -4.629554e+001  1.800000e+001
      vertex  3.485364e+001 -4.677449e+001  1.800000e+001
      vertex  3.355999e+001 -4.696311e+001  1.800000e+001
    endloop
  endfacet
  facet normal  0.000000e+000  0.000000e+000 -1.000000e+000
    outer loop
      vertex -4.491955e+001 -4.509354e+001  1.800000e+001
      vertex -4.491955e+001 -4.629554e+001  1.800000e+001
      vertex -4.628841e+001 -4.581660e+001  1.800000e+001
    endloop
  endfacet
  facet normal  0.000000e+000  0.000000e+000 -1.000000e+000
    outer loop
      vertex -4.491955e+001 -4.509354e+001  1.800000e+001
      vertex -4.628841e+001 -4.581660e+001  1.800000e+001
      vertex -4.648942e+001 -4.537645e+001  1.800000e+001
    endloop
  endfacet
  facet normal  0.000000e+000  0.000000e+000 -1.000000e+000
    outer loop
      vertex -4.491955e+001 -4.509354e+001  1.800000e+001
      vertex -4.648942e+001 -4.537645e+001  1.800000e+001
      vertex -4.680629e+001 -4.501077e+001  1.800000e+001
    endloop
  endfacet
  facet normal  0.000000e+000  0.000000e+000 -1.000000e+000
    outer loop
      vertex -4.491955e+001 -4.509354e+001  1.800000e+001
      vertex -4.680629e+001 -4.501077e+001  1.800000e+001
      vertex  3.537151e+001 -4.501077e+001  1.800000e+001
    endloop
  endfacet
  facet normal  0.000000e+000  0.000000e+000 -9.999999e-001
    outer loop
      vertex -4.491955e+001 -4.509354e+001  1.800000e+001
      vertex  3.537151e+001 -4.501077e+001  1.800000e+001
      vertex  3.348478e+001 -4.509354e+001  1.800000e+001
    endloop
  endfacet
  facet normal  0.000000e+000  0.000000e+000 -1.000000e+000
    outer loop
      vertex -4.791955e+001 -1.489154e+001  1.800000e+001
      vertex -4.858711e+001 -1.481633e+001  1.800000e+001
      vertex -4.922120e+001 -1.459445e+001  1.800000e+001
    endloop
  endfacet
  facet normal  0.000000e+000  0.000000e+000 -1.000000e+000
    outer loop
      vertex -4.791955e+001 -1.489154e+001  1.800000e+001
      vertex -4.922120e+001 -1.459445e+001  1.800000e+001
      vertex -4.979002e+001 -1.423704e+001  1.800000e+001
    endloop
  endfacet
  facet normal  0.000000e+000  0.000000e+000 -1.000000e+000
    outer loop
      vertex -4.791955e+001 -1.489154e+001  1.800000e+001
      vertex -4.979002e+001 -1.423704e+001  1.800000e+001
      vertex -5.026505e+001 -1.376201e+001  1.800000e+001
    endloop
  endfacet
  facet normal  0.000000e+000  0.000000e+000 -1.000000e+000
    outer loop
      vertex -4.791955e+001 -1.489154e+001  1.800000e+001
      vertex -5.026505e+001 -1.376201e+001  1.800000e+001
      vertex -4.816149e+001 -1.357424e+001  1.800000e+001
    endloop
  endfacet
  facet normal  0.000000e+000  0.000000e+000 -1.000000e+000
    outer loop
      vertex -4.791955e+001 -1.489154e+001  1.800000e+001
      vertex -4.816149e+001 -1.357424e+001  1.800000e+001
      vertex -4.767762e+001 -1.357424e+001  1.800000e+001
    endloop
  endfacet
  facet normal  0.000000e+000  -0.000000e+000 -1.000000e+000
    outer loop
      vertex -4.791955e+001 -1.489154e+001  1.800000e+001
      vertex -4.767762e+001 -1.357424e+001  1.800000e+001
      vertex  3.624284e+001 -1.357424e+001  1.800000e+001
    endloop
  endfacet
  facet normal  0.000000e+000  0.000000e+000 -1.000000e+000
    outer loop
      vertex -4.791955e+001 -1.489154e+001  1.800000e+001
      vertex  3.624284e+001 -1.357424e+001  1.800000e+001
      vertex -4.671739e+001 -1.489154e+001  1.800000e+001
    endloop
  endfacet
  facet normal  -0.000000e+000  -0.000000e+000 -1.000000e+000
    outer loop
      vertex -4.491955e+001 -1.309354e+001  1.800000e+001
      vertex  3.348478e+001 -1.309354e+001  1.800000e+001
      vertex  3.537151e+001 -1.317632e+001  1.800000e+001
    endloop
  endfacet
  facet normal  0.000000e+000  0.000000e+000 -9.999999e-001
    outer loop
      vertex -4.491955e+001 -1.309354e+001  1.800000e+001
      vertex  3.537151e+001 -1.317632e+001  1.800000e+001
      vertex -4.680629e+001 -1.317632e+001  1.800000e+001
    endloop
  endfacet
  facet normal  0.000000e+000  0.000000e+000 -1.000000e+000
    outer loop
      vertex -4.491955e+001 -1.309354e+001  1.800000e+001
      vertex -4.680629e+001 -1.317632e+001  1.800000e+001
      vertex -4.648942e+001 -1.281063e+001  1.800000e+001
    endloop
  endfacet
  facet normal  0.000000e+000  0.000000e+000 -1.000000e+000
    outer loop
      vertex -4.491955e+001 -1.309354e+001  1.800000e+001
      vertex -4.648942e+001 -1.281063e+001  1.800000e+001
      vertex -4.628841e+001 -1.237049e+001  1.800000e+001
    endloop
  endfacet
  facet normal  0.000000e+000  0.000000e+000 -1.000000e+000
    outer loop
      vertex -4.491955e+001 -1.309354e+001  1.800000e+001
      vertex -4.628841e+001 -1.237049e+001  1.800000e+001
      vertex -4.621955e+001 -1.189154e+001  1.800000e+001
    endloop
  endfacet
  facet normal  0.000000e+000  0.000000e+000 -1.000000e+000
    outer loop
      vertex -4.491955e+001 -1.309354e+001  1.800000e+001
      vertex -4.621955e+001 -1.189154e+001  1.800000e+001
      vertex -4.491955e+001 -1.189154e+001  1.800000e+001
    endloop
  endfacet
  facet normal  0.000000e+000  0.000000e+000 -1.000000e+000
    outer loop
      vertex  3.528261e+001 -1.489154e+001  1.800000e+001
      vertex  3.528261e+001 -4.329554e+001  1.800000e+001
      vertex -4.671739e+001 -4.329554e+001  1.800000e+001
    endloop
  endfacet
  facet normal  0.000000e+000  0.000000e+000 -1.000000e+000
    outer loop
      vertex  3.528261e+001 -1.489154e+001  1.800000e+001
      vertex -4.671739e+001 -4.329554e+001  1.800000e+001
      vertex -4.671739e+001 -1.489154e+001  1.800000e+001
    endloop
  endfacet
  facet normal  0.000000e+000  0.000000e+000 -1.000000e+000
    outer loop
      vertex  3.528261e+001 -1.489154e+001  1.800000e+001
      vertex -4.671739e+001 -1.489154e+001  1.800000e+001
      vertex  3.624284e+001 -1.357424e+001  1.800000e+001
    endloop
  endfacet
  facet normal  0.000000e+000  -0.000000e+000 -1.000000e+000
    outer loop
      vertex  3.528261e+001 -1.489154e+001  1.800000e+001
      vertex  3.624284e+001 -1.357424e+001  1.800000e+001
      vertex  3.648478e+001 -1.489154e+001  1.800000e+001
    endloop
  endfacet
  facet normal  0.000000e+000  0.000000e+000 -1.000000e+000
    outer loop
      vertex  3.648478e+001 -4.929554e+001  1.800000e+001
      vertex  3.581721e+001 -4.922033e+001  1.800000e+001
      vertex  3.518312e+001 -4.899845e+001  1.800000e+001
    endloop
  endfacet
  facet normal  0.000000e+000  0.000000e+000 -1.000000e+000
    outer loop
      vertex  3.648478e+001 -4.929554e+001  1.800000e+001
      vertex  3.518312e+001 -4.899845e+001  1.800000e+001
      vertex  3.461430e+001 -4.864104e+001  1.800000e+001
    endloop
  endfacet
  facet normal  0.000000e+000  0.000000e+000 -1.000000e+000
    outer loop
      vertex  3.648478e+001 -4.929554e+001  1.800000e+001
      vertex  3.461430e+001 -4.864104e+001  1.800000e+001
      vertex  3.413928e+001 -4.816601e+001  1.800000e+001
    endloop
  endfacet
  facet normal  0.000000e+000  0.000000e+000 -1.000000e+000
    outer loop
      vertex  3.648478e+001 -4.929554e+001  1.800000e+001
      vertex  3.413928e+001 -4.816601e+001  1.800000e+001
      vertex  3.624284e+001 -4.797824e+001  1.800000e+001
    endloop
  endfacet
  facet normal  0.000000e+000  0.000000e+000 -1.000000e+000
    outer loop
      vertex  3.648478e+001 -4.929554e+001  1.800000e+001
      vertex  3.624284e+001 -4.797824e+001  1.800000e+001
      vertex  3.672671e+001 -4.797824e+001  1.800000e+001
    endloop
  endfacet
  facet normal  0.000000e+000  -0.000000e+000 -1.000000e+000
    outer loop
      vertex  3.648478e+001 -4.929554e+001  1.800000e+001
      vertex  3.672671e+001 -4.797824e+001  1.800000e+001
      vertex  3.883027e+001 -4.816601e+001  1.800000e+001
    endloop
  endfacet
  facet normal  0.000000e+000  0.000000e+000 -1.000000e+000
    outer loop
      vertex  3.648478e+001 -4.929554e+001  1.800000e+001
      vertex  3.883027e+001 -4.816601e+001  1.800000e+001
      vertex  3.835524e+001 -4.864104e+001  1.800000e+001
    endloop
  endfacet
  facet normal  0.000000e+000  0.000000e+000 -1.000000e+000
    outer loop
      vertex  3.648478e+001 -4.929554e+001  1.800000e+001
      vertex  3.835524e+001 -4.864104e+001  1.800000e+001
      vertex  3.778643e+001 -4.899845e+001  1.800000e+001
    endloop
  endfacet
  facet normal  0.000000e+000  0.000000e+000 -9.999999e-001
    outer loop
      vertex  3.648478e+001 -4.929554e+001  1.800000e+001
      vertex  3.778643e+001 -4.899845e+001  1.800000e+001
      vertex  3.715234e+001 -4.922033e+001  1.800000e+001
    endloop
  endfacet
  facet normal  0.000000e+000  0.000000e+000 -1.000000e+000
    outer loop
      vertex -4.791955e+001 -4.929554e+001  1.800000e+001
      vertex -4.858711e+001 -4.922033e+001  1.800000e+001
      vertex -4.922120e+001 -4.899845e+001  1.800000e+001
    endloop
  endfacet
  facet normal  0.000000e+000  0.000000e+000 -1.000000e+000
    outer loop
      vertex -4.791955e+001 -4.929554e+001  1.800000e+001
      vertex -4.922120e+001 -4.899845e+001  1.800000e+001
      vertex -4.979002e+001 -4.864104e+001  1.800000e+001
    endloop
  endfacet
  facet normal  0.000000e+000  0.000000e+000 -1.000000e+000
    outer loop
      vertex -4.791955e+001 -4.929554e+001  1.800000e+001
      vertex -4.979002e+001 -4.864104e+001  1.800000e+001
      vertex -5.026505e+001 -4.816601e+001  1.800000e+001
    endloop
  endfacet
  facet normal  0.000000e+000  0.000000e+000 -1.000000e+000
    outer loop
      vertex -4.791955e+001 -4.929554e+001  1.800000e+001
      vertex -5.026505e+001 -4.816601e+001  1.800000e+001
      vertex -4.816149e+001 -4.797824e+001  1.800000e+001
    endloop
  endfacet
  facet normal  0.000000e+000  0.000000e+000 -1.000000e+000
    outer loop
      vertex -4.791955e+001 -4.929554e+001  1.800000e+001
      vertex -4.816149e+001 -4.797824e+001  1.800000e+001
      vertex -4.767762e+001 -4.797824e+001  1.800000e+001
    endloop
  endfacet
  facet normal  0.000000e+000  -0.000000e+000 -1.000000e+000
    outer loop
      vertex -4.791955e+001 -4.929554e+001  1.800000e+001
      vertex -4.767762e+001 -4.797824e+001  1.800000e+001
      vertex -4.557406e+001 -4.816601e+001  1.800000e+001
    endloop
  endfacet
  facet normal  0.000000e+000  0.000000e+000 -1.000000e+000
    outer loop
      vertex -4.791955e+001 -4.929554e+001  1.800000e+001
      vertex -4.557406e+001 -4.816601e+001  1.800000e+001
      vertex -4.604908e+001 -4.864104e+001  1.800000e+001
    endloop
  endfacet
  facet normal  0.000000e+000  0.000000e+000 -1.000000e+000
    outer loop
      vertex -4.791955e+001 -4.929554e+001  1.800000e+001
      vertex -4.604908e+001 -4.864104e+001  1.800000e+001
      vertex -4.661790e+001 -4.899845e+001  1.800000e+001
    endloop
  endfacet
  facet normal  0.000000e+000  0.000000e+000 -1.000000e+000
    outer loop
      vertex -4.791955e+001 -4.929554e+001  1.800000e+001
      vertex -4.661790e+001 -4.899845e+001  1.800000e+001
      vertex -4.725199e+001 -4.922033e+001  1.800000e+001
    endloop
  endfacet
  facet normal  0.000000e+000  0.000000e+000 -1.000000e+000
    outer loop
      vertex  3.348478e+001 -1.309354e+001  1.800000e+001
      vertex  3.348478e+001 -1.189154e+001  1.800000e+001
      vertex  3.478477e+001 -1.189154e+001  1.800000e+001
    endloop
  endfacet
  facet normal  0.000000e+000  -0.000000e+000 -1.000000e+000
    outer loop
      vertex  3.348478e+001 -1.309354e+001  1.800000e+001
      vertex  3.478477e+001 -1.189154e+001  1.800000e+001
      vertex  3.485364e+001 -1.237049e+001  1.800000e+001
    endloop
  endfacet
  facet normal  0.000000e+000  -0.000000e+000 -1.000000e+000
    outer loop
      vertex  3.348478e+001 -1.309354e+001  1.800000e+001
      vertex  3.485364e+001 -1.237049e+001  1.800000e+001
      vertex  3.505465e+001 -1.281063e+001  1.800000e+001
    endloop
  endfacet
  facet normal  0.000000e+000  -0.000000e+000 -1.000000e+000
    outer loop
      vertex  3.348478e+001 -1.309354e+001  1.800000e+001
      vertex  3.505465e+001 -1.281063e+001  1.800000e+001
      vertex  3.537151e+001 -1.317632e+001  1.800000e+001
    endloop
  endfacet
  facet normal  0.000000e+000  0.000000e+000 -1.000000e+000
    outer loop
      vertex  3.648478e+001 -1.489154e+001  1.800000e+001
      vertex  3.624284e+001 -1.357424e+001  1.800000e+001
      vertex  3.672671e+001 -1.357424e+001  1.800000e+001
    endloop
  endfacet
  facet normal  0.000000e+000  -0.000000e+000 -1.000000e+000
    outer loop
      vertex  3.648478e+001 -1.489154e+001  1.800000e+001
      vertex  3.672671e+001 -1.357424e+001  1.800000e+001
      vertex  3.883027e+001 -1.376201e+001  1.800000e+001
    endloop
  endfacet
  facet normal  0.000000e+000  0.000000e+000 -1.000000e+000
    outer loop
      vertex  3.648478e+001 -1.489154e+001  1.800000e+001
      vertex  3.883027e+001 -1.376201e+001  1.800000e+001
      vertex  3.835524e+001 -1.423704e+001  1.800000e+001
    endloop
  endfacet
  facet normal  0.000000e+000  0.000000e+000 -1.000000e+000
    outer loop
      vertex  3.648478e+001 -1.489154e+001  1.800000e+001
      vertex  3.835524e+001 -1.423704e+001  1.800000e+001
      vertex  3.778643e+001 -1.459445e+001  1.800000e+001
    endloop
  endfacet
  facet normal  0.000000e+000  0.000000e+000 -9.999999e-001
    outer loop
      vertex  3.648478e+001 -1.489154e+001  1.800000e+001
      vertex  3.778643e+001 -1.459445e+001  1.800000e+001
      vertex  3.715234e+001 -1.481633e+001  1.800000e+001
    endloop
  endfacet
  facet normal  0.000000e+000  0.000000e+000 -9.999999e-001
    outer loop
      vertex  3.759804e+001 -4.501077e+001  1.800000e+001
      vertex  3.719098e+001 -4.474917e+001  1.800000e+001
      vertex  3.918768e+001 -4.499389e+001  1.800000e+001
    endloop
  endfacet
  facet normal  0.000000e+000  0.000000e+000 -1.000000e+000
    outer loop
      vertex  3.918768e+001 -4.499389e+001  1.800000e+001
      vertex  3.719098e+001 -4.474917e+001  1.800000e+001
      vertex  3.672671e+001 -4.461285e+001  1.800000e+001
    endloop
  endfacet
  facet normal  0.000000e+000  0.000000e+000 -1.000000e+000
    outer loop
      vertex  3.918768e+001 -4.499389e+001  1.800000e+001
      vertex  3.672671e+001 -4.461285e+001  1.800000e+001
      vertex  3.883027e+001 -4.442508e+001  1.800000e+001
    endloop
  endfacet
  facet normal  -0.000000e+000  0.000000e+000 -1.000000e+000
    outer loop
      vertex  3.883027e+001 -4.442508e+001  1.800000e+001
      vertex  3.672671e+001 -4.461285e+001  1.800000e+001
      vertex  3.778643e+001 -4.359264e+001  1.800000e+001
    endloop
  endfacet
  facet normal  0.000000e+000  0.000000e+000 -1.000000e+000
    outer loop
      vertex  3.883027e+001 -4.442508e+001  1.800000e+001
      vertex  3.778643e+001 -4.359264e+001  1.800000e+001
      vertex  3.835524e+001 -4.395005e+001  1.800000e+001
    endloop
  endfacet
  facet normal  0.000000e+000  0.000000e+000 -1.000000e+000
    outer loop
      vertex  3.778643e+001 -9.188638e+000  1.800000e+001
      vertex  3.672671e+001 -1.020885e+001  1.800000e+001
      vertex  3.715234e+001 -8.966761e+000  1.800000e+001
    endloop
  endfacet
  facet normal  0.000000e+000  0.000000e+000 -1.000000e+000
    outer loop
      vertex  3.715234e+001 -8.966761e+000  1.800000e+001
      vertex  3.672671e+001 -1.020885e+001  1.800000e+001
      vertex  3.624284e+001 -1.020885e+001  1.800000e+001
    endloop
  endfacet
  facet normal  0.000000e+000  0.000000e+000 -1.000000e+000
    outer loop
      vertex  3.715234e+001 -8.966761e+000  1.800000e+001
      vertex  3.624284e+001 -1.020885e+001  1.800000e+001
      vertex  3.648478e+001 -8.891544e+000  1.800000e+001
    endloop
  endfacet
  facet normal  0.000000e+000  0.000000e+000 -1.000000e+000
    outer loop
      vertex  3.648478e+001 -8.891544e+000  1.800000e+001
      vertex  3.624284e+001 -1.020885e+001  1.800000e+001
      vertex  3.413928e+001 -1.002107e+001  1.800000e+001
    endloop
  endfacet
  facet normal  0.000000e+000  0.000000e+000 -1.000000e+000
    outer loop
      vertex  3.648478e+001 -8.891544e+000  1.800000e+001
      vertex  3.413928e+001 -1.002107e+001  1.800000e+001
      vertex  3.581721e+001 -8.966761e+000  1.800000e+001
    endloop
  endfacet
  facet normal  0.000000e+000  0.000000e+000 -1.000000e+000
    outer loop
      vertex  3.581721e+001 -8.966761e+000  1.800000e+001
      vertex  3.413928e+001 -1.002107e+001  1.800000e+001
      vertex  3.461430e+001 -9.546049e+000  1.800000e+001
    endloop
  endfacet
  facet normal  0.000000e+000  0.000000e+000 -9.999999e-001
    outer loop
      vertex  3.581721e+001 -8.966761e+000  1.800000e+001
      vertex  3.461430e+001 -9.546049e+000  1.800000e+001
      vertex  3.518312e+001 -9.188638e+000  1.800000e+001
    endloop
  endfacet
  facet normal  0.000000e+000  0.000000e+000 -1.000000e+000
    outer loop
      vertex  3.759804e+001 -1.060677e+001  1.800000e+001
      vertex  3.719098e+001 -1.034517e+001  1.800000e+001
      vertex  3.918768e+001 -1.058989e+001  1.800000e+001
    endloop
  endfacet
  facet normal  0.000000e+000  0.000000e+000 -1.000000e+000
    outer loop
      vertex  3.918768e+001 -1.058989e+001  1.800000e+001
      vertex  3.719098e+001 -1.034517e+001  1.800000e+001
      vertex  3.672671e+001 -1.020885e+001  1.800000e+001
    endloop
  endfacet
  facet normal  0.000000e+000  0.000000e+000 -1.000000e+000
    outer loop
      vertex  3.918768e+001 -1.058989e+001  1.800000e+001
      vertex  3.672671e+001 -1.020885e+001  1.800000e+001
      vertex  3.883027e+001 -1.002107e+001  1.800000e+001
    endloop
  endfacet
  facet normal  -0.000000e+000  0.000000e+000 -1.000000e+000
    outer loop
      vertex  3.883027e+001 -1.002107e+001  1.800000e+001
      vertex  3.672671e+001 -1.020885e+001  1.800000e+001
      vertex  3.778643e+001 -9.188638e+000  1.800000e+001
    endloop
  endfacet
  facet normal  0.000000e+000  0.000000e+000 -1.000000e+000
    outer loop
      vertex  3.883027e+001 -1.002107e+001  1.800000e+001
      vertex  3.778643e+001 -9.188638e+000  1.800000e+001
      vertex  3.835524e+001 -9.546049e+000  1.800000e+001
    endloop
  endfacet
  facet normal  0.000000e+000  0.000000e+000 -1.000000e+000
    outer loop
      vertex  3.528261e+001 -4.329554e+001  1.800000e+001
      vertex -4.767762e+001 -4.461285e+001  1.800000e+001
      vertex -4.671739e+001 -4.329554e+001  1.800000e+001
    endloop
  endfacet
  facet normal  0.000000e+000  0.000000e+000 -1.000000e+000
    outer loop
      vertex -4.671739e+001 -4.329554e+001  1.800000e+001
      vertex -4.767762e+001 -4.461285e+001  1.800000e+001
      vertex -4.816149e+001 -4.461285e+001  1.800000e+001
    endloop
  endfacet
  facet normal  0.000000e+000  0.000000e+000 -1.000000e+000
    outer loop
      vertex -4.671739e+001 -4.329554e+001  1.800000e+001
      vertex -4.816149e+001 -4.461285e+001  1.800000e+001
      vertex -4.791955e+001 -4.329554e+001  1.800000e+001
    endloop
  endfacet
  facet normal  0.000000e+000  0.000000e+000 -1.000000e+000
    outer loop
      vertex -4.791955e+001 -4.329554e+001  1.800000e+001
      vertex -4.816149e+001 -4.461285e+001  1.800000e+001
      vertex -5.026505e+001 -4.442508e+001  1.800000e+001
    endloop
  endfacet
  facet normal  0.000000e+000  0.000000e+000 -1.000000e+000
    outer loop
      vertex -4.791955e+001 -4.329554e+001  1.800000e+001
      vertex -5.026505e+001 -4.442508e+001  1.800000e+001
      vertex -4.858711e+001 -4.337076e+001  1.800000e+001
    endloop
  endfacet
  facet normal  0.000000e+000  0.000000e+000 -1.000000e+000
    outer loop
      vertex -4.858711e+001 -4.337076e+001  1.800000e+001
      vertex -5.026505e+001 -4.442508e+001  1.800000e+001
      vertex -4.979002e+001 -4.395005e+001  1.800000e+001
    endloop
  endfacet
  facet normal  0.000000e+000  0.000000e+000 -1.000000e+000
    outer loop
      vertex -4.858711e+001 -4.337076e+001  1.800000e+001
      vertex -4.979002e+001 -4.395005e+001  1.800000e+001
      vertex -4.922120e+001 -4.359264e+001  1.800000e+001
    endloop
  endfacet
  facet normal  0.000000e+000  0.000000e+000 -1.000000e+000
    outer loop
      vertex -4.661790e+001 -9.188638e+000  1.800000e+001
      vertex -4.767762e+001 -1.020885e+001  1.800000e+001
      vertex -4.725199e+001 -8.966761e+000  1.800000e+001
    endloop
  endfacet
  facet normal  0.000000e+000  0.000000e+000 -1.000000e+000
    outer loop
      vertex -4.725199e+001 -8.966761e+000  1.800000e+001
      vertex -4.767762e+001 -1.020885e+001  1.800000e+001
      vertex -4.816149e+001 -1.020885e+001  1.800000e+001
    endloop
  endfacet
  facet normal  0.000000e+000  0.000000e+000 -1.000000e+000
    outer loop
      vertex -4.725199e+001 -8.966761e+000  1.800000e+001
      vertex -4.816149e+001 -1.020885e+001  1.800000e+001
      vertex -4.791955e+001 -8.891544e+000  1.800000e+001
    endloop
  endfacet
  facet normal  0.000000e+000  0.000000e+000 -1.000000e+000
    outer loop
      vertex -4.791955e+001 -8.891544e+000  1.800000e+001
      vertex -4.816149e+001 -1.020885e+001  1.800000e+001
      vertex -5.026505e+001 -1.002107e+001  1.800000e+001
    endloop
  endfacet
  facet normal  0.000000e+000  0.000000e+000 -9.999999e-001
    outer loop
      vertex -4.791955e+001 -8.891544e+000  1.800000e+001
      vertex -5.026505e+001 -1.002107e+001  1.800000e+001
      vertex -4.858711e+001 -8.966761e+000  1.800000e+001
    endloop
  endfacet
  facet normal  0.000000e+000  0.000000e+000 -1.000000e+000
    outer loop
      vertex -4.858711e+001 -8.966761e+000  1.800000e+001
      vertex -5.026505e+001 -1.002107e+001  1.800000e+001
      vertex -4.979002e+001 -9.546049e+000  1.800000e+001
    endloop
  endfacet
  facet normal  0.000000e+000  0.000000e+000 -1.000000e+000
    outer loop
      vertex -4.858711e+001 -8.966761e+000  1.800000e+001
      vertex -4.979002e+001 -9.546049e+000  1.800000e+001
      vertex -4.922120e+001 -9.188638e+000  1.800000e+001
    endloop
  endfacet
  facet normal  0.000000e+000  0.000000e+000 -1.000000e+000
    outer loop
      vertex -4.680629e+001 -1.060677e+001  1.800000e+001
      vertex -4.721334e+001 -1.034517e+001  1.800000e+001
      vertex -4.521664e+001 -1.058989e+001  1.800000e+001
    endloop
  endfacet
  facet normal  0.000000e+000  0.000000e+000 -1.000000e+000
    outer loop
      vertex -4.521664e+001 -1.058989e+001  1.800000e+001
      vertex -4.721334e+001 -1.034517e+001  1.800000e+001
      vertex -4.767762e+001 -1.020885e+001  1.800000e+001
    endloop
  endfacet
  facet normal  0.000000e+000  0.000000e+000 -1.000000e+000
    outer loop
      vertex -4.521664e+001 -1.058989e+001  1.800000e+001
      vertex -4.767762e+001 -1.020885e+001  1.800000e+001
      vertex -4.557406e+001 -1.002107e+001  1.800000e+001
    endloop
  endfacet
  facet normal  -0.000000e+000  0.000000e+000 -1.000000e+000
    outer loop
      vertex -4.557406e+001 -1.002107e+001  1.800000e+001
      vertex -4.767762e+001 -1.020885e+001  1.800000e+001
      vertex -4.661790e+001 -9.188638e+000  1.800000e+001
    endloop
  endfacet
  facet normal  0.000000e+000  0.000000e+000 -1.000000e+000
    outer loop
      vertex -4.557406e+001 -1.002107e+001  1.800000e+001
      vertex -4.661790e+001 -9.188638e+000  1.800000e+001
      vertex -4.604908e+001 -9.546049e+000  1.800000e+001
    endloop
  endfacet
  facet normal  0.000000e+000  0.000000e+000 -1.000000e+000
    outer loop
      vertex  3.811591e+001 -4.581660e+001  1.800000e+001
      vertex  3.791491e+001 -4.537645e+001  1.800000e+001
      vertex  3.940956e+001 -4.562798e+001  1.800000e+001
    endloop
  endfacet
  facet normal  0.000000e+000  0.000000e+000 -9.999999e-001
    outer loop
      vertex  3.940956e+001 -4.562798e+001  1.800000e+001
      vertex  3.791491e+001 -4.537645e+001  1.800000e+001
      vertex  3.759804e+001 -4.501077e+001  1.800000e+001
    endloop
  endfacet
  facet normal  0.000000e+000  0.000000e+000 -1.000000e+000
    outer loop
      vertex  3.940956e+001 -4.562798e+001  1.800000e+001
      vertex  3.759804e+001 -4.501077e+001  1.800000e+001
      vertex  3.918768e+001 -4.499389e+001  1.800000e+001
    endloop
  endfacet
  facet normal  0.000000e+000  -0.000000e+000 -9.999999e-001
    outer loop
      vertex  3.759804e+001 -4.758032e+001  1.800000e+001
      vertex  3.791491e+001 -4.721463e+001  1.800000e+001
      vertex  3.918768e+001 -4.759719e+001  1.800000e+001
    endloop
  endfacet
  facet normal  0.000000e+000  0.000000e+000 -1.000000e+000
    outer loop
      vertex  3.918768e+001 -4.759719e+001  1.800000e+001
      vertex  3.791491e+001 -4.721463e+001  1.800000e+001
      vertex  3.811591e+001 -4.677449e+001  1.800000e+001
    endloop
  endfacet
  facet normal  0.000000e+000  0.000000e+000 -1.000000e+000
    outer loop
      vertex  3.918768e+001 -4.759719e+001  1.800000e+001
      vertex  3.811591e+001 -4.677449e+001  1.800000e+001
      vertex  3.940956e+001 -4.696311e+001  1.800000e+001
    endloop
  endfacet
  facet normal  0.000000e+000  0.000000e+000 -1.000000e+000
    outer loop
      vertex  3.940956e+001 -4.696311e+001  1.800000e+001
      vertex  3.811591e+001 -4.677449e+001  1.800000e+001
      vertex  3.818478e+001 -4.629554e+001  1.800000e+001
    endloop
  endfacet
  facet normal  0.000000e+000  0.000000e+000 -9.999999e-001
    outer loop
      vertex  3.940956e+001 -4.696311e+001  1.800000e+001
      vertex  3.818478e+001 -4.629554e+001  1.800000e+001
      vertex  3.948478e+001 -4.629554e+001  1.800000e+001
    endloop
  endfacet
  facet normal  0.000000e+000  0.000000e+000 -9.999999e-001
    outer loop
      vertex  3.948478e+001 -4.629554e+001  1.800000e+001
      vertex  3.818478e+001 -4.629554e+001  1.800000e+001
      vertex  3.811591e+001 -4.581660e+001  1.800000e+001
    endloop
  endfacet
  facet normal  0.000000e+000  0.000000e+000 -1.000000e+000
    outer loop
      vertex  3.948478e+001 -4.629554e+001  1.800000e+001
      vertex  3.811591e+001 -4.581660e+001  1.800000e+001
      vertex  3.940956e+001 -4.562798e+001  1.800000e+001
    endloop
  endfacet
  facet normal  0.000000e+000  -0.000000e+000 -1.000000e+000
    outer loop
      vertex  3.672671e+001 -4.797824e+001  1.800000e+001
      vertex  3.719098e+001 -4.784192e+001  1.800000e+001
      vertex  3.883027e+001 -4.816601e+001  1.800000e+001
    endloop
  endfacet
  facet normal  0.000000e+000  0.000000e+000 -1.000000e+000
    outer loop
      vertex  3.883027e+001 -4.816601e+001  1.800000e+001
      vertex  3.719098e+001 -4.784192e+001  1.800000e+001
      vertex  3.759804e+001 -4.758032e+001  1.800000e+001
    endloop
  endfacet
  facet normal  0.000000e+000  0.000000e+000 -9.999999e-001
    outer loop
      vertex  3.883027e+001 -4.816601e+001  1.800000e+001
      vertex  3.759804e+001 -4.758032e+001  1.800000e+001
      vertex  3.918768e+001 -4.759719e+001  1.800000e+001
    endloop
  endfacet
  facet normal  0.000000e+000  0.000000e+000 -1.000000e+000
    outer loop
      vertex -4.903281e+001 -1.060677e+001  1.800000e+001
      vertex -5.062246e+001 -1.058989e+001  1.800000e+001
      vertex -4.862576e+001 -1.034517e+001  1.800000e+001
    endloop
  endfacet
  facet normal  -0.000000e+000  0.000000e+000 -1.000000e+000
    outer loop
      vertex -4.862576e+001 -1.034517e+001  1.800000e+001
      vertex -5.062246e+001 -1.058989e+001  1.800000e+001
      vertex -5.026505e+001 -1.002107e+001  1.800000e+001
    endloop
  endfacet
  facet normal  0.000000e+000  0.000000e+000 -1.000000e+000
    outer loop
      vertex -4.862576e+001 -1.034517e+001  1.800000e+001
      vertex -5.026505e+001 -1.002107e+001  1.800000e+001
      vertex -4.816149e+001 -1.020885e+001  1.800000e+001
    endloop
  endfacet
  facet normal  0.000000e+000  0.000000e+000 -1.000000e+000
    outer loop
      vertex -4.955069e+001 -1.141260e+001  1.800000e+001
      vertex -5.084433e+001 -1.122398e+001  1.800000e+001
      vertex -4.934968e+001 -1.097246e+001  1.800000e+001
    endloop
  endfacet
  facet normal  -0.000000e+000  0.000000e+000 -1.000000e+000
    outer loop
      vertex -4.934968e+001 -1.097246e+001  1.800000e+001
      vertex -5.084433e+001 -1.122398e+001  1.800000e+001
      vertex -5.062246e+001 -1.058989e+001  1.800000e+001
    endloop
  endfacet
  facet normal  0.000000e+000  0.000000e+000 -1.000000e+000
    outer loop
      vertex -4.934968e+001 -1.097246e+001  1.800000e+001
      vertex -5.062246e+001 -1.058989e+001  1.800000e+001
      vertex -4.903281e+001 -1.060677e+001  1.800000e+001
    endloop
  endfacet
  facet normal  0.000000e+000  0.000000e+000 -1.000000e+000
    outer loop
      vertex -4.903281e+001 -1.317632e+001  1.800000e+001
      vertex -5.062246e+001 -1.319320e+001  1.800000e+001
      vertex -4.934968e+001 -1.281063e+001  1.800000e+001
    endloop
  endfacet
  facet normal  -0.000000e+000  0.000000e+000 -1.000000e+000
    outer loop
      vertex -4.934968e+001 -1.281063e+001  1.800000e+001
      vertex -5.062246e+001 -1.319320e+001  1.800000e+001
      vertex -5.084433e+001 -1.255911e+001  1.800000e+001
    endloop
  endfacet
  facet normal  0.000000e+000  0.000000e+000 -1.000000e+000
    outer loop
      vertex -4.934968e+001 -1.281063e+001  1.800000e+001
      vertex -5.084433e+001 -1.255911e+001  1.800000e+001
      vertex -4.955069e+001 -1.237049e+001  1.800000e+001
    endloop
  endfacet
  facet normal  -0.000000e+000  0.000000e+000 -1.000000e+000
    outer loop
      vertex -4.955069e+001 -1.237049e+001  1.800000e+001
      vertex -5.084433e+001 -1.255911e+001  1.800000e+001
      vertex -5.091955e+001 -1.189154e+001  1.800000e+001
    endloop
  endfacet
  facet normal  0.000000e+000  0.000000e+000 -1.000000e+000
    outer loop
      vertex -4.955069e+001 -1.237049e+001  1.800000e+001
      vertex -5.091955e+001 -1.189154e+001  1.800000e+001
      vertex -4.961955e+001 -1.189154e+001  1.800000e+001
    endloop
  endfacet
  facet normal  0.000000e+000  0.000000e+000 -9.999999e-001
    outer loop
      vertex -4.961955e+001 -1.189154e+001  1.800000e+001
      vertex -5.091955e+001 -1.189154e+001  1.800000e+001
      vertex -5.084433e+001 -1.122398e+001  1.800000e+001
    endloop
  endfacet
  facet normal  0.000000e+000  0.000000e+000 -1.000000e+000
    outer loop
      vertex -4.961955e+001 -1.189154e+001  1.800000e+001
      vertex -5.084433e+001 -1.122398e+001  1.800000e+001
      vertex -4.955069e+001 -1.141260e+001  1.800000e+001
    endloop
  endfacet
  facet normal  0.000000e+000  0.000000e+000 -9.999999e-001
    outer loop
      vertex -4.816149e+001 -1.357424e+001  1.800000e+001
      vertex -5.026505e+001 -1.376201e+001  1.800000e+001
      vertex -4.862576e+001 -1.343792e+001  1.800000e+001
    endloop
  endfacet
  facet normal  -0.000000e+000  0.000000e+000 -1.000000e+000
    outer loop
      vertex -4.862576e+001 -1.343792e+001  1.800000e+001
      vertex -5.026505e+001 -1.376201e+001  1.800000e+001
      vertex -5.062246e+001 -1.319320e+001  1.800000e+001
    endloop
  endfacet
  facet normal  0.000000e+000  0.000000e+000 -1.000000e+000
    outer loop
      vertex -4.862576e+001 -1.343792e+001  1.800000e+001
      vertex -5.062246e+001 -1.319320e+001  1.800000e+001
      vertex -4.903281e+001 -1.317632e+001  1.800000e+001
    endloop
  endfacet
  facet normal  0.000000e+000  0.000000e+000 -9.999999e-001
    outer loop
      vertex -4.903281e+001 -4.501077e+001  1.800000e+001
      vertex -5.062246e+001 -4.499389e+001  1.800000e+001
      vertex -4.862576e+001 -4.474917e+001  1.800000e+001
    endloop
  endfacet
  facet normal  -0.000000e+000  0.000000e+000 -1.000000e+000
    outer loop
      vertex -4.862576e+001 -4.474917e+001  1.800000e+001
      vertex -5.062246e+001 -4.499389e+001  1.800000e+001
      vertex -5.026505e+001 -4.442508e+001  1.800000e+001
    endloop
  endfacet
  facet normal  0.000000e+000  0.000000e+000 -1.000000e+000
    outer loop
      vertex -4.862576e+001 -4.474917e+001  1.800000e+001
      vertex -5.026505e+001 -4.442508e+001  1.800000e+001
      vertex -4.816149e+001 -4.461285e+001  1.800000e+001
    endloop
  endfacet
  facet normal  0.000000e+000  0.000000e+000 -1.000000e+000
    outer loop
      vertex -4.955069e+001 -4.581660e+001  1.800000e+001
      vertex -5.084433e+001 -4.562798e+001  1.800000e+001
      vertex -4.934968e+001 -4.537645e+001  1.800000e+001
    endloop
  endfacet
  facet normal  -0.000000e+000  0.000000e+000 -9.999999e-001
    outer loop
      vertex -4.934968e+001 -4.537645e+001  1.800000e+001
      vertex -5.084433e+001 -4.562798e+001  1.800000e+001
      vertex -5.062246e+001 -4.499389e+001  1.800000e+001
    endloop
  endfacet
  facet normal  0.000000e+000  0.000000e+000 -9.999999e-001
    outer loop
      vertex -4.934968e+001 -4.537645e+001  1.800000e+001
      vertex -5.062246e+001 -4.499389e+001  1.800000e+001
      vertex -4.903281e+001 -4.501077e+001  1.800000e+001
    endloop
  endfacet
  facet normal  0.000000e+000  0.000000e+000 -9.999999e-001
    outer loop
      vertex -4.903281e+001 -4.758032e+001  1.800000e+001
      vertex -5.062246e+001 -4.759719e+001  1.800000e+001
      vertex -4.934968e+001 -4.721463e+001  1.800000e+001
    endloop
  endfacet
  facet normal  -0.000000e+000  0.000000e+000 -9.999999e-001
    outer loop
      vertex -4.934968e+001 -4.721463e+001  1.800000e+001
      vertex -5.062246e+001 -4.759719e+001  1.800000e+001
      vertex -5.084433e+001 -4.696311e+001  1.800000e+001
    endloop
  endfacet
  facet normal  0.000000e+000  0.000000e+000 -1.000000e+000
    outer loop
      vertex -4.934968e+001 -4.721463e+001  1.800000e+001
      vertex -5.084433e+001 -4.696311e+001  1.800000e+001
      vertex -4.955069e+001 -4.677449e+001  1.800000e+001
    endloop
  endfacet
  facet normal  -0.000000e+000  0.000000e+000 -9.999999e-001
    outer loop
      vertex -4.955069e+001 -4.677449e+001  1.800000e+001
      vertex -5.084433e+001 -4.696311e+001  1.800000e+001
      vertex -5.091955e+001 -4.629554e+001  1.800000e+001
    endloop
  endfacet
  facet normal  0.000000e+000  0.000000e+000 -9.999999e-001
    outer loop
      vertex -4.955069e+001 -4.677449e+001  1.800000e+001
      vertex -5.091955e+001 -4.629554e+001  1.800000e+001
      vertex -4.961955e+001 -4.629554e+001  1.800000e+001
    endloop
  endfacet
  facet normal  0.000000e+000  0.000000e+000 -1.000000e+000
    outer loop
      vertex -4.961955e+001 -4.629554e+001  1.800000e+001
      vertex -5.091955e+001 -4.629554e+001  1.800000e+001
      vertex -5.084433e+001 -4.562798e+001  1.800000e+001
    endloop
  endfacet
  facet normal  0.000000e+000  0.000000e+000 -9.999999e-001
    outer loop
      vertex -4.961955e+001 -4.629554e+001  1.800000e+001
      vertex -5.084433e+001 -4.562798e+001  1.800000e+001
      vertex -4.955069e+001 -4.581660e+001  1.800000e+001
    endloop
  endfacet
  facet normal  0.000000e+000  0.000000e+000 -1.000000e+000
    outer loop
      vertex -4.816149e+001 -4.797824e+001  1.800000e+001
      vertex -5.026505e+001 -4.816601e+001  1.800000e+001
      vertex -4.862576e+001 -4.784192e+001  1.800000e+001
    endloop
  endfacet
  facet normal  -0.000000e+000  0.000000e+000 -1.000000e+000
    outer loop
      vertex -4.862576e+001 -4.784192e+001  1.800000e+001
      vertex -5.026505e+001 -4.816601e+001  1.800000e+001
      vertex -5.062246e+001 -4.759719e+001  1.800000e+001
    endloop
  endfacet
  facet normal  0.000000e+000  0.000000e+000 -9.999999e-001
    outer loop
      vertex -4.862576e+001 -4.784192e+001  1.800000e+001
      vertex -5.062246e+001 -4.759719e+001  1.800000e+001
      vertex -4.903281e+001 -4.758032e+001  1.800000e+001
    endloop
  endfacet
  facet normal  0.000000e+000  0.000000e+000 -1.000000e+000
    outer loop
      vertex  3.537151e+001 -1.060677e+001  1.800000e+001
      vertex  3.378187e+001 -1.058989e+001  1.800000e+001
      vertex  3.577857e+001 -1.034517e+001  1.800000e+001
    endloop
  endfacet
  facet normal  -0.000000e+000  0.000000e+000 -1.000000e+000
    outer loop
      vertex  3.577857e+001 -1.034517e+001  1.800000e+001
      vertex  3.378187e+001 -1.058989e+001  1.800000e+001
      vertex  3.413928e+001 -1.002107e+001  1.800000e+001
    endloop
  endfacet
  facet normal  0.000000e+000  0.000000e+000 -1.000000e+000
    outer loop
      vertex  3.577857e+001 -1.034517e+001  1.800000e+001
      vertex  3.413928e+001 -1.002107e+001  1.800000e+001
      vertex  3.624284e+001 -1.020885e+001  1.800000e+001
    endloop
  endfacet
  facet normal  0.000000e+000  0.000000e+000 -1.000000e+000
    outer loop
      vertex  3.485364e+001 -1.141260e+001  1.800000e+001
      vertex  3.355999e+001 -1.122398e+001  1.800000e+001
      vertex  3.505465e+001 -1.097246e+001  1.800000e+001
    endloop
  endfacet
  facet normal  -0.000000e+000  0.000000e+000 -1.000000e+000
    outer loop
      vertex  3.505465e+001 -1.097246e+001  1.800000e+001
      vertex  3.355999e+001 -1.122398e+001  1.800000e+001
      vertex  3.378187e+001 -1.058989e+001  1.800000e+001
    endloop
  endfacet
  facet normal  0.000000e+000  0.000000e+000 -1.000000e+000
    outer loop
      vertex  3.505465e+001 -1.097246e+001  1.800000e+001
      vertex  3.378187e+001 -1.058989e+001  1.800000e+001
      vertex  3.537151e+001 -1.060677e+001  1.800000e+001
    endloop
  endfacet
  facet normal  0.000000e+000  -0.000000e+000 -9.999999e-001
    outer loop
      vertex  3.348478e+001 -1.189154e+001  1.800000e+001
      vertex  3.355999e+001 -1.122398e+001  1.800000e+001
      vertex  3.478477e+001 -1.189154e+001  1.800000e+001
    endloop
  endfacet
  facet normal  0.000000e+000  0.000000e+000 -1.000000e+000
    outer loop
      vertex  3.478477e+001 -1.189154e+001  1.800000e+001
      vertex  3.355999e+001 -1.122398e+001  1.800000e+001
      vertex  3.485364e+001 -1.141260e+001  1.800000e+001
    endloop
  endfacet
  facet normal  0.000000e+000  0.000000e+000 -1.000000e+000
    outer loop
      vertex -4.628841e+001 -1.141260e+001  1.800000e+001
      vertex -4.648942e+001 -1.097246e+001  1.800000e+001
      vertex -4.499477e+001 -1.122398e+001  1.800000e+001
    endloop
  endfacet
  facet normal  0.000000e+000  0.000000e+000 -9.999999e-001
    outer loop
      vertex -4.499477e+001 -1.122398e+001  1.800000e+001
      vertex -4.648942e+001 -1.097246e+001  1.800000e+001
      vertex -4.680629e+001 -1.060677e+001  1.800000e+001
    endloop
  endfacet
  facet normal  0.000000e+000  0.000000e+000 -1.000000e+000
    outer loop
      vertex -4.499477e+001 -1.122398e+001  1.800000e+001
      vertex -4.680629e+001 -1.060677e+001  1.800000e+001
      vertex -4.521664e+001 -1.058989e+001  1.800000e+001
    endloop
  endfacet
  facet normal  0.000000e+000  0.000000e+000 -1.000000e+000
    outer loop
      vertex -4.628841e+001 -1.141260e+001  1.800000e+001
      vertex -4.499477e+001 -1.122398e+001  1.800000e+001
      vertex -4.621955e+001 -1.189154e+001  1.800000e+001
    endloop
  endfacet
  facet normal  0.000000e+000  0.000000e+000 -9.999999e-001
    outer loop
      vertex -4.621955e+001 -1.189154e+001  1.800000e+001
      vertex -4.499477e+001 -1.122398e+001  1.800000e+001
      vertex -4.491955e+001 -1.189154e+001  1.800000e+001
    endloop
  endfacet
  facet normal  0.000000e+000  0.000000e+000 -1.000000e+000
    outer loop
      vertex  3.537151e+001 -1.317632e+001  1.800000e+001
      vertex  3.577857e+001 -1.343792e+001  1.800000e+001
      vertex -4.680629e+001 -1.317632e+001  1.800000e+001
    endloop
  endfacet
  facet normal  0.000000e+000  -0.000000e+000 -1.000000e+000
    outer loop
      vertex -4.680629e+001 -1.317632e+001  1.800000e+001
      vertex  3.577857e+001 -1.343792e+001  1.800000e+001
      vertex -4.721334e+001 -1.343792e+001  1.800000e+001
    endloop
  endfacet
  facet normal  0.000000e+000  0.000000e+000 -9.999999e-001
    outer loop
      vertex  3.577857e+001 -1.343792e+001  1.800000e+001
      vertex  3.624284e+001 -1.357424e+001  1.800000e+001
      vertex -4.721334e+001 -1.343792e+001  1.800000e+001
    endloop
  endfacet
  facet normal  0.000000e+000  -0.000000e+000 -1.000000e+000
    outer loop
      vertex -4.721334e+001 -1.343792e+001  1.800000e+001
      vertex  3.624284e+001 -1.357424e+001  1.800000e+001
      vertex -4.767762e+001 -1.357424e+001  1.800000e+001
    endloop
  endfacet
  facet normal  0.000000e+000  0.000000e+000 -1.000000e+000
    outer loop
      vertex  3.624284e+001 -4.461285e+001  1.800000e+001
      vertex  3.577857e+001 -4.474917e+001  1.800000e+001
      vertex -4.767762e+001 -4.461285e+001  1.800000e+001
    endloop
  endfacet
  facet normal  0.000000e+000  0.000000e+000 -9.999999e-001
    outer loop
      vertex -4.767762e+001 -4.461285e+001  1.800000e+001
      vertex  3.577857e+001 -4.474917e+001  1.800000e+001
      vertex -4.721334e+001 -4.474917e+001  1.800000e+001
    endloop
  endfacet
  facet normal  0.000000e+000  0.000000e+000 -1.000000e+000
    outer loop
      vertex  3.577857e+001 -4.474917e+001  1.800000e+001
      vertex  3.537151e+001 -4.501077e+001  1.800000e+001
      vertex -4.721334e+001 -4.474917e+001  1.800000e+001
    endloop
  endfacet
  facet normal  0.000000e+000  0.000000e+000 -1.000000e+000
    outer loop
      vertex -4.721334e+001 -4.474917e+001  1.800000e+001
      vertex  3.537151e+001 -4.501077e+001  1.800000e+001
      vertex -4.680629e+001 -4.501077e+001  1.800000e+001
    endloop
  endfacet
  facet normal  0.000000e+000  -0.000000e+000 -9.999999e-001
    outer loop
      vertex -4.680629e+001 -4.758032e+001  1.800000e+001
      vertex -4.648942e+001 -4.721463e+001  1.800000e+001
      vertex -4.521664e+001 -4.759719e+001  1.800000e+001
    endloop
  endfacet
  facet normal  0.000000e+000  0.000000e+000 -1.000000e+000
    outer loop
      vertex -4.521664e+001 -4.759719e+001  1.800000e+001
      vertex -4.648942e+001 -4.721463e+001  1.800000e+001
      vertex -4.628841e+001 -4.677449e+001  1.800000e+001
    endloop
  endfacet
  facet normal  0.000000e+000  0.000000e+000 -1.000000e+000
    outer loop
      vertex -4.521664e+001 -4.759719e+001  1.800000e+001
      vertex -4.628841e+001 -4.677449e+001  1.800000e+001
      vertex -4.499477e+001 -4.696311e+001  1.800000e+001
    endloop
  endfacet
  facet normal  0.000000e+000  0.000000e+000 -1.000000e+000
    outer loop
      vertex -4.499477e+001 -4.696311e+001  1.800000e+001
      vertex -4.628841e+001 -4.677449e+001  1.800000e+001
      vertex -4.621955e+001 -4.629554e+001  1.800000e+001
    endloop
  endfacet
  facet normal  0.000000e+000  0.000000e+000 -9.999999e-001
    outer loop
      vertex -4.499477e+001 -4.696311e+001  1.800000e+001
      vertex -4.621955e+001 -4.629554e+001  1.800000e+001
      vertex -4.491955e+001 -4.629554e+001  1.800000e+001
    endloop
  endfacet
  facet normal  0.000000e+000  -0.000000e+000 -1.000000e+000
    outer loop
      vertex -4.767762e+001 -4.797824e+001  1.800000e+001
      vertex -4.721334e+001 -4.784192e+001  1.800000e+001
      vertex -4.557406e+001 -4.816601e+001  1.800000e+001
    endloop
  endfacet
  facet normal  0.000000e+000  0.000000e+000 -1.000000e+000
    outer loop
      vertex -4.557406e+001 -4.816601e+001  1.800000e+001
      vertex -4.721334e+001 -4.784192e+001  1.800000e+001
      vertex -4.680629e+001 -4.758032e+001  1.800000e+001
    endloop
  endfacet
  facet normal  0.000000e+000  0.000000e+000 -9.999999e-001
    outer loop
      vertex -4.557406e+001 -4.816601e+001  1.800000e+001
      vertex -4.680629e+001 -4.758032e+001  1.800000e+001
      vertex -4.521664e+001 -4.759719e+001  1.800000e+001
    endloop
  endfacet
  facet normal  0.000000e+000  0.000000e+000 -9.999999e-001
    outer loop
      vertex  3.537151e+001 -4.758032e+001  1.800000e+001
      vertex  3.378187e+001 -4.759719e+001  1.800000e+001
      vertex  3.505465e+001 -4.721463e+001  1.800000e+001
    endloop
  endfacet
  facet normal  -0.000000e+000  0.000000e+000 -1.000000e+000
    outer loop
      vertex  3.505465e+001 -4.721463e+001  1.800000e+001
      vertex  3.378187e+001 -4.759719e+001  1.800000e+001
      vertex  3.355999e+001 -4.696311e+001  1.800000e+001
    endloop
  endfacet
  facet normal  0.000000e+000  0.000000e+000 -1.000000e+000
    outer loop
      vertex  3.505465e+001 -4.721463e+001  1.800000e+001
      vertex  3.355999e+001 -4.696311e+001  1.800000e+001
      vertex  3.485364e+001 -4.677449e+001  1.800000e+001
    endloop
  endfacet
  facet normal  0.000000e+000  0.000000e+000 -1.000000e+000
    outer loop
      vertex  3.624284e+001 -4.797824e+001  1.800000e+001
      vertex  3.413928e+001 -4.816601e+001  1.800000e+001
      vertex  3.577857e+001 -4.784192e+001  1.800000e+001
    endloop
  endfacet
  facet normal  -0.000000e+000  0.000000e+000 -1.000000e+000
    outer loop
      vertex  3.577857e+001 -4.784192e+001  1.800000e+001
      vertex  3.413928e+001 -4.816601e+001  1.800000e+001
      vertex  3.378187e+001 -4.759719e+001  1.800000e+001
    endloop
  endfacet
  facet normal  0.000000e+000  0.000000e+000 -9.999999e-001
    outer loop
      vertex  3.577857e+001 -4.784192e+001  1.800000e+001
      vertex  3.378187e+001 -4.759719e+001  1.800000e+001
      vertex  3.537151e+001 -4.758032e+001  1.800000e+001
    endloop
  endfacet
  facet normal  0.000000e+000  0.000000e+000 -1.000000e+000
    outer loop
      vertex  3.811591e+001 -1.141260e+001  1.800000e+001
      vertex  3.791491e+001 -1.097246e+001  1.800000e+001
      vertex  3.940956e+001 -1.122398e+001  1.800000e+001
    endloop
  endfacet
  facet normal  0.000000e+000  0.000000e+000 -1.000000e+000
    outer loop
      vertex  3.940956e+001 -1.122398e+001  1.800000e+001
      vertex  3.791491e+001 -1.097246e+001  1.800000e+001
      vertex  3.759804e+001 -1.060677e+001  1.800000e+001
    endloop
  endfacet
  facet normal  0.000000e+000  0.000000e+000 -1.000000e+000
    outer loop
      vertex  3.940956e+001 -1.122398e+001  1.800000e+001
      vertex  3.759804e+001 -1.060677e+001  1.800000e+001
      vertex  3.918768e+001 -1.058989e+001  1.800000e+001
    endloop
  endfacet
  facet normal  0.000000e+000  -0.000000e+000 -1.000000e+000
    outer loop
      vertex  3.759804e+001 -1.317632e+001  1.800000e+001
      vertex  3.791491e+001 -1.281063e+001  1.800000e+001
      vertex  3.918768e+001 -1.319320e+001  1.800000e+001
    endloop
  endfacet
  facet normal  0.000000e+000  0.000000e+000 -1.000000e+000
    outer loop
      vertex  3.918768e+001 -1.319320e+001  1.800000e+001
      vertex  3.791491e+001 -1.281063e+001  1.800000e+001
      vertex  3.811591e+001 -1.237049e+001  1.800000e+001
    endloop
  endfacet
  facet normal  0.000000e+000  0.000000e+000 -1.000000e+000
    outer loop
      vertex  3.918768e+001 -1.319320e+001  1.800000e+001
      vertex  3.811591e+001 -1.237049e+001  1.800000e+001
      vertex  3.940956e+001 -1.255911e+001  1.800000e+001
    endloop
  endfacet
  facet normal  0.000000e+000  0.000000e+000 -1.000000e+000
    outer loop
      vertex  3.940956e+001 -1.255911e+001  1.800000e+001
      vertex  3.811591e+001 -1.237049e+001  1.800000e+001
      vertex  3.818478e+001 -1.189154e+001  1.800000e+001
    endloop
  endfacet
  facet normal  0.000000e+000  0.000000e+000 -9.999999e-001
    outer loop
      vertex  3.940956e+001 -1.255911e+001  1.800000e+001
      vertex  3.818478e+001 -1.189154e+001  1.800000e+001
      vertex  3.948478e+001 -1.189154e+001  1.800000e+001
    endloop
  endfacet
  facet normal  0.000000e+000  0.000000e+000 -1.000000e+000
    outer loop
      vertex  3.948478e+001 -1.189154e+001  1.800000e+001
      vertex  3.818478e+001 -1.189154e+001  1.800000e+001
      vertex  3.811591e+001 -1.141260e+001  1.800000e+001
    endloop
  endfacet
  facet normal  0.000000e+000  0.000000e+000 -9.999999e-001
    outer loop
      vertex  3.948478e+001 -1.189154e+001  1.800000e+001
      vertex  3.811591e+001 -1.141260e+001  1.800000e+001
      vertex  3.940956e+001 -1.122398e+001  1.800000e+001
    endloop
  endfacet
  facet normal  0.000000e+000  -0.000000e+000 -9.999999e-001
    outer loop
      vertex  3.672671e+001 -1.357424e+001  1.800000e+001
      vertex  3.719098e+001 -1.343792e+001  1.800000e+001
      vertex  3.883027e+001 -1.376201e+001  1.800000e+001
    endloop
  endfacet
  facet normal  0.000000e+000  0.000000e+000 -1.000000e+000
    outer loop
      vertex  3.883027e+001 -1.376201e+001  1.800000e+001
      vertex  3.719098e+001 -1.343792e+001  1.800000e+001
      vertex  3.759804e+001 -1.317632e+001  1.800000e+001
    endloop
  endfacet
  facet normal  0.000000e+000  0.000000e+000 -1.000000e+000
    outer loop
      vertex  3.883027e+001 -1.376201e+001  1.800000e+001
      vertex  3.759804e+001 -1.317632e+001  1.800000e+001
      vertex  3.918768e+001 -1.319320e+001  1.800000e+001
    endloop
  endfacet
  facet normal -2.817339e-001  9.594926e-001  0.000000e+000
    outer loop
      vertex  3.672671e+001 -4.797824e+001  1.800000e+001
      vertex  3.719098e+001 -4.784192e+001  2.100000e+001
      vertex  3.719098e+001 -4.784192e+001  1.800000e+001
    endloop
  endfacet
  facet normal -5.406405e-001  8.412538e-001  0.000000e+000
    outer loop
      vertex  3.719098e+001 -4.784192e+001  1.800000e+001
      vertex  3.719098e+001 -4.784192e+001  2.100000e+001
      vertex  3.759804e+001 -4.758032e+001  2.100000e+001
    endloop
  endfacet
  facet normal -5.406405e-001  8.412538e-001  0.000000e+000
    outer loop
      vertex  3.719098e+001 -4.784192e+001  1.800000e+001
      vertex  3.759804e+001 -4.758032e+001  2.100000e+001
      vertex  3.759804e+001 -4.758032e+001  1.800000e+001
    endloop
  endfacet
  facet normal -7.557491e-001  6.548612e-001  0.000000e+000
    outer loop
      vertex  3.759804e+001 -4.758032e+001  1.800000e+001
      vertex  3.759804e+001 -4.758032e+001  2.100000e+001
      vertex  3.791491e+001 -4.721463e+001  2.100000e+001
    endloop
  endfacet
  facet normal -7.557491e-001  6.548612e-001  0.000000e+000
    outer loop
      vertex  3.759804e+001 -4.758032e+001  1.800000e+001
      vertex  3.791491e+001 -4.721463e+001  2.100000e+001
      vertex  3.791491e+001 -4.721463e+001  1.800000e+001
    endloop
  endfacet
  facet normal -9.096312e-001  4.154167e-001  0.000000e+000
    outer loop
      vertex  3.791491e+001 -4.721463e+001  1.800000e+001
      vertex  3.791491e+001 -4.721463e+001  2.100000e+001
      vertex  3.811591e+001 -4.677449e+001  2.100000e+001
    endloop
  endfacet
  facet normal -9.096312e-001  4.154167e-001  0.000000e+000
    outer loop
      vertex  3.791491e+001 -4.721463e+001  1.800000e+001
      vertex  3.811591e+001 -4.677449e+001  2.100000e+001
      vertex  3.811591e+001 -4.677449e+001  1.800000e+001
    endloop
  endfacet
  facet normal -9.898212e-001  1.423164e-001  0.000000e+000
    outer loop
      vertex  3.811591e+001 -4.677449e+001  1.800000e+001
      vertex  3.811591e+001 -4.677449e+001  2.100000e+001
      vertex  3.818478e+001 -4.629554e+001  2.100000e+001
    endloop
  endfacet
  facet normal -9.898212e-001  1.423164e-001  0.000000e+000
    outer loop
      vertex  3.811591e+001 -4.677449e+001  1.800000e+001
      vertex  3.818478e+001 -4.629554e+001  2.100000e+001
      vertex  3.818478e+001 -4.629554e+001  1.800000e+001
    endloop
  endfacet
  facet normal -2.817339e-001  9.594926e-001  0.000000e+000
    outer loop
      vertex  3.719098e+001 -4.784192e+001  2.100000e+001
      vertex  3.672671e+001 -4.797824e+001  1.800000e+001
      vertex  3.672671e+001 -4.797824e+001  2.100000e+001
    endloop
  endfacet
  facet normal  0.000000e+000  1.000000e+000  0.000000e+000
    outer loop
      vertex  3.672671e+001 -4.797824e+001  2.100000e+001
      vertex  3.672671e+001 -4.797824e+001  1.800000e+001
      vertex  3.624284e+001 -4.797824e+001  1.800000e+001
    endloop
  endfacet
  facet normal  0.000000e+000  1.000000e+000  0.000000e+000
    outer loop
      vertex  3.672671e+001 -4.797824e+001  2.100000e+001
      vertex  3.624284e+001 -4.797824e+001  1.800000e+001
      vertex  3.624284e+001 -4.797824e+001  2.100000e+001
    endloop
  endfacet
  facet normal  2.817318e-001  9.594932e-001  0.000000e+000
    outer loop
      vertex  3.624284e+001 -4.797824e+001  2.100000e+001
      vertex  3.624284e+001 -4.797824e+001  1.800000e+001
      vertex  3.577857e+001 -4.784192e+001  1.800000e+001
    endloop
  endfacet
  facet normal  2.817318e-001  9.594932e-001  -0.000000e+000
    outer loop
      vertex  3.624284e+001 -4.797824e+001  2.100000e+001
      vertex  3.577857e+001 -4.784192e+001  1.800000e+001
      vertex  3.577857e+001 -4.784192e+001  2.100000e+001
    endloop
  endfacet
  facet normal  5.406440e-001  8.412515e-001  0.000000e+000
    outer loop
      vertex  3.577857e+001 -4.784192e+001  2.100000e+001
      vertex  3.577857e+001 -4.784192e+001  1.800000e+001
      vertex  3.537151e+001 -4.758032e+001  1.800000e+001
    endloop
  endfacet
  facet normal  5.406440e-001  8.412515e-001  -0.000000e+000
    outer loop
      vertex  3.577857e+001 -4.784192e+001  2.100000e+001
      vertex  3.537151e+001 -4.758032e+001  1.800000e+001
      vertex  3.537151e+001 -4.758032e+001  2.100000e+001
    endloop
  endfacet
  facet normal  7.557491e-001  6.548612e-001  0.000000e+000
    outer loop
      vertex  3.537151e+001 -4.758032e+001  2.100000e+001
      vertex  3.537151e+001 -4.758032e+001  1.800000e+001
      vertex  3.505465e+001 -4.721463e+001  1.800000e+001
    endloop
  endfacet
  facet normal  7.557491e-001  6.548612e-001  -0.000000e+000
    outer loop
      vertex  3.537151e+001 -4.758032e+001  2.100000e+001
      vertex  3.505465e+001 -4.721463e+001  1.800000e+001
      vertex  3.505465e+001 -4.721463e+001  2.100000e+001
    endloop
  endfacet
  facet normal  9.096312e-001  4.154167e-001  0.000000e+000
    outer loop
      vertex  3.505465e+001 -4.721463e+001  2.100000e+001
      vertex  3.505465e+001 -4.721463e+001  1.800000e+001
      vertex  3.485364e+001 -4.677449e+001  1.800000e+001
    endloop
  endfacet
  facet normal  9.096312e-001  4.154167e-001  -0.000000e+000
    outer loop
      vertex  3.505465e+001 -4.721463e+001  2.100000e+001
      vertex  3.485364e+001 -4.677449e+001  1.800000e+001
      vertex  3.485364e+001 -4.677449e+001  2.100000e+001
    endloop
  endfacet
  facet normal  9.898212e-001  1.423164e-001  0.000000e+000
    outer loop
      vertex  3.485364e+001 -4.677449e+001  2.100000e+001
      vertex  3.485364e+001 -4.677449e+001  1.800000e+001
      vertex  3.478477e+001 -4.629554e+001  1.800000e+001
    endloop
  endfacet
  facet normal  9.898212e-001  1.423164e-001  -0.000000e+000
    outer loop
      vertex  3.485364e+001 -4.677449e+001  2.100000e+001
      vertex  3.478477e+001 -4.629554e+001  1.800000e+001
      vertex  3.478477e+001 -4.629554e+001  2.100000e+001
    endloop
  endfacet
  facet normal  2.817318e-001 -9.594932e-001  0.000000e+000
    outer loop
      vertex  3.624284e+001 -4.461285e+001  1.800000e+001
      vertex  3.577857e+001 -4.474917e+001  2.100000e+001
      vertex  3.577857e+001 -4.474917e+001  1.800000e+001
    endloop
  endfacet
  facet normal  5.406440e-001 -8.412515e-001  0.000000e+000
    outer loop
      vertex  3.577857e+001 -4.474917e+001  1.800000e+001
      vertex  3.577857e+001 -4.474917e+001  2.100000e+001
      vertex  3.537151e+001 -4.501077e+001  2.100000e+001
    endloop
  endfacet
  facet normal  5.406440e-001 -8.412515e-001  0.000000e+000
    outer loop
      vertex  3.577857e+001 -4.474917e+001  1.800000e+001
      vertex  3.537151e+001 -4.501077e+001  2.100000e+001
      vertex  3.537151e+001 -4.501077e+001  1.800000e+001
    endloop
  endfacet
  facet normal  7.557491e-001 -6.548612e-001  0.000000e+000
    outer loop
      vertex  3.537151e+001 -4.501077e+001  1.800000e+001
      vertex  3.537151e+001 -4.501077e+001  2.100000e+001
      vertex  3.505465e+001 -4.537645e+001  2.100000e+001
    endloop
  endfacet
  facet normal  7.557491e-001 -6.548612e-001  0.000000e+000
    outer loop
      vertex  3.537151e+001 -4.501077e+001  1.800000e+001
      vertex  3.505465e+001 -4.537645e+001  2.100000e+001
      vertex  3.505465e+001 -4.537645e+001  1.800000e+001
    endloop
  endfacet
  facet normal  9.096312e-001 -4.154167e-001  0.000000e+000
    outer loop
      vertex  3.505465e+001 -4.537645e+001  1.800000e+001
      vertex  3.505465e+001 -4.537645e+001  2.100000e+001
      vertex  3.485364e+001 -4.581660e+001  2.100000e+001
    endloop
  endfacet
  facet normal  9.096312e-001 -4.154167e-001  0.000000e+000
    outer loop
      vertex  3.505465e+001 -4.537645e+001  1.800000e+001
      vertex  3.485364e+001 -4.581660e+001  2.100000e+001
      vertex  3.485364e+001 -4.581660e+001  1.800000e+001
    endloop
  endfacet
  facet normal  9.898212e-001 -1.423164e-001  0.000000e+000
    outer loop
      vertex  3.485364e+001 -4.581660e+001  1.800000e+001
      vertex  3.485364e+001 -4.581660e+001  2.100000e+001
      vertex  3.478477e+001 -4.629554e+001  2.100000e+001
    endloop
  endfacet
  facet normal  9.898212e-001 -1.423164e-001  0.000000e+000
    outer loop
      vertex  3.485364e+001 -4.581660e+001  1.800000e+001
      vertex  3.478477e+001 -4.629554e+001  2.100000e+001
      vertex  3.478477e+001 -4.629554e+001  1.800000e+001
    endloop
  endfacet
  facet normal  2.817318e-001 -9.594932e-001  0.000000e+000
    outer loop
      vertex  3.577857e+001 -4.474917e+001  2.100000e+001
      vertex  3.624284e+001 -4.461285e+001  1.800000e+001
      vertex  3.624284e+001 -4.461285e+001  2.100000e+001
    endloop
  endfacet
  facet normal  0.000000e+000 -1.000000e+000  0.000000e+000
    outer loop
      vertex  3.624284e+001 -4.461285e+001  2.100000e+001
      vertex  3.624284e+001 -4.461285e+001  1.800000e+001
      vertex  3.672671e+001 -4.461285e+001  1.800000e+001
    endloop
  endfacet
  facet normal  0.000000e+000 -1.000000e+000  0.000000e+000
    outer loop
      vertex  3.624284e+001 -4.461285e+001  2.100000e+001
      vertex  3.672671e+001 -4.461285e+001  1.800000e+001
      vertex  3.672671e+001 -4.461285e+001  2.100000e+001
    endloop
  endfacet
  facet normal -2.817339e-001 -9.594926e-001  -0.000000e+000
    outer loop
      vertex  3.672671e+001 -4.461285e+001  2.100000e+001
      vertex  3.672671e+001 -4.461285e+001  1.800000e+001
      vertex  3.719098e+001 -4.474917e+001  1.800000e+001
    endloop
  endfacet
  facet normal -2.817339e-001 -9.594926e-001  0.000000e+000
    outer loop
      vertex  3.672671e+001 -4.461285e+001  2.100000e+001
      vertex  3.719098e+001 -4.474917e+001  1.800000e+001
      vertex  3.719098e+001 -4.474917e+001  2.100000e+001
    endloop
  endfacet
  facet normal -5.406405e-001 -8.412538e-001  -0.000000e+000
    outer loop
      vertex  3.719098e+001 -4.474917e+001  2.100000e+001
      vertex  3.719098e+001 -4.474917e+001  1.800000e+001
      vertex  3.759804e+001 -4.501077e+001  1.800000e+001
    endloop
  endfacet
  facet normal -5.406405e-001 -8.412538e-001  0.000000e+000
    outer loop
      vertex  3.719098e+001 -4.474917e+001  2.100000e+001
      vertex  3.759804e+001 -4.501077e+001  1.800000e+001
      vertex  3.759804e+001 -4.501077e+001  2.100000e+001
    endloop
  endfacet
  facet normal -7.557491e-001 -6.548612e-001  -0.000000e+000
    outer loop
      vertex  3.759804e+001 -4.501077e+001  2.100000e+001
      vertex  3.759804e+001 -4.501077e+001  1.800000e+001
      vertex  3.791491e+001 -4.537645e+001  1.800000e+001
    endloop
  endfacet
  facet normal -7.557491e-001 -6.548612e-001  0.000000e+000
    outer loop
      vertex  3.759804e+001 -4.501077e+001  2.100000e+001
      vertex  3.791491e+001 -4.537645e+001  1.800000e+001
      vertex  3.791491e+001 -4.537645e+001  2.100000e+001
    endloop
  endfacet
  facet normal -9.096312e-001 -4.154167e-001  -0.000000e+000
    outer loop
      vertex  3.791491e+001 -4.537645e+001  2.100000e+001
      vertex  3.791491e+001 -4.537645e+001  1.800000e+001
      vertex  3.811591e+001 -4.581660e+001  1.800000e+001
    endloop
  endfacet
  facet normal -9.096312e-001 -4.154167e-001  0.000000e+000
    outer loop
      vertex  3.791491e+001 -4.537645e+001  2.100000e+001
      vertex  3.811591e+001 -4.581660e+001  1.800000e+001
      vertex  3.811591e+001 -4.581660e+001  2.100000e+001
    endloop
  endfacet
  facet normal -9.898212e-001 -1.423164e-001  -0.000000e+000
    outer loop
      vertex  3.811591e+001 -4.581660e+001  2.100000e+001
      vertex  3.811591e+001 -4.581660e+001  1.800000e+001
      vertex  3.818478e+001 -4.629554e+001  1.800000e+001
    endloop
  endfacet
  facet normal -9.898212e-001 -1.423164e-001  0.000000e+000
    outer loop
      vertex  3.811591e+001 -4.581660e+001  2.100000e+001
      vertex  3.818478e+001 -4.629554e+001  1.800000e+001
      vertex  3.818478e+001 -4.629554e+001  2.100000e+001
    endloop
  endfacet
  facet normal -2.817318e-001  9.594932e-001  0.000000e+000
    outer loop
      vertex -4.767762e+001 -1.357424e+001  1.800000e+001
      vertex -4.721334e+001 -1.343792e+001  2.100000e+001
      vertex -4.721334e+001 -1.343792e+001  1.800000e+001
    endloop
  endfacet
  facet normal -5.406440e-001  8.412515e-001  0.000000e+000
    outer loop
      vertex -4.721334e+001 -1.343792e+001  1.800000e+001
      vertex -4.721334e+001 -1.343792e+001  2.100000e+001
      vertex -4.680629e+001 -1.317632e+001  2.100000e+001
    endloop
  endfacet
  facet normal -5.406440e-001  8.412515e-001  0.000000e+000
    outer loop
      vertex -4.721334e+001 -1.343792e+001  1.800000e+001
      vertex -4.680629e+001 -1.317632e+001  2.100000e+001
      vertex -4.680629e+001 -1.317632e+001  1.800000e+001
    endloop
  endfacet
  facet normal -7.557491e-001  6.548612e-001  0.000000e+000
    outer loop
      vertex -4.680629e+001 -1.317632e+001  1.800000e+001
      vertex -4.680629e+001 -1.317632e+001  2.100000e+001
      vertex -4.648942e+001 -1.281063e+001  2.100000e+001
    endloop
  endfacet
  facet normal -7.557491e-001  6.548612e-001  0.000000e+000
    outer loop
      vertex -4.680629e+001 -1.317632e+001  1.800000e+001
      vertex -4.648942e+001 -1.281063e+001  2.100000e+001
      vertex -4.648942e+001 -1.281063e+001  1.800000e+001
    endloop
  endfacet
  facet normal -9.096316e-001  4.154160e-001  0.000000e+000
    outer loop
      vertex -4.648942e+001 -1.281063e+001  1.800000e+001
      vertex -4.648942e+001 -1.281063e+001  2.100000e+001
      vertex -4.628841e+001 -1.237049e+001  2.100000e+001
    endloop
  endfacet
  facet normal -9.096316e-001  4.154160e-001  0.000000e+000
    outer loop
      vertex -4.648942e+001 -1.281063e+001  1.800000e+001
      vertex -4.628841e+001 -1.237049e+001  2.100000e+001
      vertex -4.628841e+001 -1.237049e+001  1.800000e+001
    endloop
  endfacet
  facet normal -9.898211e-001  1.423170e-001  0.000000e+000
    outer loop
      vertex -4.628841e+001 -1.237049e+001  1.800000e+001
      vertex -4.628841e+001 -1.237049e+001  2.100000e+001
      vertex -4.621955e+001 -1.189154e+001  2.100000e+001
    endloop
  endfacet
  facet normal -9.898211e-001  1.423170e-001  0.000000e+000
    outer loop
      vertex -4.628841e+001 -1.237049e+001  1.800000e+001
      vertex -4.621955e+001 -1.189154e+001  2.100000e+001
      vertex -4.621955e+001 -1.189154e+001  1.800000e+001
    endloop
  endfacet
  facet normal -2.817318e-001  9.594932e-001  0.000000e+000
    outer loop
      vertex -4.721334e+001 -1.343792e+001  2.100000e+001
      vertex -4.767762e+001 -1.357424e+001  1.800000e+001
      vertex -4.767762e+001 -1.357424e+001  2.100000e+001
    endloop
  endfacet
  facet normal  0.000000e+000  1.000000e+000  0.000000e+000
    outer loop
      vertex -4.767762e+001 -1.357424e+001  2.100000e+001
      vertex -4.767762e+001 -1.357424e+001  1.800000e+001
      vertex -4.816149e+001 -1.357424e+001  1.800000e+001
    endloop
  endfacet
  facet normal  0.000000e+000  1.000000e+000  0.000000e+000
    outer loop
      vertex -4.767762e+001 -1.357424e+001  2.100000e+001
      vertex -4.816149e+001 -1.357424e+001  1.800000e+001
      vertex -4.816149e+001 -1.357424e+001  2.100000e+001
    endloop
  endfacet
  facet normal  2.817339e-001  9.594926e-001  0.000000e+000
    outer loop
      vertex -4.816149e+001 -1.357424e+001  2.100000e+001
      vertex -4.816149e+001 -1.357424e+001  1.800000e+001
      vertex -4.862576e+001 -1.343792e+001  1.800000e+001
    endloop
  endfacet
  facet normal  2.817339e-001  9.594926e-001  -0.000000e+000
    outer loop
      vertex -4.816149e+001 -1.357424e+001  2.100000e+001
      vertex -4.862576e+001 -1.343792e+001  1.800000e+001
      vertex -4.862576e+001 -1.343792e+001  2.100000e+001
    endloop
  endfacet
  facet normal  5.406405e-001  8.412538e-001  0.000000e+000
    outer loop
      vertex -4.862576e+001 -1.343792e+001  2.100000e+001
      vertex -4.862576e+001 -1.343792e+001  1.800000e+001
      vertex -4.903281e+001 -1.317632e+001  1.800000e+001
    endloop
  endfacet
  facet normal  5.406405e-001  8.412538e-001  -0.000000e+000
    outer loop
      vertex -4.862576e+001 -1.343792e+001  2.100000e+001
      vertex -4.903281e+001 -1.317632e+001  1.800000e+001
      vertex -4.903281e+001 -1.317632e+001  2.100000e+001
    endloop
  endfacet
  facet normal  7.557491e-001  6.548612e-001  0.000000e+000
    outer loop
      vertex -4.903281e+001 -1.317632e+001  2.100000e+001
      vertex -4.903281e+001 -1.317632e+001  1.800000e+001
      vertex -4.934968e+001 -1.281063e+001  1.800000e+001
    endloop
  endfacet
  facet normal  7.557491e-001  6.548612e-001  -0.000000e+000
    outer loop
      vertex -4.903281e+001 -1.317632e+001  2.100000e+001
      vertex -4.934968e+001 -1.281063e+001  1.800000e+001
      vertex -4.934968e+001 -1.281063e+001  2.100000e+001
    endloop
  endfacet
  facet normal  9.096316e-001  4.154160e-001  0.000000e+000
    outer loop
      vertex -4.934968e+001 -1.281063e+001  2.100000e+001
      vertex -4.934968e+001 -1.281063e+001  1.800000e+001
      vertex -4.955069e+001 -1.237049e+001  1.800000e+001
    endloop
  endfacet
  facet normal  9.096316e-001  4.154160e-001  -0.000000e+000
    outer loop
      vertex -4.934968e+001 -1.281063e+001  2.100000e+001
      vertex -4.955069e+001 -1.237049e+001  1.800000e+001
      vertex -4.955069e+001 -1.237049e+001  2.100000e+001
    endloop
  endfacet
  facet normal  9.898211e-001  1.423170e-001  0.000000e+000
    outer loop
      vertex -4.955069e+001 -1.237049e+001  2.100000e+001
      vertex -4.955069e+001 -1.237049e+001  1.800000e+001
      vertex -4.961955e+001 -1.189154e+001  1.800000e+001
    endloop
  endfacet
  facet normal  9.898211e-001  1.423170e-001  -0.000000e+000
    outer loop
      vertex -4.955069e+001 -1.237049e+001  2.100000e+001
      vertex -4.961955e+001 -1.189154e+001  1.800000e+001
      vertex -4.961955e+001 -1.189154e+001  2.100000e+001
    endloop
  endfacet
  facet normal  2.817339e-001 -9.594926e-001  0.000000e+000
    outer loop
      vertex -4.816149e+001 -1.020885e+001  1.800000e+001
      vertex -4.862576e+001 -1.034517e+001  2.100000e+001
      vertex -4.862576e+001 -1.034517e+001  1.800000e+001
    endloop
  endfacet
  facet normal  5.406390e-001 -8.412547e-001  0.000000e+000
    outer loop
      vertex -4.862576e+001 -1.034517e+001  1.800000e+001
      vertex -4.862576e+001 -1.034517e+001  2.100000e+001
      vertex -4.903281e+001 -1.060677e+001  2.100000e+001
    endloop
  endfacet
  facet normal  5.406390e-001 -8.412547e-001  0.000000e+000
    outer loop
      vertex -4.862576e+001 -1.034517e+001  1.800000e+001
      vertex -4.903281e+001 -1.060677e+001  2.100000e+001
      vertex -4.903281e+001 -1.060677e+001  1.800000e+001
    endloop
  endfacet
  facet normal  7.557500e-001 -6.548602e-001  0.000000e+000
    outer loop
      vertex -4.903281e+001 -1.060677e+001  1.800000e+001
      vertex -4.903281e+001 -1.060677e+001  2.100000e+001
      vertex -4.934968e+001 -1.097246e+001  2.100000e+001
    endloop
  endfacet
  facet normal  7.557500e-001 -6.548602e-001  0.000000e+000
    outer loop
      vertex -4.903281e+001 -1.060677e+001  1.800000e+001
      vertex -4.934968e+001 -1.097246e+001  2.100000e+001
      vertex -4.934968e+001 -1.097246e+001  1.800000e+001
    endloop
  endfacet
  facet normal  9.096312e-001 -4.154167e-001  0.000000e+000
    outer loop
      vertex -4.934968e+001 -1.097246e+001  1.800000e+001
      vertex -4.934968e+001 -1.097246e+001  2.100000e+001
      vertex -4.955069e+001 -1.141260e+001  2.100000e+001
    endloop
  endfacet
  facet normal  9.096312e-001 -4.154167e-001  0.000000e+000
    outer loop
      vertex -4.934968e+001 -1.097246e+001  1.800000e+001
      vertex -4.955069e+001 -1.141260e+001  2.100000e+001
      vertex -4.955069e+001 -1.141260e+001  1.800000e+001
    endloop
  endfacet
  facet normal  9.898212e-001 -1.423167e-001  0.000000e+000
    outer loop
      vertex -4.955069e+001 -1.141260e+001  1.800000e+001
      vertex -4.955069e+001 -1.141260e+001  2.100000e+001
      vertex -4.961955e+001 -1.189154e+001  2.100000e+001
    endloop
  endfacet
  facet normal  9.898212e-001 -1.423167e-001  0.000000e+000
    outer loop
      vertex -4.955069e+001 -1.141260e+001  1.800000e+001
      vertex -4.961955e+001 -1.189154e+001  2.100000e+001
      vertex -4.961955e+001 -1.189154e+001  1.800000e+001
    endloop
  endfacet
  facet normal  2.817339e-001 -9.594926e-001  0.000000e+000
    outer loop
      vertex -4.862576e+001 -1.034517e+001  2.100000e+001
      vertex -4.816149e+001 -1.020885e+001  1.800000e+001
      vertex -4.816149e+001 -1.020885e+001  2.100000e+001
    endloop
  endfacet
  facet normal  0.000000e+000 -1.000000e+000  0.000000e+000
    outer loop
      vertex -4.816149e+001 -1.020885e+001  2.100000e+001
      vertex -4.816149e+001 -1.020885e+001  1.800000e+001
      vertex -4.767762e+001 -1.020885e+001  1.800000e+001
    endloop
  endfacet
  facet normal  0.000000e+000 -1.000000e+000  0.000000e+000
    outer loop
      vertex -4.816149e+001 -1.020885e+001  2.100000e+001
      vertex -4.767762e+001 -1.020885e+001  1.800000e+001
      vertex -4.767762e+001 -1.020885e+001  2.100000e+001
    endloop
  endfacet
  facet normal -2.817318e-001 -9.594932e-001  -0.000000e+000
    outer loop
      vertex -4.767762e+001 -1.020885e+001  2.100000e+001
      vertex -4.767762e+001 -1.020885e+001  1.800000e+001
      vertex -4.721334e+001 -1.034517e+001  1.800000e+001
    endloop
  endfacet
  facet normal -2.817318e-001 -9.594932e-001  0.000000e+000
    outer loop
      vertex -4.767762e+001 -1.020885e+001  2.100000e+001
      vertex -4.721334e+001 -1.034517e+001  1.800000e+001
      vertex -4.721334e+001 -1.034517e+001  2.100000e+001
    endloop
  endfacet
  facet normal -5.406426e-001 -8.412523e-001  -0.000000e+000
    outer loop
      vertex -4.721334e+001 -1.034517e+001  2.100000e+001
      vertex -4.721334e+001 -1.034517e+001  1.800000e+001
      vertex -4.680629e+001 -1.060677e+001  1.800000e+001
    endloop
  endfacet
  facet normal -5.406426e-001 -8.412523e-001  0.000000e+000
    outer loop
      vertex -4.721334e+001 -1.034517e+001  2.100000e+001
      vertex -4.680629e+001 -1.060677e+001  1.800000e+001
      vertex -4.680629e+001 -1.060677e+001  2.100000e+001
    endloop
  endfacet
  facet normal -7.557500e-001 -6.548602e-001  -0.000000e+000
    outer loop
      vertex -4.680629e+001 -1.060677e+001  2.100000e+001
      vertex -4.680629e+001 -1.060677e+001  1.800000e+001
      vertex -4.648942e+001 -1.097246e+001  1.800000e+001
    endloop
  endfacet
  facet normal -7.557500e-001 -6.548602e-001  0.000000e+000
    outer loop
      vertex -4.680629e+001 -1.060677e+001  2.100000e+001
      vertex -4.648942e+001 -1.097246e+001  1.800000e+001
      vertex -4.648942e+001 -1.097246e+001  2.100000e+001
    endloop
  endfacet
  facet normal -9.096312e-001 -4.154167e-001  -0.000000e+000
    outer loop
      vertex -4.648942e+001 -1.097246e+001  2.100000e+001
      vertex -4.648942e+001 -1.097246e+001  1.800000e+001
      vertex -4.628841e+001 -1.141260e+001  1.800000e+001
    endloop
  endfacet
  facet normal -9.096312e-001 -4.154167e-001  0.000000e+000
    outer loop
      vertex -4.648942e+001 -1.097246e+001  2.100000e+001
      vertex -4.628841e+001 -1.141260e+001  1.800000e+001
      vertex -4.628841e+001 -1.141260e+001  2.100000e+001
    endloop
  endfacet
  facet normal -9.898212e-001 -1.423167e-001  -0.000000e+000
    outer loop
      vertex -4.628841e+001 -1.141260e+001  2.100000e+001
      vertex -4.628841e+001 -1.141260e+001  1.800000e+001
      vertex -4.621955e+001 -1.189154e+001  1.800000e+001
    endloop
  endfacet
  facet normal -9.898212e-001 -1.423167e-001  0.000000e+000
    outer loop
      vertex -4.628841e+001 -1.141260e+001  2.100000e+001
      vertex -4.621955e+001 -1.189154e+001  1.800000e+001
      vertex -4.621955e+001 -1.189154e+001  2.100000e+001
    endloop
  endfacet
  facet normal -2.817339e-001  9.594926e-001  0.000000e+000
    outer loop
      vertex  3.672671e+001 -1.357424e+001  1.800000e+001
      vertex  3.719098e+001 -1.343792e+001  2.100000e+001
      vertex  3.719098e+001 -1.343792e+001  1.800000e+001
    endloop
  endfacet
  facet normal -5.406405e-001  8.412538e-001  0.000000e+000
    outer loop
      vertex  3.719098e+001 -1.343792e+001  1.800000e+001
      vertex  3.719098e+001 -1.343792e+001  2.100000e+001
      vertex  3.759804e+001 -1.317632e+001  2.100000e+001
    endloop
  endfacet
  facet normal -5.406405e-001  8.412538e-001  0.000000e+000
    outer loop
      vertex  3.719098e+001 -1.343792e+001  1.800000e+001
      vertex  3.759804e+001 -1.317632e+001  2.100000e+001
      vertex  3.759804e+001 -1.317632e+001  1.800000e+001
    endloop
  endfacet
  facet normal -7.557491e-001  6.548612e-001  0.000000e+000
    outer loop
      vertex  3.759804e+001 -1.317632e+001  1.800000e+001
      vertex  3.759804e+001 -1.317632e+001  2.100000e+001
      vertex  3.791491e+001 -1.281063e+001  2.100000e+001
    endloop
  endfacet
  facet normal -7.557491e-001  6.548612e-001  0.000000e+000
    outer loop
      vertex  3.759804e+001 -1.317632e+001  1.800000e+001
      vertex  3.791491e+001 -1.281063e+001  2.100000e+001
      vertex  3.791491e+001 -1.281063e+001  1.800000e+001
    endloop
  endfacet
  facet normal -9.096316e-001  4.154160e-001  0.000000e+000
    outer loop
      vertex  3.791491e+001 -1.281063e+001  1.800000e+001
      vertex  3.791491e+001 -1.281063e+001  2.100000e+001
      vertex  3.811591e+001 -1.237049e+001  2.100000e+001
    endloop
  endfacet
  facet normal -9.096316e-001  4.154160e-001  0.000000e+000
    outer loop
      vertex  3.791491e+001 -1.281063e+001  1.800000e+001
      vertex  3.811591e+001 -1.237049e+001  2.100000e+001
      vertex  3.811591e+001 -1.237049e+001  1.800000e+001
    endloop
  endfacet
  facet normal -9.898211e-001  1.423170e-001  0.000000e+000
    outer loop
      vertex  3.811591e+001 -1.237049e+001  1.800000e+001
      vertex  3.811591e+001 -1.237049e+001  2.100000e+001
      vertex  3.818478e+001 -1.189154e+001  2.100000e+001
    endloop
  endfacet
  facet normal -9.898211e-001  1.423170e-001  0.000000e+000
    outer loop
      vertex  3.811591e+001 -1.237049e+001  1.800000e+001
      vertex  3.818478e+001 -1.189154e+001  2.100000e+001
      vertex  3.818478e+001 -1.189154e+001  1.800000e+001
    endloop
  endfacet
  facet normal -2.817339e-001  9.594926e-001  0.000000e+000
    outer loop
      vertex  3.719098e+001 -1.343792e+001  2.100000e+001
      vertex  3.672671e+001 -1.357424e+001  1.800000e+001
      vertex  3.672671e+001 -1.357424e+001  2.100000e+001
    endloop
  endfacet
  facet normal  0.000000e+000  1.000000e+000  0.000000e+000
    outer loop
      vertex  3.672671e+001 -1.357424e+001  2.100000e+001
      vertex  3.672671e+001 -1.357424e+001  1.800000e+001
      vertex  3.624284e+001 -1.357424e+001  1.800000e+001
    endloop
  endfacet
  facet normal  0.000000e+000  1.000000e+000  0.000000e+000
    outer loop
      vertex  3.672671e+001 -1.357424e+001  2.100000e+001
      vertex  3.624284e+001 -1.357424e+001  1.800000e+001
      vertex  3.624284e+001 -1.357424e+001  2.100000e+001
    endloop
  endfacet
  facet normal  2.817318e-001  9.594932e-001  0.000000e+000
    outer loop
      vertex  3.624284e+001 -1.357424e+001  2.100000e+001
      vertex  3.624284e+001 -1.357424e+001  1.800000e+001
      vertex  3.577857e+001 -1.343792e+001  1.800000e+001
    endloop
  endfacet
  facet normal  2.817318e-001  9.594932e-001  -0.000000e+000
    outer loop
      vertex  3.624284e+001 -1.357424e+001  2.100000e+001
      vertex  3.577857e+001 -1.343792e+001  1.800000e+001
      vertex  3.577857e+001 -1.343792e+001  2.100000e+001
    endloop
  endfacet
  facet normal  5.406440e-001  8.412515e-001  0.000000e+000
    outer loop
      vertex  3.577857e+001 -1.343792e+001  2.100000e+001
      vertex  3.577857e+001 -1.343792e+001  1.800000e+001
      vertex  3.537151e+001 -1.317632e+001  1.800000e+001
    endloop
  endfacet
  facet normal  5.406440e-001  8.412515e-001  -0.000000e+000
    outer loop
      vertex  3.577857e+001 -1.343792e+001  2.100000e+001
      vertex  3.537151e+001 -1.317632e+001  1.800000e+001
      vertex  3.537151e+001 -1.317632e+001  2.100000e+001
    endloop
  endfacet
  facet normal  7.557491e-001  6.548612e-001  0.000000e+000
    outer loop
      vertex  3.537151e+001 -1.317632e+001  2.100000e+001
      vertex  3.537151e+001 -1.317632e+001  1.800000e+001
      vertex  3.505465e+001 -1.281063e+001  1.800000e+001
    endloop
  endfacet
  facet normal  7.557491e-001  6.548612e-001  -0.000000e+000
    outer loop
      vertex  3.537151e+001 -1.317632e+001  2.100000e+001
      vertex  3.505465e+001 -1.281063e+001  1.800000e+001
      vertex  3.505465e+001 -1.281063e+001  2.100000e+001
    endloop
  endfacet
  facet normal  9.096316e-001  4.154160e-001  0.000000e+000
    outer loop
      vertex  3.505465e+001 -1.281063e+001  2.100000e+001
      vertex  3.505465e+001 -1.281063e+001  1.800000e+001
      vertex  3.485364e+001 -1.237049e+001  1.800000e+001
    endloop
  endfacet
  facet normal  9.096316e-001  4.154160e-001  -0.000000e+000
    outer loop
      vertex  3.505465e+001 -1.281063e+001  2.100000e+001
      vertex  3.485364e+001 -1.237049e+001  1.800000e+001
      vertex  3.485364e+001 -1.237049e+001  2.100000e+001
    endloop
  endfacet
  facet normal  9.898211e-001  1.423170e-001  0.000000e+000
    outer loop
      vertex  3.485364e+001 -1.237049e+001  2.100000e+001
      vertex  3.485364e+001 -1.237049e+001  1.800000e+001
      vertex  3.478477e+001 -1.189154e+001  1.800000e+001
    endloop
  endfacet
  facet normal  9.898211e-001  1.423170e-001  -0.000000e+000
    outer loop
      vertex  3.485364e+001 -1.237049e+001  2.100000e+001
      vertex  3.478477e+001 -1.189154e+001  1.800000e+001
      vertex  3.478477e+001 -1.189154e+001  2.100000e+001
    endloop
  endfacet
  facet normal  2.817318e-001 -9.594932e-001  0.000000e+000
    outer loop
      vertex  3.624284e+001 -1.020885e+001  1.800000e+001
      vertex  3.577857e+001 -1.034517e+001  2.100000e+001
      vertex  3.577857e+001 -1.034517e+001  1.800000e+001
    endloop
  endfacet
  facet normal  5.406426e-001 -8.412523e-001  0.000000e+000
    outer loop
      vertex  3.577857e+001 -1.034517e+001  1.800000e+001
      vertex  3.577857e+001 -1.034517e+001  2.100000e+001
      vertex  3.537151e+001 -1.060677e+001  2.100000e+001
    endloop
  endfacet
  facet normal  5.406426e-001 -8.412523e-001  0.000000e+000
    outer loop
      vertex  3.577857e+001 -1.034517e+001  1.800000e+001
      vertex  3.537151e+001 -1.060677e+001  2.100000e+001
      vertex  3.537151e+001 -1.060677e+001  1.800000e+001
    endloop
  endfacet
  facet normal  7.557500e-001 -6.548602e-001  0.000000e+000
    outer loop
      vertex  3.537151e+001 -1.060677e+001  1.800000e+001
      vertex  3.537151e+001 -1.060677e+001  2.100000e+001
      vertex  3.505465e+001 -1.097246e+001  2.100000e+001
    endloop
  endfacet
  facet normal  7.557500e-001 -6.548602e-001  0.000000e+000
    outer loop
      vertex  3.537151e+001 -1.060677e+001  1.800000e+001
      vertex  3.505465e+001 -1.097246e+001  2.100000e+001
      vertex  3.505465e+001 -1.097246e+001  1.800000e+001
    endloop
  endfacet
  facet normal  9.096312e-001 -4.154167e-001  0.000000e+000
    outer loop
      vertex  3.505465e+001 -1.097246e+001  1.800000e+001
      vertex  3.505465e+001 -1.097246e+001  2.100000e+001
      vertex  3.485364e+001 -1.141260e+001  2.100000e+001
    endloop
  endfacet
  facet normal  9.096312e-001 -4.154167e-001  0.000000e+000
    outer loop
      vertex  3.505465e+001 -1.097246e+001  1.800000e+001
      vertex  3.485364e+001 -1.141260e+001  2.100000e+001
      vertex  3.485364e+001 -1.141260e+001  1.800000e+001
    endloop
  endfacet
  facet normal  9.898212e-001 -1.423167e-001  0.000000e+000
    outer loop
      vertex  3.485364e+001 -1.141260e+001  1.800000e+001
      vertex  3.485364e+001 -1.141260e+001  2.100000e+001
      vertex  3.478477e+001 -1.189154e+001  2.100000e+001
    endloop
  endfacet
  facet normal  9.898212e-001 -1.423167e-001  0.000000e+000
    outer loop
      vertex  3.485364e+001 -1.141260e+001  1.800000e+001
      vertex  3.478477e+001 -1.189154e+001  2.100000e+001
      vertex  3.478477e+001 -1.189154e+001  1.800000e+001
    endloop
  endfacet
  facet normal  2.817318e-001 -9.594932e-001  0.000000e+000
    outer loop
      vertex  3.577857e+001 -1.034517e+001  2.100000e+001
      vertex  3.624284e+001 -1.020885e+001  1.800000e+001
      vertex  3.624284e+001 -1.020885e+001  2.100000e+001
    endloop
  endfacet
  facet normal  0.000000e+000 -1.000000e+000  0.000000e+000
    outer loop
      vertex  3.624284e+001 -1.020885e+001  2.100000e+001
      vertex  3.624284e+001 -1.020885e+001  1.800000e+001
      vertex  3.672671e+001 -1.020885e+001  1.800000e+001
    endloop
  endfacet
  facet normal  0.000000e+000 -1.000000e+000  0.000000e+000
    outer loop
      vertex  3.624284e+001 -1.020885e+001  2.100000e+001
      vertex  3.672671e+001 -1.020885e+001  1.800000e+001
      vertex  3.672671e+001 -1.020885e+001  2.100000e+001
    endloop
  endfacet
  facet normal -2.817339e-001 -9.594926e-001  -0.000000e+000
    outer loop
      vertex  3.672671e+001 -1.020885e+001  2.100000e+001
      vertex  3.672671e+001 -1.020885e+001  1.800000e+001
      vertex  3.719098e+001 -1.034517e+001  1.800000e+001
    endloop
  endfacet
  facet normal -2.817339e-001 -9.594926e-001  0.000000e+000
    outer loop
      vertex  3.672671e+001 -1.020885e+001  2.100000e+001
      vertex  3.719098e+001 -1.034517e+001  1.800000e+001
      vertex  3.719098e+001 -1.034517e+001  2.100000e+001
    endloop
  endfacet
  facet normal -5.406390e-001 -8.412547e-001  -0.000000e+000
    outer loop
      vertex  3.719098e+001 -1.034517e+001  2.100000e+001
      vertex  3.719098e+001 -1.034517e+001  1.800000e+001
      vertex  3.759804e+001 -1.060677e+001  1.800000e+001
    endloop
  endfacet
  facet normal -5.406390e-001 -8.412547e-001  0.000000e+000
    outer loop
      vertex  3.719098e+001 -1.034517e+001  2.100000e+001
      vertex  3.759804e+001 -1.060677e+001  1.800000e+001
      vertex  3.759804e+001 -1.060677e+001  2.100000e+001
    endloop
  endfacet
  facet normal -7.557500e-001 -6.548602e-001  -0.000000e+000
    outer loop
      vertex  3.759804e+001 -1.060677e+001  2.100000e+001
      vertex  3.759804e+001 -1.060677e+001  1.800000e+001
      vertex  3.791491e+001 -1.097246e+001  1.800000e+001
    endloop
  endfacet
  facet normal -7.557500e-001 -6.548602e-001  0.000000e+000
    outer loop
      vertex  3.759804e+001 -1.060677e+001  2.100000e+001
      vertex  3.791491e+001 -1.097246e+001  1.800000e+001
      vertex  3.791491e+001 -1.097246e+001  2.100000e+001
    endloop
  endfacet
  facet normal -9.096312e-001 -4.154167e-001  -0.000000e+000
    outer loop
      vertex  3.791491e+001 -1.097246e+001  2.100000e+001
      vertex  3.791491e+001 -1.097246e+001  1.800000e+001
      vertex  3.811591e+001 -1.141260e+001  1.800000e+001
    endloop
  endfacet
  facet normal -9.096312e-001 -4.154167e-001  0.000000e+000
    outer loop
      vertex  3.791491e+001 -1.097246e+001  2.100000e+001
      vertex  3.811591e+001 -1.141260e+001  1.800000e+001
      vertex  3.811591e+001 -1.141260e+001  2.100000e+001
    endloop
  endfacet
  facet normal -9.898212e-001 -1.423167e-001  -0.000000e+000
    outer loop
      vertex  3.811591e+001 -1.141260e+001  2.100000e+001
      vertex  3.811591e+001 -1.141260e+001  1.800000e+001
      vertex  3.818478e+001 -1.189154e+001  1.800000e+001
    endloop
  endfacet
  facet normal -9.898212e-001 -1.423167e-001  0.000000e+000
    outer loop
      vertex  3.811591e+001 -1.141260e+001  2.100000e+001
      vertex  3.818478e+001 -1.189154e+001  1.800000e+001
      vertex  3.818478e+001 -1.189154e+001  2.100000e+001
    endloop
  endfacet
  facet normal -2.817318e-001  9.594932e-001  0.000000e+000
    outer loop
      vertex -4.767762e+001 -4.797824e+001  1.800000e+001
      vertex -4.721334e+001 -4.784192e+001  2.100000e+001
      vertex -4.721334e+001 -4.784192e+001  1.800000e+001
    endloop
  endfacet
  facet normal -5.406440e-001  8.412515e-001  0.000000e+000
    outer loop
      vertex -4.721334e+001 -4.784192e+001  1.800000e+001
      vertex -4.721334e+001 -4.784192e+001  2.100000e+001
      vertex -4.680629e+001 -4.758032e+001  2.100000e+001
    endloop
  endfacet
  facet normal -5.406440e-001  8.412515e-001  0.000000e+000
    outer loop
      vertex -4.721334e+001 -4.784192e+001  1.800000e+001
      vertex -4.680629e+001 -4.758032e+001  2.100000e+001
      vertex -4.680629e+001 -4.758032e+001  1.800000e+001
    endloop
  endfacet
  facet normal -7.557491e-001  6.548612e-001  0.000000e+000
    outer loop
      vertex -4.680629e+001 -4.758032e+001  1.800000e+001
      vertex -4.680629e+001 -4.758032e+001  2.100000e+001
      vertex -4.648942e+001 -4.721463e+001  2.100000e+001
    endloop
  endfacet
  facet normal -7.557491e-001  6.548612e-001  0.000000e+000
    outer loop
      vertex -4.680629e+001 -4.758032e+001  1.800000e+001
      vertex -4.648942e+001 -4.721463e+001  2.100000e+001
      vertex -4.648942e+001 -4.721463e+001  1.800000e+001
    endloop
  endfacet
  facet normal -9.096312e-001  4.154167e-001  0.000000e+000
    outer loop
      vertex -4.648942e+001 -4.721463e+001  1.800000e+001
      vertex -4.648942e+001 -4.721463e+001  2.100000e+001
      vertex -4.628841e+001 -4.677449e+001  2.100000e+001
    endloop
  endfacet
  facet normal -9.096312e-001  4.154167e-001  0.000000e+000
    outer loop
      vertex -4.648942e+001 -4.721463e+001  1.800000e+001
      vertex -4.628841e+001 -4.677449e+001  2.100000e+001
      vertex -4.628841e+001 -4.677449e+001  1.800000e+001
    endloop
  endfacet
  facet normal -9.898212e-001  1.423164e-001  0.000000e+000
    outer loop
      vertex -4.628841e+001 -4.677449e+001  1.800000e+001
      vertex -4.628841e+001 -4.677449e+001  2.100000e+001
      vertex -4.621955e+001 -4.629554e+001  2.100000e+001
    endloop
  endfacet
  facet normal -9.898212e-001  1.423164e-001  0.000000e+000
    outer loop
      vertex -4.628841e+001 -4.677449e+001  1.800000e+001
      vertex -4.621955e+001 -4.629554e+001  2.100000e+001
      vertex -4.621955e+001 -4.629554e+001  1.800000e+001
    endloop
  endfacet
  facet normal -2.817318e-001  9.594932e-001  0.000000e+000
    outer loop
      vertex -4.721334e+001 -4.784192e+001  2.100000e+001
      vertex -4.767762e+001 -4.797824e+001  1.800000e+001
      vertex -4.767762e+001 -4.797824e+001  2.100000e+001
    endloop
  endfacet
  facet normal  0.000000e+000  1.000000e+000  0.000000e+000
    outer loop
      vertex -4.767762e+001 -4.797824e+001  2.100000e+001
      vertex -4.767762e+001 -4.797824e+001  1.800000e+001
      vertex -4.816149e+001 -4.797824e+001  1.800000e+001
    endloop
  endfacet
  facet normal  0.000000e+000  1.000000e+000  0.000000e+000
    outer loop
      vertex -4.767762e+001 -4.797824e+001  2.100000e+001
      vertex -4.816149e+001 -4.797824e+001  1.800000e+001
      vertex -4.816149e+001 -4.797824e+001  2.100000e+001
    endloop
  endfacet
  facet normal  2.817339e-001  9.594926e-001  0.000000e+000
    outer loop
      vertex -4.816149e+001 -4.797824e+001  2.100000e+001
      vertex -4.816149e+001 -4.797824e+001  1.800000e+001
      vertex -4.862576e+001 -4.784192e+001  1.800000e+001
    endloop
  endfacet
  facet normal  2.817339e-001  9.594926e-001  -0.000000e+000
    outer loop
      vertex -4.816149e+001 -4.797824e+001  2.100000e+001
      vertex -4.862576e+001 -4.784192e+001  1.800000e+001
      vertex -4.862576e+001 -4.784192e+001  2.100000e+001
    endloop
  endfacet
  facet normal  5.406405e-001  8.412538e-001  0.000000e+000
    outer loop
      vertex -4.862576e+001 -4.784192e+001  2.100000e+001
      vertex -4.862576e+001 -4.784192e+001  1.800000e+001
      vertex -4.903281e+001 -4.758032e+001  1.800000e+001
    endloop
  endfacet
  facet normal  5.406405e-001  8.412538e-001  -0.000000e+000
    outer loop
      vertex -4.862576e+001 -4.784192e+001  2.100000e+001
      vertex -4.903281e+001 -4.758032e+001  1.800000e+001
      vertex -4.903281e+001 -4.758032e+001  2.100000e+001
    endloop
  endfacet
  facet normal  7.557491e-001  6.548612e-001  0.000000e+000
    outer loop
      vertex -4.903281e+001 -4.758032e+001  2.100000e+001
      vertex -4.903281e+001 -4.758032e+001  1.800000e+001
      vertex -4.934968e+001 -4.721463e+001  1.800000e+001
    endloop
  endfacet
  facet normal  7.557491e-001  6.548612e-001  -0.000000e+000
    outer loop
      vertex -4.903281e+001 -4.758032e+001  2.100000e+001
      vertex -4.934968e+001 -4.721463e+001  1.800000e+001
      vertex -4.934968e+001 -4.721463e+001  2.100000e+001
    endloop
  endfacet
  facet normal  9.096312e-001  4.154167e-001  0.000000e+000
    outer loop
      vertex -4.934968e+001 -4.721463e+001  2.100000e+001
      vertex -4.934968e+001 -4.721463e+001  1.800000e+001
      vertex -4.955069e+001 -4.677449e+001  1.800000e+001
    endloop
  endfacet
  facet normal  9.096312e-001  4.154167e-001  -0.000000e+000
    outer loop
      vertex -4.934968e+001 -4.721463e+001  2.100000e+001
      vertex -4.955069e+001 -4.677449e+001  1.800000e+001
      vertex -4.955069e+001 -4.677449e+001  2.100000e+001
    endloop
  endfacet
  facet normal  9.898212e-001  1.423164e-001  0.000000e+000
    outer loop
      vertex -4.955069e+001 -4.677449e+001  2.100000e+001
      vertex -4.955069e+001 -4.677449e+001  1.800000e+001
      vertex -4.961955e+001 -4.629554e+001  1.800000e+001
    endloop
  endfacet
  facet normal  9.898212e-001  1.423164e-001  -0.000000e+000
    outer loop
      vertex -4.955069e+001 -4.677449e+001  2.100000e+001
      vertex -4.961955e+001 -4.629554e+001  1.800000e+001
      vertex -4.961955e+001 -4.629554e+001  2.100000e+001
    endloop
  endfacet
  facet normal  2.817339e-001 -9.594926e-001  0.000000e+000
    outer loop
      vertex -4.816149e+001 -4.461285e+001  1.800000e+001
      vertex -4.862576e+001 -4.474917e+001  2.100000e+001
      vertex -4.862576e+001 -4.474917e+001  1.800000e+001
    endloop
  endfacet
  facet normal  5.406405e-001 -8.412538e-001  0.000000e+000
    outer loop
      vertex -4.862576e+001 -4.474917e+001  1.800000e+001
      vertex -4.862576e+001 -4.474917e+001  2.100000e+001
      vertex -4.903281e+001 -4.501077e+001  2.100000e+001
    endloop
  endfacet
  facet normal  5.406405e-001 -8.412538e-001  0.000000e+000
    outer loop
      vertex -4.862576e+001 -4.474917e+001  1.800000e+001
      vertex -4.903281e+001 -4.501077e+001  2.100000e+001
      vertex -4.903281e+001 -4.501077e+001  1.800000e+001
    endloop
  endfacet
  facet normal  7.557491e-001 -6.548612e-001  0.000000e+000
    outer loop
      vertex -4.903281e+001 -4.501077e+001  1.800000e+001
      vertex -4.903281e+001 -4.501077e+001  2.100000e+001
      vertex -4.934968e+001 -4.537645e+001  2.100000e+001
    endloop
  endfacet
  facet normal  7.557491e-001 -6.548612e-001  0.000000e+000
    outer loop
      vertex -4.903281e+001 -4.501077e+001  1.800000e+001
      vertex -4.934968e+001 -4.537645e+001  2.100000e+001
      vertex -4.934968e+001 -4.537645e+001  1.800000e+001
    endloop
  endfacet
  facet normal  9.096312e-001 -4.154167e-001  0.000000e+000
    outer loop
      vertex -4.934968e+001 -4.537645e+001  1.800000e+001
      vertex -4.934968e+001 -4.537645e+001  2.100000e+001
      vertex -4.955069e+001 -4.581660e+001  2.100000e+001
    endloop
  endfacet
  facet normal  9.096312e-001 -4.154167e-001  0.000000e+000
    outer loop
      vertex -4.934968e+001 -4.537645e+001  1.800000e+001
      vertex -4.955069e+001 -4.581660e+001  2.100000e+001
      vertex -4.955069e+001 -4.581660e+001  1.800000e+001
    endloop
  endfacet
  facet normal  9.898212e-001 -1.423164e-001  0.000000e+000
    outer loop
      vertex -4.955069e+001 -4.581660e+001  1.800000e+001
      vertex -4.955069e+001 -4.581660e+001  2.100000e+001
      vertex -4.961955e+001 -4.629554e+001  2.100000e+001
    endloop
  endfacet
  facet normal  9.898212e-001 -1.423164e-001  0.000000e+000
    outer loop
      vertex -4.955069e+001 -4.581660e+001  1.800000e+001
      vertex -4.961955e+001 -4.629554e+001  2.100000e+001
      vertex -4.961955e+001 -4.629554e+001  1.800000e+001
    endloop
  endfacet
  facet normal  2.817339e-001 -9.594926e-001  0.000000e+000
    outer loop
      vertex -4.862576e+001 -4.474917e+001  2.100000e+001
      vertex -4.816149e+001 -4.461285e+001  1.800000e+001
      vertex -4.816149e+001 -4.461285e+001  2.100000e+001
    endloop
  endfacet
  facet normal  0.000000e+000 -1.000000e+000  0.000000e+000
    outer loop
      vertex -4.816149e+001 -4.461285e+001  2.100000e+001
      vertex -4.816149e+001 -4.461285e+001  1.800000e+001
      vertex -4.767762e+001 -4.461285e+001  1.800000e+001
    endloop
  endfacet
  facet normal  0.000000e+000 -1.000000e+000  0.000000e+000
    outer loop
      vertex -4.816149e+001 -4.461285e+001  2.100000e+001
      vertex -4.767762e+001 -4.461285e+001  1.800000e+001
      vertex -4.767762e+001 -4.461285e+001  2.100000e+001
    endloop
  endfacet
  facet normal -2.817318e-001 -9.594932e-001  -0.000000e+000
    outer loop
      vertex -4.767762e+001 -4.461285e+001  2.100000e+001
      vertex -4.767762e+001 -4.461285e+001  1.800000e+001
      vertex -4.721334e+001 -4.474917e+001  1.800000e+001
    endloop
  endfacet
  facet normal -2.817318e-001 -9.594932e-001  0.000000e+000
    outer loop
      vertex -4.767762e+001 -4.461285e+001  2.100000e+001
      vertex -4.721334e+001 -4.474917e+001  1.800000e+001
      vertex -4.721334e+001 -4.474917e+001  2.100000e+001
    endloop
  endfacet
  facet normal -5.406440e-001 -8.412515e-001  -0.000000e+000
    outer loop
      vertex -4.721334e+001 -4.474917e+001  2.100000e+001
      vertex -4.721334e+001 -4.474917e+001  1.800000e+001
      vertex -4.680629e+001 -4.501077e+001  1.800000e+001
    endloop
  endfacet
  facet normal -5.406440e-001 -8.412515e-001  0.000000e+000
    outer loop
      vertex -4.721334e+001 -4.474917e+001  2.100000e+001
      vertex -4.680629e+001 -4.501077e+001  1.800000e+001
      vertex -4.680629e+001 -4.501077e+001  2.100000e+001
    endloop
  endfacet
  facet normal -7.557491e-001 -6.548612e-001  -0.000000e+000
    outer loop
      vertex -4.680629e+001 -4.501077e+001  2.100000e+001
      vertex -4.680629e+001 -4.501077e+001  1.800000e+001
      vertex -4.648942e+001 -4.537645e+001  1.800000e+001
    endloop
  endfacet
  facet normal -7.557491e-001 -6.548612e-001  0.000000e+000
    outer loop
      vertex -4.680629e+001 -4.501077e+001  2.100000e+001
      vertex -4.648942e+001 -4.537645e+001  1.800000e+001
      vertex -4.648942e+001 -4.537645e+001  2.100000e+001
    endloop
  endfacet
  facet normal -9.096312e-001 -4.154167e-001  -0.000000e+000
    outer loop
      vertex -4.648942e+001 -4.537645e+001  2.100000e+001
      vertex -4.648942e+001 -4.537645e+001  1.800000e+001
      vertex -4.628841e+001 -4.581660e+001  1.800000e+001
    endloop
  endfacet
  facet normal -9.096312e-001 -4.154167e-001  0.000000e+000
    outer loop
      vertex -4.648942e+001 -4.537645e+001  2.100000e+001
      vertex -4.628841e+001 -4.581660e+001  1.800000e+001
      vertex -4.628841e+001 -4.581660e+001  2.100000e+001
    endloop
  endfacet
  facet normal -9.898212e-001 -1.423164e-001  -0.000000e+000
    outer loop
      vertex -4.628841e+001 -4.581660e+001  2.100000e+001
      vertex -4.628841e+001 -4.581660e+001  1.800000e+001
      vertex -4.621955e+001 -4.629554e+001  1.800000e+001
    endloop
  endfacet
  facet normal -9.898212e-001 -1.423164e-001  0.000000e+000
    outer loop
      vertex -4.628841e+001 -4.581660e+001  2.100000e+001
      vertex -4.621955e+001 -4.629554e+001  1.800000e+001
      vertex -4.621955e+001 -4.629554e+001  2.100000e+001
    endloop
  endfacet
  facet normal  0.000000e+000  1.000000e+000  0.000000e+000
    outer loop
      vertex  3.528261e+001 -4.329554e+001  2.100000e+001
      vertex  3.648478e+001 -4.329554e+001  2.100000e+001
      vertex  3.528261e+001 -4.329554e+001  1.800000e+001
    endloop
  endfacet
  facet normal  0.000000e+000  1.000000e+000  0.000000e+000
    outer loop
      vertex  3.528261e+001 -4.329554e+001  1.800000e+001
      vertex  3.648478e+001 -4.329554e+001  2.100000e+001
      vertex  3.648478e+001 -4.329554e+001  1.800000e+001
    endloop
  endfacet
  facet normal  1.119677e-001  9.937118e-001  0.000000e+000
    outer loop
      vertex  3.648478e+001 -4.329554e+001  1.800000e+001
      vertex  3.648478e+001 -4.329554e+001  2.100000e+001
      vertex  3.715234e+001 -4.337076e+001  1.800000e+001
    endloop
  endfacet
  facet normal  1.119677e-001  9.937118e-001  -0.000000e+000
    outer loop
      vertex  3.715234e+001 -4.337076e+001  1.800000e+001
      vertex  3.648478e+001 -4.329554e+001  2.100000e+001
      vertex  3.715234e+001 -4.337076e+001  2.100000e+001
    endloop
  endfacet
  facet normal  3.302743e-001  9.438850e-001  0.000000e+000
    outer loop
      vertex  3.715234e+001 -4.337076e+001  1.800000e+001
      vertex  3.715234e+001 -4.337076e+001  2.100000e+001
      vertex  3.778643e+001 -4.359264e+001  1.800000e+001
    endloop
  endfacet
  facet normal  3.302743e-001  9.438850e-001  -0.000000e+000
    outer loop
      vertex  3.778643e+001 -4.359264e+001  1.800000e+001
      vertex  3.715234e+001 -4.337076e+001  2.100000e+001
      vertex  3.778643e+001 -4.359264e+001  2.100000e+001
    endloop
  endfacet
  facet normal  5.320350e-001  8.467223e-001  0.000000e+000
    outer loop
      vertex  3.778643e+001 -4.359264e+001  1.800000e+001
      vertex  3.778643e+001 -4.359264e+001  2.100000e+001
      vertex  3.835524e+001 -4.395005e+001  1.800000e+001
    endloop
  endfacet
  facet normal  5.320350e-001  8.467223e-001  -0.000000e+000
    outer loop
      vertex  3.835524e+001 -4.395005e+001  1.800000e+001
      vertex  3.778643e+001 -4.359264e+001  2.100000e+001
      vertex  3.835524e+001 -4.395005e+001  2.100000e+001
    endloop
  endfacet
  facet normal  7.071068e-001  7.071068e-001  0.000000e+000
    outer loop
      vertex  3.835524e+001 -4.395005e+001  1.800000e+001
      vertex  3.835524e+001 -4.395005e+001  2.100000e+001
      vertex  3.883027e+001 -4.442508e+001  1.800000e+001
    endloop
  endfacet
  facet normal  7.071068e-001  7.071068e-001  -0.000000e+000
    outer loop
      vertex  3.883027e+001 -4.442508e+001  1.800000e+001
      vertex  3.835524e+001 -4.395005e+001  2.100000e+001
      vertex  3.883027e+001 -4.442508e+001  2.100000e+001
    endloop
  endfacet
  facet normal  8.467223e-001  5.320350e-001  0.000000e+000
    outer loop
      vertex  3.883027e+001 -4.442508e+001  1.800000e+001
      vertex  3.883027e+001 -4.442508e+001  2.100000e+001
      vertex  3.918768e+001 -4.499389e+001  1.800000e+001
    endloop
  endfacet
  facet normal  8.467223e-001  5.320350e-001  -0.000000e+000
    outer loop
      vertex  3.918768e+001 -4.499389e+001  1.800000e+001
      vertex  3.883027e+001 -4.442508e+001  2.100000e+001
      vertex  3.918768e+001 -4.499389e+001  2.100000e+001
    endloop
  endfacet
  facet normal  9.438850e-001  3.302743e-001  0.000000e+000
    outer loop
      vertex  3.918768e+001 -4.499389e+001  1.800000e+001
      vertex  3.918768e+001 -4.499389e+001  2.100000e+001
      vertex  3.940956e+001 -4.562798e+001  1.800000e+001
    endloop
  endfacet
  facet normal  9.438850e-001  3.302743e-001  -0.000000e+000
    outer loop
      vertex  3.940956e+001 -4.562798e+001  1.800000e+001
      vertex  3.918768e+001 -4.499389e+001  2.100000e+001
      vertex  3.940956e+001 -4.562798e+001  2.100000e+001
    endloop
  endfacet
  facet normal  9.937118e-001  1.119677e-001  0.000000e+000
    outer loop
      vertex  3.940956e+001 -4.562798e+001  1.800000e+001
      vertex  3.940956e+001 -4.562798e+001  2.100000e+001
      vertex  3.948478e+001 -4.629554e+001  1.800000e+001
    endloop
  endfacet
  facet normal  9.937118e-001  1.119677e-001  -0.000000e+000
    outer loop
      vertex  3.948478e+001 -4.629554e+001  1.800000e+001
      vertex  3.940956e+001 -4.562798e+001  2.100000e+001
      vertex  3.948478e+001 -4.629554e+001  2.100000e+001
    endloop
  endfacet
  facet normal  9.937120e-001 -1.119671e-001  0.000000e+000
    outer loop
      vertex  3.948478e+001 -4.629554e+001  1.800000e+001
      vertex  3.948478e+001 -4.629554e+001  2.100000e+001
      vertex  3.940956e+001 -4.696311e+001  1.800000e+001
    endloop
  endfacet
  facet normal  9.937120e-001 -1.119671e-001  0.000000e+000
    outer loop
      vertex  3.940956e+001 -4.696311e+001  1.800000e+001
      vertex  3.948478e+001 -4.629554e+001  2.100000e+001
      vertex  3.940956e+001 -4.696311e+001  2.100000e+001
    endloop
  endfacet
  facet normal  9.438844e-001 -3.302761e-001  0.000000e+000
    outer loop
      vertex  3.940956e+001 -4.696311e+001  1.800000e+001
      vertex  3.940956e+001 -4.696311e+001  2.100000e+001
      vertex  3.918768e+001 -4.759719e+001  1.800000e+001
    endloop
  endfacet
  facet normal  9.438844e-001 -3.302761e-001  0.000000e+000
    outer loop
      vertex  3.918768e+001 -4.759719e+001  1.800000e+001
      vertex  3.940956e+001 -4.696311e+001  2.100000e+001
      vertex  3.918768e+001 -4.759719e+001  2.100000e+001
    endloop
  endfacet
  facet normal  8.467223e-001 -5.320350e-001  0.000000e+000
    outer loop
      vertex  3.918768e+001 -4.759719e+001  1.800000e+001
      vertex  3.918768e+001 -4.759719e+001  2.100000e+001
      vertex  3.883027e+001 -4.816601e+001  1.800000e+001
    endloop
  endfacet
  facet normal  8.467223e-001 -5.320350e-001  0.000000e+000
    outer loop
      vertex  3.883027e+001 -4.816601e+001  1.800000e+001
      vertex  3.918768e+001 -4.759719e+001  2.100000e+001
      vertex  3.883027e+001 -4.816601e+001  2.100000e+001
    endloop
  endfacet
  facet normal  7.071068e-001 -7.071068e-001  0.000000e+000
    outer loop
      vertex  3.883027e+001 -4.816601e+001  1.800000e+001
      vertex  3.883027e+001 -4.816601e+001  2.100000e+001
      vertex  3.835524e+001 -4.864104e+001  1.800000e+001
    endloop
  endfacet
  facet normal  7.071068e-001 -7.071068e-001  0.000000e+000
    outer loop
      vertex  3.835524e+001 -4.864104e+001  1.800000e+001
      vertex  3.883027e+001 -4.816601e+001  2.100000e+001
      vertex  3.835524e+001 -4.864104e+001  2.100000e+001
    endloop
  endfacet
  facet normal  5.320350e-001 -8.467223e-001  0.000000e+000
    outer loop
      vertex  3.835524e+001 -4.864104e+001  1.800000e+001
      vertex  3.835524e+001 -4.864104e+001  2.100000e+001
      vertex  3.778643e+001 -4.899845e+001  1.800000e+001
    endloop
  endfacet
  facet normal  5.320350e-001 -8.467223e-001  0.000000e+000
    outer loop
      vertex  3.778643e+001 -4.899845e+001  1.800000e+001
      vertex  3.835524e+001 -4.864104e+001  2.100000e+001
      vertex  3.778643e+001 -4.899845e+001  2.100000e+001
    endloop
  endfacet
  facet normal  3.302794e-001 -9.438833e-001  0.000000e+000
    outer loop
      vertex  3.778643e+001 -4.899845e+001  1.800000e+001
      vertex  3.778643e+001 -4.899845e+001  2.100000e+001
      vertex  3.715234e+001 -4.922033e+001  1.800000e+001
    endloop
  endfacet
  facet normal  3.302794e-001 -9.438833e-001  0.000000e+000
    outer loop
      vertex  3.715234e+001 -4.922033e+001  1.800000e+001
      vertex  3.778643e+001 -4.899845e+001  2.100000e+001
      vertex  3.715234e+001 -4.922033e+001  2.100000e+001
    endloop
  endfacet
  facet normal  1.119621e-001 -9.937125e-001  0.000000e+000
    outer loop
      vertex  3.715234e+001 -4.922033e+001  1.800000e+001
      vertex  3.715234e+001 -4.922033e+001  2.100000e+001
      vertex  3.648478e+001 -4.929554e+001  1.800000e+001
    endloop
  endfacet
  facet normal  1.119621e-001 -9.937125e-001  0.000000e+000
    outer loop
      vertex  3.648478e+001 -4.929554e+001  1.800000e+001
      vertex  3.715234e+001 -4.922033e+001  2.100000e+001
      vertex  3.648478e+001 -4.929554e+001  2.100000e+001
    endloop
  endfacet
  facet normal -1.119615e-001 -9.937126e-001  -0.000000e+000
    outer loop
      vertex  3.648478e+001 -4.929554e+001  1.800000e+001
      vertex  3.648478e+001 -4.929554e+001  2.100000e+001
      vertex  3.581721e+001 -4.922033e+001  1.800000e+001
    endloop
  endfacet
  facet normal -1.119615e-001 -9.937126e-001  0.000000e+000
    outer loop
      vertex  3.581721e+001 -4.922033e+001  1.800000e+001
      vertex  3.648478e+001 -4.929554e+001  2.100000e+001
      vertex  3.581721e+001 -4.922033e+001  2.100000e+001
    endloop
  endfacet
  facet normal -3.302811e-001 -9.438826e-001  -0.000000e+000
    outer loop
      vertex  3.581721e+001 -4.922033e+001  1.800000e+001
      vertex  3.581721e+001 -4.922033e+001  2.100000e+001
      vertex  3.518312e+001 -4.899845e+001  1.800000e+001
    endloop
  endfacet
  facet normal -3.302811e-001 -9.438826e-001  0.000000e+000
    outer loop
      vertex  3.518312e+001 -4.899845e+001  1.800000e+001
      vertex  3.581721e+001 -4.922033e+001  2.100000e+001
      vertex  3.518312e+001 -4.899845e+001  2.100000e+001
    endloop
  endfacet
  facet normal -5.320325e-001 -8.467240e-001  -0.000000e+000
    outer loop
      vertex  3.518312e+001 -4.899845e+001  1.800000e+001
      vertex  3.518312e+001 -4.899845e+001  2.100000e+001
      vertex  3.461430e+001 -4.864104e+001  1.800000e+001
    endloop
  endfacet
  facet normal -5.320325e-001 -8.467240e-001  0.000000e+000
    outer loop
      vertex  3.461430e+001 -4.864104e+001  1.800000e+001
      vertex  3.518312e+001 -4.899845e+001  2.100000e+001
      vertex  3.461430e+001 -4.864104e+001  2.100000e+001
    endloop
  endfacet
  facet normal -7.071096e-001 -7.071040e-001  -0.000000e+000
    outer loop
      vertex  3.461430e+001 -4.864104e+001  1.800000e+001
      vertex  3.461430e+001 -4.864104e+001  2.100000e+001
      vertex  3.413928e+001 -4.816601e+001  1.800000e+001
    endloop
  endfacet
  facet normal -7.071096e-001 -7.071040e-001  0.000000e+000
    outer loop
      vertex  3.413928e+001 -4.816601e+001  1.800000e+001
      vertex  3.461430e+001 -4.864104e+001  2.100000e+001
      vertex  3.413928e+001 -4.816601e+001  2.100000e+001
    endloop
  endfacet
  facet normal -8.467223e-001 -5.320350e-001  -0.000000e+000
    outer loop
      vertex  3.413928e+001 -4.816601e+001  1.800000e+001
      vertex  3.413928e+001 -4.816601e+001  2.100000e+001
      vertex  3.378187e+001 -4.759719e+001  1.800000e+001
    endloop
  endfacet
  facet normal -8.467223e-001 -5.320350e-001  0.000000e+000
    outer loop
      vertex  3.378187e+001 -4.759719e+001  1.800000e+001
      vertex  3.413928e+001 -4.816601e+001  2.100000e+001
      vertex  3.378187e+001 -4.759719e+001  2.100000e+001
    endloop
  endfacet
  facet normal -9.438826e-001 -3.302811e-001  -0.000000e+000
    outer loop
      vertex  3.378187e+001 -4.759719e+001  1.800000e+001
      vertex  3.378187e+001 -4.759719e+001  2.100000e+001
      vertex  3.355999e+001 -4.696311e+001  1.800000e+001
    endloop
  endfacet
  facet normal -9.438826e-001 -3.302811e-001  0.000000e+000
    outer loop
      vertex  3.355999e+001 -4.696311e+001  1.800000e+001
      vertex  3.378187e+001 -4.759719e+001  2.100000e+001
      vertex  3.355999e+001 -4.696311e+001  2.100000e+001
    endloop
  endfacet
  facet normal -9.937126e-001 -1.119615e-001  -0.000000e+000
    outer loop
      vertex  3.355999e+001 -4.696311e+001  1.800000e+001
      vertex  3.355999e+001 -4.696311e+001  2.100000e+001
      vertex  3.348478e+001 -4.629554e+001  1.800000e+001
    endloop
  endfacet
  facet normal -9.937126e-001 -1.119615e-001  0.000000e+000
    outer loop
      vertex  3.348478e+001 -4.629554e+001  1.800000e+001
      vertex  3.355999e+001 -4.696311e+001  2.100000e+001
      vertex  3.348478e+001 -4.629554e+001  2.100000e+001
    endloop
  endfacet
  facet normal -1.000000e+000  -0.000000e+000  0.000000e+000
    outer loop
      vertex  3.348478e+001 -4.629554e+001  2.100000e+001
      vertex  3.348478e+001 -4.509354e+001  2.100000e+001
      vertex  3.348478e+001 -4.629554e+001  1.800000e+001
    endloop
  endfacet
  facet normal -1.000000e+000  0.000000e+000  0.000000e+000
    outer loop
      vertex  3.348478e+001 -4.629554e+001  1.800000e+001
      vertex  3.348478e+001 -4.509354e+001  2.100000e+001
      vertex  3.348478e+001 -4.509354e+001  1.800000e+001
    endloop
  endfacet
  facet normal  0.000000e+000 -1.000000e+000  0.000000e+000
    outer loop
      vertex -4.491955e+001 -4.509354e+001  2.100000e+001
      vertex -4.491955e+001 -4.509354e+001  1.800000e+001
      vertex  3.348478e+001 -4.509354e+001  2.100000e+001
    endloop
  endfacet
  facet normal  0.000000e+000 -1.000000e+000  -0.000000e+000
    outer loop
      vertex  3.348478e+001 -4.509354e+001  2.100000e+001
      vertex -4.491955e+001 -4.509354e+001  1.800000e+001
      vertex  3.348478e+001 -4.509354e+001  1.800000e+001
    endloop
  endfacet
  facet normal  1.000000e+000  -0.000000e+000  0.000000e+000
    outer loop
      vertex -4.491955e+001 -4.509354e+001  2.100000e+001
      vertex -4.491955e+001 -4.629554e+001  2.100000e+001
      vertex -4.491955e+001 -4.509354e+001  1.800000e+001
    endloop
  endfacet
  facet normal  1.000000e+000  0.000000e+000  0.000000e+000
    outer loop
      vertex -4.491955e+001 -4.509354e+001  1.800000e+001
      vertex -4.491955e+001 -4.629554e+001  2.100000e+001
      vertex -4.491955e+001 -4.629554e+001  1.800000e+001
    endloop
  endfacet
  facet normal  9.937126e-001 -1.119615e-001  0.000000e+000
    outer loop
      vertex -4.491955e+001 -4.629554e+001  1.800000e+001
      vertex -4.491955e+001 -4.629554e+001  2.100000e+001
      vertex -4.499477e+001 -4.696311e+001  1.800000e+001
    endloop
  endfacet
  facet normal  9.937126e-001 -1.119615e-001  0.000000e+000
    outer loop
      vertex -4.499477e+001 -4.696311e+001  1.800000e+001
      vertex -4.491955e+001 -4.629554e+001  2.100000e+001
      vertex -4.499477e+001 -4.696311e+001  2.100000e+001
    endloop
  endfacet
  facet normal  9.438826e-001 -3.302811e-001  0.000000e+000
    outer loop
      vertex -4.499477e+001 -4.696311e+001  1.800000e+001
      vertex -4.499477e+001 -4.696311e+001  2.100000e+001
      vertex -4.521664e+001 -4.759719e+001  1.800000e+001
    endloop
  endfacet
  facet normal  9.438826e-001 -3.302811e-001  0.000000e+000
    outer loop
      vertex -4.521664e+001 -4.759719e+001  1.800000e+001
      vertex -4.499477e+001 -4.696311e+001  2.100000e+001
      vertex -4.521664e+001 -4.759719e+001  2.100000e+001
    endloop
  endfacet
  facet normal  8.467223e-001 -5.320350e-001  0.000000e+000
    outer loop
      vertex -4.521664e+001 -4.759719e+001  1.800000e+001
      vertex -4.521664e+001 -4.759719e+001  2.100000e+001
      vertex -4.557406e+001 -4.816601e+001  1.800000e+001
    endloop
  endfacet
  facet normal  8.467223e-001 -5.320350e-001  0.000000e+000
    outer loop
      vertex -4.557406e+001 -4.816601e+001  1.800000e+001
      vertex -4.521664e+001 -4.759719e+001  2.100000e+001
      vertex -4.557406e+001 -4.816601e+001  2.100000e+001
    endloop
  endfacet
  facet normal  7.071096e-001 -7.071040e-001  0.000000e+000
    outer loop
      vertex -4.557406e+001 -4.816601e+001  1.800000e+001
      vertex -4.557406e+001 -4.816601e+001  2.100000e+001
      vertex -4.604908e+001 -4.864104e+001  1.800000e+001
    endloop
  endfacet
  facet normal  7.071096e-001 -7.071040e-001  0.000000e+000
    outer loop
      vertex -4.604908e+001 -4.864104e+001  1.800000e+001
      vertex -4.557406e+001 -4.816601e+001  2.100000e+001
      vertex -4.604908e+001 -4.864104e+001  2.100000e+001
    endloop
  endfacet
  facet normal  5.320325e-001 -8.467240e-001  0.000000e+000
    outer loop
      vertex -4.604908e+001 -4.864104e+001  1.800000e+001
      vertex -4.604908e+001 -4.864104e+001  2.100000e+001
      vertex -4.661790e+001 -4.899845e+001  1.800000e+001
    endloop
  endfacet
  facet normal  5.320325e-001 -8.467240e-001  0.000000e+000
    outer loop
      vertex -4.661790e+001 -4.899845e+001  1.800000e+001
      vertex -4.604908e+001 -4.864104e+001  2.100000e+001
      vertex -4.661790e+001 -4.899845e+001  2.100000e+001
    endloop
  endfacet
  facet normal  3.302811e-001 -9.438826e-001  0.000000e+000
    outer loop
      vertex -4.661790e+001 -4.899845e+001  1.800000e+001
      vertex -4.661790e+001 -4.899845e+001  2.100000e+001
      vertex -4.725199e+001 -4.922033e+001  1.800000e+001
    endloop
  endfacet
  facet normal  3.302811e-001 -9.438826e-001  0.000000e+000
    outer loop
      vertex -4.725199e+001 -4.922033e+001  1.800000e+001
      vertex -4.661790e+001 -4.899845e+001  2.100000e+001
      vertex -4.725199e+001 -4.922033e+001  2.100000e+001
    endloop
  endfacet
  facet normal  1.119615e-001 -9.937126e-001  0.000000e+000
    outer loop
      vertex -4.725199e+001 -4.922033e+001  1.800000e+001
      vertex -4.725199e+001 -4.922033e+001  2.100000e+001
      vertex -4.791955e+001 -4.929554e+001  1.800000e+001
    endloop
  endfacet
  facet normal  1.119615e-001 -9.937126e-001  0.000000e+000
    outer loop
      vertex -4.791955e+001 -4.929554e+001  1.800000e+001
      vertex -4.725199e+001 -4.922033e+001  2.100000e+001
      vertex -4.791955e+001 -4.929554e+001  2.100000e+001
    endloop
  endfacet
  facet normal -1.119621e-001 -9.937125e-001  -0.000000e+000
    outer loop
      vertex -4.791955e+001 -4.929554e+001  1.800000e+001
      vertex -4.791955e+001 -4.929554e+001  2.100000e+001
      vertex -4.858711e+001 -4.922033e+001  1.800000e+001
    endloop
  endfacet
  facet normal -1.119621e-001 -9.937125e-001  0.000000e+000
    outer loop
      vertex -4.858711e+001 -4.922033e+001  1.800000e+001
      vertex -4.791955e+001 -4.929554e+001  2.100000e+001
      vertex -4.858711e+001 -4.922033e+001  2.100000e+001
    endloop
  endfacet
  facet normal -3.302794e-001 -9.438833e-001  -0.000000e+000
    outer loop
      vertex -4.858711e+001 -4.922033e+001  1.800000e+001
      vertex -4.858711e+001 -4.922033e+001  2.100000e+001
      vertex -4.922120e+001 -4.899845e+001  1.800000e+001
    endloop
  endfacet
  facet normal -3.302794e-001 -9.438833e-001  0.000000e+000
    outer loop
      vertex -4.922120e+001 -4.899845e+001  1.800000e+001
      vertex -4.858711e+001 -4.922033e+001  2.100000e+001
      vertex -4.922120e+001 -4.899845e+001  2.100000e+001
    endloop
  endfacet
  facet normal -5.320350e-001 -8.467223e-001  -0.000000e+000
    outer loop
      vertex -4.922120e+001 -4.899845e+001  1.800000e+001
      vertex -4.922120e+001 -4.899845e+001  2.100000e+001
      vertex -4.979002e+001 -4.864104e+001  1.800000e+001
    endloop
  endfacet
  facet normal -5.320350e-001 -8.467223e-001  0.000000e+000
    outer loop
      vertex -4.979002e+001 -4.864104e+001  1.800000e+001
      vertex -4.922120e+001 -4.899845e+001  2.100000e+001
      vertex -4.979002e+001 -4.864104e+001  2.100000e+001
    endloop
  endfacet
  facet normal -7.071068e-001 -7.071068e-001  -0.000000e+000
    outer loop
      vertex -4.979002e+001 -4.864104e+001  1.800000e+001
      vertex -4.979002e+001 -4.864104e+001  2.100000e+001
      vertex -5.026505e+001 -4.816601e+001  1.800000e+001
    endloop
  endfacet
  facet normal -7.071068e-001 -7.071068e-001  0.000000e+000
    outer loop
      vertex -5.026505e+001 -4.816601e+001  1.800000e+001
      vertex -4.979002e+001 -4.864104e+001  2.100000e+001
      vertex -5.026505e+001 -4.816601e+001  2.100000e+001
    endloop
  endfacet
  facet normal -8.467223e-001 -5.320350e-001  -0.000000e+000
    outer loop
      vertex -5.026505e+001 -4.816601e+001  1.800000e+001
      vertex -5.026505e+001 -4.816601e+001  2.100000e+001
      vertex -5.062246e+001 -4.759719e+001  1.800000e+001
    endloop
  endfacet
  facet normal -8.467223e-001 -5.320350e-001  0.000000e+000
    outer loop
      vertex -5.062246e+001 -4.759719e+001  1.800000e+001
      vertex -5.026505e+001 -4.816601e+001  2.100000e+001
      vertex -5.062246e+001 -4.759719e+001  2.100000e+001
    endloop
  endfacet
  facet normal -9.438844e-001 -3.302761e-001  -0.000000e+000
    outer loop
      vertex -5.062246e+001 -4.759719e+001  1.800000e+001
      vertex -5.062246e+001 -4.759719e+001  2.100000e+001
      vertex -5.084433e+001 -4.696311e+001  1.800000e+001
    endloop
  endfacet
  facet normal -9.438844e-001 -3.302761e-001  0.000000e+000
    outer loop
      vertex -5.084433e+001 -4.696311e+001  1.800000e+001
      vertex -5.062246e+001 -4.759719e+001  2.100000e+001
      vertex -5.084433e+001 -4.696311e+001  2.100000e+001
    endloop
  endfacet
  facet normal -9.937120e-001 -1.119671e-001  -0.000000e+000
    outer loop
      vertex -5.084433e+001 -4.696311e+001  1.800000e+001
      vertex -5.084433e+001 -4.696311e+001  2.100000e+001
      vertex -5.091955e+001 -4.629554e+001  1.800000e+001
    endloop
  endfacet
  facet normal -9.937120e-001 -1.119671e-001  0.000000e+000
    outer loop
      vertex -5.091955e+001 -4.629554e+001  1.800000e+001
      vertex -5.084433e+001 -4.696311e+001  2.100000e+001
      vertex -5.091955e+001 -4.629554e+001  2.100000e+001
    endloop
  endfacet
  facet normal -9.937118e-001  1.119677e-001  0.000000e+000
    outer loop
      vertex -5.091955e+001 -4.629554e+001  1.800000e+001
      vertex -5.091955e+001 -4.629554e+001  2.100000e+001
      vertex -5.084433e+001 -4.562798e+001  1.800000e+001
    endloop
  endfacet
  facet normal -9.937118e-001  1.119677e-001  0.000000e+000
    outer loop
      vertex -5.084433e+001 -4.562798e+001  1.800000e+001
      vertex -5.091955e+001 -4.629554e+001  2.100000e+001
      vertex -5.084433e+001 -4.562798e+001  2.100000e+001
    endloop
  endfacet
  facet normal -9.438850e-001  3.302743e-001  0.000000e+000
    outer loop
      vertex -5.084433e+001 -4.562798e+001  1.800000e+001
      vertex -5.084433e+001 -4.562798e+001  2.100000e+001
      vertex -5.062246e+001 -4.499389e+001  1.800000e+001
    endloop
  endfacet
  facet normal -9.438850e-001  3.302743e-001  0.000000e+000
    outer loop
      vertex -5.062246e+001 -4.499389e+001  1.800000e+001
      vertex -5.084433e+001 -4.562798e+001  2.100000e+001
      vertex -5.062246e+001 -4.499389e+001  2.100000e+001
    endloop
  endfacet
  facet normal -8.467223e-001  5.320350e-001  0.000000e+000
    outer loop
      vertex -5.062246e+001 -4.499389e+001  1.800000e+001
      vertex -5.062246e+001 -4.499389e+001  2.100000e+001
      vertex -5.026505e+001 -4.442508e+001  1.800000e+001
    endloop
  endfacet
  facet normal -8.467223e-001  5.320350e-001  0.000000e+000
    outer loop
      vertex -5.026505e+001 -4.442508e+001  1.800000e+001
      vertex -5.062246e+001 -4.499389e+001  2.100000e+001
      vertex -5.026505e+001 -4.442508e+001  2.100000e+001
    endloop
  endfacet
  facet normal -7.071068e-001  7.071068e-001  0.000000e+000
    outer loop
      vertex -5.026505e+001 -4.442508e+001  1.800000e+001
      vertex -5.026505e+001 -4.442508e+001  2.100000e+001
      vertex -4.979002e+001 -4.395005e+001  1.800000e+001
    endloop
  endfacet
  facet normal -7.071068e-001  7.071068e-001  0.000000e+000
    outer loop
      vertex -4.979002e+001 -4.395005e+001  1.800000e+001
      vertex -5.026505e+001 -4.442508e+001  2.100000e+001
      vertex -4.979002e+001 -4.395005e+001  2.100000e+001
    endloop
  endfacet
  facet normal -5.320350e-001  8.467223e-001  0.000000e+000
    outer loop
      vertex -4.979002e+001 -4.395005e+001  1.800000e+001
      vertex -4.979002e+001 -4.395005e+001  2.100000e+001
      vertex -4.922120e+001 -4.359264e+001  1.800000e+001
    endloop
  endfacet
  facet normal -5.320350e-001  8.467223e-001  0.000000e+000
    outer loop
      vertex -4.922120e+001 -4.359264e+001  1.800000e+001
      vertex -4.979002e+001 -4.395005e+001  2.100000e+001
      vertex -4.922120e+001 -4.359264e+001  2.100000e+001
    endloop
  endfacet
  facet normal -3.302743e-001  9.438850e-001  0.000000e+000
    outer loop
      vertex -4.922120e+001 -4.359264e+001  1.800000e+001
      vertex -4.922120e+001 -4.359264e+001  2.100000e+001
      vertex -4.858711e+001 -4.337076e+001  1.800000e+001
    endloop
  endfacet
  facet normal -3.302743e-001  9.438850e-001  0.000000e+000
    outer loop
      vertex -4.858711e+001 -4.337076e+001  1.800000e+001
      vertex -4.922120e+001 -4.359264e+001  2.100000e+001
      vertex -4.858711e+001 -4.337076e+001  2.100000e+001
    endloop
  endfacet
  facet normal -1.119677e-001  9.937118e-001  0.000000e+000
    outer loop
      vertex -4.858711e+001 -4.337076e+001  1.800000e+001
      vertex -4.858711e+001 -4.337076e+001  2.100000e+001
      vertex -4.791955e+001 -4.329554e+001  1.800000e+001
    endloop
  endfacet
  facet normal -1.119677e-001  9.937118e-001  0.000000e+000
    outer loop
      vertex -4.791955e+001 -4.329554e+001  1.800000e+001
      vertex -4.858711e+001 -4.337076e+001  2.100000e+001
      vertex -4.791955e+001 -4.329554e+001  2.100000e+001
    endloop
  endfacet
  facet normal  0.000000e+000  1.000000e+000  0.000000e+000
    outer loop
      vertex -4.791955e+001 -4.329554e+001  2.100000e+001
      vertex -4.671739e+001 -4.329554e+001  2.100000e+001
      vertex -4.791955e+001 -4.329554e+001  1.800000e+001
    endloop
  endfacet
  facet normal  0.000000e+000  1.000000e+000  0.000000e+000
    outer loop
      vertex -4.791955e+001 -4.329554e+001  1.800000e+001
      vertex -4.671739e+001 -4.329554e+001  2.100000e+001
      vertex -4.671739e+001 -4.329554e+001  1.800000e+001
    endloop
  endfacet
  facet normal -1.000000e+000  0.000000e+000  0.000000e+000
    outer loop
      vertex -4.671739e+001 -1.489154e+001  2.100000e+001
      vertex -4.671739e+001 -1.489154e+001  1.800000e+001
      vertex -4.671739e+001 -4.329554e+001  2.100000e+001
    endloop
  endfacet
  facet normal -1.000000e+000  0.000000e+000  0.000000e+000
    outer loop
      vertex -4.671739e+001 -4.329554e+001  2.100000e+001
      vertex -4.671739e+001 -1.489154e+001  1.800000e+001
      vertex -4.671739e+001 -4.329554e+001  1.800000e+001
    endloop
  endfacet
  facet normal  0.000000e+000 -1.000000e+000  0.000000e+000
    outer loop
      vertex -4.671739e+001 -1.489154e+001  2.100000e+001
      vertex -4.791955e+001 -1.489154e+001  2.100000e+001
      vertex -4.671739e+001 -1.489154e+001  1.800000e+001
    endloop
  endfacet
  facet normal  0.000000e+000 -1.000000e+000  0.000000e+000
    outer loop
      vertex -4.671739e+001 -1.489154e+001  1.800000e+001
      vertex -4.791955e+001 -1.489154e+001  2.100000e+001
      vertex -4.791955e+001 -1.489154e+001  1.800000e+001
    endloop
  endfacet
  facet normal -1.119649e-001 -9.937122e-001  -0.000000e+000
    outer loop
      vertex -4.791955e+001 -1.489154e+001  1.800000e+001
      vertex -4.791955e+001 -1.489154e+001  2.100000e+001
      vertex -4.858711e+001 -1.481633e+001  1.800000e+001
    endloop
  endfacet
  facet normal -1.119649e-001 -9.937122e-001  0.000000e+000
    outer loop
      vertex -4.858711e+001 -1.481633e+001  1.800000e+001
      vertex -4.791955e+001 -1.489154e+001  2.100000e+001
      vertex -4.858711e+001 -1.481633e+001  2.100000e+001
    endloop
  endfacet
  facet normal -3.302781e-001 -9.438838e-001  -0.000000e+000
    outer loop
      vertex -4.858711e+001 -1.481633e+001  1.800000e+001
      vertex -4.858711e+001 -1.481633e+001  2.100000e+001
      vertex -4.922120e+001 -1.459445e+001  1.800000e+001
    endloop
  endfacet
  facet normal -3.302781e-001 -9.438838e-001  0.000000e+000
    outer loop
      vertex -4.922120e+001 -1.459445e+001  1.800000e+001
      vertex -4.858711e+001 -1.481633e+001  2.100000e+001
      vertex -4.922120e+001 -1.459445e+001  2.100000e+001
    endloop
  endfacet
  facet normal -5.320330e-001 -8.467236e-001  -0.000000e+000
    outer loop
      vertex -4.922120e+001 -1.459445e+001  1.800000e+001
      vertex -4.922120e+001 -1.459445e+001  2.100000e+001
      vertex -4.979002e+001 -1.423704e+001  1.800000e+001
    endloop
  endfacet
  facet normal -5.320330e-001 -8.467236e-001  0.000000e+000
    outer loop
      vertex -4.979002e+001 -1.423704e+001  1.800000e+001
      vertex -4.922120e+001 -1.459445e+001  2.100000e+001
      vertex -4.979002e+001 -1.423704e+001  2.100000e+001
    endloop
  endfacet
  facet normal -7.071068e-001 -7.071068e-001  -0.000000e+000
    outer loop
      vertex -4.979002e+001 -1.423704e+001  1.800000e+001
      vertex -4.979002e+001 -1.423704e+001  2.100000e+001
      vertex -5.026505e+001 -1.376201e+001  1.800000e+001
    endloop
  endfacet
  facet normal -7.071068e-001 -7.071068e-001  0.000000e+000
    outer loop
      vertex -5.026505e+001 -1.376201e+001  1.800000e+001
      vertex -4.979002e+001 -1.423704e+001  2.100000e+001
      vertex -5.026505e+001 -1.376201e+001  2.100000e+001
    endloop
  endfacet
  facet normal -8.467228e-001 -5.320344e-001  -0.000000e+000
    outer loop
      vertex -5.026505e+001 -1.376201e+001  1.800000e+001
      vertex -5.026505e+001 -1.376201e+001  2.100000e+001
      vertex -5.062246e+001 -1.319320e+001  1.800000e+001
    endloop
  endfacet
  facet normal -8.467228e-001 -5.320344e-001  0.000000e+000
    outer loop
      vertex -5.062246e+001 -1.319320e+001  1.800000e+001
      vertex -5.026505e+001 -1.376201e+001  2.100000e+001
      vertex -5.062246e+001 -1.319320e+001  2.100000e+001
    endloop
  endfacet
  facet normal -9.438847e-001 -3.302752e-001  -0.000000e+000
    outer loop
      vertex -5.062246e+001 -1.319320e+001  1.800000e+001
      vertex -5.062246e+001 -1.319320e+001  2.100000e+001
      vertex -5.084433e+001 -1.255911e+001  1.800000e+001
    endloop
  endfacet
  facet normal -9.438847e-001 -3.302752e-001  0.000000e+000
    outer loop
      vertex -5.084433e+001 -1.255911e+001  1.800000e+001
      vertex -5.062246e+001 -1.319320e+001  2.100000e+001
      vertex -5.084433e+001 -1.255911e+001  2.100000e+001
    endloop
  endfacet
  facet normal -9.937118e-001 -1.119674e-001  -0.000000e+000
    outer loop
      vertex -5.084433e+001 -1.255911e+001  1.800000e+001
      vertex -5.084433e+001 -1.255911e+001  2.100000e+001
      vertex -5.091955e+001 -1.189154e+001  1.800000e+001
    endloop
  endfacet
  facet normal -9.937118e-001 -1.119674e-001  0.000000e+000
    outer loop
      vertex -5.091955e+001 -1.189154e+001  1.800000e+001
      vertex -5.084433e+001 -1.255911e+001  2.100000e+001
      vertex -5.091955e+001 -1.189154e+001  2.100000e+001
    endloop
  endfacet
  facet normal -9.937118e-001  1.119672e-001  0.000000e+000
    outer loop
      vertex -5.091955e+001 -1.189154e+001  1.800000e+001
      vertex -5.091955e+001 -1.189154e+001  2.100000e+001
      vertex -5.084433e+001 -1.122398e+001  1.800000e+001
    endloop
  endfacet
  facet normal -9.937118e-001  1.119672e-001  0.000000e+000
    outer loop
      vertex -5.084433e+001 -1.122398e+001  1.800000e+001
      vertex -5.091955e+001 -1.189154e+001  2.100000e+001
      vertex -5.084433e+001 -1.122398e+001  2.100000e+001
    endloop
  endfacet
  facet normal -9.438847e-001  3.302752e-001  0.000000e+000
    outer loop
      vertex -5.084433e+001 -1.122398e+001  1.800000e+001
      vertex -5.084433e+001 -1.122398e+001  2.100000e+001
      vertex -5.062246e+001 -1.058989e+001  1.800000e+001
    endloop
  endfacet
  facet normal -9.438847e-001  3.302752e-001  0.000000e+000
    outer loop
      vertex -5.062246e+001 -1.058989e+001  1.800000e+001
      vertex -5.084433e+001 -1.122398e+001  2.100000e+001
      vertex -5.062246e+001 -1.058989e+001  2.100000e+001
    endloop
  endfacet
  facet normal -8.467228e-001  5.320344e-001  0.000000e+000
    outer loop
      vertex -5.062246e+001 -1.058989e+001  1.800000e+001
      vertex -5.062246e+001 -1.058989e+001  2.100000e+001
      vertex -5.026505e+001 -1.002107e+001  1.800000e+001
    endloop
  endfacet
  facet normal -8.467228e-001  5.320344e-001  0.000000e+000
    outer loop
      vertex -5.026505e+001 -1.002107e+001  1.800000e+001
      vertex -5.062246e+001 -1.058989e+001  2.100000e+001
      vertex -5.026505e+001 -1.002107e+001  2.100000e+001
    endloop
  endfacet
  facet normal -7.071068e-001  7.071068e-001  0.000000e+000
    outer loop
      vertex -5.026505e+001 -1.002107e+001  1.800000e+001
      vertex -5.026505e+001 -1.002107e+001  2.100000e+001
      vertex -4.979002e+001 -9.546049e+000  1.800000e+001
    endloop
  endfacet
  facet normal -7.071068e-001  7.071068e-001  0.000000e+000
    outer loop
      vertex -4.979002e+001 -9.546049e+000  1.800000e+001
      vertex -5.026505e+001 -1.002107e+001  2.100000e+001
      vertex -4.979002e+001 -9.546049e+000  2.100000e+001
    endloop
  endfacet
  facet normal -5.320320e-001  8.467243e-001  0.000000e+000
    outer loop
      vertex -4.979002e+001 -9.546049e+000  1.800000e+001
      vertex -4.979002e+001 -9.546049e+000  2.100000e+001
      vertex -4.922120e+001 -9.188638e+000  1.800000e+001
    endloop
  endfacet
  facet normal -5.320320e-001  8.467243e-001  0.000000e+000
    outer loop
      vertex -4.922120e+001 -9.188638e+000  1.800000e+001
      vertex -4.979002e+001 -9.546049e+000  2.100000e+001
      vertex -4.922120e+001 -9.188638e+000  2.100000e+001
    endloop
  endfacet
  facet normal -3.302781e-001  9.438838e-001  0.000000e+000
    outer loop
      vertex -4.922120e+001 -9.188638e+000  1.800000e+001
      vertex -4.922120e+001 -9.188638e+000  2.100000e+001
      vertex -4.858711e+001 -8.966761e+000  1.800000e+001
    endloop
  endfacet
  facet normal -3.302781e-001  9.438838e-001  0.000000e+000
    outer loop
      vertex -4.858711e+001 -8.966761e+000  1.800000e+001
      vertex -4.922120e+001 -9.188638e+000  2.100000e+001
      vertex -4.858711e+001 -8.966761e+000  2.100000e+001
    endloop
  endfacet
  facet normal -1.119649e-001  9.937122e-001  0.000000e+000
    outer loop
      vertex -4.858711e+001 -8.966761e+000  1.800000e+001
      vertex -4.858711e+001 -8.966761e+000  2.100000e+001
      vertex -4.791955e+001 -8.891544e+000  1.800000e+001
    endloop
  endfacet
  facet normal -1.119649e-001  9.937122e-001  0.000000e+000
    outer loop
      vertex -4.791955e+001 -8.891544e+000  1.800000e+001
      vertex -4.858711e+001 -8.966761e+000  2.100000e+001
      vertex -4.791955e+001 -8.891544e+000  2.100000e+001
    endloop
  endfacet
  facet normal  1.119643e-001  9.937122e-001  0.000000e+000
    outer loop
      vertex -4.791955e+001 -8.891544e+000  1.800000e+001
      vertex -4.791955e+001 -8.891544e+000  2.100000e+001
      vertex -4.725199e+001 -8.966761e+000  1.800000e+001
    endloop
  endfacet
  facet normal  1.119643e-001  9.937122e-001  -0.000000e+000
    outer loop
      vertex -4.725199e+001 -8.966761e+000  1.800000e+001
      vertex -4.791955e+001 -8.891544e+000  2.100000e+001
      vertex -4.725199e+001 -8.966761e+000  2.100000e+001
    endloop
  endfacet
  facet normal  3.302799e-001  9.438831e-001  0.000000e+000
    outer loop
      vertex -4.725199e+001 -8.966761e+000  1.800000e+001
      vertex -4.725199e+001 -8.966761e+000  2.100000e+001
      vertex -4.661790e+001 -9.188638e+000  1.800000e+001
    endloop
  endfacet
  facet normal  3.302799e-001  9.438831e-001  -0.000000e+000
    outer loop
      vertex -4.661790e+001 -9.188638e+000  1.800000e+001
      vertex -4.725199e+001 -8.966761e+000  2.100000e+001
      vertex -4.661790e+001 -9.188638e+000  2.100000e+001
    endloop
  endfacet
  facet normal  5.320294e-001  8.467259e-001  0.000000e+000
    outer loop
      vertex -4.661790e+001 -9.188638e+000  1.800000e+001
      vertex -4.661790e+001 -9.188638e+000  2.100000e+001
      vertex -4.604908e+001 -9.546049e+000  1.800000e+001
    endloop
  endfacet
  facet normal  5.320294e-001  8.467259e-001  -0.000000e+000
    outer loop
      vertex -4.604908e+001 -9.546049e+000  1.800000e+001
      vertex -4.661790e+001 -9.188638e+000  2.100000e+001
      vertex -4.604908e+001 -9.546049e+000  2.100000e+001
    endloop
  endfacet
  facet normal  7.071096e-001  7.071040e-001  0.000000e+000
    outer loop
      vertex -4.604908e+001 -9.546049e+000  1.800000e+001
      vertex -4.604908e+001 -9.546049e+000  2.100000e+001
      vertex -4.557406e+001 -1.002107e+001  1.800000e+001
    endloop
  endfacet
  facet normal  7.071096e-001  7.071040e-001  -0.000000e+000
    outer loop
      vertex -4.557406e+001 -1.002107e+001  1.800000e+001
      vertex -4.604908e+001 -9.546049e+000  2.100000e+001
      vertex -4.557406e+001 -1.002107e+001  2.100000e+001
    endloop
  endfacet
  facet normal  8.467228e-001  5.320344e-001  0.000000e+000
    outer loop
      vertex -4.557406e+001 -1.002107e+001  1.800000e+001
      vertex -4.557406e+001 -1.002107e+001  2.100000e+001
      vertex -4.521664e+001 -1.058989e+001  1.800000e+001
    endloop
  endfacet
  facet normal  8.467228e-001  5.320344e-001  -0.000000e+000
    outer loop
      vertex -4.521664e+001 -1.058989e+001  1.800000e+001
      vertex -4.557406e+001 -1.002107e+001  2.100000e+001
      vertex -4.521664e+001 -1.058989e+001  2.100000e+001
    endloop
  endfacet
  facet normal  9.438829e-001  3.302802e-001  0.000000e+000
    outer loop
      vertex -4.521664e+001 -1.058989e+001  1.800000e+001
      vertex -4.521664e+001 -1.058989e+001  2.100000e+001
      vertex -4.499477e+001 -1.122398e+001  1.800000e+001
    endloop
  endfacet
  facet normal  9.438829e-001  3.302802e-001  -0.000000e+000
    outer loop
      vertex -4.499477e+001 -1.122398e+001  1.800000e+001
      vertex -4.521664e+001 -1.058989e+001  2.100000e+001
      vertex -4.499477e+001 -1.122398e+001  2.100000e+001
    endloop
  endfacet
  facet normal  9.937125e-001  1.119616e-001  0.000000e+000
    outer loop
      vertex -4.499477e+001 -1.122398e+001  1.800000e+001
      vertex -4.499477e+001 -1.122398e+001  2.100000e+001
      vertex -4.491955e+001 -1.189154e+001  1.800000e+001
    endloop
  endfacet
  facet normal  9.937125e-001  1.119616e-001  -0.000000e+000
    outer loop
      vertex -4.491955e+001 -1.189154e+001  1.800000e+001
      vertex -4.499477e+001 -1.122398e+001  2.100000e+001
      vertex -4.491955e+001 -1.189154e+001  2.100000e+001
    endloop
  endfacet
  facet normal  1.000000e+000  -0.000000e+000  0.000000e+000
    outer loop
      vertex -4.491955e+001 -1.189154e+001  2.100000e+001
      vertex -4.491955e+001 -1.309354e+001  2.100000e+001
      vertex -4.491955e+001 -1.189154e+001  1.800000e+001
    endloop
  endfacet
  facet normal  1.000000e+000  0.000000e+000  0.000000e+000
    outer loop
      vertex -4.491955e+001 -1.189154e+001  1.800000e+001
      vertex -4.491955e+001 -1.309354e+001  2.100000e+001
      vertex -4.491955e+001 -1.309354e+001  1.800000e+001
    endloop
  endfacet
  facet normal  0.000000e+000  1.000000e+000  -0.000000e+000
    outer loop
      vertex  3.348478e+001 -1.309354e+001  2.100000e+001
      vertex  3.348478e+001 -1.309354e+001  1.800000e+001
      vertex -4.491955e+001 -1.309354e+001  2.100000e+001
    endloop
  endfacet
  facet normal  0.000000e+000  1.000000e+000  0.000000e+000
    outer loop
      vertex -4.491955e+001 -1.309354e+001  2.100000e+001
      vertex  3.348478e+001 -1.309354e+001  1.800000e+001
      vertex -4.491955e+001 -1.309354e+001  1.800000e+001
    endloop
  endfacet
  facet normal -1.000000e+000  -0.000000e+000  0.000000e+000
    outer loop
      vertex  3.348478e+001 -1.309354e+001  2.100000e+001
      vertex  3.348478e+001 -1.189154e+001  2.100000e+001
      vertex  3.348478e+001 -1.309354e+001  1.800000e+001
    endloop
  endfacet
  facet normal -1.000000e+000  0.000000e+000  0.000000e+000
    outer loop
      vertex  3.348478e+001 -1.309354e+001  1.800000e+001
      vertex  3.348478e+001 -1.189154e+001  2.100000e+001
      vertex  3.348478e+001 -1.189154e+001  1.800000e+001
    endloop
  endfacet
  facet normal -9.937125e-001  1.119616e-001  0.000000e+000
    outer loop
      vertex  3.348478e+001 -1.189154e+001  1.800000e+001
      vertex  3.348478e+001 -1.189154e+001  2.100000e+001
      vertex  3.355999e+001 -1.122398e+001  1.800000e+001
    endloop
  endfacet
  facet normal -9.937125e-001  1.119616e-001  0.000000e+000
    outer loop
      vertex  3.355999e+001 -1.122398e+001  1.800000e+001
      vertex  3.348478e+001 -1.189154e+001  2.100000e+001
      vertex  3.355999e+001 -1.122398e+001  2.100000e+001
    endloop
  endfacet
  facet normal -9.438829e-001  3.302802e-001  0.000000e+000
    outer loop
      vertex  3.355999e+001 -1.122398e+001  1.800000e+001
      vertex  3.355999e+001 -1.122398e+001  2.100000e+001
      vertex  3.378187e+001 -1.058989e+001  1.800000e+001
    endloop
  endfacet
  facet normal -9.438829e-001  3.302802e-001  0.000000e+000
    outer loop
      vertex  3.378187e+001 -1.058989e+001  1.800000e+001
      vertex  3.355999e+001 -1.122398e+001  2.100000e+001
      vertex  3.378187e+001 -1.058989e+001  2.100000e+001
    endloop
  endfacet
  facet normal -8.467228e-001  5.320344e-001  0.000000e+000
    outer loop
      vertex  3.378187e+001 -1.058989e+001  1.800000e+001
      vertex  3.378187e+001 -1.058989e+001  2.100000e+001
      vertex  3.413928e+001 -1.002107e+001  1.800000e+001
    endloop
  endfacet
  facet normal -8.467228e-001  5.320344e-001  0.000000e+000
    outer loop
      vertex  3.413928e+001 -1.002107e+001  1.800000e+001
      vertex  3.378187e+001 -1.058989e+001  2.100000e+001
      vertex  3.413928e+001 -1.002107e+001  2.100000e+001
    endloop
  endfacet
  facet normal -7.071096e-001  7.071040e-001  0.000000e+000
    outer loop
      vertex  3.413928e+001 -1.002107e+001  1.800000e+001
      vertex  3.413928e+001 -1.002107e+001  2.100000e+001
      vertex  3.461430e+001 -9.546049e+000  1.800000e+001
    endloop
  endfacet
  facet normal -7.071096e-001  7.071040e-001  0.000000e+000
    outer loop
      vertex  3.461430e+001 -9.546049e+000  1.800000e+001
      vertex  3.413928e+001 -1.002107e+001  2.100000e+001
      vertex  3.461430e+001 -9.546049e+000  2.100000e+001
    endloop
  endfacet
  facet normal -5.320294e-001  8.467259e-001  0.000000e+000
    outer loop
      vertex  3.461430e+001 -9.546049e+000  1.800000e+001
      vertex  3.461430e+001 -9.546049e+000  2.100000e+001
      vertex  3.518312e+001 -9.188638e+000  1.800000e+001
    endloop
  endfacet
  facet normal -5.320294e-001  8.467259e-001  0.000000e+000
    outer loop
      vertex  3.518312e+001 -9.188638e+000  1.800000e+001
      vertex  3.461430e+001 -9.546049e+000  2.100000e+001
      vertex  3.518312e+001 -9.188638e+000  2.100000e+001
    endloop
  endfacet
  facet normal -3.302799e-001  9.438831e-001  0.000000e+000
    outer loop
      vertex  3.518312e+001 -9.188638e+000  1.800000e+001
      vertex  3.518312e+001 -9.188638e+000  2.100000e+001
      vertex  3.581721e+001 -8.966761e+000  1.800000e+001
    endloop
  endfacet
  facet normal -3.302799e-001  9.438831e-001  0.000000e+000
    outer loop
      vertex  3.581721e+001 -8.966761e+000  1.800000e+001
      vertex  3.518312e+001 -9.188638e+000  2.100000e+001
      vertex  3.581721e+001 -8.966761e+000  2.100000e+001
    endloop
  endfacet
  facet normal -1.119643e-001  9.937122e-001  0.000000e+000
    outer loop
      vertex  3.581721e+001 -8.966761e+000  1.800000e+001
      vertex  3.581721e+001 -8.966761e+000  2.100000e+001
      vertex  3.648478e+001 -8.891544e+000  1.800000e+001
    endloop
  endfacet
  facet normal -1.119643e-001  9.937122e-001  0.000000e+000
    outer loop
      vertex  3.648478e+001 -8.891544e+000  1.800000e+001
      vertex  3.581721e+001 -8.966761e+000  2.100000e+001
      vertex  3.648478e+001 -8.891544e+000  2.100000e+001
    endloop
  endfacet
  facet normal  1.119649e-001  9.937122e-001  0.000000e+000
    outer loop
      vertex  3.648478e+001 -8.891544e+000  1.800000e+001
      vertex  3.648478e+001 -8.891544e+000  2.100000e+001
      vertex  3.715234e+001 -8.966761e+000  1.800000e+001
    endloop
  endfacet
  facet normal  1.119649e-001  9.937122e-001  -0.000000e+000
    outer loop
      vertex  3.715234e+001 -8.966761e+000  1.800000e+001
      vertex  3.648478e+001 -8.891544e+000  2.100000e+001
      vertex  3.715234e+001 -8.966761e+000  2.100000e+001
    endloop
  endfacet
  facet normal  3.302781e-001  9.438838e-001  0.000000e+000
    outer loop
      vertex  3.715234e+001 -8.966761e+000  1.800000e+001
      vertex  3.715234e+001 -8.966761e+000  2.100000e+001
      vertex  3.778643e+001 -9.188638e+000  1.800000e+001
    endloop
  endfacet
  facet normal  3.302781e-001  9.438838e-001  -0.000000e+000
    outer loop
      vertex  3.778643e+001 -9.188638e+000  1.800000e+001
      vertex  3.715234e+001 -8.966761e+000  2.100000e+001
      vertex  3.778643e+001 -9.188638e+000  2.100000e+001
    endloop
  endfacet
  facet normal  5.320320e-001  8.467243e-001  0.000000e+000
    outer loop
      vertex  3.778643e+001 -9.188638e+000  1.800000e+001
      vertex  3.778643e+001 -9.188638e+000  2.100000e+001
      vertex  3.835524e+001 -9.546049e+000  1.800000e+001
    endloop
  endfacet
  facet normal  5.320320e-001  8.467243e-001  -0.000000e+000
    outer loop
      vertex  3.835524e+001 -9.546049e+000  1.800000e+001
      vertex  3.778643e+001 -9.188638e+000  2.100000e+001
      vertex  3.835524e+001 -9.546049e+000  2.100000e+001
    endloop
  endfacet
  facet normal  7.071068e-001  7.071068e-001  0.000000e+000
    outer loop
      vertex  3.835524e+001 -9.546049e+000  1.800000e+001
      vertex  3.835524e+001 -9.546049e+000  2.100000e+001
      vertex  3.883027e+001 -1.002107e+001  1.800000e+001
    endloop
  endfacet
  facet normal  7.071068e-001  7.071068e-001  -0.000000e+000
    outer loop
      vertex  3.883027e+001 -1.002107e+001  1.800000e+001
      vertex  3.835524e+001 -9.546049e+000  2.100000e+001
      vertex  3.883027e+001 -1.002107e+001  2.100000e+001
    endloop
  endfacet
  facet normal  8.467228e-001  5.320344e-001  0.000000e+000
    outer loop
      vertex  3.883027e+001 -1.002107e+001  1.800000e+001
      vertex  3.883027e+001 -1.002107e+001  2.100000e+001
      vertex  3.918768e+001 -1.058989e+001  1.800000e+001
    endloop
  endfacet
  facet normal  8.467228e-001  5.320344e-001  -0.000000e+000
    outer loop
      vertex  3.918768e+001 -1.058989e+001  1.800000e+001
      vertex  3.883027e+001 -1.002107e+001  2.100000e+001
      vertex  3.918768e+001 -1.058989e+001  2.100000e+001
    endloop
  endfacet
  facet normal  9.438847e-001  3.302752e-001  0.000000e+000
    outer loop
      vertex  3.918768e+001 -1.058989e+001  1.800000e+001
      vertex  3.918768e+001 -1.058989e+001  2.100000e+001
      vertex  3.940956e+001 -1.122398e+001  1.800000e+001
    endloop
  endfacet
  facet normal  9.438847e-001  3.302752e-001  -0.000000e+000
    outer loop
      vertex  3.940956e+001 -1.122398e+001  1.800000e+001
      vertex  3.918768e+001 -1.058989e+001  2.100000e+001
      vertex  3.940956e+001 -1.122398e+001  2.100000e+001
    endloop
  endfacet
  facet normal  9.937118e-001  1.119672e-001  0.000000e+000
    outer loop
      vertex  3.940956e+001 -1.122398e+001  1.800000e+001
      vertex  3.940956e+001 -1.122398e+001  2.100000e+001
      vertex  3.948478e+001 -1.189154e+001  1.800000e+001
    endloop
  endfacet
  facet normal  9.937118e-001  1.119672e-001  -0.000000e+000
    outer loop
      vertex  3.948478e+001 -1.189154e+001  1.800000e+001
      vertex  3.940956e+001 -1.122398e+001  2.100000e+001
      vertex  3.948478e+001 -1.189154e+001  2.100000e+001
    endloop
  endfacet
  facet normal  9.937118e-001 -1.119674e-001  0.000000e+000
    outer loop
      vertex  3.948478e+001 -1.189154e+001  1.800000e+001
      vertex  3.948478e+001 -1.189154e+001  2.100000e+001
      vertex  3.940956e+001 -1.255911e+001  1.800000e+001
    endloop
  endfacet
  facet normal  9.937118e-001 -1.119674e-001  0.000000e+000
    outer loop
      vertex  3.940956e+001 -1.255911e+001  1.800000e+001
      vertex  3.948478e+001 -1.189154e+001  2.100000e+001
      vertex  3.940956e+001 -1.255911e+001  2.100000e+001
    endloop
  endfacet
  facet normal  9.438847e-001 -3.302752e-001  0.000000e+000
    outer loop
      vertex  3.940956e+001 -1.255911e+001  1.800000e+001
      vertex  3.940956e+001 -1.255911e+001  2.100000e+001
      vertex  3.918768e+001 -1.319320e+001  1.800000e+001
    endloop
  endfacet
  facet normal  9.438847e-001 -3.302752e-001  0.000000e+000
    outer loop
      vertex  3.918768e+001 -1.319320e+001  1.800000e+001
      vertex  3.940956e+001 -1.255911e+001  2.100000e+001
      vertex  3.918768e+001 -1.319320e+001  2.100000e+001
    endloop
  endfacet
  facet normal  8.467228e-001 -5.320344e-001  0.000000e+000
    outer loop
      vertex  3.918768e+001 -1.319320e+001  1.800000e+001
      vertex  3.918768e+001 -1.319320e+001  2.100000e+001
      vertex  3.883027e+001 -1.376201e+001  1.800000e+001
    endloop
  endfacet
  facet normal  8.467228e-001 -5.320344e-001  0.000000e+000
    outer loop
      vertex  3.883027e+001 -1.376201e+001  1.800000e+001
      vertex  3.918768e+001 -1.319320e+001  2.100000e+001
      vertex  3.883027e+001 -1.376201e+001  2.100000e+001
    endloop
  endfacet
  facet normal  7.071068e-001 -7.071068e-001  0.000000e+000
    outer loop
      vertex  3.883027e+001 -1.376201e+001  1.800000e+001
      vertex  3.883027e+001 -1.376201e+001  2.100000e+001
      vertex  3.835524e+001 -1.423704e+001  1.800000e+001
    endloop
  endfacet
  facet normal  7.071068e-001 -7.071068e-001  0.000000e+000
    outer loop
      vertex  3.835524e+001 -1.423704e+001  1.800000e+001
      vertex  3.883027e+001 -1.376201e+001  2.100000e+001
      vertex  3.835524e+001 -1.423704e+001  2.100000e+001
    endloop
  endfacet
  facet normal  5.320330e-001 -8.467236e-001  0.000000e+000
    outer loop
      vertex  3.835524e+001 -1.423704e+001  1.800000e+001
      vertex  3.835524e+001 -1.423704e+001  2.100000e+001
      vertex  3.778643e+001 -1.459445e+001  1.800000e+001
    endloop
  endfacet
  facet normal  5.320330e-001 -8.467236e-001  0.000000e+000
    outer loop
      vertex  3.778643e+001 -1.459445e+001  1.800000e+001
      vertex  3.835524e+001 -1.423704e+001  2.100000e+001
      vertex  3.778643e+001 -1.459445e+001  2.100000e+001
    endloop
  endfacet
  facet normal  3.302781e-001 -9.438838e-001  0.000000e+000
    outer loop
      vertex  3.778643e+001 -1.459445e+001  1.800000e+001
      vertex  3.778643e+001 -1.459445e+001  2.100000e+001
      vertex  3.715234e+001 -1.481633e+001  1.800000e+001
    endloop
  endfacet
  facet normal  3.302781e-001 -9.438838e-001  0.000000e+000
    outer loop
      vertex  3.715234e+001 -1.481633e+001  1.800000e+001
      vertex  3.778643e+001 -1.459445e+001  2.100000e+001
      vertex  3.715234e+001 -1.481633e+001  2.100000e+001
    endloop
  endfacet
  facet normal  1.119649e-001 -9.937122e-001  0.000000e+000
    outer loop
      vertex  3.715234e+001 -1.481633e+001  1.800000e+001
      vertex  3.715234e+001 -1.481633e+001  2.100000e+001
      vertex  3.648478e+001 -1.489154e+001  1.800000e+001
    endloop
  endfacet
  facet normal  1.119649e-001 -9.937122e-001  0.000000e+000
    outer loop
      vertex  3.648478e+001 -1.489154e+001  1.800000e+001
      vertex  3.715234e+001 -1.481633e+001  2.100000e+001
      vertex  3.648478e+001 -1.489154e+001  2.100000e+001
    endloop
  endfacet
  facet normal  0.000000e+000 -1.000000e+000  0.000000e+000
    outer loop
      vertex  3.648478e+001 -1.489154e+001  2.100000e+001
      vertex  3.528261e+001 -1.489154e+001  2.100000e+001
      vertex  3.648478e+001 -1.489154e+001  1.800000e+001
    endloop
  endfacet
  facet normal  0.000000e+000 -1.000000e+000  0.000000e+000
    outer loop
      vertex  3.648478e+001 -1.489154e+001  1.800000e+001
      vertex  3.528261e+001 -1.489154e+001  2.100000e+001
      vertex  3.528261e+001 -1.489154e+001  1.800000e+001
    endloop
  endfacet
  facet normal  1.000000e+000  0.000000e+000  0.000000e+000
    outer loop
      vertex  3.528261e+001 -4.329554e+001  2.100000e+001
      vertex  3.528261e+001 -4.329554e+001  1.800000e+001
      vertex  3.528261e+001 -1.489154e+001  2.100000e+001
    endloop
  endfacet
  facet normal  1.000000e+000  0.000000e+000  0.000000e+000
    outer loop
      vertex  3.528261e+001 -1.489154e+001  2.100000e+001
      vertex  3.528261e+001 -4.329554e+001  1.800000e+001
      vertex  3.528261e+001 -1.489154e+001  1.800000e+001
    endloop
  endfacet
endsolid CATIA STL
