solid CATIA STL
  facet normal  1.000000e+000  0.000000e+000  0.000000e+000
    outer loop
      vertex  1.061763e+001 -2.860000e+001 -3.149187e+002
      vertex  1.061763e+001 -2.671750e+001 -3.149187e+002
      vertex  1.061763e+001 -2.860000e+001 -3.127307e+002
    endloop
  endfacet
  facet normal  1.000000e+000  -0.000000e+000  0.000000e+000
    outer loop
      vertex  1.061763e+001 -2.860000e+001 -3.127307e+002
      vertex  1.061763e+001 -2.671750e+001 -3.149187e+002
      vertex  1.061763e+001 -2.671750e+001 -3.127307e+002
    endloop
  endfacet
  facet normal -1.000000e+000  0.000000e+000  0.000000e+000
    outer loop
      vertex  2.211762e+001 -2.640000e+001 -3.149070e+002
      vertex  2.211762e+001 -2.860000e+001 -3.149070e+002
      vertex  2.211762e+001 -2.640000e+001 -3.119078e+002
    endloop
  endfacet
  facet normal -1.000000e+000  -0.000000e+000  0.000000e+000
    outer loop
      vertex  2.211762e+001 -2.640000e+001 -3.119078e+002
      vertex  2.211762e+001 -2.860000e+001 -3.149070e+002
      vertex  2.211762e+001 -2.860000e+001 -3.119078e+002
    endloop
  endfacet
  facet normal  1.000000e+000  0.000000e+000  0.000000e+000
    outer loop
      vertex  1.061763e+001 -2.671750e+001 -3.149187e+002
      vertex  1.061763e+001 -2.490000e+001 -3.149187e+002
      vertex  1.061763e+001 -2.671750e+001 -3.127307e+002
    endloop
  endfacet
  facet normal  1.000000e+000  -0.000000e+000  0.000000e+000
    outer loop
      vertex  1.061763e+001 -2.671750e+001 -3.127307e+002
      vertex  1.061763e+001 -2.490000e+001 -3.149187e+002
      vertex  1.061763e+001 -2.490000e+001 -3.127307e+002
    endloop
  endfacet
  facet normal -1.000000e+000  0.000000e+000  0.000000e+000
    outer loop
      vertex  2.211762e+001 -2.490000e+001 -3.149070e+002
      vertex  2.211762e+001 -2.640000e+001 -3.149070e+002
      vertex  2.211762e+001 -2.490000e+001 -3.119078e+002
    endloop
  endfacet
  facet normal -1.000000e+000  -0.000000e+000  0.000000e+000
    outer loop
      vertex  2.211762e+001 -2.490000e+001 -3.119078e+002
      vertex  2.211762e+001 -2.640000e+001 -3.149070e+002
      vertex  2.211762e+001 -2.640000e+001 -3.119078e+002
    endloop
  endfacet
  facet normal  7.427230e-002  6.062550e-003 -9.972196e-001
    outer loop
      vertex  1.063428e+001 -2.882287e+001 -3.149176e+002
      vertex  1.074745e+001 -2.921042e+001 -3.149115e+002
      vertex  1.095990e+001 -3.107021e+001 -3.149070e+002
    endloop
  endfacet
  facet normal  2.125489e-002  0.000000e+000 -9.997742e-001
    outer loop
      vertex  1.074745e+001 -2.921042e+001 -3.149115e+002
      vertex  1.095990e+001 -2.955376e+001 -3.149070e+002
      vertex  1.095990e+001 -3.107021e+001 -3.149070e+002
    endloop
  endfacet
  facet normal  1.813625e-001  0.000000e+000 -9.834163e-001
    outer loop
      vertex  1.035292e+001 -3.105253e+001 -3.149439e+002
      vertex  9.756866e+000 -3.100000e+001 -3.150539e+002
      vertex  9.756866e+000  3.100000e+001 -3.150539e+002
    endloop
  endfacet
  facet normal  1.813625e-001  0.000000e+000 -9.834163e-001
    outer loop
      vertex  1.035292e+001 -3.105253e+001 -3.149439e+002
      vertex  9.756866e+000  3.100000e+001 -3.150539e+002
      vertex  1.035292e+001  3.105253e+001 -3.149439e+002
    endloop
  endfacet
  facet normal  6.077375e-002  0.000000e+000 -9.981515e-001
    outer loop
      vertex  1.035292e+001 -3.105253e+001 -3.149439e+002
      vertex  1.035292e+001  3.105253e+001 -3.149439e+002
      vertex  1.095990e+001  3.107021e+001 -3.149070e+002
    endloop
  endfacet
  facet normal  1.048856e-001 -4.331834e-004 -9.944842e-001
    outer loop
      vertex  1.035292e+001 -3.105253e+001 -3.149439e+002
      vertex  1.095990e+001  3.107021e+001 -3.149070e+002
      vertex  1.061763e+001 -2.490000e+001 -3.149187e+002
    endloop
  endfacet
  facet normal  9.491266e-002  0.000000e+000 -9.954855e-001
    outer loop
      vertex  1.035292e+001 -3.105253e+001 -3.149439e+002
      vertex  1.061763e+001 -2.490000e+001 -3.149187e+002
      vertex  1.061763e+001 -2.671750e+001 -3.149187e+002
    endloop
  endfacet
  facet normal  9.491268e-002  0.000000e+000 -9.954857e-001
    outer loop
      vertex  1.035292e+001 -3.105253e+001 -3.149439e+002
      vertex  1.061763e+001 -2.671750e+001 -3.149187e+002
      vertex  1.061763e+001 -2.860000e+001 -3.149187e+002
    endloop
  endfacet
  facet normal  8.378768e-002  1.211010e-003 -9.964830e-001
    outer loop
      vertex  1.035292e+001 -3.105253e+001 -3.149439e+002
      vertex  1.061763e+001 -2.860000e+001 -3.149187e+002
      vertex  1.063428e+001 -2.882287e+001 -3.149176e+002
    endloop
  endfacet
  facet normal  6.089276e-002  4.119634e-003 -9.981359e-001
    outer loop
      vertex  1.035292e+001 -3.105253e+001 -3.149439e+002
      vertex  1.063428e+001 -2.882287e+001 -3.149176e+002
      vertex  1.095990e+001 -3.107021e+001 -3.149070e+002
    endloop
  endfacet
  facet normal  1.220579e-002  0.000000e+000 -9.999255e-001
    outer loop
      vertex  1.095990e+001  3.107021e+001 -3.149070e+002
      vertex  1.095990e+001 -2.378110e+001 -3.149070e+002
      vertex  1.083739e+001 -2.398853e+001 -3.149085e+002
    endloop
  endfacet
  facet normal  4.106499e-002 -6.423133e-005 -9.991565e-001
    outer loop
      vertex  1.095990e+001  3.107021e+001 -3.149070e+002
      vertex  1.083739e+001 -2.398853e+001 -3.149085e+002
      vertex  1.067335e+001 -2.443119e+001 -3.149152e+002
    endloop
  endfacet
  facet normal  6.440868e-002 -1.849362e-004 -9.979237e-001
    outer loop
      vertex  1.095990e+001  3.107021e+001 -3.149070e+002
      vertex  1.067335e+001 -2.443119e+001 -3.149152e+002
      vertex  1.061763e+001 -2.490000e+001 -3.149187e+002
    endloop
  endfacet
  facet normal  7.110024e-001  0.000000e+000 -7.031896e-001
    outer loop
      vertex  7.690758e+000  3.100000e+001 -3.161237e+002
      vertex  7.140898e+000 -3.100000e+001 -3.166797e+002
      vertex  7.140898e+000  3.100000e+001 -3.166797e+002
    endloop
  endfacet
  facet normal  8.119217e-001  0.000000e+000 -5.837663e-001
    outer loop
      vertex  7.140898e+000  3.100000e+001 -3.166797e+002
      vertex  7.140898e+000 -3.100000e+001 -3.166797e+002
      vertex  6.684440e+000 -3.100000e+001 -3.173146e+002
    endloop
  endfacet
  facet normal  8.119217e-001  0.000000e+000 -5.837663e-001
    outer loop
      vertex  7.140898e+000  3.100000e+001 -3.166797e+002
      vertex  6.684440e+000 -3.100000e+001 -3.173146e+002
      vertex  6.684440e+000  3.100000e+001 -3.173146e+002
    endloop
  endfacet
  facet normal  8.930205e-001  0.000000e+000 -4.500160e-001
    outer loop
      vertex  6.684440e+000  3.100000e+001 -3.173146e+002
      vertex  6.684440e+000 -3.100000e+001 -3.173146e+002
      vertex  6.332547e+000 -3.100000e+001 -3.180129e+002
    endloop
  endfacet
  facet normal  8.930205e-001  0.000000e+000 -4.500160e-001
    outer loop
      vertex  6.684440e+000  3.100000e+001 -3.173146e+002
      vertex  6.332547e+000 -3.100000e+001 -3.180129e+002
      vertex  6.332547e+000  3.100000e+001 -3.180129e+002
    endloop
  endfacet
  facet normal  7.110024e-001  0.000000e+000 -7.031896e-001
    outer loop
      vertex  7.140898e+000 -3.100000e+001 -3.166797e+002
      vertex  7.690758e+000  3.100000e+001 -3.161237e+002
      vertex  7.690758e+000 -3.100000e+001 -3.161237e+002
    endloop
  endfacet
  facet normal  5.926490e-001  0.000000e+000 -8.054608e-001
    outer loop
      vertex  7.690758e+000 -3.100000e+001 -3.161237e+002
      vertex  7.690758e+000  3.100000e+001 -3.161237e+002
      vertex  8.320571e+000  3.100000e+001 -3.156603e+002
    endloop
  endfacet
  facet normal  5.926490e-001  0.000000e+000 -8.054608e-001
    outer loop
      vertex  7.690758e+000 -3.100000e+001 -3.161237e+002
      vertex  8.320571e+000  3.100000e+001 -3.156603e+002
      vertex  8.320571e+000 -3.100000e+001 -3.156603e+002
    endloop
  endfacet
  facet normal  4.598310e-001  0.000000e+000 -8.880064e-001
    outer loop
      vertex  8.320571e+000 -3.100000e+001 -3.156603e+002
      vertex  8.320571e+000  3.100000e+001 -3.156603e+002
      vertex  9.014935e+000  3.100000e+001 -3.153008e+002
    endloop
  endfacet
  facet normal  4.598310e-001  0.000000e+000 -8.880064e-001
    outer loop
      vertex  8.320571e+000 -3.100000e+001 -3.156603e+002
      vertex  9.014935e+000  3.100000e+001 -3.153008e+002
      vertex  9.014935e+000 -3.100000e+001 -3.153008e+002
    endloop
  endfacet
  facet normal  3.157755e-001  0.000000e+000 -9.488339e-001
    outer loop
      vertex  9.014935e+000 -3.100000e+001 -3.153008e+002
      vertex  9.014935e+000  3.100000e+001 -3.153008e+002
      vertex  9.756866e+000  3.100000e+001 -3.150539e+002
    endloop
  endfacet
  facet normal  3.157755e-001  0.000000e+000 -9.488339e-001
    outer loop
      vertex  9.014935e+000 -3.100000e+001 -3.153008e+002
      vertex  9.756866e+000  3.100000e+001 -3.150539e+002
      vertex  9.756866e+000 -3.100000e+001 -3.150539e+002
    endloop
  endfacet
  facet normal -7.136752e-002  0.000000e+000  9.974501e-001
    outer loop
      vertex  2.866751e+001  1.450000e+001 -3.114392e+002
      vertex  2.866751e+001  1.500017e+001 -3.114392e+002
      vertex  2.516150e+001 -2.600065e+001 -3.116900e+002
    endloop
  endfacet
  facet normal -7.137060e-002  4.333137e-007  9.974499e-001
    outer loop
      vertex  1.559405e+001  6.463328e+000 -3.123746e+002
      vertex  1.511893e+001  6.400646e+000 -3.124086e+002
      vertex  1.520669e+001 -1.000065e+001 -3.124023e+002
    endloop
  endfacet
  facet normal -7.137058e-002  2.639153e-007  9.974498e-001
    outer loop
      vertex  2.866751e+001  1.500017e+001 -3.114392e+002
      vertex  2.468638e+001 -2.606333e+001 -3.117240e+002
      vertex  2.516150e+001 -2.600065e+001 -3.116900e+002
    endloop
  endfacet
  facet normal -7.137636e-002  3.765571e-007  9.974495e-001
    outer loop
      vertex  2.211762e+001 -2.860000e+001 -3.119078e+002
      vertex  2.207583e+001 -2.895163e+001 -3.119108e+002
      vertex  2.460308e+001 -2.890899e+001 -3.117300e+002
    endloop
  endfacet
  facet normal -7.136598e-002  8.421728e-005  9.974502e-001
    outer loop
      vertex  2.211762e+001 -2.860000e+001 -3.119078e+002
      vertex  2.460308e+001 -2.890899e+001 -3.117300e+002
      vertex  2.418493e+001 -2.867476e+001 -3.117599e+002
    endloop
  endfacet
  facet normal -7.137101e-002 -5.530978e-005  9.974498e-001
    outer loop
      vertex  2.211762e+001 -2.860000e+001 -3.119078e+002
      vertex  2.418493e+001 -2.867476e+001 -3.117599e+002
      vertex  2.386179e+001 -2.832030e+001 -3.117830e+002
    endloop
  endfacet
  facet normal -7.137983e-002  0.000000e+000  9.974492e-001
    outer loop
      vertex  2.211762e+001 -2.860000e+001 -3.119078e+002
      vertex  2.386179e+001 -2.832030e+001 -3.117830e+002
      vertex  2.211762e+001 -2.640000e+001 -3.119078e+002
    endloop
  endfacet
  facet normal -7.136299e-002  0.000000e+000  9.974504e-001
    outer loop
      vertex  2.911762e+001 -3.150000e+001 -3.114070e+002
      vertex  2.911762e+001  1.450000e+001 -3.114070e+002
      vertex  2.661762e+001 -2.750000e+001 -3.115858e+002
    endloop
  endfacet
  facet normal -7.134146e-002  1.352570e-005  9.974519e-001
    outer loop
      vertex  2.911762e+001 -3.150000e+001 -3.114070e+002
      vertex  2.661762e+001 -2.750000e+001 -3.115858e+002
      vertex  2.654201e+001 -2.797022e+001 -3.115912e+002
    endloop
  endfacet
  facet normal -7.138507e-002 -1.844897e-005  9.974489e-001
    outer loop
      vertex  2.911762e+001 -3.150000e+001 -3.114070e+002
      vertex  2.654201e+001 -2.797022e+001 -3.115912e+002
      vertex  2.632294e+001 -2.839286e+001 -3.116069e+002
    endloop
  endfacet
  facet normal -7.138343e-002 -1.697574e-005  9.974489e-001
    outer loop
      vertex  2.911762e+001 -3.150000e+001 -3.114070e+002
      vertex  2.632294e+001 -2.839286e+001 -3.116069e+002
      vertex  2.597975e+001 -2.872749e+001 -3.116315e+002
    endloop
  endfacet
  facet normal -7.135756e-002  1.246210e-005  9.974508e-001
    outer loop
      vertex  2.911762e+001 -3.150000e+001 -3.114070e+002
      vertex  2.597975e+001 -2.872749e+001 -3.116315e+002
      vertex  2.554887e+001 -2.893667e+001 -3.116623e+002
    endloop
  endfacet
  facet normal -7.137015e-002 -5.165443e-006  9.974498e-001
    outer loop
      vertex  2.911762e+001 -3.150000e+001 -3.114070e+002
      vertex  2.554887e+001 -2.893667e+001 -3.116623e+002
      vertex  2.507375e+001 -2.899935e+001 -3.116963e+002
    endloop
  endfacet
  facet normal -7.136830e-002 -2.147905e-006  9.974500e-001
    outer loop
      vertex  2.911762e+001 -3.150000e+001 -3.114070e+002
      vertex  2.507375e+001 -2.899935e+001 -3.116963e+002
      vertex  2.118394e+001 -2.998899e+001 -3.119746e+002
    endloop
  endfacet
  facet normal -7.137205e-002 -2.194280e-005  9.974498e-001
    outer loop
      vertex  2.911762e+001 -3.150000e+001 -3.114070e+002
      vertex  2.118394e+001 -2.998899e+001 -3.119746e+002
      vertex  2.084235e+001 -3.008307e+001 -3.119991e+002
    endloop
  endfacet
  facet normal -7.137853e-002 -5.993619e-005  9.974492e-001
    outer loop
      vertex  2.911762e+001 -3.150000e+001 -3.114070e+002
      vertex  2.084235e+001 -3.008307e+001 -3.119991e+002
      vertex  2.061762e+001 -3.010000e+001 -3.120152e+002
    endloop
  endfacet
  facet normal -7.136515e-002  2.170273e-005  9.974503e-001
    outer loop
      vertex  2.911762e+001 -3.150000e+001 -3.114070e+002
      vertex  2.061762e+001 -3.010000e+001 -3.120152e+002
      vertex  1.211763e+001 -3.010000e+001 -3.126233e+002
    endloop
  endfacet
  facet normal -7.136834e-002 -1.744101e-005  9.974500e-001
    outer loop
      vertex  2.911762e+001 -3.150000e+001 -3.114070e+002
      vertex  1.211763e+001 -3.010000e+001 -3.126233e+002
      vertex  5.957367e+000 -3.150000e+001 -3.130641e+002
    endloop
  endfacet
  facet normal -7.127966e-002 -1.494343e-004  9.974564e-001
    outer loop
      vertex  2.911762e+001  3.150000e+001 -3.114070e+002
      vertex  2.425550e+001  2.872749e+001 -3.117549e+002
      vertex  2.468638e+001  2.893667e+001 -3.117240e+002
    endloop
  endfacet
  facet normal -7.137198e-002  1.097176e-005  9.974497e-001
    outer loop
      vertex  2.911762e+001  3.150000e+001 -3.114070e+002
      vertex  2.468638e+001  2.893667e+001 -3.117240e+002
      vertex  2.516150e+001  2.899935e+001 -3.116900e+002
    endloop
  endfacet
  facet normal -7.134219e-002 -3.642009e-005  9.974519e-001
    outer loop
      vertex  2.911762e+001  3.150000e+001 -3.114070e+002
      vertex  2.516150e+001  2.899935e+001 -3.116900e+002
      vertex  2.563217e+001  2.890899e+001 -3.116564e+002
    endloop
  endfacet
  facet normal -7.139409e-002  3.377008e-005  9.974482e-001
    outer loop
      vertex  2.911762e+001  3.150000e+001 -3.114070e+002
      vertex  2.563217e+001  2.890899e+001 -3.116564e+002
      vertex  2.605032e+001  2.867476e+001 -3.116264e+002
    endloop
  endfacet
  facet normal -7.133918e-002 -2.614934e-005  9.974521e-001
    outer loop
      vertex  2.911762e+001  3.150000e+001 -3.114070e+002
      vertex  2.605032e+001  2.867476e+001 -3.116264e+002
      vertex  2.637346e+001  2.832030e+001 -3.116033e+002
    endloop
  endfacet
  facet normal -7.141236e-002  3.731323e-005  9.974469e-001
    outer loop
      vertex  2.911762e+001  3.150000e+001 -3.114070e+002
      vertex  2.637346e+001  2.832030e+001 -3.116033e+002
      vertex  2.655526e+001  2.792801e+001 -3.115903e+002
    endloop
  endfacet
  facet normal -7.134436e-002 -1.171005e-005  9.974517e-001
    outer loop
      vertex  2.911762e+001  3.150000e+001 -3.114070e+002
      vertex  2.655526e+001  2.792801e+001 -3.115903e+002
      vertex  2.661762e+001  2.750000e+001 -3.115858e+002
    endloop
  endfacet
  facet normal -7.139945e-002  2.289617e-005  9.974478e-001
    outer loop
      vertex  2.911762e+001  3.150000e+001 -3.114070e+002
      vertex  2.661762e+001  2.750000e+001 -3.115858e+002
      vertex  2.654201e+001  2.702978e+001 -3.115912e+002
    endloop
  endfacet
  facet normal -7.081713e-002 -3.143435e-004  9.974893e-001
    outer loop
      vertex  2.911762e+001  3.150000e+001 -3.114070e+002
      vertex  2.654201e+001  2.702978e+001 -3.115912e+002
      vertex  2.632294e+001  2.660714e+001 -3.116069e+002
    endloop
  endfacet
  facet normal -7.136904e-002 -2.758783e-006  9.974499e-001
    outer loop
      vertex  2.366751e+001  2.097455e+001 -3.117969e+002
      vertex  2.866751e+001  2.099983e+001 -3.114392e+002
      vertex  2.460308e+001  2.609101e+001 -3.117300e+002
    endloop
  endfacet
  facet normal -7.141023e-002  4.813722e-006  9.974470e-001
    outer loop
      vertex  2.366751e+001  2.097455e+001 -3.117969e+002
      vertex  2.460308e+001  2.609101e+001 -3.117300e+002
      vertex  2.418493e+001  2.632524e+001 -3.117599e+002
    endloop
  endfacet
  facet normal -7.131545e-002 -4.399441e-006  9.974539e-001
    outer loop
      vertex  2.366751e+001  2.097455e+001 -3.117969e+002
      vertex  2.418493e+001  2.632524e+001 -3.117599e+002
      vertex  2.386179e+001  2.667970e+001 -3.117830e+002
    endloop
  endfacet
  facet normal -7.148914e-002  1.545537e-006  9.974414e-001
    outer loop
      vertex  2.366751e+001  2.097455e+001 -3.117969e+002
      vertex  2.386179e+001  2.667970e+001 -3.117830e+002
      vertex  2.367999e+001  2.707199e+001 -3.117961e+002
    endloop
  endfacet
  facet normal -7.125496e-002  1.063759e-006  9.974581e-001
    outer loop
      vertex  2.366751e+001  2.097455e+001 -3.117969e+002
      vertex  2.367999e+001  2.707199e+001 -3.117961e+002
      vertex  2.361762e+001  2.750000e+001 -3.118005e+002
    endloop
  endfacet
  facet normal -7.136846e-002  1.917237e-007  9.974501e-001
    outer loop
      vertex  2.366751e+001  2.097455e+001 -3.117969e+002
      vertex  2.361762e+001  2.750000e+001 -3.118005e+002
      vertex  1.520669e+001  9.399355e+000 -3.124023e+002
    endloop
  endfacet
  facet normal -7.136820e-002  0.000000e+000  9.974501e-001
    outer loop
      vertex  2.366751e+001  2.097455e+001 -3.117969e+002
      vertex  1.520669e+001  9.399355e+000 -3.124023e+002
      vertex  2.366751e+001  1.502545e+001 -3.117969e+002
    endloop
  endfacet
  facet normal -7.137060e-002  4.333137e-007  9.974499e-001
    outer loop
      vertex  1.473156e+001 -1.006333e+001 -3.124363e+002
      vertex  1.520669e+001 -1.000065e+001 -3.124023e+002
      vertex  1.511893e+001  6.400646e+000 -3.124086e+002
    endloop
  endfacet
  facet normal -7.133532e-002 -4.013409e-007  9.974524e-001
    outer loop
      vertex  1.473156e+001 -1.006333e+001 -3.124363e+002
      vertex  1.511893e+001  6.400646e+000 -3.124086e+002
      vertex  1.464826e+001  6.491014e+000 -3.124423e+002
    endloop
  endfacet
  facet normal -7.141337e-002 -7.960248e-007  9.974468e-001
    outer loop
      vertex  1.473156e+001 -1.006333e+001 -3.124363e+002
      vertex  1.464826e+001  6.491014e+000 -3.124423e+002
      vertex  1.423011e+001  6.725239e+000 -3.124722e+002
    endloop
  endfacet
  facet normal -7.130828e-002  2.358664e-006  9.974543e-001
    outer loop
      vertex  1.473156e+001 -1.006333e+001 -3.124363e+002
      vertex  1.423011e+001  6.725239e+000 -3.124722e+002
      vertex  1.390698e+001  7.079703e+000 -3.124953e+002
    endloop
  endfacet
  facet normal -7.132227e-002  1.682494e-006  9.974533e-001
    outer loop
      vertex  1.473156e+001 -1.006333e+001 -3.124363e+002
      vertex  1.390698e+001  7.079703e+000 -3.124953e+002
      vertex  1.372517e+001  7.471987e+000 -3.125083e+002
    endloop
  endfacet
  facet normal -7.137571e-002 -1.401017e-006  9.974495e-001
    outer loop
      vertex  1.473156e+001 -1.006333e+001 -3.124363e+002
      vertex  1.372517e+001  7.471987e+000 -3.125083e+002
      vertex  5.957367e+000  3.150000e+001 -3.130641e+002
    endloop
  endfacet
  facet normal -7.136804e-002 -4.749050e-008  9.974501e-001
    outer loop
      vertex  2.011762e+001 -2.290000e+001 -3.120509e+002
      vertex  2.366751e+001  1.502545e+001 -3.117969e+002
      vertex  1.666281e+001  7.900001e+000 -3.122981e+002
    endloop
  endfacet
  facet normal -7.136762e-002  0.000000e+000  9.974501e-001
    outer loop
      vertex  2.011762e+001 -2.290000e+001 -3.120509e+002
      vertex  1.666281e+001  7.900001e+000 -3.122981e+002
      vertex  1.666281e+001 -1.150000e+001 -3.122981e+002
    endloop
  endfacet
  facet normal -7.132893e-002  1.178764e-005  9.974529e-001
    outer loop
      vertex  2.011762e+001 -2.290000e+001 -3.120509e+002
      vertex  1.666281e+001 -1.150000e+001 -3.122981e+002
      vertex  1.658719e+001 -1.197022e+001 -3.123035e+002
    endloop
  endfacet
  facet normal -7.139926e-002 -1.104941e-005  9.974478e-001
    outer loop
      vertex  2.011762e+001 -2.290000e+001 -3.120509e+002
      vertex  1.658719e+001 -1.197022e+001 -3.123035e+002
      vertex  1.636813e+001 -1.239286e+001 -3.123192e+002
    endloop
  endfacet
  facet normal -7.132632e-002  1.511504e-005  9.974530e-001
    outer loop
      vertex  2.011762e+001 -2.290000e+001 -3.120509e+002
      vertex  1.636813e+001 -1.239286e+001 -3.123192e+002
      vertex  1.602493e+001 -1.272749e+001 -3.123438e+002
    endloop
  endfacet
  facet normal -7.141272e-002 -1.982405e-005  9.974469e-001
    outer loop
      vertex  2.011762e+001 -2.290000e+001 -3.120509e+002
      vertex  1.602493e+001 -1.272749e+001 -3.123438e+002
      vertex  1.559405e+001 -1.293667e+001 -3.123746e+002
    endloop
  endfacet
  facet normal -7.137048e-002 -5.480339e-007  9.974499e-001
    outer loop
      vertex  2.011762e+001 -2.290000e+001 -3.120509e+002
      vertex  1.559405e+001 -1.293667e+001 -3.123746e+002
      vertex  1.511893e+001 -1.299935e+001 -3.124086e+002
    endloop
  endfacet
  facet normal -7.133158e-002  1.919627e-005  9.974527e-001
    outer loop
      vertex  2.011762e+001 -2.290000e+001 -3.120509e+002
      vertex  1.511893e+001 -1.299935e+001 -3.124086e+002
      vertex  1.464826e+001 -1.290899e+001 -3.124423e+002
    endloop
  endfacet
  facet normal -7.143346e-002 -3.686675e-005  9.974454e-001
    outer loop
      vertex  2.011762e+001 -2.290000e+001 -3.120509e+002
      vertex  1.464826e+001 -1.290899e+001 -3.124423e+002
      vertex  1.423011e+001 -1.267476e+001 -3.124722e+002
    endloop
  endfacet
  facet normal -7.120988e-002  9.252294e-005  9.974614e-001
    outer loop
      vertex  2.011762e+001 -2.290000e+001 -3.120509e+002
      vertex  1.423011e+001 -1.267476e+001 -3.124722e+002
      vertex  1.390698e+001 -1.232030e+001 -3.124953e+002
    endloop
  endfacet
  facet normal -7.136705e-002 -2.067977e-007  9.974502e-001
    outer loop
      vertex  1.261763e+001 -2.290000e+001 -3.125876e+002
      vertex  2.011762e+001 -2.290000e+001 -3.120509e+002
      vertex  1.390698e+001 -1.232030e+001 -3.124953e+002
    endloop
  endfacet
  facet normal -7.133480e-002 -4.156743e-006  9.974525e-001
    outer loop
      vertex  1.261763e+001 -2.290000e+001 -3.125876e+002
      vertex  1.390698e+001 -1.232030e+001 -3.124953e+002
      vertex  1.372517e+001 -1.192801e+001 -3.125083e+002
    endloop
  endfacet
  facet normal -7.137299e-002 -2.831570e-007  9.974496e-001
    outer loop
      vertex  1.261763e+001 -2.290000e+001 -3.125876e+002
      vertex  1.372517e+001 -1.192801e+001 -3.125083e+002
      vertex  5.957367e+000  3.150000e+001 -3.130641e+002
    endloop
  endfacet
  facet normal -7.106254e-002  1.003647e-004  9.974719e-001
    outer loop
      vertex  5.957367e+000  3.150000e+001 -3.130641e+002
      vertex  1.372517e+001  7.471987e+000 -3.125083e+002
      vertex  1.366281e+001  7.900001e+000 -3.125128e+002
    endloop
  endfacet
  facet normal -7.146344e-002 -3.120349e-005  9.974432e-001
    outer loop
      vertex  5.957367e+000  3.150000e+001 -3.130641e+002
      vertex  1.366281e+001  7.900001e+000 -3.125128e+002
      vertex  1.373842e+001  8.370223e+000 -3.125074e+002
    endloop
  endfacet
  facet normal -7.131723e-002  1.823659e-005  9.974536e-001
    outer loop
      vertex  5.957367e+000  3.150000e+001 -3.130641e+002
      vertex  1.373842e+001  8.370223e+000 -3.125074e+002
      vertex  1.395749e+001  8.792865e+000 -3.124917e+002
    endloop
  endfacet
  facet normal -7.139193e-002 -8.216637e-006  9.974484e-001
    outer loop
      vertex  5.957367e+000  3.150000e+001 -3.130641e+002
      vertex  1.395749e+001  8.792865e+000 -3.124917e+002
      vertex  1.430068e+001  9.127488e+000 -3.124671e+002
    endloop
  endfacet
  facet normal -7.135464e-002  5.765009e-006  9.974511e-001
    outer loop
      vertex  5.957367e+000  3.150000e+001 -3.130641e+002
      vertex  1.430068e+001  9.127488e+000 -3.124671e+002
      vertex  1.473156e+001  9.336674e+000 -3.124363e+002
    endloop
  endfacet
  facet normal -7.137047e-002 -5.392438e-007  9.974499e-001
    outer loop
      vertex  5.957367e+000  3.150000e+001 -3.130641e+002
      vertex  1.473156e+001  9.336674e+000 -3.124363e+002
      vertex  1.520669e+001  9.399355e+000 -3.124023e+002
    endloop
  endfacet
  facet normal -7.136859e-002  2.544323e-007  9.974501e-001
    outer loop
      vertex  5.957367e+000  3.150000e+001 -3.130641e+002
      vertex  1.520669e+001  9.399355e+000 -3.124023e+002
      vertex  2.361762e+001  2.750000e+001 -3.118005e+002
    endloop
  endfacet
  facet normal -7.136469e-002  1.756805e-005  9.974504e-001
    outer loop
      vertex  5.957367e+000  3.150000e+001 -3.130641e+002
      vertex  2.361762e+001  2.750000e+001 -3.118005e+002
      vertex  2.369324e+001  2.797022e+001 -3.117951e+002
    endloop
  endfacet
  facet normal -7.137307e-002 -2.470368e-005  9.974497e-001
    outer loop
      vertex  5.957367e+000  3.150000e+001 -3.130641e+002
      vertex  2.369324e+001  2.797022e+001 -3.117951e+002
      vertex  2.391231e+001  2.839286e+001 -3.117794e+002
    endloop
  endfacet
  facet normal -7.137349e-002 -2.722413e-005  9.974497e-001
    outer loop
      vertex  5.957367e+000  3.150000e+001 -3.130641e+002
      vertex  2.391231e+001  2.839286e+001 -3.117794e+002
      vertex  2.425550e+001  2.872749e+001 -3.117549e+002
    endloop
  endfacet
  facet normal -7.136834e-002  6.873727e-006  9.974500e-001
    outer loop
      vertex  5.957367e+000  3.150000e+001 -3.130641e+002
      vertex  2.425550e+001  2.872749e+001 -3.117549e+002
      vertex  2.911762e+001  3.150000e+001 -3.114070e+002
    endloop
  endfacet
  facet normal -7.139266e-002  3.698578e-005  9.974483e-001
    outer loop
      vertex  2.366751e+001  1.502545e+001 -3.117969e+002
      vertex  1.520669e+001  9.399355e+000 -3.124023e+002
      vertex  1.567735e+001  9.308987e+000 -3.123686e+002
    endloop
  endfacet
  facet normal -7.135175e-002 -2.048911e-005  9.974512e-001
    outer loop
      vertex  2.366751e+001  1.502545e+001 -3.117969e+002
      vertex  1.567735e+001  9.308987e+000 -3.123686e+002
      vertex  1.609550e+001  9.074762e+000 -3.123387e+002
    endloop
  endfacet
  facet normal -7.138305e-002  1.953519e-005  9.974490e-001
    outer loop
      vertex  2.366751e+001  1.502545e+001 -3.117969e+002
      vertex  1.609550e+001  9.074762e+000 -3.123387e+002
      vertex  1.641864e+001  8.720298e+000 -3.123156e+002
    endloop
  endfacet
  facet normal -7.135457e-002 -1.336782e-005  9.974510e-001
    outer loop
      vertex  2.366751e+001  1.502545e+001 -3.117969e+002
      vertex  1.641864e+001  8.720298e+000 -3.123156e+002
      vertex  1.660044e+001  8.328014e+000 -3.123026e+002
    endloop
  endfacet
  facet normal -7.135471e-002 -1.322586e-005  9.974510e-001
    outer loop
      vertex  2.366751e+001  1.502545e+001 -3.117969e+002
      vertex  1.660044e+001  8.328014e+000 -3.123026e+002
      vertex  1.666281e+001  7.900001e+000 -3.122981e+002
    endloop
  endfacet
  facet normal -7.141637e-002  4.499587e-006  9.974466e-001
    outer loop
      vertex  2.366751e+001  1.502545e+001 -3.117969e+002
      vertex  2.011762e+001 -2.290000e+001 -3.120509e+002
      vertex  2.041726e+001 -2.292257e+001 -3.120295e+002
    endloop
  endfacet
  facet normal -7.137793e-002  1.190472e-006  9.974493e-001
    outer loop
      vertex  2.366751e+001  1.502545e+001 -3.117969e+002
      vertex  2.041726e+001 -2.292257e+001 -3.120295e+002
      vertex  2.087272e+001 -2.304802e+001 -3.119969e+002
    endloop
  endfacet
  facet normal -7.133637e-002 -1.876208e-006  9.974523e-001
    outer loop
      vertex  2.366751e+001  1.502545e+001 -3.117969e+002
      vertex  2.087272e+001 -2.304802e+001 -3.119969e+002
      vertex  2.128620e+001 -2.327691e+001 -3.119673e+002
    endloop
  endfacet
  facet normal -7.136115e-002 -3.269527e-007  9.974505e-001
    outer loop
      vertex  2.366751e+001  1.502545e+001 -3.117969e+002
      vertex  2.128620e+001 -2.327691e+001 -3.119673e+002
      vertex  2.163428e+001 -2.359625e+001 -3.119424e+002
    endloop
  endfacet
  facet normal -7.136614e-002 -6.363249e-008  9.974502e-001
    outer loop
      vertex  2.366751e+001  1.502545e+001 -3.117969e+002
      vertex  2.163428e+001 -2.359625e+001 -3.119424e+002
      vertex  2.189787e+001 -2.398857e+001 -3.119236e+002
    endloop
  endfacet
  facet normal -7.144012e-002  3.309187e-006  9.974449e-001
    outer loop
      vertex  2.366751e+001  1.502545e+001 -3.117969e+002
      vertex  2.189787e+001 -2.398857e+001 -3.119236e+002
      vertex  2.206190e+001 -2.443116e+001 -3.119118e+002
    endloop
  endfacet
  facet normal -7.109853e-002 -1.066204e-005  9.974692e-001
    outer loop
      vertex  2.366751e+001  1.502545e+001 -3.117969e+002
      vertex  2.206190e+001 -2.443116e+001 -3.119118e+002
      vertex  2.211762e+001 -2.490000e+001 -3.119078e+002
    endloop
  endfacet
  facet normal -7.137251e-002  2.819907e-008  9.974497e-001
    outer loop
      vertex  2.366751e+001  1.502545e+001 -3.117969e+002
      vertex  2.211762e+001 -2.490000e+001 -3.119078e+002
      vertex  2.468638e+001 -2.606333e+001 -3.117240e+002
    endloop
  endfacet
  facet normal -7.136906e-002  1.143219e-007  9.974499e-001
    outer loop
      vertex  2.366751e+001  1.502545e+001 -3.117969e+002
      vertex  2.468638e+001 -2.606333e+001 -3.117240e+002
      vertex  2.866751e+001  1.500017e+001 -3.114392e+002
    endloop
  endfacet
  facet normal -7.134617e-002 -1.857699e-006  9.974516e-001
    outer loop
      vertex  2.911762e+001  1.450000e+001 -3.114070e+002
      vertex  2.866751e+001  1.450000e+001 -3.114392e+002
      vertex  2.516150e+001 -2.600065e+001 -3.116900e+002
    endloop
  endfacet
  facet normal -7.133579e-002 -2.877763e-006  9.974524e-001
    outer loop
      vertex  2.911762e+001  1.450000e+001 -3.114070e+002
      vertex  2.516150e+001 -2.600065e+001 -3.116900e+002
      vertex  2.563217e+001 -2.609101e+001 -3.116564e+002
    endloop
  endfacet
  facet normal -7.141092e-002  3.606432e-006  9.974471e-001
    outer loop
      vertex  2.911762e+001  1.450000e+001 -3.114070e+002
      vertex  2.563217e+001 -2.609101e+001 -3.116564e+002
      vertex  2.605032e+001 -2.632524e+001 -3.116264e+002
    endloop
  endfacet
  facet normal -7.131465e-002 -3.662894e-006  9.974538e-001
    outer loop
      vertex  2.911762e+001  1.450000e+001 -3.114070e+002
      vertex  2.605032e+001 -2.632524e+001 -3.116264e+002
      vertex  2.637346e+001 -2.667970e+001 -3.116033e+002
    endloop
  endfacet
  facet normal -7.147697e-002  7.209653e-006  9.974423e-001
    outer loop
      vertex  2.911762e+001  1.450000e+001 -3.114070e+002
      vertex  2.637346e+001 -2.667970e+001 -3.116033e+002
      vertex  2.655526e+001 -2.707199e+001 -3.115903e+002
    endloop
  endfacet
  facet normal -7.129300e-002 -4.188171e-006  9.974554e-001
    outer loop
      vertex  2.911762e+001  1.450000e+001 -3.114070e+002
      vertex  2.655526e+001 -2.707199e+001 -3.115903e+002
      vertex  2.661762e+001 -2.750000e+001 -3.115858e+002
    endloop
  endfacet
  facet normal -7.136466e-002  0.000000e+000  9.974503e-001
    outer loop
      vertex  2.911762e+001  2.150000e+001 -3.114070e+002
      vertex  2.911762e+001  3.150000e+001 -3.114070e+002
      vertex  2.632294e+001  2.660714e+001 -3.116069e+002
    endloop
  endfacet
  facet normal -7.138764e-002 -1.264078e-005  9.974487e-001
    outer loop
      vertex  2.911762e+001  2.150000e+001 -3.114070e+002
      vertex  2.632294e+001  2.660714e+001 -3.116069e+002
      vertex  2.597975e+001  2.627251e+001 -3.116315e+002
    endloop
  endfacet
  facet normal -7.135564e-002  8.503290e-006  9.974509e-001
    outer loop
      vertex  2.911762e+001  2.150000e+001 -3.114070e+002
      vertex  2.597975e+001  2.627251e+001 -3.116315e+002
      vertex  2.554887e+001  2.606333e+001 -3.116623e+002
    endloop
  endfacet
  facet normal -7.134612e-002  1.594844e-005  9.974516e-001
    outer loop
      vertex  2.911762e+001  2.150000e+001 -3.114070e+002
      vertex  2.554887e+001  2.606333e+001 -3.116623e+002
      vertex  2.866751e+001  2.150000e+001 -3.114392e+002
    endloop
  endfacet
  facet normal -7.137302e-002 -1.978380e-004  9.974496e-001
    outer loop
      vertex  2.507375e+001 -2.899935e+001 -3.116963e+002
      vertex  2.460308e+001 -2.890899e+001 -3.117300e+002
      vertex  2.207583e+001 -2.895163e+001 -3.119108e+002
    endloop
  endfacet
  facet normal -7.136928e-002  3.897947e-005  9.974499e-001
    outer loop
      vertex  2.507375e+001 -2.899935e+001 -3.116963e+002
      vertex  2.207583e+001 -2.895163e+001 -3.119108e+002
      vertex  2.195281e+001 -2.928358e+001 -3.119196e+002
    endloop
  endfacet
  facet normal -7.136078e-002 -5.482111e-005  9.974506e-001
    outer loop
      vertex  2.507375e+001 -2.899935e+001 -3.116963e+002
      vertex  2.195281e+001 -2.928358e+001 -3.119196e+002
      vertex  2.175511e+001 -2.957781e+001 -3.119338e+002
    endloop
  endfacet
  facet normal -7.137248e-002  1.258177e-005  9.974498e-001
    outer loop
      vertex  2.507375e+001 -2.899935e+001 -3.116963e+002
      vertex  2.175511e+001 -2.957781e+001 -3.119338e+002
      vertex  2.149406e+001 -2.981732e+001 -3.119525e+002
    endloop
  endfacet
  facet normal -7.137639e-002  2.982085e-005  9.974495e-001
    outer loop
      vertex  2.507375e+001 -2.899935e+001 -3.116963e+002
      vertex  2.149406e+001 -2.981732e+001 -3.119525e+002
      vertex  2.118394e+001 -2.998899e+001 -3.119746e+002
    endloop
  endfacet
  facet normal -7.126249e-002  1.071195e-004  9.974576e-001
    outer loop
      vertex  2.211762e+001 -2.640000e+001 -3.119078e+002
      vertex  2.386179e+001 -2.832030e+001 -3.117830e+002
      vertex  2.367999e+001 -2.792801e+001 -3.117961e+002
    endloop
  endfacet
  facet normal -7.138409e-002 -1.784852e-005  9.974489e-001
    outer loop
      vertex  2.211762e+001 -2.640000e+001 -3.119078e+002
      vertex  2.367999e+001 -2.792801e+001 -3.117961e+002
      vertex  2.361762e+001 -2.750000e+001 -3.118005e+002
    endloop
  endfacet
  facet normal -7.135894e-002  1.663843e-005  9.974508e-001
    outer loop
      vertex  2.211762e+001 -2.640000e+001 -3.119078e+002
      vertex  2.361762e+001 -2.750000e+001 -3.118005e+002
      vertex  2.369324e+001 -2.702978e+001 -3.117951e+002
    endloop
  endfacet
  facet normal -7.137498e-002 -2.370312e-005  9.974495e-001
    outer loop
      vertex  2.211762e+001 -2.640000e+001 -3.119078e+002
      vertex  2.369324e+001 -2.702978e+001 -3.117951e+002
      vertex  2.391231e+001 -2.660714e+001 -3.117794e+002
    endloop
  endfacet
  facet normal -7.137518e-002 -2.548267e-005  9.974495e-001
    outer loop
      vertex  2.211762e+001 -2.640000e+001 -3.119078e+002
      vertex  2.391231e+001 -2.660714e+001 -3.117794e+002
      vertex  2.425550e+001 -2.627251e+001 -3.117549e+002
    endloop
  endfacet
  facet normal -7.138016e-002  5.863364e-005  9.974492e-001
    outer loop
      vertex  2.211762e+001 -2.640000e+001 -3.119078e+002
      vertex  2.425550e+001 -2.627251e+001 -3.117549e+002
      vertex  2.468638e+001 -2.606333e+001 -3.117240e+002
    endloop
  endfacet
  facet normal -7.137252e-002  0.000000e+000  9.974497e-001
    outer loop
      vertex  2.211762e+001 -2.640000e+001 -3.119078e+002
      vertex  2.468638e+001 -2.606333e+001 -3.117240e+002
      vertex  2.211762e+001 -2.490000e+001 -3.119078e+002
    endloop
  endfacet
  facet normal -6.971706e-002  2.974027e-004  9.975668e-001
    outer loop
      vertex  5.957367e+000  3.150000e+001 -3.130641e+002
      vertex  1.372517e+001 -1.192801e+001 -3.125083e+002
      vertex  1.366281e+001 -1.150000e+001 -3.125128e+002
    endloop
  endfacet
  facet normal -7.150465e-002 -2.454530e-005  9.974403e-001
    outer loop
      vertex  5.957367e+000  3.150000e+001 -3.130641e+002
      vertex  1.366281e+001 -1.150000e+001 -3.125128e+002
      vertex  1.373842e+001 -1.102978e+001 -3.125074e+002
    endloop
  endfacet
  facet normal -7.130543e-002  1.208817e-005  9.974546e-001
    outer loop
      vertex  5.957367e+000  3.150000e+001 -3.130641e+002
      vertex  1.373842e+001 -1.102978e+001 -3.125074e+002
      vertex  1.395749e+001 -1.060713e+001 -3.124917e+002
    endloop
  endfacet
  facet normal -7.139505e-002 -5.022671e-006  9.974481e-001
    outer loop
      vertex  5.957367e+000  3.150000e+001 -3.130641e+002
      vertex  1.395749e+001 -1.060713e+001 -3.124917e+002
      vertex  1.430068e+001 -1.027251e+001 -3.124671e+002
    endloop
  endfacet
  facet normal -7.135346e-002  3.324292e-006  9.974511e-001
    outer loop
      vertex  5.957367e+000  3.150000e+001 -3.130641e+002
      vertex  1.430068e+001 -1.027251e+001 -3.124671e+002
      vertex  1.473156e+001 -1.006333e+001 -3.124363e+002
    endloop
  endfacet
  facet normal -7.137269e-002  0.000000e+000  9.974498e-001
    outer loop
      vertex  5.957367e+000  3.150000e+001 -3.130641e+002
      vertex  1.061763e+001 -2.860000e+001 -3.127307e+002
      vertex  1.061763e+001 -2.671750e+001 -3.127307e+002
    endloop
  endfacet
  facet normal -7.137269e-002  0.000000e+000  9.974498e-001
    outer loop
      vertex  5.957367e+000  3.150000e+001 -3.130641e+002
      vertex  1.061763e+001 -2.671750e+001 -3.127307e+002
      vertex  1.061763e+001 -2.490000e+001 -3.127307e+002
    endloop
  endfacet
  facet normal -7.115759e-002  1.786345e-005  9.974650e-001
    outer loop
      vertex  5.957367e+000  3.150000e+001 -3.130641e+002
      vertex  1.061763e+001 -2.490000e+001 -3.127307e+002
      vertex  1.067336e+001 -2.443116e+001 -3.127267e+002
    endloop
  endfacet
  facet normal -7.143439e-002 -5.594517e-006  9.974452e-001
    outer loop
      vertex  5.957367e+000  3.150000e+001 -3.130641e+002
      vertex  1.067336e+001 -2.443116e+001 -3.127267e+002
      vertex  1.083738e+001 -2.398857e+001 -3.127149e+002
    endloop
  endfacet
  facet normal -7.136640e-002  4.151347e-007  9.974501e-001
    outer loop
      vertex  5.957367e+000  3.150000e+001 -3.130641e+002
      vertex  1.083738e+001 -2.398857e+001 -3.127149e+002
      vertex  1.110097e+001 -2.359625e+001 -3.126961e+002
    endloop
  endfacet
  facet normal -7.136182e-002  8.445272e-007  9.974505e-001
    outer loop
      vertex  5.957367e+000  3.150000e+001 -3.130641e+002
      vertex  1.110097e+001 -2.359625e+001 -3.126961e+002
      vertex  1.144905e+001 -2.327691e+001 -3.126712e+002
    endloop
  endfacet
  facet normal -7.133716e-002  3.329321e-006  9.974522e-001
    outer loop
      vertex  5.957367e+000  3.150000e+001 -3.130641e+002
      vertex  1.144905e+001 -2.327691e+001 -3.126712e+002
      vertex  1.186253e+001 -2.304802e+001 -3.126416e+002
    endloop
  endfacet
  facet normal -7.137781e-002 -1.092732e-006  9.974493e-001
    outer loop
      vertex  5.957367e+000  3.150000e+001 -3.130641e+002
      vertex  1.186253e+001 -2.304802e+001 -3.126416e+002
      vertex  1.231799e+001 -2.292257e+001 -3.126090e+002
    endloop
  endfacet
  facet normal -7.141651e-002 -5.638763e-006  9.974466e-001
    outer loop
      vertex  5.957367e+000  3.150000e+001 -3.130641e+002
      vertex  1.231799e+001 -2.292257e+001 -3.126090e+002
      vertex  1.261763e+001 -2.290000e+001 -3.125876e+002
    endloop
  endfacet
  facet normal -7.138034e-002  3.562250e-005  9.974491e-001
    outer loop
      vertex  5.957367e+000 -3.150000e+001 -3.130641e+002
      vertex  1.211763e+001 -3.010000e+001 -3.126233e+002
      vertex  1.189290e+001 -3.008307e+001 -3.126394e+002
    endloop
  endfacet
  facet normal -7.137486e-002  1.244704e-005  9.974496e-001
    outer loop
      vertex  5.957367e+000 -3.150000e+001 -3.130641e+002
      vertex  1.189290e+001 -3.008307e+001 -3.126394e+002
      vertex  1.155131e+001 -2.998899e+001 -3.126638e+002
    endloop
  endfacet
  facet normal -7.136764e-002 -1.433908e-005  9.974501e-001
    outer loop
      vertex  5.957367e+000 -3.150000e+001 -3.130641e+002
      vertex  1.155131e+001 -2.998899e+001 -3.126638e+002
      vertex  1.124119e+001 -2.981732e+001 -3.126860e+002
    endloop
  endfacet
  facet normal -7.136931e-002 -9.106504e-006  9.974500e-001
    outer loop
      vertex  5.957367e+000 -3.150000e+001 -3.130641e+002
      vertex  1.124119e+001 -2.981732e+001 -3.126860e+002
      vertex  1.098014e+001 -2.957781e+001 -3.127047e+002
    endloop
  endfacet
  facet normal -7.138699e-002  3.734811e-005  9.974487e-001
    outer loop
      vertex  5.957367e+000 -3.150000e+001 -3.130641e+002
      vertex  1.098014e+001 -2.957781e+001 -3.127047e+002
      vertex  1.078244e+001 -2.928358e+001 -3.127189e+002
    endloop
  endfacet
  facet normal -7.135461e-002 -3.351151e-005  9.974510e-001
    outer loop
      vertex  5.957367e+000 -3.150000e+001 -3.130641e+002
      vertex  1.078244e+001 -2.928358e+001 -3.127189e+002
      vertex  1.065942e+001 -2.895163e+001 -3.127277e+002
    endloop
  endfacet
  facet normal -7.137261e-002 -1.219323e-007  9.974497e-001
    outer loop
      vertex  5.957367e+000 -3.150000e+001 -3.130641e+002
      vertex  1.065942e+001 -2.895163e+001 -3.127277e+002
      vertex  1.061763e+001 -2.860000e+001 -3.127307e+002
    endloop
  endfacet
  facet normal -7.137269e-002  0.000000e+000  9.974497e-001
    outer loop
      vertex  5.957367e+000 -3.150000e+001 -3.130641e+002
      vertex  1.061763e+001 -2.860000e+001 -3.127307e+002
      vertex  5.957367e+000  3.150000e+001 -3.130641e+002
    endloop
  endfacet
  facet normal -7.136931e-002  0.000000e+000  9.974501e-001
    outer loop
      vertex  2.866751e+001  2.150000e+001 -3.114392e+002
      vertex  2.554887e+001  2.606333e+001 -3.116623e+002
      vertex  2.866751e+001  2.099983e+001 -3.114392e+002
    endloop
  endfacet
  facet normal -7.137074e-002 -8.227908e-007  9.974498e-001
    outer loop
      vertex  2.866751e+001  2.099983e+001 -3.114392e+002
      vertex  2.554887e+001  2.606333e+001 -3.116623e+002
      vertex  2.507375e+001  2.600065e+001 -3.116963e+002
    endloop
  endfacet
  facet normal -7.132974e-002  2.877827e-005  9.974528e-001
    outer loop
      vertex  2.866751e+001  2.099983e+001 -3.114392e+002
      vertex  2.507375e+001  2.600065e+001 -3.116963e+002
      vertex  2.460308e+001  2.609101e+001 -3.117300e+002
    endloop
  endfacet
  facet normal -7.142310e-002  1.674569e-006  9.974461e-001
    outer loop
      vertex  1.559405e+001  6.463328e+000 -3.123746e+002
      vertex  1.520669e+001 -1.000065e+001 -3.124023e+002
      vertex  1.602493e+001  6.672513e+000 -3.123438e+002
    endloop
  endfacet
  facet normal -7.139964e-002  5.166914e-007  9.974478e-001
    outer loop
      vertex  1.602493e+001  6.672513e+000 -3.123438e+002
      vertex  1.520669e+001 -1.000065e+001 -3.124023e+002
      vertex  1.567735e+001 -1.009101e+001 -3.123686e+002
    endloop
  endfacet
  facet normal -7.131035e-002 -1.343785e-006  9.974541e-001
    outer loop
      vertex  1.602493e+001  6.672513e+000 -3.123438e+002
      vertex  1.567735e+001 -1.009101e+001 -3.123686e+002
      vertex  1.636813e+001  7.007136e+000 -3.123192e+002
    endloop
  endfacet
  facet normal -7.134040e-002 -1.236244e-007  9.974520e-001
    outer loop
      vertex  1.636813e+001  7.007136e+000 -3.123192e+002
      vertex  1.567735e+001 -1.009101e+001 -3.123686e+002
      vertex  1.609550e+001 -1.032524e+001 -3.123387e+002
    endloop
  endfacet
  facet normal -7.142274e-002  1.178035e-006  9.974462e-001
    outer loop
      vertex  1.636813e+001  7.007136e+000 -3.123192e+002
      vertex  1.609550e+001 -1.032524e+001 -3.123387e+002
      vertex  1.658719e+001  7.429778e+000 -3.123035e+002
    endloop
  endfacet
  facet normal -7.140366e-002  6.471830e-007  9.974475e-001
    outer loop
      vertex  1.658719e+001  7.429778e+000 -3.123035e+002
      vertex  1.609550e+001 -1.032524e+001 -3.123387e+002
      vertex  1.641864e+001 -1.067970e+001 -3.123156e+002
    endloop
  endfacet
  facet normal -7.125116e-002 -7.793173e-007  9.974583e-001
    outer loop
      vertex  1.658719e+001  7.429778e+000 -3.123035e+002
      vertex  1.641864e+001 -1.067970e+001 -3.123156e+002
      vertex  1.666281e+001  7.900001e+000 -3.122981e+002
    endloop
  endfacet
  facet normal -7.132544e-002  2.017069e-007  9.974531e-001
    outer loop
      vertex  1.666281e+001  7.900001e+000 -3.122981e+002
      vertex  1.641864e+001 -1.067970e+001 -3.123156e+002
      vertex  1.660044e+001 -1.107199e+001 -3.123026e+002
    endloop
  endfacet
  facet normal -7.126439e-002  0.000000e+000  9.974574e-001
    outer loop
      vertex  1.666281e+001  7.900001e+000 -3.122981e+002
      vertex  1.660044e+001 -1.107199e+001 -3.123026e+002
      vertex  1.666281e+001 -1.150000e+001 -3.122981e+002
    endloop
  endfacet
  facet normal  -0.000000e+000  -0.000000e+000 -1.000000e+000
    outer loop
      vertex  1.366281e+001  7.900001e+000 -3.149070e+002
      vertex  1.373622e+001  7.436475e+000 -3.149070e+002
      vertex  1.516281e+001 -9.999999e+000 -3.149070e+002
    endloop
  endfacet
  facet normal  -0.000000e+000  -0.000000e+000 -1.000000e+000
    outer loop
      vertex  1.373622e+001  7.436475e+000 -3.149070e+002
      vertex  1.394928e+001  7.018322e+000 -3.149070e+002
      vertex  1.516281e+001 -9.999999e+000 -3.149070e+002
    endloop
  endfacet
  facet normal  -0.000000e+000  -0.000000e+000 -1.000000e+000
    outer loop
      vertex  1.394928e+001  7.018322e+000 -3.149070e+002
      vertex  1.428113e+001  6.686475e+000 -3.149070e+002
      vertex  1.516281e+001 -9.999999e+000 -3.149070e+002
    endloop
  endfacet
  facet normal  -0.000000e+000  -0.000000e+000 -1.000000e+000
    outer loop
      vertex  1.428113e+001  6.686475e+000 -3.149070e+002
      vertex  1.469928e+001  6.473416e+000 -3.149070e+002
      vertex  1.516281e+001 -9.999999e+000 -3.149070e+002
    endloop
  endfacet
  facet normal  -0.000000e+000  -0.000000e+000 -1.000000e+000
    outer loop
      vertex  1.469928e+001  6.473416e+000 -3.149070e+002
      vertex  1.516281e+001  6.400001e+000 -3.149070e+002
      vertex  1.516281e+001 -9.999999e+000 -3.149070e+002
    endloop
  endfacet
  facet normal  0.000000e+000  0.000000e+000 -1.000000e+000
    outer loop
      vertex  1.658939e+001  7.436475e+000 -3.149070e+002
      vertex  1.516281e+001 -9.999999e+000 -3.149070e+002
      vertex  1.637633e+001  7.018322e+000 -3.149070e+002
    endloop
  endfacet
  facet normal  0.000000e+000  0.000000e+000 -1.000000e+000
    outer loop
      vertex  1.637633e+001  7.018322e+000 -3.149070e+002
      vertex  1.516281e+001 -9.999999e+000 -3.149070e+002
      vertex  1.604449e+001  6.686475e+000 -3.149070e+002
    endloop
  endfacet
  facet normal  0.000000e+000  0.000000e+000 -9.999999e-001
    outer loop
      vertex  1.604449e+001  6.686475e+000 -3.149070e+002
      vertex  1.516281e+001 -9.999999e+000 -3.149070e+002
      vertex  1.562633e+001  6.473416e+000 -3.149070e+002
    endloop
  endfacet
  facet normal  0.000000e+000  0.000000e+000 -1.000000e+000
    outer loop
      vertex  1.562633e+001  6.473416e+000 -3.149070e+002
      vertex  1.516281e+001 -9.999999e+000 -3.149070e+002
      vertex  1.516281e+001  6.400001e+000 -3.149070e+002
    endloop
  endfacet
  facet normal  0.000000e+000  0.000000e+000 -1.000000e+000
    outer loop
      vertex  2.211762e+001 -2.860000e+001 -3.149070e+002
      vertex  2.211762e+001 -2.640000e+001 -3.149070e+002
      vertex  2.390410e+001 -2.838168e+001 -3.149070e+002
    endloop
  endfacet
  facet normal  0.000000e+000  -0.000000e+000 -1.000000e+000
    outer loop
      vertex  2.211762e+001 -2.860000e+001 -3.149070e+002
      vertex  2.390410e+001 -2.838168e+001 -3.149070e+002
      vertex  2.423595e+001 -2.871353e+001 -3.149070e+002
    endloop
  endfacet
  facet normal  -0.000000e+000  -0.000000e+000 -1.000000e+000
    outer loop
      vertex  2.211762e+001 -2.860000e+001 -3.149070e+002
      vertex  2.423595e+001 -2.871353e+001 -3.149070e+002
      vertex  2.465410e+001 -2.892658e+001 -3.149070e+002
    endloop
  endfacet
  facet normal  -0.000000e+000  -0.000000e+000 -1.000000e+000
    outer loop
      vertex  2.211762e+001 -2.860000e+001 -3.149070e+002
      vertex  2.465410e+001 -2.892658e+001 -3.149070e+002
      vertex  2.511762e+001 -2.900000e+001 -3.149070e+002
    endloop
  endfacet
  facet normal  -0.000000e+000  0.000000e+000 -1.000000e+000
    outer loop
      vertex  2.211762e+001 -2.860000e+001 -3.149070e+002
      vertex  2.511762e+001 -2.900000e+001 -3.149070e+002
      vertex  2.204421e+001 -2.906353e+001 -3.149070e+002
    endloop
  endfacet
  facet normal  0.000000e+000  0.000000e+000 -1.000000e+000
    outer loop
      vertex  1.095990e+001 -3.107021e+001 -3.149070e+002
      vertex  1.095990e+001 -2.955376e+001 -3.149070e+002
      vertex  1.128583e+001 -2.984825e+001 -3.149070e+002
    endloop
  endfacet
  facet normal  0.000000e+000  -0.000000e+000 -1.000000e+000
    outer loop
      vertex  1.095990e+001 -3.107021e+001 -3.149070e+002
      vertex  1.128583e+001 -2.984825e+001 -3.149070e+002
      vertex  1.168310e+001 -3.003568e+001 -3.149070e+002
    endloop
  endfacet
  facet normal  0.000000e+000  -0.000000e+000 -1.000000e+000
    outer loop
      vertex  1.095990e+001 -3.107021e+001 -3.149070e+002
      vertex  1.168310e+001 -3.003568e+001 -3.149070e+002
      vertex  1.211763e+001 -3.010000e+001 -3.149070e+002
    endloop
  endfacet
  facet normal  0.000000e+000  -0.000000e+000 -1.000000e+000
    outer loop
      vertex  1.095990e+001 -3.107021e+001 -3.149070e+002
      vertex  1.211763e+001 -3.010000e+001 -3.149070e+002
      vertex  2.061762e+001 -3.010000e+001 -3.149070e+002
    endloop
  endfacet
  facet normal  0.000000e+000  0.000000e+000 -1.000000e+000
    outer loop
      vertex  3.141751e+001  2.062400e+001 -3.149070e+002
      vertex  2.661762e+001 -2.750000e+001 -3.149070e+002
      vertex  2.654421e+001 -2.703647e+001 -3.149070e+002
    endloop
  endfacet
  facet normal  0.000000e+000  0.000000e+000 -9.999999e-001
    outer loop
      vertex  3.141751e+001  2.062400e+001 -3.149070e+002
      vertex  2.654421e+001 -2.703647e+001 -3.149070e+002
      vertex  2.633115e+001 -2.661832e+001 -3.149070e+002
    endloop
  endfacet
  facet normal  0.000000e+000  0.000000e+000 -1.000000e+000
    outer loop
      vertex  3.141751e+001  2.062400e+001 -3.149070e+002
      vertex  2.633115e+001 -2.661832e+001 -3.149070e+002
      vertex  2.599930e+001 -2.628647e+001 -3.149070e+002
    endloop
  endfacet
  facet normal  0.000000e+000  0.000000e+000 -1.000000e+000
    outer loop
      vertex  3.141751e+001  2.062400e+001 -3.149070e+002
      vertex  2.599930e+001 -2.628647e+001 -3.149070e+002
      vertex  2.558115e+001 -2.607342e+001 -3.149070e+002
    endloop
  endfacet
  facet normal  0.000000e+000  0.000000e+000 -1.000000e+000
    outer loop
      vertex  3.141751e+001  2.062400e+001 -3.149070e+002
      vertex  2.558115e+001 -2.607342e+001 -3.149070e+002
      vertex  2.511762e+001 -2.600000e+001 -3.149070e+002
    endloop
  endfacet
  facet normal  0.000000e+000  0.000000e+000 -1.000000e+000
    outer loop
      vertex  3.141751e+001  2.062400e+001 -3.149070e+002
      vertex  2.511762e+001 -2.600000e+001 -3.149070e+002
      vertex  2.511762e+001  2.600000e+001 -3.149070e+002
    endloop
  endfacet
  facet normal  0.000000e+000  0.000000e+000 -1.000000e+000
    outer loop
      vertex  3.141751e+001  2.062400e+001 -3.149070e+002
      vertex  2.511762e+001  2.600000e+001 -3.149070e+002
      vertex  2.558115e+001  2.607342e+001 -3.149070e+002
    endloop
  endfacet
  facet normal  0.000000e+000  0.000000e+000 -9.999999e-001
    outer loop
      vertex  3.141751e+001  2.062400e+001 -3.149070e+002
      vertex  2.558115e+001  2.607342e+001 -3.149070e+002
      vertex  2.599930e+001  2.628647e+001 -3.149070e+002
    endloop
  endfacet
  facet normal  0.000000e+000  0.000000e+000 -1.000000e+000
    outer loop
      vertex  3.141751e+001  2.062400e+001 -3.149070e+002
      vertex  2.599930e+001  2.628647e+001 -3.149070e+002
      vertex  3.141751e+001  3.107021e+001 -3.149070e+002
    endloop
  endfacet
  facet normal  0.000000e+000  -0.000000e+000 -1.000000e+000
    outer loop
      vertex  1.261763e+001 -2.290000e+001 -3.149070e+002
      vertex  1.366281e+001 -1.150000e+001 -3.149070e+002
      vertex  1.373622e+001 -1.196352e+001 -3.149070e+002
    endloop
  endfacet
  facet normal  0.000000e+000  -0.000000e+000 -1.000000e+000
    outer loop
      vertex  1.261763e+001 -2.290000e+001 -3.149070e+002
      vertex  1.373622e+001 -1.196352e+001 -3.149070e+002
      vertex  1.394928e+001 -1.238168e+001 -3.149070e+002
    endloop
  endfacet
  facet normal  0.000000e+000  -0.000000e+000 -1.000000e+000
    outer loop
      vertex  1.261763e+001 -2.290000e+001 -3.149070e+002
      vertex  1.394928e+001 -1.238168e+001 -3.149070e+002
      vertex  1.428113e+001 -1.271352e+001 -3.149070e+002
    endloop
  endfacet
  facet normal  0.000000e+000  -0.000000e+000 -1.000000e+000
    outer loop
      vertex  1.261763e+001 -2.290000e+001 -3.149070e+002
      vertex  1.428113e+001 -1.271352e+001 -3.149070e+002
      vertex  1.469928e+001 -1.292658e+001 -3.149070e+002
    endloop
  endfacet
  facet normal  0.000000e+000  -0.000000e+000 -1.000000e+000
    outer loop
      vertex  1.261763e+001 -2.290000e+001 -3.149070e+002
      vertex  1.469928e+001 -1.292658e+001 -3.149070e+002
      vertex  1.516281e+001 -1.300000e+001 -3.149070e+002
    endloop
  endfacet
  facet normal  0.000000e+000  -0.000000e+000 -1.000000e+000
    outer loop
      vertex  1.261763e+001 -2.290000e+001 -3.149070e+002
      vertex  1.516281e+001 -1.300000e+001 -3.149070e+002
      vertex  1.562633e+001 -1.292658e+001 -3.149070e+002
    endloop
  endfacet
  facet normal  0.000000e+000  -0.000000e+000 -1.000000e+000
    outer loop
      vertex  1.261763e+001 -2.290000e+001 -3.149070e+002
      vertex  1.562633e+001 -1.292658e+001 -3.149070e+002
      vertex  1.604449e+001 -1.271352e+001 -3.149070e+002
    endloop
  endfacet
  facet normal  0.000000e+000  -0.000000e+000 -1.000000e+000
    outer loop
      vertex  1.261763e+001 -2.290000e+001 -3.149070e+002
      vertex  1.604449e+001 -1.271352e+001 -3.149070e+002
      vertex  1.637633e+001 -1.238168e+001 -3.149070e+002
    endloop
  endfacet
  facet normal  0.000000e+000  -0.000000e+000 -1.000000e+000
    outer loop
      vertex  1.261763e+001 -2.290000e+001 -3.149070e+002
      vertex  1.637633e+001 -1.238168e+001 -3.149070e+002
      vertex  1.658939e+001 -1.196352e+001 -3.149070e+002
    endloop
  endfacet
  facet normal  0.000000e+000  -0.000000e+000 -1.000000e+000
    outer loop
      vertex  1.261763e+001 -2.290000e+001 -3.149070e+002
      vertex  1.658939e+001 -1.196352e+001 -3.149070e+002
      vertex  2.011762e+001 -2.290000e+001 -3.149070e+002
    endloop
  endfacet
  facet normal  -0.000000e+000  0.000000e+000 -1.000000e+000
    outer loop
      vertex  1.095990e+001  3.107021e+001 -3.149070e+002
      vertex  3.141751e+001  3.107021e+001 -3.149070e+002
      vertex  2.511762e+001  2.900000e+001 -3.149070e+002
    endloop
  endfacet
  facet normal  -0.000000e+000  0.000000e+000 -1.000000e+000
    outer loop
      vertex  1.095990e+001  3.107021e+001 -3.149070e+002
      vertex  2.511762e+001  2.900000e+001 -3.149070e+002
      vertex  2.465410e+001  2.892658e+001 -3.149070e+002
    endloop
  endfacet
  facet normal  -0.000000e+000  0.000000e+000 -9.999999e-001
    outer loop
      vertex  1.095990e+001  3.107021e+001 -3.149070e+002
      vertex  2.465410e+001  2.892658e+001 -3.149070e+002
      vertex  2.423595e+001  2.871353e+001 -3.149070e+002
    endloop
  endfacet
  facet normal  -0.000000e+000  0.000000e+000 -1.000000e+000
    outer loop
      vertex  1.095990e+001  3.107021e+001 -3.149070e+002
      vertex  2.423595e+001  2.871353e+001 -3.149070e+002
      vertex  2.390410e+001  2.838168e+001 -3.149070e+002
    endloop
  endfacet
  facet normal  -0.000000e+000  0.000000e+000 -1.000000e+000
    outer loop
      vertex  1.095990e+001  3.107021e+001 -3.149070e+002
      vertex  2.390410e+001  2.838168e+001 -3.149070e+002
      vertex  2.369104e+001  2.796353e+001 -3.149070e+002
    endloop
  endfacet
  facet normal  -0.000000e+000  0.000000e+000 -1.000000e+000
    outer loop
      vertex  1.095990e+001  3.107021e+001 -3.149070e+002
      vertex  2.369104e+001  2.796353e+001 -3.149070e+002
      vertex  2.361762e+001  2.750000e+001 -3.149070e+002
    endloop
  endfacet
  facet normal  -0.000000e+000  0.000000e+000 -1.000000e+000
    outer loop
      vertex  1.095990e+001  3.107021e+001 -3.149070e+002
      vertex  2.361762e+001  2.750000e+001 -3.149070e+002
      vertex  1.516281e+001  9.400001e+000 -3.149070e+002
    endloop
  endfacet
  facet normal  -0.000000e+000  0.000000e+000 -1.000000e+000
    outer loop
      vertex  1.095990e+001  3.107021e+001 -3.149070e+002
      vertex  1.516281e+001  9.400001e+000 -3.149070e+002
      vertex  1.469928e+001  9.326586e+000 -3.149070e+002
    endloop
  endfacet
  facet normal  -0.000000e+000  0.000000e+000 -9.999999e-001
    outer loop
      vertex  1.095990e+001  3.107021e+001 -3.149070e+002
      vertex  1.469928e+001  9.326586e+000 -3.149070e+002
      vertex  1.428113e+001  9.113526e+000 -3.149070e+002
    endloop
  endfacet
  facet normal  -0.000000e+000  0.000000e+000 -1.000000e+000
    outer loop
      vertex  1.095990e+001  3.107021e+001 -3.149070e+002
      vertex  1.428113e+001  9.113526e+000 -3.149070e+002
      vertex  1.394928e+001  8.781678e+000 -3.149070e+002
    endloop
  endfacet
  facet normal  -0.000000e+000  0.000000e+000 -1.000000e+000
    outer loop
      vertex  1.095990e+001  3.107021e+001 -3.149070e+002
      vertex  1.394928e+001  8.781678e+000 -3.149070e+002
      vertex  1.373622e+001  8.363526e+000 -3.149070e+002
    endloop
  endfacet
  facet normal  -0.000000e+000  0.000000e+000 -1.000000e+000
    outer loop
      vertex  1.095990e+001  3.107021e+001 -3.149070e+002
      vertex  1.373622e+001  8.363526e+000 -3.149070e+002
      vertex  1.366281e+001  7.900001e+000 -3.149070e+002
    endloop
  endfacet
  facet normal  -0.000000e+000  -0.000000e+000 -1.000000e+000
    outer loop
      vertex  1.095990e+001  3.107021e+001 -3.149070e+002
      vertex  1.366281e+001  7.900001e+000 -3.149070e+002
      vertex  1.516281e+001 -9.999999e+000 -3.149070e+002
    endloop
  endfacet
  facet normal  -0.000000e+000  0.000000e+000 -9.999999e-001
    outer loop
      vertex  1.095990e+001  3.107021e+001 -3.149070e+002
      vertex  1.516281e+001 -9.999999e+000 -3.149070e+002
      vertex  1.469928e+001 -1.007341e+001 -3.149070e+002
    endloop
  endfacet
  facet normal  -0.000000e+000  0.000000e+000 -1.000000e+000
    outer loop
      vertex  1.095990e+001  3.107021e+001 -3.149070e+002
      vertex  1.469928e+001 -1.007341e+001 -3.149070e+002
      vertex  1.428113e+001 -1.028647e+001 -3.149070e+002
    endloop
  endfacet
  facet normal  -0.000000e+000  0.000000e+000 -1.000000e+000
    outer loop
      vertex  1.095990e+001  3.107021e+001 -3.149070e+002
      vertex  1.428113e+001 -1.028647e+001 -3.149070e+002
      vertex  1.394928e+001 -1.061832e+001 -3.149070e+002
    endloop
  endfacet
  facet normal  -0.000000e+000  0.000000e+000 -1.000000e+000
    outer loop
      vertex  1.095990e+001  3.107021e+001 -3.149070e+002
      vertex  1.394928e+001 -1.061832e+001 -3.149070e+002
      vertex  1.373622e+001 -1.103647e+001 -3.149070e+002
    endloop
  endfacet
  facet normal  -0.000000e+000  0.000000e+000 -1.000000e+000
    outer loop
      vertex  1.095990e+001  3.107021e+001 -3.149070e+002
      vertex  1.373622e+001 -1.103647e+001 -3.149070e+002
      vertex  1.366281e+001 -1.150000e+001 -3.149070e+002
    endloop
  endfacet
  facet normal  -0.000000e+000  0.000000e+000 -1.000000e+000
    outer loop
      vertex  1.095990e+001  3.107021e+001 -3.149070e+002
      vertex  1.366281e+001 -1.150000e+001 -3.149070e+002
      vertex  1.261763e+001 -2.290000e+001 -3.149070e+002
    endloop
  endfacet
  facet normal  -0.000000e+000  0.000000e+000 -9.999999e-001
    outer loop
      vertex  1.095990e+001  3.107021e+001 -3.149070e+002
      vertex  1.261763e+001 -2.290000e+001 -3.149070e+002
      vertex  1.213393e+001 -2.295937e+001 -3.149070e+002
    endloop
  endfacet
  facet normal  -0.000000e+000  0.000000e+000 -1.000000e+000
    outer loop
      vertex  1.095990e+001  3.107021e+001 -3.149070e+002
      vertex  1.213393e+001 -2.295937e+001 -3.149070e+002
      vertex  1.167896e+001 -2.313396e+001 -3.149070e+002
    endloop
  endfacet
  facet normal  -0.000000e+000  0.000000e+000 -1.000000e+000
    outer loop
      vertex  1.095990e+001  3.107021e+001 -3.149070e+002
      vertex  1.167896e+001 -2.313396e+001 -3.149070e+002
      vertex  1.127971e+001 -2.341340e+001 -3.149070e+002
    endloop
  endfacet
  facet normal  -0.000000e+000  0.000000e+000 -1.000000e+000
    outer loop
      vertex  1.095990e+001  3.107021e+001 -3.149070e+002
      vertex  1.127971e+001 -2.341340e+001 -3.149070e+002
      vertex  1.095990e+001 -2.378110e+001 -3.149070e+002
    endloop
  endfacet
  facet normal  0.000000e+000  -0.000000e+000 -1.000000e+000
    outer loop
      vertex  1.516281e+001  9.400001e+000 -3.149070e+002
      vertex  2.361762e+001  2.750000e+001 -3.149070e+002
      vertex  2.369104e+001  2.703647e+001 -3.149070e+002
    endloop
  endfacet
  facet normal  0.000000e+000  -0.000000e+000 -1.000000e+000
    outer loop
      vertex  1.516281e+001  9.400001e+000 -3.149070e+002
      vertex  2.369104e+001  2.703647e+001 -3.149070e+002
      vertex  2.390410e+001  2.661832e+001 -3.149070e+002
    endloop
  endfacet
  facet normal  0.000000e+000  -0.000000e+000 -1.000000e+000
    outer loop
      vertex  1.516281e+001  9.400001e+000 -3.149070e+002
      vertex  2.390410e+001  2.661832e+001 -3.149070e+002
      vertex  2.423595e+001  2.628647e+001 -3.149070e+002
    endloop
  endfacet
  facet normal  0.000000e+000  -0.000000e+000 -1.000000e+000
    outer loop
      vertex  1.516281e+001  9.400001e+000 -3.149070e+002
      vertex  2.423595e+001  2.628647e+001 -3.149070e+002
      vertex  2.465410e+001  2.607342e+001 -3.149070e+002
    endloop
  endfacet
  facet normal  0.000000e+000  -0.000000e+000 -1.000000e+000
    outer loop
      vertex  1.516281e+001  9.400001e+000 -3.149070e+002
      vertex  2.465410e+001  2.607342e+001 -3.149070e+002
      vertex  2.511762e+001  2.600000e+001 -3.149070e+002
    endloop
  endfacet
  facet normal  0.000000e+000  0.000000e+000 -1.000000e+000
    outer loop
      vertex  3.141751e+001 -3.107021e+001 -3.149070e+002
      vertex  1.095990e+001 -3.107021e+001 -3.149070e+002
      vertex  2.061762e+001 -3.010000e+001 -3.149070e+002
    endloop
  endfacet
  facet normal  0.000000e+000  0.000000e+000 -1.000000e+000
    outer loop
      vertex  3.141751e+001 -3.107021e+001 -3.149070e+002
      vertex  2.061762e+001 -3.010000e+001 -3.149070e+002
      vertex  2.108115e+001 -3.002658e+001 -3.149070e+002
    endloop
  endfacet
  facet normal  0.000000e+000  0.000000e+000 -9.999999e-001
    outer loop
      vertex  3.141751e+001 -3.107021e+001 -3.149070e+002
      vertex  2.108115e+001 -3.002658e+001 -3.149070e+002
      vertex  2.511762e+001 -2.900000e+001 -3.149070e+002
    endloop
  endfacet
  facet normal  0.000000e+000  0.000000e+000 -1.000000e+000
    outer loop
      vertex  3.141751e+001 -3.107021e+001 -3.149070e+002
      vertex  2.511762e+001 -2.900000e+001 -3.149070e+002
      vertex  2.558115e+001 -2.892658e+001 -3.149070e+002
    endloop
  endfacet
  facet normal  0.000000e+000  0.000000e+000 -1.000000e+000
    outer loop
      vertex  3.141751e+001 -3.107021e+001 -3.149070e+002
      vertex  2.558115e+001 -2.892658e+001 -3.149070e+002
      vertex  2.599930e+001 -2.871353e+001 -3.149070e+002
    endloop
  endfacet
  facet normal  0.000000e+000  0.000000e+000 -1.000000e+000
    outer loop
      vertex  3.141751e+001 -3.107021e+001 -3.149070e+002
      vertex  2.599930e+001 -2.871353e+001 -3.149070e+002
      vertex  2.633115e+001 -2.838168e+001 -3.149070e+002
    endloop
  endfacet
  facet normal  0.000000e+000  0.000000e+000 -1.000000e+000
    outer loop
      vertex  3.141751e+001 -3.107021e+001 -3.149070e+002
      vertex  2.633115e+001 -2.838168e+001 -3.149070e+002
      vertex  2.654421e+001 -2.796353e+001 -3.149070e+002
    endloop
  endfacet
  facet normal  0.000000e+000  0.000000e+000 -1.000000e+000
    outer loop
      vertex  3.141751e+001 -3.107021e+001 -3.149070e+002
      vertex  2.654421e+001 -2.796353e+001 -3.149070e+002
      vertex  2.661762e+001 -2.750000e+001 -3.149070e+002
    endloop
  endfacet
  facet normal  0.000000e+000  0.000000e+000 -1.000000e+000
    outer loop
      vertex  3.141751e+001 -3.107021e+001 -3.149070e+002
      vertex  2.661762e+001 -2.750000e+001 -3.149070e+002
      vertex  3.141751e+001  2.062400e+001 -3.149070e+002
    endloop
  endfacet
  facet normal  0.000000e+000  0.000000e+000 -9.999999e-001
    outer loop
      vertex  2.511762e+001 -2.900000e+001 -3.149070e+002
      vertex  2.108115e+001 -3.002658e+001 -3.149070e+002
      vertex  2.149930e+001 -2.981353e+001 -3.149070e+002
    endloop
  endfacet
  facet normal  0.000000e+000  0.000000e+000 -9.999999e-001
    outer loop
      vertex  2.511762e+001 -2.900000e+001 -3.149070e+002
      vertex  2.149930e+001 -2.981353e+001 -3.149070e+002
      vertex  2.183115e+001 -2.948168e+001 -3.149070e+002
    endloop
  endfacet
  facet normal  0.000000e+000  0.000000e+000 -1.000000e+000
    outer loop
      vertex  2.511762e+001 -2.900000e+001 -3.149070e+002
      vertex  2.183115e+001 -2.948168e+001 -3.149070e+002
      vertex  2.204421e+001 -2.906353e+001 -3.149070e+002
    endloop
  endfacet
  facet normal  0.000000e+000  0.000000e+000 -1.000000e+000
    outer loop
      vertex  2.211762e+001 -2.640000e+001 -3.149070e+002
      vertex  2.423595e+001 -2.628647e+001 -3.149070e+002
      vertex  2.390410e+001 -2.661832e+001 -3.149070e+002
    endloop
  endfacet
  facet normal  -0.000000e+000  0.000000e+000 -1.000000e+000
    outer loop
      vertex  2.211762e+001 -2.640000e+001 -3.149070e+002
      vertex  2.390410e+001 -2.661832e+001 -3.149070e+002
      vertex  2.369104e+001 -2.703647e+001 -3.149070e+002
    endloop
  endfacet
  facet normal  -0.000000e+000  0.000000e+000 -9.999999e-001
    outer loop
      vertex  2.211762e+001 -2.640000e+001 -3.149070e+002
      vertex  2.369104e+001 -2.703647e+001 -3.149070e+002
      vertex  2.361762e+001 -2.750000e+001 -3.149070e+002
    endloop
  endfacet
  facet normal  -0.000000e+000  -0.000000e+000 -1.000000e+000
    outer loop
      vertex  2.211762e+001 -2.640000e+001 -3.149070e+002
      vertex  2.361762e+001 -2.750000e+001 -3.149070e+002
      vertex  2.369104e+001 -2.796353e+001 -3.149070e+002
    endloop
  endfacet
  facet normal  -0.000000e+000  -0.000000e+000 -1.000000e+000
    outer loop
      vertex  2.211762e+001 -2.640000e+001 -3.149070e+002
      vertex  2.369104e+001 -2.796353e+001 -3.149070e+002
      vertex  2.390410e+001 -2.838168e+001 -3.149070e+002
    endloop
  endfacet
  facet normal  0.000000e+000  0.000000e+000 -1.000000e+000
    outer loop
      vertex  2.511762e+001  2.600000e+001 -3.149070e+002
      vertex  2.511762e+001 -2.600000e+001 -3.149070e+002
      vertex  2.211762e+001 -2.490000e+001 -3.149070e+002
    endloop
  endfacet
  facet normal  0.000000e+000  0.000000e+000 -1.000000e+000
    outer loop
      vertex  2.511762e+001  2.600000e+001 -3.149070e+002
      vertex  2.211762e+001 -2.490000e+001 -3.149070e+002
      vertex  2.204948e+001 -2.438236e+001 -3.149070e+002
    endloop
  endfacet
  facet normal  0.000000e+000  0.000000e+000 -1.000000e+000
    outer loop
      vertex  2.511762e+001  2.600000e+001 -3.149070e+002
      vertex  2.204948e+001 -2.438236e+001 -3.149070e+002
      vertex  2.184968e+001 -2.390000e+001 -3.149070e+002
    endloop
  endfacet
  facet normal  0.000000e+000  0.000000e+000 -1.000000e+000
    outer loop
      vertex  2.511762e+001  2.600000e+001 -3.149070e+002
      vertex  2.184968e+001 -2.390000e+001 -3.149070e+002
      vertex  2.153184e+001 -2.348579e+001 -3.149070e+002
    endloop
  endfacet
  facet normal  0.000000e+000  0.000000e+000 -1.000000e+000
    outer loop
      vertex  2.511762e+001  2.600000e+001 -3.149070e+002
      vertex  2.153184e+001 -2.348579e+001 -3.149070e+002
      vertex  2.111762e+001 -2.316795e+001 -3.149070e+002
    endloop
  endfacet
  facet normal  0.000000e+000  0.000000e+000 -1.000000e+000
    outer loop
      vertex  2.511762e+001  2.600000e+001 -3.149070e+002
      vertex  2.111762e+001 -2.316795e+001 -3.149070e+002
      vertex  2.063526e+001 -2.296815e+001 -3.149070e+002
    endloop
  endfacet
  facet normal  0.000000e+000  0.000000e+000 -1.000000e+000
    outer loop
      vertex  2.511762e+001  2.600000e+001 -3.149070e+002
      vertex  2.063526e+001 -2.296815e+001 -3.149070e+002
      vertex  2.011762e+001 -2.290000e+001 -3.149070e+002
    endloop
  endfacet
  facet normal  0.000000e+000  0.000000e+000 -1.000000e+000
    outer loop
      vertex  2.511762e+001  2.600000e+001 -3.149070e+002
      vertex  2.011762e+001 -2.290000e+001 -3.149070e+002
      vertex  1.658939e+001 -1.196352e+001 -3.149070e+002
    endloop
  endfacet
  facet normal  0.000000e+000  0.000000e+000 -1.000000e+000
    outer loop
      vertex  2.511762e+001  2.600000e+001 -3.149070e+002
      vertex  1.658939e+001 -1.196352e+001 -3.149070e+002
      vertex  1.666281e+001 -1.150000e+001 -3.149070e+002
    endloop
  endfacet
  facet normal  0.000000e+000  0.000000e+000 -1.000000e+000
    outer loop
      vertex  2.511762e+001  2.600000e+001 -3.149070e+002
      vertex  1.666281e+001 -1.150000e+001 -3.149070e+002
      vertex  1.658939e+001 -1.103647e+001 -3.149070e+002
    endloop
  endfacet
  facet normal  0.000000e+000  0.000000e+000 -1.000000e+000
    outer loop
      vertex  2.511762e+001  2.600000e+001 -3.149070e+002
      vertex  1.658939e+001 -1.103647e+001 -3.149070e+002
      vertex  1.637633e+001 -1.061832e+001 -3.149070e+002
    endloop
  endfacet
  facet normal  0.000000e+000  0.000000e+000 -1.000000e+000
    outer loop
      vertex  2.511762e+001  2.600000e+001 -3.149070e+002
      vertex  1.637633e+001 -1.061832e+001 -3.149070e+002
      vertex  1.604449e+001 -1.028647e+001 -3.149070e+002
    endloop
  endfacet
  facet normal  0.000000e+000  0.000000e+000 -1.000000e+000
    outer loop
      vertex  2.511762e+001  2.600000e+001 -3.149070e+002
      vertex  1.604449e+001 -1.028647e+001 -3.149070e+002
      vertex  1.562633e+001 -1.007341e+001 -3.149070e+002
    endloop
  endfacet
  facet normal  0.000000e+000  0.000000e+000 -1.000000e+000
    outer loop
      vertex  2.511762e+001  2.600000e+001 -3.149070e+002
      vertex  1.562633e+001 -1.007341e+001 -3.149070e+002
      vertex  1.516281e+001 -9.999999e+000 -3.149070e+002
    endloop
  endfacet
  facet normal  0.000000e+000  0.000000e+000 -9.999999e-001
    outer loop
      vertex  2.511762e+001  2.600000e+001 -3.149070e+002
      vertex  1.516281e+001 -9.999999e+000 -3.149070e+002
      vertex  1.658939e+001  7.436475e+000 -3.149070e+002
    endloop
  endfacet
  facet normal  0.000000e+000  0.000000e+000 -1.000000e+000
    outer loop
      vertex  2.511762e+001  2.600000e+001 -3.149070e+002
      vertex  1.658939e+001  7.436475e+000 -3.149070e+002
      vertex  1.666281e+001  7.900001e+000 -3.149070e+002
    endloop
  endfacet
  facet normal  0.000000e+000  0.000000e+000 -1.000000e+000
    outer loop
      vertex  2.511762e+001  2.600000e+001 -3.149070e+002
      vertex  1.666281e+001  7.900001e+000 -3.149070e+002
      vertex  1.658939e+001  8.363526e+000 -3.149070e+002
    endloop
  endfacet
  facet normal  0.000000e+000  0.000000e+000 -1.000000e+000
    outer loop
      vertex  2.511762e+001  2.600000e+001 -3.149070e+002
      vertex  1.658939e+001  8.363526e+000 -3.149070e+002
      vertex  1.637633e+001  8.781678e+000 -3.149070e+002
    endloop
  endfacet
  facet normal  0.000000e+000  0.000000e+000 -1.000000e+000
    outer loop
      vertex  2.511762e+001  2.600000e+001 -3.149070e+002
      vertex  1.637633e+001  8.781678e+000 -3.149070e+002
      vertex  1.604449e+001  9.113526e+000 -3.149070e+002
    endloop
  endfacet
  facet normal  0.000000e+000  0.000000e+000 -1.000000e+000
    outer loop
      vertex  2.511762e+001  2.600000e+001 -3.149070e+002
      vertex  1.604449e+001  9.113526e+000 -3.149070e+002
      vertex  1.562633e+001  9.326586e+000 -3.149070e+002
    endloop
  endfacet
  facet normal  0.000000e+000  0.000000e+000 -1.000000e+000
    outer loop
      vertex  2.511762e+001  2.600000e+001 -3.149070e+002
      vertex  1.562633e+001  9.326586e+000 -3.149070e+002
      vertex  1.516281e+001  9.400001e+000 -3.149070e+002
    endloop
  endfacet
  facet normal  -0.000000e+000  0.000000e+000 -1.000000e+000
    outer loop
      vertex  2.211762e+001 -2.490000e+001 -3.149070e+002
      vertex  2.511762e+001 -2.600000e+001 -3.149070e+002
      vertex  2.465410e+001 -2.607342e+001 -3.149070e+002
    endloop
  endfacet
  facet normal  -0.000000e+000  0.000000e+000 -1.000000e+000
    outer loop
      vertex  2.211762e+001 -2.490000e+001 -3.149070e+002
      vertex  2.465410e+001 -2.607342e+001 -3.149070e+002
      vertex  2.423595e+001 -2.628647e+001 -3.149070e+002
    endloop
  endfacet
  facet normal  -0.000000e+000  0.000000e+000 -1.000000e+000
    outer loop
      vertex  2.211762e+001 -2.490000e+001 -3.149070e+002
      vertex  2.423595e+001 -2.628647e+001 -3.149070e+002
      vertex  2.211762e+001 -2.640000e+001 -3.149070e+002
    endloop
  endfacet
  facet normal  0.000000e+000  0.000000e+000 -1.000000e+000
    outer loop
      vertex  3.141751e+001  3.107021e+001 -3.149070e+002
      vertex  2.599930e+001  2.628647e+001 -3.149070e+002
      vertex  2.633115e+001  2.661832e+001 -3.149070e+002
    endloop
  endfacet
  facet normal  0.000000e+000  0.000000e+000 -1.000000e+000
    outer loop
      vertex  3.141751e+001  3.107021e+001 -3.149070e+002
      vertex  2.633115e+001  2.661832e+001 -3.149070e+002
      vertex  2.654421e+001  2.703647e+001 -3.149070e+002
    endloop
  endfacet
  facet normal  0.000000e+000  0.000000e+000 -9.999999e-001
    outer loop
      vertex  3.141751e+001  3.107021e+001 -3.149070e+002
      vertex  2.654421e+001  2.703647e+001 -3.149070e+002
      vertex  2.661762e+001  2.750000e+001 -3.149070e+002
    endloop
  endfacet
  facet normal  0.000000e+000  0.000000e+000 -1.000000e+000
    outer loop
      vertex  3.141751e+001  3.107021e+001 -3.149070e+002
      vertex  2.661762e+001  2.750000e+001 -3.149070e+002
      vertex  2.654421e+001  2.796353e+001 -3.149070e+002
    endloop
  endfacet
  facet normal  0.000000e+000  0.000000e+000 -1.000000e+000
    outer loop
      vertex  3.141751e+001  3.107021e+001 -3.149070e+002
      vertex  2.654421e+001  2.796353e+001 -3.149070e+002
      vertex  2.633115e+001  2.838168e+001 -3.149070e+002
    endloop
  endfacet
  facet normal  0.000000e+000  0.000000e+000 -1.000000e+000
    outer loop
      vertex  3.141751e+001  3.107021e+001 -3.149070e+002
      vertex  2.633115e+001  2.838168e+001 -3.149070e+002
      vertex  2.599930e+001  2.871353e+001 -3.149070e+002
    endloop
  endfacet
  facet normal  0.000000e+000  0.000000e+000 -1.000000e+000
    outer loop
      vertex  3.141751e+001  3.107021e+001 -3.149070e+002
      vertex  2.599930e+001  2.871353e+001 -3.149070e+002
      vertex  2.558115e+001  2.892658e+001 -3.149070e+002
    endloop
  endfacet
  facet normal  0.000000e+000  0.000000e+000 -1.000000e+000
    outer loop
      vertex  3.141751e+001  3.107021e+001 -3.149070e+002
      vertex  2.558115e+001  2.892658e+001 -3.149070e+002
      vertex  2.511762e+001  2.900000e+001 -3.149070e+002
    endloop
  endfacet
  facet normal  3.582503e-001 -9.336037e-001  6.386116e-003
    outer loop
      vertex  1.186253e+001 -2.304802e+001 -3.126416e+002
      vertex  1.167896e+001 -2.313396e+001 -3.149070e+002
      vertex  1.213393e+001 -2.295937e+001 -3.149070e+002
    endloop
  endfacet
  facet normal  4.846324e-001 -8.746967e-001 -6.090032e-003
    outer loop
      vertex  1.167896e+001 -2.313396e+001 -3.149070e+002
      vertex  1.186253e+001 -2.304802e+001 -3.126416e+002
      vertex  1.144905e+001 -2.327691e+001 -3.126712e+002
    endloop
  endfacet
  facet normal  5.734062e-001 -8.192448e-001  6.584043e-003
    outer loop
      vertex  1.144905e+001 -2.327691e+001 -3.126712e+002
      vertex  1.127971e+001 -2.341340e+001 -3.149070e+002
      vertex  1.167896e+001 -2.313396e+001 -3.149070e+002
    endloop
  endfacet
  facet normal  6.762702e-001 -7.366272e-001 -6.250226e-003
    outer loop
      vertex  1.127971e+001 -2.341340e+001 -3.149070e+002
      vertex  1.144905e+001 -2.327691e+001 -3.126712e+002
      vertex  1.110097e+001 -2.359625e+001 -3.126961e+002
    endloop
  endfacet
  facet normal  2.659270e-001 -9.639753e-001 -5.862976e-003
    outer loop
      vertex  1.186253e+001 -2.304802e+001 -3.126416e+002
      vertex  1.213393e+001 -2.295937e+001 -3.149070e+002
      vertex  1.231799e+001 -2.292257e+001 -3.126090e+002
    endloop
  endfacet
  facet normal  1.218305e-001 -9.925320e-001  6.135791e-003
    outer loop
      vertex  1.231799e+001 -2.292257e+001 -3.126090e+002
      vertex  1.213393e+001 -2.295937e+001 -3.149070e+002
      vertex  1.261763e+001 -2.290000e+001 -3.149070e+002
    endloop
  endfacet
  facet normal  7.512346e-002 -9.971743e-001  0.000000e+000
    outer loop
      vertex  1.231799e+001 -2.292257e+001 -3.126090e+002
      vertex  1.261763e+001 -2.290000e+001 -3.149070e+002
      vertex  1.261763e+001 -2.290000e+001 -3.125876e+002
    endloop
  endfacet
  facet normal  7.545141e-001 -6.562493e-001  6.722901e-003
    outer loop
      vertex  1.127971e+001 -2.341340e+001 -3.149070e+002
      vertex  1.110097e+001 -2.359625e+001 -3.126961e+002
      vertex  1.095990e+001 -2.378110e+001 -3.149070e+002
    endloop
  endfacet
  facet normal  8.301646e-001 -5.574821e-001 -6.361959e-003
    outer loop
      vertex  1.095990e+001 -2.378110e+001 -3.149070e+002
      vertex  1.110097e+001 -2.359625e+001 -3.126961e+002
      vertex  1.083738e+001 -2.398857e+001 -3.127149e+002
    endloop
  endfacet
  facet normal  8.610517e-001 -5.085172e-001 -1.288498e-006
    outer loop
      vertex  1.095990e+001 -2.378110e+001 -3.149070e+002
      vertex  1.083738e+001 -2.398857e+001 -3.127149e+002
      vertex  1.083739e+001 -2.398853e+001 -3.149085e+002
    endloop
  endfacet
  facet normal  9.376819e-001 -3.474949e-001  2.004764e-006
    outer loop
      vertex  1.083739e+001 -2.398853e+001 -3.149085e+002
      vertex  1.083738e+001 -2.398857e+001 -3.127149e+002
      vertex  1.067336e+001 -2.443116e+001 -3.127267e+002
    endloop
  endfacet
  facet normal  9.376801e-001 -3.474998e-001  8.653743e-007
    outer loop
      vertex  1.083739e+001 -2.398853e+001 -3.149085e+002
      vertex  1.067336e+001 -2.443116e+001 -3.127267e+002
      vertex  1.067335e+001 -2.443119e+001 -3.149152e+002
    endloop
  endfacet
  facet normal  9.930092e-001 -1.180371e-001 -2.351373e-006
    outer loop
      vertex  1.067335e+001 -2.443119e+001 -3.149152e+002
      vertex  1.067336e+001 -2.443116e+001 -3.127267e+002
      vertex  1.061763e+001 -2.490000e+001 -3.127307e+002
    endloop
  endfacet
  facet normal  9.930105e-001 -1.180263e-001  0.000000e+000
    outer loop
      vertex  1.067335e+001 -2.443119e+001 -3.149152e+002
      vertex  1.061763e+001 -2.490000e+001 -3.127307e+002
      vertex  1.061763e+001 -2.490000e+001 -3.149187e+002
    endloop
  endfacet
  facet normal  0.000000e+000 -1.000000e+000  0.000000e+000
    outer loop
      vertex  1.261763e+001 -2.290000e+001 -3.149070e+002
      vertex  2.011762e+001 -2.290000e+001 -3.149070e+002
      vertex  1.261763e+001 -2.290000e+001 -3.125876e+002
    endloop
  endfacet
  facet normal  0.000000e+000 -1.000000e+000  0.000000e+000
    outer loop
      vertex  1.261763e+001 -2.290000e+001 -3.125876e+002
      vertex  2.011762e+001 -2.290000e+001 -3.149070e+002
      vertex  2.011762e+001 -2.290000e+001 -3.120509e+002
    endloop
  endfacet
  facet normal -9.238741e-001 -3.826798e-001  3.564828e-003
    outer loop
      vertex  2.189787e+001 -2.398857e+001 -3.119236e+002
      vertex  2.184968e+001 -2.390000e+001 -3.149070e+002
      vertex  2.204948e+001 -2.438236e+001 -3.149070e+002
    endloop
  endfacet
  facet normal -8.299665e-001 -5.578043e-001 -3.150962e-003
    outer loop
      vertex  2.184968e+001 -2.390000e+001 -3.149070e+002
      vertex  2.189787e+001 -2.398857e+001 -3.119236e+002
      vertex  2.163428e+001 -2.359625e+001 -3.119424e+002
    endloop
  endfacet
  facet normal -7.933446e-001 -6.087544e-001  4.730236e-003
    outer loop
      vertex  2.163428e+001 -2.359625e+001 -3.119424e+002
      vertex  2.153184e+001 -2.348579e+001 -3.149070e+002
      vertex  2.184968e+001 -2.390000e+001 -3.149070e+002
    endloop
  endfacet
  facet normal -6.758743e-001 -7.370054e-001 -4.107660e-003
    outer loop
      vertex  2.153184e+001 -2.348579e+001 -3.149070e+002
      vertex  2.163428e+001 -2.359625e+001 -3.119424e+002
      vertex  2.128620e+001 -2.327691e+001 -3.119673e+002
    endloop
  endfacet
  facet normal -6.087502e-001 -7.933429e-001  5.504216e-003
    outer loop
      vertex  2.128620e+001 -2.327691e+001 -3.119673e+002
      vertex  2.111762e+001 -2.316795e+001 -3.149070e+002
      vertex  2.153184e+001 -2.348579e+001 -3.149070e+002
    endloop
  endfacet
  facet normal -4.840468e-001 -8.750296e-001 -4.674796e-003
    outer loop
      vertex  2.111762e+001 -2.316795e+001 -3.149070e+002
      vertex  2.128620e+001 -2.327691e+001 -3.119673e+002
      vertex  2.087272e+001 -2.304802e+001 -3.119969e+002
    endloop
  endfacet
  facet normal -3.826770e-001 -9.238635e-001  5.868807e-003
    outer loop
      vertex  2.087272e+001 -2.304802e+001 -3.119969e+002
      vertex  2.063526e+001 -2.296815e+001 -3.149070e+002
      vertex  2.111762e+001 -2.316795e+001 -3.149070e+002
    endloop
  endfacet
  facet normal -9.376644e-001 -3.475375e-001 -1.774533e-003
    outer loop
      vertex  2.189787e+001 -2.398857e+001 -3.119236e+002
      vertex  2.204948e+001 -2.438236e+001 -3.149070e+002
      vertex  2.206190e+001 -2.443116e+001 -3.119118e+002
    endloop
  endfacet
  facet normal -9.914430e-001 -1.305248e-001  1.984166e-003
    outer loop
      vertex  2.206190e+001 -2.443116e+001 -3.119118e+002
      vertex  2.204948e+001 -2.438236e+001 -3.149070e+002
      vertex  2.211762e+001 -2.490000e+001 -3.149070e+002
    endloop
  endfacet
  facet normal -9.930095e-001 -1.180352e-001  0.000000e+000
    outer loop
      vertex  2.206190e+001 -2.443116e+001 -3.119118e+002
      vertex  2.211762e+001 -2.490000e+001 -3.149070e+002
      vertex  2.211762e+001 -2.490000e+001 -3.119078e+002
    endloop
  endfacet
  facet normal -2.652183e-001 -9.641764e-001 -4.821825e-003
    outer loop
      vertex  2.087272e+001 -2.304802e+001 -3.119969e+002
      vertex  2.041726e+001 -2.292257e+001 -3.120295e+002
      vertex  2.063526e+001 -2.296815e+001 -3.149070e+002
    endloop
  endfacet
  facet normal -7.583472e-002 -9.970698e-001  1.004705e-002
    outer loop
      vertex  2.063526e+001 -2.296815e+001 -3.149070e+002
      vertex  2.041726e+001 -2.292257e+001 -3.120295e+002
      vertex  2.011762e+001 -2.290000e+001 -3.120509e+002
    endloop
  endfacet
  facet normal -1.305282e-001 -9.914446e-001  -0.000000e+000
    outer loop
      vertex  2.063526e+001 -2.296815e+001 -3.149070e+002
      vertex  2.011762e+001 -2.290000e+001 -3.120509e+002
      vertex  2.011762e+001 -2.290000e+001 -3.149070e+002
    endloop
  endfacet
  facet normal  4.267000e-001  9.043716e-001  6.242546e-003
    outer loop
      vertex  1.155131e+001 -2.998899e+001 -3.126638e+002
      vertex  1.168310e+001 -3.003568e+001 -3.149070e+002
      vertex  1.128583e+001 -2.984825e+001 -3.149070e+002
    endloop
  endfacet
  facet normal  4.844405e-001  8.748208e-001 -2.445115e-003
    outer loop
      vertex  1.155131e+001 -2.998899e+001 -3.126638e+002
      vertex  1.128583e+001 -2.984825e+001 -3.149070e+002
      vertex  1.124119e+001 -2.981732e+001 -3.126860e+002
    endloop
  endfacet
  facet normal  6.703956e-001  7.419974e-001  3.142163e-003
    outer loop
      vertex  1.124119e+001 -2.981732e+001 -3.126860e+002
      vertex  1.128583e+001 -2.984825e+001 -3.149070e+002
      vertex  1.095990e+001 -2.955376e+001 -3.149070e+002
    endloop
  endfacet
  facet normal  6.759672e-001  7.369295e-001  1.835106e-003
    outer loop
      vertex  1.124119e+001 -2.981732e+001 -3.126860e+002
      vertex  1.095990e+001 -2.955376e+001 -3.149070e+002
      vertex  1.098014e+001 -2.957781e+001 -3.127047e+002
    endloop
  endfacet
  facet normal  8.503804e-001  5.261643e-001 -2.069143e-003
    outer loop
      vertex  1.098014e+001 -2.957781e+001 -3.127047e+002
      vertex  1.095990e+001 -2.955376e+001 -3.149070e+002
      vertex  1.074745e+001 -2.921042e+001 -3.149115e+002
    endloop
  endfacet
  facet normal  8.299072e-001  5.578758e-001  5.368955e-003
    outer loop
      vertex  1.098014e+001 -2.957781e+001 -3.127047e+002
      vertex  1.074745e+001 -2.921042e+001 -3.149115e+002
      vertex  1.078244e+001 -2.928358e+001 -3.127189e+002
    endloop
  endfacet
  facet normal  9.599161e-001  2.802237e-001 -5.968991e-003
    outer loop
      vertex  1.078244e+001 -2.928358e+001 -3.127189e+002
      vertex  1.074745e+001 -2.921042e+001 -3.149115e+002
      vertex  1.063428e+001 -2.882287e+001 -3.149176e+002
    endloop
  endfacet
  facet normal  9.375548e-001  3.477027e-001  9.677007e-003
    outer loop
      vertex  1.078244e+001 -2.928358e+001 -3.127189e+002
      vertex  1.063428e+001 -2.882287e+001 -3.149176e+002
      vertex  1.065942e+001 -2.895163e+001 -3.127277e+002
    endloop
  endfacet
  facet normal  9.971988e-001  7.446179e-002 -7.072806e-003
    outer loop
      vertex  1.065942e+001 -2.895163e+001 -3.127277e+002
      vertex  1.063428e+001 -2.882287e+001 -3.149176e+002
      vertex  1.061763e+001 -2.860000e+001 -3.149187e+002
    endloop
  endfacet
  facet normal  9.930094e-001  1.180355e-001  -0.000000e+000
    outer loop
      vertex  1.065942e+001 -2.895163e+001 -3.127277e+002
      vertex  1.061763e+001 -2.860000e+001 -3.149187e+002
      vertex  1.061763e+001 -2.860000e+001 -3.127307e+002
    endloop
  endfacet
  facet normal  2.658380e-001  9.640074e-001 -4.450031e-003
    outer loop
      vertex  1.155131e+001 -2.998899e+001 -3.126638e+002
      vertex  1.189290e+001 -3.008307e+001 -3.126394e+002
      vertex  1.168310e+001 -3.003568e+001 -3.149070e+002
    endloop
  endfacet
  facet normal  7.411882e-002  9.971515e-001  1.398092e-002
    outer loop
      vertex  1.168310e+001 -3.003568e+001 -3.149070e+002
      vertex  1.189290e+001 -3.008307e+001 -3.126394e+002
      vertex  1.211763e+001 -3.010000e+001 -3.126233e+002
    endloop
  endfacet
  facet normal  1.464217e-001  9.892223e-001  0.000000e+000
    outer loop
      vertex  1.168310e+001 -3.003568e+001 -3.149070e+002
      vertex  1.211763e+001 -3.010000e+001 -3.126233e+002
      vertex  1.211763e+001 -3.010000e+001 -3.149070e+002
    endloop
  endfacet
  facet normal -8.909883e-001  4.539841e-001  6.180969e-003
    outer loop
      vertex  2.195281e+001 -2.928358e+001 -3.119196e+002
      vertex  2.204421e+001 -2.906353e+001 -3.149070e+002
      vertex  2.183115e+001 -2.948168e+001 -3.149070e+002
    endloop
  endfacet
  facet normal -2.653391e-001  9.641502e-001 -3.061099e-003
    outer loop
      vertex  2.118394e+001 -2.998899e+001 -3.119746e+002
      vertex  2.108115e+001 -3.002658e+001 -3.149070e+002
      vertex  2.084235e+001 -3.008307e+001 -3.119991e+002
    endloop
  endfacet
  facet normal -1.564323e-001  9.876683e-001  6.339222e-003
    outer loop
      vertex  2.084235e+001 -3.008307e+001 -3.119991e+002
      vertex  2.108115e+001 -3.002658e+001 -3.149070e+002
      vertex  2.061762e+001 -3.010000e+001 -3.149070e+002
    endloop
  endfacet
  facet normal -7.512112e-002  9.971744e-001  0.000000e+000
    outer loop
      vertex  2.084235e+001 -3.008307e+001 -3.119991e+002
      vertex  2.061762e+001 -3.010000e+001 -3.149070e+002
      vertex  2.061762e+001 -3.010000e+001 -3.120152e+002
    endloop
  endfacet
  facet normal -8.299622e-001  5.578106e-001 -3.189392e-003
    outer loop
      vertex  2.195281e+001 -2.928358e+001 -3.119196e+002
      vertex  2.183115e+001 -2.948168e+001 -3.149070e+002
      vertex  2.175511e+001 -2.957781e+001 -3.119338e+002
    endloop
  endfacet
  facet normal -7.070987e-001  7.070987e-001  4.779717e-003
    outer loop
      vertex  2.175511e+001 -2.957781e+001 -3.119338e+002
      vertex  2.183115e+001 -2.948168e+001 -3.149070e+002
      vertex  2.149930e+001 -2.981353e+001 -3.149070e+002
    endloop
  endfacet
  facet normal -6.760297e-001  7.368743e-001 -2.540304e-004
    outer loop
      vertex  2.175511e+001 -2.957781e+001 -3.119338e+002
      vertex  2.149930e+001 -2.981353e+001 -3.149070e+002
      vertex  2.149406e+001 -2.981732e+001 -3.119525e+002
    endloop
  endfacet
  facet normal -4.539896e-001  8.910069e-001  3.378285e-004
    outer loop
      vertex  2.149406e+001 -2.981732e+001 -3.119525e+002
      vertex  2.149930e+001 -2.981353e+001 -3.149070e+002
      vertex  2.108115e+001 -3.002658e+001 -3.149070e+002
    endloop
  endfacet
  facet normal -4.846172e-001  8.747072e-001  5.772669e-003
    outer loop
      vertex  2.149406e+001 -2.981732e+001 -3.119525e+002
      vertex  2.108115e+001 -3.002658e+001 -3.149070e+002
      vertex  2.118394e+001 -2.998899e+001 -3.119746e+002
    endloop
  endfacet
  facet normal -9.376512e-001  3.475639e-001 -3.085648e-003
    outer loop
      vertex  2.195281e+001 -2.928358e+001 -3.119196e+002
      vertex  2.207583e+001 -2.895163e+001 -3.119108e+002
      vertex  2.204421e+001 -2.906353e+001 -3.149070e+002
    endloop
  endfacet
  facet normal -9.929974e-001  1.179797e-001  6.072772e-003
    outer loop
      vertex  2.204421e+001 -2.906353e+001 -3.149070e+002
      vertex  2.207583e+001 -2.895163e+001 -3.119108e+002
      vertex  2.211762e+001 -2.860000e+001 -3.119078e+002
    endloop
  endfacet
  facet normal -9.876888e-001  1.564315e-001  0.000000e+000
    outer loop
      vertex  2.204421e+001 -2.906353e+001 -3.149070e+002
      vertex  2.211762e+001 -2.860000e+001 -3.119078e+002
      vertex  2.211762e+001 -2.860000e+001 -3.149070e+002
    endloop
  endfacet
  facet normal  7.276033e-001 -1.109396e-004 -6.859981e-001
    outer loop
      vertex  3.188829e+001  1.650000e+001 -3.144070e+002
      vertex  3.191201e+001  1.618358e+001 -3.143818e+002
      vertex  3.145930e+001  2.014641e+001 -3.148626e+002
    endloop
  endfacet
  facet normal  7.280153e-001 -7.843497e-006 -6.855609e-001
    outer loop
      vertex  3.188829e+001  1.650000e+001 -3.144070e+002
      vertex  3.145930e+001  2.014641e+001 -3.148626e+002
      vertex  3.157841e+001  1.969713e+001 -3.147361e+002
    endloop
  endfacet
  facet normal  7.280808e-001  5.661920e-006 -6.854913e-001
    outer loop
      vertex  3.188829e+001  1.650000e+001 -3.144070e+002
      vertex  3.157841e+001  1.969713e+001 -3.147361e+002
      vertex  3.171774e+001  1.937455e+001 -3.145881e+002
    endloop
  endfacet
  facet normal  7.280316e-001 -5.386612e-007 -6.855435e-001
    outer loop
      vertex  3.188829e+001  1.650000e+001 -3.144070e+002
      vertex  3.171774e+001  1.937455e+001 -3.145881e+002
      vertex  3.188829e+001  1.908528e+001 -3.144070e+002
    endloop
  endfacet
  facet normal  7.282092e-001  0.000000e+000 -6.853549e-001
    outer loop
      vertex  3.141751e+001 -3.107021e+001 -3.149070e+002
      vertex  3.141751e+001  2.062400e+001 -3.149070e+002
      vertex  3.145930e+001  2.014641e+001 -3.148626e+002
    endloop
  endfacet
  facet normal  7.280608e-001  2.575414e-007 -6.855125e-001
    outer loop
      vertex  3.141751e+001 -3.107021e+001 -3.149070e+002
      vertex  3.145930e+001  2.014641e+001 -3.148626e+002
      vertex  3.191201e+001  1.618358e+001 -3.143818e+002
    endloop
  endfacet
  facet normal  7.280616e-001  2.426765e-007 -6.855118e-001
    outer loop
      vertex  3.141751e+001 -3.107021e+001 -3.149070e+002
      vertex  3.191201e+001  1.618358e+001 -3.143818e+002
      vertex  3.866751e+001 -2.469169e+001 -3.072070e+002
    endloop
  endfacet
  facet normal  7.280614e-001  4.497404e-007 -6.855119e-001
    outer loop
      vertex  3.141751e+001 -3.107021e+001 -3.149070e+002
      vertex  3.866751e+001 -2.469169e+001 -3.072070e+002
      vertex  3.199555e+001 -3.136365e+001 -3.142931e+002
    endloop
  endfacet
  facet normal  7.282063e-001  5.115342e-005 -6.853580e-001
    outer loop
      vertex  3.866751e+001 -2.469169e+001 -3.072070e+002
      vertex  3.191201e+001  1.618358e+001 -3.143818e+002
      vertex  3.198064e+001  1.588135e+001 -3.143089e+002
    endloop
  endfacet
  facet normal  7.279649e-001 -3.348093e-005 -6.856143e-001
    outer loop
      vertex  3.866751e+001 -2.469169e+001 -3.072070e+002
      vertex  3.198064e+001  1.588135e+001 -3.143089e+002
      vertex  3.209534e+001  1.558827e+001 -3.141871e+002
    endloop
  endfacet
  facet normal  7.281073e-001  1.594459e-005 -6.854632e-001
    outer loop
      vertex  3.866751e+001 -2.469169e+001 -3.072070e+002
      vertex  3.209534e+001  1.558827e+001 -3.141871e+002
      vertex  3.224426e+001  1.532983e+001 -3.140289e+002
    endloop
  endfacet
  facet normal  7.280404e-001 -6.918030e-006 -6.855342e-001
    outer loop
      vertex  3.866751e+001 -2.469169e+001 -3.072070e+002
      vertex  3.224426e+001  1.532983e+001 -3.140289e+002
      vertex  3.254917e+001  1.497851e+001 -3.137051e+002
    endloop
  endfacet
  facet normal  7.280579e-001 -1.181795e-006 -6.855156e-001
    outer loop
      vertex  3.866751e+001 -2.469169e+001 -3.072070e+002
      vertex  3.254917e+001  1.497851e+001 -3.137051e+002
      vertex  3.289806e+001  1.472810e+001 -3.133345e+002
    endloop
  endfacet
  facet normal  7.280639e-001  7.074124e-007 -6.855092e-001
    outer loop
      vertex  3.866751e+001 -2.469169e+001 -3.072070e+002
      vertex  3.289806e+001  1.472810e+001 -3.133345e+002
      vertex  3.332760e+001  1.455634e+001 -3.128783e+002
    endloop
  endfacet
  facet normal  7.280581e-001 -9.834533e-007 -6.855155e-001
    outer loop
      vertex  3.866751e+001 -2.469169e+001 -3.072070e+002
      vertex  3.332760e+001  1.455634e+001 -3.128783e+002
      vertex  3.377140e+001  1.450000e+001 -3.124070e+002
    endloop
  endfacet
  facet normal  7.280622e-001  1.273359e-007 -6.855110e-001
    outer loop
      vertex  3.866751e+001 -2.469169e+001 -3.072070e+002
      vertex  3.377140e+001  1.450000e+001 -3.124070e+002
      vertex  3.678439e+001  1.450000e+001 -3.092070e+002
    endloop
  endfacet
  facet normal  7.280581e-001 -2.965357e-007 -6.855153e-001
    outer loop
      vertex  3.866751e+001 -2.469169e+001 -3.072070e+002
      vertex  3.678439e+001  1.450000e+001 -3.092070e+002
      vertex  3.722820e+001  1.455634e+001 -3.087356e+002
    endloop
  endfacet
  facet normal  7.280637e-001  1.433173e-007 -6.855094e-001
    outer loop
      vertex  3.866751e+001 -2.469169e+001 -3.072070e+002
      vertex  3.722820e+001  1.455634e+001 -3.087356e+002
      vertex  3.765774e+001  1.472810e+001 -3.082794e+002
    endloop
  endfacet
  facet normal  7.280583e-001 -1.546163e-007 -6.855152e-001
    outer loop
      vertex  3.866751e+001 -2.469169e+001 -3.072070e+002
      vertex  3.765774e+001  1.472810e+001 -3.082794e+002
      vertex  3.800663e+001  1.497851e+001 -3.079089e+002
    endloop
  endfacet
  facet normal  7.280761e-001  4.755982e-007 -6.854963e-001
    outer loop
      vertex  3.866751e+001 -2.469169e+001 -3.072070e+002
      vertex  3.800663e+001  1.497851e+001 -3.079089e+002
      vertex  3.831154e+001  1.532983e+001 -3.075850e+002
    endloop
  endfacet
  facet normal  7.280287e-001 -4.224239e-007 -6.855467e-001
    outer loop
      vertex  3.866751e+001 -2.469169e+001 -3.072070e+002
      vertex  3.831154e+001  1.532983e+001 -3.075850e+002
      vertex  3.846046e+001  1.558827e+001 -3.074269e+002
    endloop
  endfacet
  facet normal  7.280905e-001  2.553258e-007 -6.854810e-001
    outer loop
      vertex  3.866751e+001 -2.469169e+001 -3.072070e+002
      vertex  3.846046e+001  1.558827e+001 -3.074269e+002
      vertex  3.857515e+001  1.588135e+001 -3.073051e+002
    endloop
  endfacet
  facet normal  7.280999e-001  3.000462e-007 -6.854711e-001
    outer loop
      vertex  3.866751e+001 -2.469169e+001 -3.072070e+002
      vertex  3.857515e+001  1.588135e+001 -3.073051e+002
      vertex  3.864379e+001  1.618358e+001 -3.072321e+002
    endloop
  endfacet
  facet normal  7.278568e-001  0.000000e+000 -6.857293e-001
    outer loop
      vertex  3.866751e+001 -2.469169e+001 -3.072070e+002
      vertex  3.864379e+001  1.618358e+001 -3.072321e+002
      vertex  3.866751e+001  1.650000e+001 -3.072070e+002
    endloop
  endfacet
  facet normal  7.278568e-001  0.000000e+000 -6.857293e-001
    outer loop
      vertex  3.866751e+001  2.468935e+001 -3.072070e+002
      vertex  3.866751e+001  1.950000e+001 -3.072070e+002
      vertex  3.864379e+001  1.981642e+001 -3.072321e+002
    endloop
  endfacet
  facet normal  7.280954e-001 -2.470591e-006 -6.854759e-001
    outer loop
      vertex  3.866751e+001  2.468935e+001 -3.072070e+002
      vertex  3.864379e+001  1.981642e+001 -3.072321e+002
      vertex  3.857515e+001  2.011865e+001 -3.073051e+002
    endloop
  endfacet
  facet normal  7.280883e-001 -2.167735e-006 -6.854833e-001
    outer loop
      vertex  3.866751e+001  2.468935e+001 -3.072070e+002
      vertex  3.857515e+001  2.011865e+001 -3.073051e+002
      vertex  3.846046e+001  2.041173e+001 -3.074269e+002
    endloop
  endfacet
  facet normal  7.280314e-001  3.698501e-006 -6.855439e-001
    outer loop
      vertex  3.866751e+001  2.468935e+001 -3.072070e+002
      vertex  3.846046e+001  2.041173e+001 -3.074269e+002
      vertex  3.831154e+001  2.067018e+001 -3.075850e+002
    endloop
  endfacet
  facet normal  7.280952e-001 -8.345468e-006 -6.854759e-001
    outer loop
      vertex  3.866751e+001  2.468935e+001 -3.072070e+002
      vertex  3.831154e+001  2.067018e+001 -3.075850e+002
      vertex  3.814838e+001  2.087892e+001 -3.077583e+002
    endloop
  endfacet
  facet normal  7.280476e-001  5.482204e-006 -6.855267e-001
    outer loop
      vertex  3.866751e+001  2.468935e+001 -3.072070e+002
      vertex  3.814838e+001  2.087892e+001 -3.077583e+002
      vertex  3.796804e+001  2.105553e+001 -3.079499e+002
    endloop
  endfacet
  facet normal  7.280517e-001  3.768538e-006 -6.855222e-001
    outer loop
      vertex  3.866751e+001  2.468935e+001 -3.072070e+002
      vertex  3.796804e+001  2.105553e+001 -3.079499e+002
      vertex  3.774267e+001  2.122168e+001 -3.081892e+002
    endloop
  endfacet
  facet normal  7.280533e-001  2.818289e-006 -6.855204e-001
    outer loop
      vertex  3.866751e+001  2.468935e+001 -3.072070e+002
      vertex  3.774267e+001  2.122168e+001 -3.081892e+002
      vertex  3.750552e+001  2.134754e+001 -3.084411e+002
    endloop
  endfacet
  facet normal  7.280660e-001 -6.520417e-006 -6.855071e-001
    outer loop
      vertex  3.866751e+001  2.468935e+001 -3.072070e+002
      vertex  3.750552e+001  2.134754e+001 -3.084411e+002
      vertex  3.714879e+001  2.146220e+001 -3.088199e+002
    endloop
  endfacet
  facet normal  7.280671e-001 -7.586274e-006 -6.855059e-001
    outer loop
      vertex  3.866751e+001  2.468935e+001 -3.072070e+002
      vertex  3.714879e+001  2.146220e+001 -3.088199e+002
      vertex  3.678439e+001  2.150000e+001 -3.092070e+002
    endloop
  endfacet
  facet normal  7.281849e-001 -1.555792e-004 -6.853808e-001
    outer loop
      vertex  3.866751e+001  2.468935e+001 -3.072070e+002
      vertex  3.678439e+001  2.150000e+001 -3.092070e+002
      vertex  3.677425e+001  2.150000e+001 -3.092177e+002
    endloop
  endfacet
  facet normal  7.280460e-001  1.978534e-005 -6.855283e-001
    outer loop
      vertex  3.866751e+001  2.468935e+001 -3.072070e+002
      vertex  3.677425e+001  2.150000e+001 -3.092177e+002
      vertex  3.666385e+001  2.177761e+001 -3.093350e+002
    endloop
  endfacet
  facet normal  7.280710e-001 -1.683882e-005 -6.855016e-001
    outer loop
      vertex  3.866751e+001  2.468935e+001 -3.072070e+002
      vertex  3.666385e+001  2.177761e+001 -3.093350e+002
      vertex  3.652972e+001  2.203199e+001 -3.094774e+002
    endloop
  endfacet
  facet normal  7.280640e-001 -4.770497e-006 -6.855092e-001
    outer loop
      vertex  3.866751e+001  2.468935e+001 -3.072070e+002
      vertex  3.652972e+001  2.203199e+001 -3.094774e+002
      vertex  3.636709e+001  2.227455e+001 -3.096502e+002
    endloop
  endfacet
  facet normal  7.280638e-001 -4.456394e-006 -6.855093e-001
    outer loop
      vertex  3.866751e+001  2.468935e+001 -3.072070e+002
      vertex  3.636709e+001  2.227455e+001 -3.096502e+002
      vertex  3.618725e+001  2.249031e+001 -3.098412e+002
    endloop
  endfacet
  facet normal  7.280583e-001  8.955247e-006 -6.855152e-001
    outer loop
      vertex  3.866751e+001  2.468935e+001 -3.072070e+002
      vertex  3.618725e+001  2.249031e+001 -3.098412e+002
      vertex  3.578991e+001  2.284443e+001 -3.102632e+002
    endloop
  endfacet
  facet normal  7.280599e-001  3.565354e-006 -6.855135e-001
    outer loop
      vertex  3.866751e+001  2.468935e+001 -3.072070e+002
      vertex  3.578991e+001  2.284443e+001 -3.102632e+002
      vertex  3.535958e+001  2.310220e+001 -3.107202e+002
    endloop
  endfacet
  facet normal  7.280642e-001 -1.568149e-005 -6.855089e-001
    outer loop
      vertex  3.866751e+001  2.468935e+001 -3.072070e+002
      vertex  3.535958e+001  2.310220e+001 -3.107202e+002
      vertex  3.476482e+001  2.330834e+001 -3.113519e+002
    endloop
  endfacet
  facet normal  7.280563e-001  3.184907e-005 -6.855174e-001
    outer loop
      vertex  3.866751e+001  2.468935e+001 -3.072070e+002
      vertex  3.476482e+001  2.330834e+001 -3.113519e+002
      vertex  3.415508e+001  2.337397e+001 -3.119995e+002
    endloop
  endfacet
  facet normal  7.280634e-001  4.113988e-006 -6.855099e-001
    outer loop
      vertex  3.141751e+001  3.107021e+001 -3.149070e+002
      vertex  3.199400e+001  3.136286e+001 -3.142947e+002
      vertex  3.866751e+001  2.468935e+001 -3.072070e+002
    endloop
  endfacet
  facet normal  7.280609e-001 -1.773834e-006 -6.855124e-001
    outer loop
      vertex  3.141751e+001  3.107021e+001 -3.149070e+002
      vertex  3.866751e+001  2.468935e+001 -3.072070e+002
      vertex  3.415508e+001  2.337397e+001 -3.119995e+002
    endloop
  endfacet
  facet normal  7.280632e-001 -4.380171e-008 -6.855101e-001
    outer loop
      vertex  3.141751e+001  3.107021e+001 -3.149070e+002
      vertex  3.415508e+001  2.337397e+001 -3.119995e+002
      vertex  3.368539e+001  2.333141e+001 -3.124983e+002
    endloop
  endfacet
  facet normal  7.280688e-001  3.468386e-006 -6.855041e-001
    outer loop
      vertex  3.141751e+001  3.107021e+001 -3.149070e+002
      vertex  3.368539e+001  2.333141e+001 -3.124983e+002
      vertex  3.322267e+001  2.320659e+001 -3.129898e+002
    endloop
  endfacet
  facet normal  7.280608e-001 -4.293686e-007 -6.855125e-001
    outer loop
      vertex  3.141751e+001  3.107021e+001 -3.149070e+002
      vertex  3.322267e+001  2.320659e+001 -3.129898e+002
      vertex  3.277499e+001  2.299537e+001 -3.134652e+002
    endloop
  endfacet
  facet normal  7.280468e-001 -5.456105e-006 -6.855275e-001
    outer loop
      vertex  3.141751e+001  3.107021e+001 -3.149070e+002
      vertex  3.277499e+001  2.299537e+001 -3.134652e+002
      vertex  3.250491e+001  2.281449e+001 -3.137521e+002
    endloop
  endfacet
  facet normal  7.280862e-001  5.598522e-006 -6.854856e-001
    outer loop
      vertex  3.141751e+001  3.107021e+001 -3.149070e+002
      vertex  3.250491e+001  2.281449e+001 -3.137521e+002
      vertex  3.224885e+001  2.259408e+001 -3.140240e+002
    endloop
  endfacet
  facet normal  7.280366e-001 -4.748859e-006 -6.855382e-001
    outer loop
      vertex  3.141751e+001  3.107021e+001 -3.149070e+002
      vertex  3.224885e+001  2.259408e+001 -3.140240e+002
      vertex  3.205154e+001  2.238047e+001 -3.142336e+002
    endloop
  endfacet
  facet normal  7.280529e-001 -2.214491e-006 -6.855209e-001
    outer loop
      vertex  3.141751e+001  3.107021e+001 -3.149070e+002
      vertex  3.205154e+001  2.238047e+001 -3.142336e+002
      vertex  3.187129e+001  2.213723e+001 -3.144250e+002
    endloop
  endfacet
  facet normal  7.280975e-001  2.602014e-006 -6.854736e-001
    outer loop
      vertex  3.141751e+001  3.107021e+001 -3.149070e+002
      vertex  3.187129e+001  2.213723e+001 -3.144250e+002
      vertex  3.172410e+001  2.188585e+001 -3.145814e+002
    endloop
  endfacet
  facet normal  7.280579e-001 -2.148818e-007 -6.855157e-001
    outer loop
      vertex  3.141751e+001  3.107021e+001 -3.149070e+002
      vertex  3.172410e+001  2.188585e+001 -3.145814e+002
      vertex  3.160006e+001  2.160923e+001 -3.147131e+002
    endloop
  endfacet
  facet normal  7.280608e-001 -9.741586e-008 -6.855127e-001
    outer loop
      vertex  3.141751e+001  3.107021e+001 -3.149070e+002
      vertex  3.160006e+001  2.160923e+001 -3.147131e+002
      vertex  3.146515e+001  2.113364e+001 -3.148564e+002
    endloop
  endfacet
  facet normal  7.280703e-001  0.000000e+000 -6.855025e-001
    outer loop
      vertex  3.141751e+001  3.107021e+001 -3.149070e+002
      vertex  3.146515e+001  2.113364e+001 -3.148564e+002
      vertex  3.141751e+001  2.062400e+001 -3.149070e+002
    endloop
  endfacet
  facet normal  7.071080e-001 -7.071055e-001  0.000000e+000
    outer loop
      vertex  2.452537e+001 -3.883383e+001 -3.064070e+002
      vertex  2.507425e+001 -3.828495e+001 -3.064070e+002
      vertex  2.452537e+001 -3.883383e+001 -2.942070e+002
    endloop
  endfacet
  facet normal  7.071068e-001 -7.071068e-001  0.000000e+000
    outer loop
      vertex  3.866751e+001 -2.469169e+001 -3.072070e+002
      vertex  3.866751e+001 -2.469169e+001 -2.942070e+002
      vertex  2.452537e+001 -3.883383e+001 -2.942070e+002
    endloop
  endfacet
  facet normal  7.071067e-001 -7.071068e-001 -1.161977e-007
    outer loop
      vertex  3.866751e+001 -2.469169e+001 -3.072070e+002
      vertex  2.452537e+001 -3.883383e+001 -2.942070e+002
      vertex  2.507425e+001 -3.828495e+001 -3.064070e+002
    endloop
  endfacet
  facet normal  7.071066e-001 -7.071069e-001 -2.073292e-006
    outer loop
      vertex  3.866751e+001 -2.469169e+001 -3.072070e+002
      vertex  2.507425e+001 -3.828495e+001 -3.064070e+002
      vertex  2.593449e+001 -3.742471e+001 -3.064815e+002
    endloop
  endfacet
  facet normal  7.071073e-001 -7.071063e-001  1.906462e-005
    outer loop
      vertex  3.866751e+001 -2.469169e+001 -3.072070e+002
      vertex  2.593449e+001 -3.742471e+001 -3.064815e+002
      vertex  2.636050e+001 -3.699871e+001 -3.065753e+002
    endloop
  endfacet
  facet normal  7.071065e-001 -7.071071e-001 -1.214135e-005
    outer loop
      vertex  3.866751e+001 -2.469169e+001 -3.072070e+002
      vertex  2.636050e+001 -3.699871e+001 -3.065753e+002
      vertex  2.678137e+001 -3.657784e+001 -3.067074e+002
    endloop
  endfacet
  facet normal  7.071068e-001 -7.071069e-001 -2.157194e-007
    outer loop
      vertex  3.866751e+001 -2.469169e+001 -3.072070e+002
      vertex  2.678137e+001 -3.657784e+001 -3.067074e+002
      vertex  2.743201e+001 -3.592719e+001 -3.069978e+002
    endloop
  endfacet
  facet normal  7.071068e-001 -7.071068e-001  3.369254e-006
    outer loop
      vertex  3.866751e+001 -2.469169e+001 -3.072070e+002
      vertex  2.743201e+001 -3.592719e+001 -3.069978e+002
      vertex  2.805467e+001 -3.530453e+001 -3.073924e+002
    endloop
  endfacet
  facet normal  7.071068e-001 -7.071068e-001  0.000000e+000
    outer loop
      vertex  3.866751e+001 -2.469169e+001 -3.072070e+002
      vertex  2.805467e+001 -3.530453e+001 -3.073924e+002
      vertex  2.863572e+001 -3.472348e+001 -3.078976e+002
    endloop
  endfacet
  facet normal  7.071068e-001 -7.071068e-001  0.000000e+000
    outer loop
      vertex  3.866751e+001 -2.469169e+001 -3.072070e+002
      vertex  2.863572e+001 -3.472348e+001 -3.078976e+002
      vertex  2.891870e+001 -3.444051e+001 -3.082101e+002
    endloop
  endfacet
  facet normal  7.071069e-001 -7.071066e-001 -3.617657e-006
    outer loop
      vertex  3.866751e+001 -2.469169e+001 -3.072070e+002
      vertex  2.891870e+001 -3.444051e+001 -3.082101e+002
      vertex  2.918169e+001 -3.417751e+001 -3.085558e+002
    endloop
  endfacet
  facet normal  7.071064e-001 -7.071071e-001  3.605193e-006
    outer loop
      vertex  3.866751e+001 -2.469169e+001 -3.072070e+002
      vertex  2.918169e+001 -3.417751e+001 -3.085558e+002
      vertex  2.939475e+001 -3.396446e+001 -3.088904e+002
    endloop
  endfacet
  facet normal  7.071071e-001 -7.071065e-001 -3.406079e-006
    outer loop
      vertex  3.866751e+001 -2.469169e+001 -3.072070e+002
      vertex  2.939475e+001 -3.396446e+001 -3.088904e+002
      vertex  2.958541e+001 -3.377379e+001 -3.092507e+002
    endloop
  endfacet
  facet normal  7.071067e-001 -7.071068e-001 -5.318146e-008
    outer loop
      vertex  3.866751e+001 -2.469169e+001 -3.072070e+002
      vertex  2.958541e+001 -3.377379e+001 -3.092507e+002
      vertex  3.199555e+001 -3.136365e+001 -3.142931e+002
    endloop
  endfacet
  facet normal  7.071068e-001  7.071068e-001  0.000000e+000
    outer loop
      vertex  2.452537e+001  3.883148e+001 -2.942070e+002
      vertex  2.507191e+001  3.828495e+001 -3.064070e+002
      vertex  2.452537e+001  3.883148e+001 -3.064070e+002
    endloop
  endfacet
  facet normal  7.071066e-001  7.071068e-001 -7.972752e-008
    outer loop
      vertex  3.866751e+001  2.468935e+001 -3.072070e+002
      vertex  3.199400e+001  3.136286e+001 -3.142947e+002
      vertex  2.958307e+001  3.377379e+001 -3.092507e+002
    endloop
  endfacet
  facet normal  7.071071e-001  7.071066e-001 -2.881967e-006
    outer loop
      vertex  3.866751e+001  2.468935e+001 -3.072070e+002
      vertex  2.958307e+001  3.377379e+001 -3.092507e+002
      vertex  2.935068e+001  3.400618e+001 -3.088201e+002
    endloop
  endfacet
  facet normal  7.071066e-001  7.071069e-001  1.907306e-006
    outer loop
      vertex  3.866751e+001  2.468935e+001 -3.072070e+002
      vertex  2.935068e+001  3.400618e+001 -3.088201e+002
      vertex  2.890407e+001  3.445279e+001 -3.081953e+002
    endloop
  endfacet
  facet normal  7.071066e-001  7.071069e-001  2.221253e-006
    outer loop
      vertex  3.866751e+001  2.468935e+001 -3.072070e+002
      vertex  2.890407e+001  3.445279e+001 -3.081953e+002
      vertex  2.839557e+001  3.496128e+001 -3.076716e+002
    endloop
  endfacet
  facet normal  7.071066e-001  7.071069e-001 -2.909896e-007
    outer loop
      vertex  3.866751e+001  2.468935e+001 -3.072070e+002
      vertex  2.839557e+001  3.496128e+001 -3.076716e+002
      vertex  2.784333e+001  3.551352e+001 -3.072453e+002
    endloop
  endfacet
  facet normal  7.071066e-001  7.071069e-001 -8.440642e-006
    outer loop
      vertex  3.866751e+001  2.468935e+001 -3.072070e+002
      vertex  2.784333e+001  3.551352e+001 -3.072453e+002
      vertex  2.726083e+001  3.609603e+001 -3.069116e+002
    endloop
  endfacet
  facet normal  7.071068e-001  7.071068e-001  0.000000e+000
    outer loop
      vertex  3.866751e+001  2.468935e+001 -3.072070e+002
      vertex  2.726083e+001  3.609603e+001 -3.069116e+002
      vertex  2.654598e+001  3.681088e+001 -3.066292e+002
    endloop
  endfacet
  facet normal  7.071068e-001  7.071068e-001  0.000000e+000
    outer loop
      vertex  3.866751e+001  2.468935e+001 -3.072070e+002
      vertex  2.654598e+001  3.681088e+001 -3.066292e+002
      vertex  2.581316e+001  3.754370e+001 -3.064622e+002
    endloop
  endfacet
  facet normal  7.071130e-001  7.071005e-001  2.176889e-004
    outer loop
      vertex  3.866751e+001  2.468935e+001 -3.072070e+002
      vertex  2.581316e+001  3.754370e+001 -3.064622e+002
      vertex  2.507191e+001  3.828495e+001 -3.064070e+002
    endloop
  endfacet
  facet normal  7.071067e-001  7.071069e-001 -1.019090e-008
    outer loop
      vertex  3.866751e+001  2.468935e+001 -3.072070e+002
      vertex  2.507191e+001  3.828495e+001 -3.064070e+002
      vertex  2.452537e+001  3.883148e+001 -2.942070e+002
    endloop
  endfacet
  facet normal  7.071066e-001  7.071069e-001  0.000000e+000
    outer loop
      vertex  3.866751e+001  2.468935e+001 -3.072070e+002
      vertex  2.452537e+001  3.883148e+001 -2.942070e+002
      vertex  3.866751e+001  2.468935e+001 -2.942070e+002
    endloop
  endfacet
  facet normal  5.139652e-006  9.022313e-001 -4.312522e-001
    outer loop
      vertex -2.988238e+001  3.150000e+001 -3.140078e+002
      vertex -3.169499e+001  3.100000e+001 -3.150539e+002
      vertex -2.892120e+001  3.377379e+001 -3.092507e+002
    endloop
  endfacet
  facet normal  0.000000e+000  9.022348e-001 -4.312449e-001
    outer loop
      vertex -2.988238e+001  3.150000e+001 -3.140078e+002
      vertex -2.988238e+001  3.100000e+001 -3.150539e+002
      vertex -3.169499e+001  3.100000e+001 -3.150539e+002
    endloop
  endfacet
  facet normal  3.729139e-006  9.022331e-001 -4.312489e-001
    outer loop
      vertex  3.141751e+001  3.107021e+001 -3.149070e+002
      vertex  2.958307e+001  3.377379e+001 -3.092507e+002
      vertex  3.199400e+001  3.136286e+001 -3.142947e+002
    endloop
  endfacet
  facet normal  0.000000e+000  9.022258e-001 -4.312641e-001
    outer loop
      vertex -2.892120e+001  3.377379e+001 -3.092507e+002
      vertex -2.313116e+001  3.377379e+001 -3.092507e+002
      vertex -2.304997e+001  3.347027e+001 -3.098857e+002
    endloop
  endfacet
  facet normal  1.755804e-006  9.022321e-001 -4.312508e-001
    outer loop
      vertex -2.892120e+001  3.377379e+001 -3.092507e+002
      vertex -2.304997e+001  3.347027e+001 -3.098857e+002
      vertex -2.286923e+001  3.304576e+001 -3.107738e+002
    endloop
  endfacet
  facet normal  3.626385e-006  9.022350e-001 -4.312449e-001
    outer loop
      vertex -2.892120e+001  3.377379e+001 -3.092507e+002
      vertex -2.286923e+001  3.304576e+001 -3.107738e+002
      vertex -2.259894e+001  3.263026e+001 -3.116431e+002
    endloop
  endfacet
  facet normal  7.418104e-006  9.022388e-001 -4.312367e-001
    outer loop
      vertex -2.892120e+001  3.377379e+001 -3.092507e+002
      vertex -2.259894e+001  3.263026e+001 -3.116431e+002
      vertex -2.232791e+001  3.233352e+001 -3.122640e+002
    endloop
  endfacet
  facet normal -2.843567e-006  9.022301e-001 -4.312549e-001
    outer loop
      vertex -2.892120e+001  3.377379e+001 -3.092507e+002
      vertex -2.232791e+001  3.233352e+001 -3.122640e+002
      vertex -2.197771e+001  3.205273e+001 -3.128514e+002
    endloop
  endfacet
  facet normal  5.811644e-006  9.022366e-001 -4.312414e-001
    outer loop
      vertex -2.892120e+001  3.377379e+001 -3.092507e+002
      vertex -2.197771e+001  3.205273e+001 -3.128514e+002
      vertex -2.174880e+001  3.191382e+001 -3.131420e+002
    endloop
  endfacet
  facet normal  1.107118e-005  9.022404e-001 -4.312335e-001
    outer loop
      vertex -2.892120e+001  3.377379e+001 -3.092507e+002
      vertex -2.174880e+001  3.191382e+001 -3.131420e+002
      vertex -2.148269e+001  3.178752e+001 -3.134063e+002
    endloop
  endfacet
  facet normal -6.165833e-005  9.021897e-001 -4.313395e-001
    outer loop
      vertex -2.892120e+001  3.377379e+001 -3.092507e+002
      vertex -2.148269e+001  3.178752e+001 -3.134063e+002
      vertex -2.117356e+001  3.168160e+001 -3.136279e+002
    endloop
  endfacet
  facet normal -4.871798e-007  9.022319e-001 -4.312513e-001
    outer loop
      vertex -2.892120e+001  3.377379e+001 -3.092507e+002
      vertex -2.117356e+001  3.168160e+001 -3.136279e+002
      vertex -2.988238e+001  3.150000e+001 -3.140078e+002
    endloop
  endfacet
  facet normal -1.216292e-005  9.022080e-001 -4.313011e-001
    outer loop
      vertex  1.095990e+001  3.107021e+001 -3.149070e+002
      vertex  1.035292e+001  3.105253e+001 -3.149439e+002
      vertex  5.555128e+000  3.150000e+001 -3.140078e+002
    endloop
  endfacet
  facet normal -1.080295e-005  9.022113e-001 -4.312944e-001
    outer loop
      vertex  1.095990e+001  3.107021e+001 -3.149070e+002
      vertex  5.555128e+000  3.150000e+001 -3.140078e+002
      vertex -1.774545e+001  3.377379e+001 -3.092507e+002
    endloop
  endfacet
  facet normal  0.000000e+000  9.022325e-001 -4.312499e-001
    outer loop
      vertex  1.095990e+001  3.107021e+001 -3.149070e+002
      vertex -1.774545e+001  3.377379e+001 -3.092507e+002
      vertex  2.958307e+001  3.377379e+001 -3.092507e+002
    endloop
  endfacet
  facet normal  0.000000e+000  9.022326e-001 -4.312498e-001
    outer loop
      vertex  1.095990e+001  3.107021e+001 -3.149070e+002
      vertex  2.958307e+001  3.377379e+001 -3.092507e+002
      vertex  3.141751e+001  3.107021e+001 -3.149070e+002
    endloop
  endfacet
  facet normal  8.233728e-007  9.022700e-001 -4.311717e-001
    outer loop
      vertex  5.555128e+000  3.150000e+001 -3.140078e+002
      vertex -2.039086e+001  3.158190e+001 -3.138365e+002
      vertex -2.005318e+001  3.160858e+001 -3.137806e+002
    endloop
  endfacet
  facet normal -2.882514e-007  9.022211e-001 -4.312737e-001
    outer loop
      vertex  5.555128e+000  3.150000e+001 -3.140078e+002
      vertex -2.005318e+001  3.160858e+001 -3.137806e+002
      vertex -1.965438e+001  3.169559e+001 -3.135986e+002
    endloop
  endfacet
  facet normal  3.033358e-007  9.022353e-001 -4.312440e-001
    outer loop
      vertex  5.555128e+000  3.150000e+001 -3.140078e+002
      vertex -1.965438e+001  3.169559e+001 -3.135986e+002
      vertex -1.931974e+001  3.181925e+001 -3.133399e+002
    endloop
  endfacet
  facet normal  5.153679e-007  9.022385e-001 -4.312375e-001
    outer loop
      vertex  5.555128e+000  3.150000e+001 -3.140078e+002
      vertex -1.931974e+001  3.181925e+001 -3.133399e+002
      vertex -1.903667e+001  3.196549e+001 -3.130339e+002
    endloop
  endfacet
  facet normal -1.130148e-006  9.022222e-001 -4.312714e-001
    outer loop
      vertex  5.555128e+000  3.150000e+001 -3.140078e+002
      vertex -1.903667e+001  3.196549e+001 -3.130339e+002
      vertex -1.879682e+001  3.212513e+001 -3.127000e+002
    endloop
  endfacet
  facet normal  6.190522e-007  9.022349e-001 -4.312449e-001
    outer loop
      vertex  5.555128e+000  3.150000e+001 -3.140078e+002
      vertex -1.879682e+001  3.212513e+001 -3.127000e+002
      vertex -1.848484e+001  3.239590e+001 -3.121335e+002
    endloop
  endfacet
  facet normal  3.021039e-007  9.022334e-001 -4.312482e-001
    outer loop
      vertex  5.555128e+000  3.150000e+001 -3.140078e+002
      vertex -1.848484e+001  3.239590e+001 -3.121335e+002
      vertex -1.824945e+001  3.266673e+001 -3.115668e+002
    endloop
  endfacet
  facet normal  4.250849e-007  9.022338e-001 -4.312472e-001
    outer loop
      vertex  5.555128e+000  3.150000e+001 -3.140078e+002
      vertex -1.824945e+001  3.266673e+001 -3.115668e+002
      vertex -1.806360e+001  3.294466e+001 -3.109854e+002
    endloop
  endfacet
  facet normal -8.318503e-007  9.022300e-001 -4.312552e-001
    outer loop
      vertex  5.555128e+000  3.150000e+001 -3.140078e+002
      vertex -1.806360e+001  3.294466e+001 -3.109854e+002
      vertex -1.786693e+001  3.335653e+001 -3.101237e+002
    endloop
  endfacet
  facet normal -3.033572e-007  9.022312e-001 -4.312526e-001
    outer loop
      vertex  5.555128e+000  3.150000e+001 -3.140078e+002
      vertex -1.786693e+001  3.335653e+001 -3.101237e+002
      vertex -1.774545e+001  3.377379e+001 -3.092507e+002
    endloop
  endfacet
  facet normal -7.133114e-007  9.022338e-001 -4.312471e-001
    outer loop
      vertex -2.988238e+001  3.150000e+001 -3.140078e+002
      vertex -2.117356e+001  3.168160e+001 -3.136279e+002
      vertex -2.096088e+001  3.163159e+001 -3.137325e+002
    endloop
  endfacet
  facet normal  1.250602e-006  9.022091e-001 -4.312989e-001
    outer loop
      vertex -2.988238e+001  3.150000e+001 -3.140078e+002
      vertex -2.096088e+001  3.163159e+001 -3.137325e+002
      vertex -2.073223e+001  3.159724e+001 -3.138044e+002
    endloop
  endfacet
  facet normal -2.359850e-006  9.022723e-001 -4.311667e-001
    outer loop
      vertex -2.988238e+001  3.150000e+001 -3.140078e+002
      vertex -2.073223e+001  3.159724e+001 -3.138044e+002
      vertex -2.039086e+001  3.158190e+001 -3.138365e+002
    endloop
  endfacet
  facet normal  0.000000e+000  9.022214e-001 -4.312732e-001
    outer loop
      vertex -2.988238e+001  3.150000e+001 -3.140078e+002
      vertex -2.039086e+001  3.158190e+001 -3.138365e+002
      vertex  5.555128e+000  3.150000e+001 -3.140078e+002
    endloop
  endfacet
  facet normal  5.985903e-006  9.022442e-001 -4.312254e-001
    outer loop
      vertex  1.035292e+001  3.105253e+001 -3.149439e+002
      vertex  9.756866e+000  3.100000e+001 -3.150539e+002
      vertex  5.555128e+000  3.150000e+001 -3.140078e+002
    endloop
  endfacet
  facet normal  0.000000e+000  9.022348e-001 -4.312449e-001
    outer loop
      vertex  5.555128e+000  3.150000e+001 -3.140078e+002
      vertex  9.756866e+000  3.100000e+001 -3.150539e+002
      vertex  5.109250e+000  3.100000e+001 -3.150539e+002
    endloop
  endfacet
  facet normal  -0.000000e+000 -9.022348e-001 -4.312449e-001
    outer loop
      vertex  5.109250e+000 -3.100000e+001 -3.150539e+002
      vertex  9.756866e+000 -3.100000e+001 -3.150539e+002
      vertex  5.555128e+000 -3.150000e+001 -3.140078e+002
    endloop
  endfacet
  facet normal  -0.000000e+000 -9.022318e-001 -4.312514e-001
    outer loop
      vertex -2.988238e+001 -3.150000e+001 -3.140078e+002
      vertex  5.555128e+000 -3.150000e+001 -3.140078e+002
      vertex  1.752784e+001 -3.377379e+001 -3.092507e+002
    endloop
  endfacet
  facet normal  -0.000000e+000 -9.022318e-001 -4.312514e-001
    outer loop
      vertex -2.988238e+001 -3.150000e+001 -3.140078e+002
      vertex  1.752784e+001 -3.377379e+001 -3.092507e+002
      vertex -2.892354e+001 -3.377379e+001 -3.092507e+002
    endloop
  endfacet
  facet normal  5.074101e-006 -9.022313e-001 -4.312522e-001
    outer loop
      vertex -2.988238e+001 -3.150000e+001 -3.140078e+002
      vertex -2.892354e+001 -3.377379e+001 -3.092507e+002
      vertex -3.169733e+001 -3.100000e+001 -3.150539e+002
    endloop
  endfacet
  facet normal  0.000000e+000 -9.022349e-001 -4.312450e-001
    outer loop
      vertex -2.988238e+001 -3.150000e+001 -3.140078e+002
      vertex -3.169733e+001 -3.100000e+001 -3.150539e+002
      vertex -2.988238e+001 -3.100000e+001 -3.150539e+002
    endloop
  endfacet
  facet normal  1.419597e-006 -9.022327e-001 -4.312495e-001
    outer loop
      vertex  3.141751e+001 -3.107021e+001 -3.149070e+002
      vertex  3.199555e+001 -3.136365e+001 -3.142931e+002
      vertex  2.958541e+001 -3.377379e+001 -3.092507e+002
    endloop
  endfacet
  facet normal  -0.000000e+000 -9.022325e-001 -4.312499e-001
    outer loop
      vertex  3.141751e+001 -3.107021e+001 -3.149070e+002
      vertex  2.958541e+001 -3.377379e+001 -3.092507e+002
      vertex  2.291258e+001 -3.377379e+001 -3.092507e+002
    endloop
  endfacet
  facet normal -4.506909e-006 -9.022298e-001 -4.312553e-001
    outer loop
      vertex  3.141751e+001 -3.107021e+001 -3.149070e+002
      vertex  2.291258e+001 -3.377379e+001 -3.092507e+002
      vertex  2.279069e+001 -3.335653e+001 -3.101237e+002
    endloop
  endfacet
  facet normal  3.864910e-006 -9.022357e-001 -4.312431e-001
    outer loop
      vertex  3.141751e+001 -3.107021e+001 -3.149070e+002
      vertex  2.279069e+001 -3.335653e+001 -3.101237e+002
      vertex  2.259355e+001 -3.294468e+001 -3.109854e+002
    endloop
  endfacet
  facet normal -8.440774e-007 -9.022316e-001 -4.312517e-001
    outer loop
      vertex  3.141751e+001 -3.107021e+001 -3.149070e+002
      vertex  2.259355e+001 -3.294468e+001 -3.109854e+002
      vertex  2.240729e+001 -3.266674e+001 -3.115668e+002
    endloop
  endfacet
  facet normal  1.387145e-006 -9.022340e-001 -4.312468e-001
    outer loop
      vertex  3.141751e+001 -3.107021e+001 -3.149070e+002
      vertex  2.240729e+001 -3.266674e+001 -3.115668e+002
      vertex  2.217138e+001 -3.239594e+001 -3.121334e+002
    endloop
  endfacet
  facet normal -1.973314e-006 -9.022297e-001 -4.312560e-001
    outer loop
      vertex  3.141751e+001 -3.107021e+001 -3.149070e+002
      vertex  2.217138e+001 -3.239594e+001 -3.121334e+002
      vertex  2.185863e+001 -3.212520e+001 -3.126998e+002
    endloop
  endfacet
  facet normal -2.314171e-007 -9.022326e-001 -4.312498e-001
    outer loop
      vertex  3.141751e+001 -3.107021e+001 -3.149070e+002
      vertex  2.185863e+001 -3.212520e+001 -3.126998e+002
      vertex  2.161839e+001 -3.196579e+001 -3.130333e+002
    endloop
  endfacet
  facet normal -2.800849e-006 -9.022273e-001 -4.312607e-001
    outer loop
      vertex  3.141751e+001 -3.107021e+001 -3.149070e+002
      vertex  2.161839e+001 -3.196579e+001 -3.130333e+002
      vertex  2.133483e+001 -3.181985e+001 -3.133386e+002
    endloop
  endfacet
  facet normal  5.721153e-007 -9.022358e-001 -4.312431e-001
    outer loop
      vertex  3.141751e+001 -3.107021e+001 -3.149070e+002
      vertex  2.133483e+001 -3.181985e+001 -3.133386e+002
      vertex  2.099966e+001 -3.169661e+001 -3.135965e+002
    endloop
  endfacet
  facet normal -1.491585e-006 -9.022294e-001 -4.312564e-001
    outer loop
      vertex  3.141751e+001 -3.107021e+001 -3.149070e+002
      vertex  2.099966e+001 -3.169661e+001 -3.135965e+002
      vertex  2.060122e+001 -3.161035e+001 -3.137769e+002
    endloop
  endfacet
  facet normal -4.467548e-006 -9.022183e-001 -4.312796e-001
    outer loop
      vertex  3.141751e+001 -3.107021e+001 -3.149070e+002
      vertex  2.060122e+001 -3.161035e+001 -3.137769e+002
      vertex  2.026378e+001 -3.158418e+001 -3.138317e+002
    endloop
  endfacet
  facet normal  -0.000000e+000 -9.022363e-001 -4.312419e-001
    outer loop
      vertex  1.095990e+001 -3.107021e+001 -3.149070e+002
      vertex  3.141751e+001 -3.107021e+001 -3.149070e+002
      vertex  2.026378e+001 -3.158418e+001 -3.138317e+002
    endloop
  endfacet
  facet normal  1.561013e-005 -9.021839e-001 -4.313519e-001
    outer loop
      vertex  1.095990e+001 -3.107021e+001 -3.149070e+002
      vertex  2.026378e+001 -3.158418e+001 -3.138317e+002
      vertex  1.992295e+001 -3.159994e+001 -3.137987e+002
    endloop
  endfacet
  facet normal  2.249784e-006 -9.022258e-001 -4.312639e-001
    outer loop
      vertex  1.095990e+001 -3.107021e+001 -3.149070e+002
      vertex  1.992295e+001 -3.159994e+001 -3.137987e+002
      vertex  1.969444e+001 -3.163456e+001 -3.137263e+002
    endloop
  endfacet
  facet normal -5.292080e-006 -9.022475e-001 -4.312185e-001
    outer loop
      vertex  1.095990e+001 -3.107021e+001 -3.149070e+002
      vertex  1.969444e+001 -3.163456e+001 -3.137263e+002
      vertex  1.948196e+001 -3.168478e+001 -3.136212e+002
    endloop
  endfacet
  facet normal  5.863616e-008 -9.022337e-001 -4.312473e-001
    outer loop
      vertex  1.095990e+001 -3.107021e+001 -3.149070e+002
      vertex  1.948196e+001 -3.168478e+001 -3.136212e+002
      vertex  1.917286e+001 -3.179108e+001 -3.133988e+002
    endloop
  endfacet
  facet normal  3.275929e-006 -9.022270e-001 -4.312616e-001
    outer loop
      vertex  1.095990e+001 -3.107021e+001 -3.149070e+002
      vertex  1.917286e+001 -3.179108e+001 -3.133988e+002
      vertex  1.890683e+001 -3.191773e+001 -3.131339e+002
    endloop
  endfacet
  facet normal -5.816493e-006 -9.022427e-001 -4.312284e-001
    outer loop
      vertex  1.095990e+001 -3.107021e+001 -3.149070e+002
      vertex  1.890683e+001 -3.191773e+001 -3.131339e+002
      vertex  1.867803e+001 -3.205695e+001 -3.128426e+002
    endloop
  endfacet
  facet normal  5.679906e-006 -9.022260e-001 -4.312634e-001
    outer loop
      vertex  1.095990e+001 -3.107021e+001 -3.149070e+002
      vertex  1.867803e+001 -3.205695e+001 -3.128426e+002
      vertex  1.832864e+001 -3.233772e+001 -3.122552e+002
    endloop
  endfacet
  facet normal -6.424287e-006 -9.022391e-001 -4.312360e-001
    outer loop
      vertex  1.095990e+001 -3.107021e+001 -3.149070e+002
      vertex  1.832864e+001 -3.233772e+001 -3.122552e+002
      vertex  1.805820e+001 -3.263436e+001 -3.116346e+002
    endloop
  endfacet
  facet normal  7.929103e-007 -9.022330e-001 -4.312488e-001
    outer loop
      vertex  1.095990e+001 -3.107021e+001 -3.149070e+002
      vertex  1.805820e+001 -3.263436e+001 -3.116346e+002
      vertex  1.778835e+001 -3.304986e+001 -3.107653e+002
    endloop
  endfacet
  facet normal  5.732079e-006 -9.022299e-001 -4.312554e-001
    outer loop
      vertex  1.095990e+001 -3.107021e+001 -3.149070e+002
      vertex  1.778835e+001 -3.304986e+001 -3.107653e+002
      vertex  1.760797e+001 -3.347435e+001 -3.098772e+002
    endloop
  endfacet
  facet normal  4.591477e-006 -9.022304e-001 -4.312542e-001
    outer loop
      vertex  1.095990e+001 -3.107021e+001 -3.149070e+002
      vertex  1.760797e+001 -3.347435e+001 -3.098772e+002
      vertex  1.752784e+001 -3.377379e+001 -3.092507e+002
    endloop
  endfacet
  facet normal -1.204155e-006 -9.022329e-001 -4.312489e-001
    outer loop
      vertex  1.752784e+001 -3.377379e+001 -3.092507e+002
      vertex  5.555128e+000 -3.150000e+001 -3.140078e+002
      vertex  9.756866e+000 -3.100000e+001 -3.150539e+002
    endloop
  endfacet
  facet normal  1.541201e-005 -9.022243e-001 -4.312670e-001
    outer loop
      vertex  1.752784e+001 -3.377379e+001 -3.092507e+002
      vertex  9.756866e+000 -3.100000e+001 -3.150539e+002
      vertex  1.035292e+001 -3.105253e+001 -3.149439e+002
    endloop
  endfacet
  facet normal -1.722006e-005 -9.022403e-001 -4.312336e-001
    outer loop
      vertex  1.752784e+001 -3.377379e+001 -3.092507e+002
      vertex  1.035292e+001 -3.105253e+001 -3.149439e+002
      vertex  1.095990e+001 -3.107021e+001 -3.149070e+002
    endloop
  endfacet
  facet normal  1.000000e+000  -0.000000e+000  0.000000e+000
    outer loop
      vertex  3.866751e+001  2.468935e+001 -2.942070e+002
      vertex  3.866751e+001 -2.469169e+001 -2.942070e+002
      vertex  3.866751e+001 -2.469169e+001 -3.072070e+002
    endloop
  endfacet
  facet normal  1.000000e+000  0.000000e+000  0.000000e+000
    outer loop
      vertex  3.866751e+001  2.468935e+001 -2.942070e+002
      vertex  3.866751e+001 -2.469169e+001 -3.072070e+002
      vertex  3.866751e+001  1.650000e+001 -3.072070e+002
    endloop
  endfacet
  facet normal  1.000000e+000  0.000000e+000  0.000000e+000
    outer loop
      vertex  3.866751e+001  2.468935e+001 -2.942070e+002
      vertex  3.866751e+001  1.650000e+001 -3.072070e+002
      vertex  3.866751e+001  1.950000e+001 -3.072070e+002
    endloop
  endfacet
  facet normal  1.000000e+000  0.000000e+000  0.000000e+000
    outer loop
      vertex  3.866751e+001  2.468935e+001 -2.942070e+002
      vertex  3.866751e+001  1.950000e+001 -3.072070e+002
      vertex  3.866751e+001  2.468935e+001 -3.072070e+002
    endloop
  endfacet
  facet normal  8.730332e-001  4.854070e-001 -4.683113e-002
    outer loop
      vertex  3.188829e+001  1.908528e+001 -3.144070e+002
      vertex  3.171774e+001  1.937455e+001 -3.145881e+002
      vertex  3.165770e+001  1.950000e+001 -3.144070e+002
    endloop
  endfacet
  facet normal  9.140185e-001  4.050530e-001  2.241041e-002
    outer loop
      vertex  3.165770e+001  1.950000e+001 -3.144070e+002
      vertex  3.171774e+001  1.937455e+001 -3.145881e+002
      vertex  3.157841e+001  1.969713e+001 -3.147361e+002
    endloop
  endfacet
  facet normal  9.314854e-001  3.637197e-001 -6.556351e-003
    outer loop
      vertex  3.165770e+001  1.950000e+001 -3.144070e+002
      vertex  3.157841e+001  1.969713e+001 -3.147361e+002
      vertex  3.155946e+001  1.975189e+001 -3.143911e+002
    endloop
  endfacet
  facet normal  9.657034e-001  2.593755e-001  1.188514e-002
    outer loop
      vertex  3.155946e+001  1.975189e+001 -3.143911e+002
      vertex  3.157841e+001  1.969713e+001 -3.147361e+002
      vertex  3.145930e+001  2.014641e+001 -3.148626e+002
    endloop
  endfacet
  facet normal  9.712747e-001  2.378484e-001 -7.309471e-003
    outer loop
      vertex  3.155946e+001  1.975189e+001 -3.143911e+002
      vertex  3.145930e+001  2.014641e+001 -3.148626e+002
      vertex  3.145009e+001  2.020191e+001 -3.142798e+002
    endloop
  endfacet
  facet normal  9.961067e-001  8.784669e-002  7.366766e-003
    outer loop
      vertex  3.145009e+001  2.020191e+001 -3.142798e+002
      vertex  3.145930e+001  2.014641e+001 -3.148626e+002
      vertex  3.141751e+001  2.062400e+001 -3.149070e+002
    endloop
  endfacet
  facet normal  9.970333e-001  7.697109e-002  -0.000000e+000
    outer loop
      vertex  3.145009e+001  2.020191e+001 -3.142798e+002
      vertex  3.141751e+001  2.062400e+001 -3.149070e+002
      vertex  3.141751e+001  2.062400e+001 -3.140612e+002
    endloop
  endfacet
  facet normal  9.577289e-001 -2.875717e-001  7.607481e-003
    outer loop
      vertex  3.146515e+001  2.113364e+001 -3.148564e+002
      vertex  3.154265e+001  2.144412e+001 -3.128764e+002
      vertex  3.149700e+001  2.128041e+001 -3.133181e+002
    endloop
  endfacet
  facet normal -8.304310e-001 -5.571212e-001 -4.775067e-004
    outer loop
      vertex  3.636709e+001  2.227455e+001 -3.096502e+002
      vertex  3.652972e+001  2.203199e+001 -3.094774e+002
      vertex  3.631755e+001  2.233859e+001 -2.982070e+002
    endloop
  endfacet
  facet normal -7.682577e-001 -6.401407e-001  2.563100e-004
    outer loop
      vertex  3.618725e+001  2.249031e+001 -3.098412e+002
      vertex  3.636709e+001  2.227455e+001 -3.096502e+002
      vertex  3.631755e+001  2.233859e+001 -2.982070e+002
    endloop
  endfacet
  facet normal -7.071046e-001 -7.071077e-001 -1.301877e-003
    outer loop
      vertex  3.588211e+001  2.277403e+001 -2.982070e+002
      vertex  3.618725e+001  2.249031e+001 -3.098412e+002
      vertex  3.631755e+001  2.233859e+001 -2.982070e+002
    endloop
  endfacet
  facet normal -6.657646e-001 -7.461615e-001  7.347781e-004
    outer loop
      vertex  3.588211e+001  2.277403e+001 -2.982070e+002
      vertex  3.578991e+001  2.284443e+001 -3.102632e+002
      vertex  3.618725e+001  2.249031e+001 -3.098412e+002
    endloop
  endfacet
  facet normal  3.302785e-001 -9.438828e-001 -1.151118e-003
    outer loop
      vertex  3.297433e+001  2.310166e+001 -2.982070e+002
      vertex  3.322267e+001  2.320659e+001 -3.129898e+002
      vertex  3.355558e+001  2.330505e+001 -2.982070e+002
    endloop
  endfacet
  facet normal  4.260665e-001 -9.046915e-001  7.361998e-004
    outer loop
      vertex  3.297433e+001  2.310166e+001 -2.982070e+002
      vertex  3.277499e+001  2.299537e+001 -3.134652e+002
      vertex  3.322267e+001  2.320659e+001 -3.129898e+002
    endloop
  endfacet
  facet normal  9.974274e-001 -7.168403e-002  0.000000e+000
    outer loop
      vertex  3.141751e+001  2.062400e+001 -3.075527e+002
      vertex  3.144577e+001  2.101723e+001 -3.079039e+002
      vertex  3.141751e+001  2.062400e+001 -2.982070e+002
    endloop
  endfacet
  facet normal  9.127338e-001 -4.085517e-001 -1.591597e-003
    outer loop
      vertex  3.156076e+001  2.150000e+001 -3.092070e+002
      vertex  3.160006e+001  2.160923e+001 -3.147131e+002
      vertex  3.172410e+001  2.188585e+001 -3.145814e+002
    endloop
  endfacet
  facet normal  9.224298e-001 -3.861646e-001  3.103289e-004
    outer loop
      vertex  3.156076e+001  2.150000e+001 -3.092070e+002
      vertex  3.172410e+001  2.188585e+001 -3.145814e+002
      vertex  3.168985e+001  2.181718e+001 -2.982070e+002
    endloop
  endfacet
  facet normal  9.438817e-001 -3.302801e-001 -1.552791e-003
    outer loop
      vertex  3.156076e+001  2.150000e+001 -3.092070e+002
      vertex  3.168985e+001  2.181718e+001 -2.982070e+002
      vertex  3.148646e+001  2.123593e+001 -2.982070e+002
    endloop
  endfacet
  facet normal  9.482042e-001 -3.176595e-001 -1.220618e-003
    outer loop
      vertex  3.156076e+001  2.150000e+001 -3.092070e+002
      vertex  3.148646e+001  2.123593e+001 -2.982070e+002
      vertex  3.154265e+001  2.144412e+001 -3.087375e+002
    endloop
  endfacet
  facet normal  9.409736e-001 -3.384797e-001  0.000000e+000
    outer loop
      vertex  3.160006e+001  2.160923e+001 -3.147131e+002
      vertex  3.156076e+001  2.150000e+001 -3.092070e+002
      vertex  3.156076e+001  2.150000e+001 -3.124070e+002
    endloop
  endfacet
  facet normal  9.484054e-001 -3.170581e-001  1.141262e-003
    outer loop
      vertex  3.160006e+001  2.160923e+001 -3.147131e+002
      vertex  3.156076e+001  2.150000e+001 -3.124070e+002
      vertex  3.154265e+001  2.144412e+001 -3.128764e+002
    endloop
  endfacet
  facet normal  9.616026e-001 -2.743927e-001  5.389214e-003
    outer loop
      vertex  3.160006e+001  2.160923e+001 -3.147131e+002
      vertex  3.154265e+001  2.144412e+001 -3.128764e+002
      vertex  3.146515e+001  2.113364e+001 -3.148564e+002
    endloop
  endfacet
  facet normal -8.467228e-001 -5.320323e-001 -1.466742e-003
    outer loop
      vertex  3.664518e+001  2.181718e+001 -2.982070e+002
      vertex  3.631755e+001  2.233859e+001 -2.982070e+002
      vertex  3.652972e+001  2.203199e+001 -3.094774e+002
    endloop
  endfacet
  facet normal -8.846213e-001 -4.663102e-001  1.741201e-004
    outer loop
      vertex  3.664518e+001  2.181718e+001 -2.982070e+002
      vertex  3.652972e+001  2.203199e+001 -3.094774e+002
      vertex  3.666385e+001  2.177761e+001 -3.093350e+002
    endloop
  endfacet
  facet normal -9.291703e-001 -3.696518e-001 -2.443404e-004
    outer loop
      vertex  3.664518e+001  2.181718e+001 -2.982070e+002
      vertex  3.666385e+001  2.177761e+001 -3.093350e+002
      vertex  3.677425e+001  2.150000e+001 -3.092177e+002
    endloop
  endfacet
  facet normal -9.262375e-001 -3.769405e-001  0.000000e+000
    outer loop
      vertex  3.664518e+001  2.181718e+001 -2.982070e+002
      vertex  3.677425e+001  2.150000e+001 -3.092177e+002
      vertex  3.677425e+001  2.150000e+001 -3.092070e+002
    endloop
  endfacet
  facet normal -9.466743e-001 -3.221872e-001 -1.818585e-003
    outer loop
      vertex  3.664518e+001  2.181718e+001 -2.982070e+002
      vertex  3.677425e+001  2.150000e+001 -3.092070e+002
      vertex  3.679237e+001  2.144412e+001 -3.087375e+002
    endloop
  endfacet
  facet normal -9.606944e-001 -2.775849e-001 -3.594642e-003
    outer loop
      vertex  3.664518e+001  2.181718e+001 -2.982070e+002
      vertex  3.679237e+001  2.144412e+001 -3.087375e+002
      vertex  3.683802e+001  2.128041e+001 -3.082958e+002
    endloop
  endfacet
  facet normal -9.438846e-001 -3.302749e-001 -4.700100e-004
    outer loop
      vertex  3.664518e+001  2.181718e+001 -2.982070e+002
      vertex  3.683802e+001  2.128041e+001 -3.082958e+002
      vertex  3.684856e+001  2.123593e+001 -2.982070e+002
    endloop
  endfacet
  facet normal  9.822494e-001 -1.875634e-001 -2.442093e-003
    outer loop
      vertex  3.149700e+001  2.128041e+001 -3.133181e+002
      vertex  3.144577e+001  2.101723e+001 -3.137101e+002
      vertex  3.146515e+001  2.113364e+001 -3.148564e+002
    endloop
  endfacet
  facet normal  9.967978e-001 -7.947991e-002  8.779662e-003
    outer loop
      vertex  3.146515e+001  2.113364e+001 -3.148564e+002
      vertex  3.144577e+001  2.101723e+001 -3.137101e+002
      vertex  3.141751e+001  2.062400e+001 -3.140612e+002
    endloop
  endfacet
  facet normal  9.956594e-001 -9.307140e-002  0.000000e+000
    outer loop
      vertex  3.146515e+001  2.113364e+001 -3.148564e+002
      vertex  3.141751e+001  2.062400e+001 -3.140612e+002
      vertex  3.141751e+001  2.062400e+001 -3.149070e+002
    endloop
  endfacet
  facet normal -9.816293e-001 -1.907982e-001  1.843415e-004
    outer loop
      vertex  3.683802e+001  2.128041e+001 -3.082958e+002
      vertex  3.688925e+001  2.101723e+001 -3.079039e+002
      vertex  3.684856e+001  2.123593e+001 -2.982070e+002
    endloop
  endfacet
  facet normal -9.972607e-001 -7.392497e-002 -2.517156e-003
    outer loop
      vertex  3.684856e+001  2.123593e+001 -2.982070e+002
      vertex  3.688925e+001  2.101723e+001 -3.079039e+002
      vertex  3.691751e+001  2.062400e+001 -3.075527e+002
    endloop
  endfacet
  facet normal -9.937118e-001 -1.119683e-001  0.000000e+000
    outer loop
      vertex  3.684856e+001  2.123593e+001 -2.982070e+002
      vertex  3.691751e+001  2.062400e+001 -3.075527e+002
      vertex  3.691751e+001  2.062400e+001 -2.982070e+002
    endloop
  endfacet
  facet normal  2.598658e-001 -9.656447e-001  5.795202e-004
    outer loop
      vertex  3.322267e+001  2.320659e+001 -3.129898e+002
      vertex  3.368539e+001  2.333141e+001 -3.124983e+002
      vertex  3.355558e+001  2.330505e+001 -2.982070e+002
    endloop
  endfacet
  facet normal  9.131040e-002 -9.958220e-001 -1.007193e-003
    outer loop
      vertex  3.355558e+001  2.330505e+001 -2.982070e+002
      vertex  3.368539e+001  2.333141e+001 -3.124983e+002
      vertex  3.415508e+001  2.337397e+001 -3.119995e+002
    endloop
  endfacet
  facet normal  1.119649e-001 -9.937122e-001 -9.889103e-005
    outer loop
      vertex  3.355558e+001  2.330505e+001 -2.982070e+002
      vertex  3.415508e+001  2.337397e+001 -3.119995e+002
      vertex  3.416751e+001  2.337400e+001 -2.982070e+002
    endloop
  endfacet
  facet normal -1.071137e-001 -9.942467e-001  9.864065e-005
    outer loop
      vertex  3.416751e+001  2.337400e+001 -2.982070e+002
      vertex  3.415508e+001  2.337397e+001 -3.119995e+002
      vertex  3.476482e+001  2.330834e+001 -3.113519e+002
    endloop
  endfacet
  facet normal -1.119656e-001 -9.937121e-001 -1.245024e-004
    outer loop
      vertex  3.416751e+001  2.337400e+001 -2.982070e+002
      vertex  3.476482e+001  2.330834e+001 -3.113519e+002
      vertex  3.477944e+001  2.330505e+001 -2.982070e+002
    endloop
  endfacet
  facet normal -3.276128e-001 -9.448121e-001  1.275637e-004
    outer loop
      vertex  3.477944e+001  2.330505e+001 -2.982070e+002
      vertex  3.476482e+001  2.330834e+001 -3.113519e+002
      vertex  3.535958e+001  2.310220e+001 -3.107202e+002
    endloop
  endfacet
  facet normal -3.302768e-001 -9.438841e-001 -1.098483e-005
    outer loop
      vertex  3.477944e+001  2.330505e+001 -2.982070e+002
      vertex  3.535958e+001  2.310220e+001 -3.107202e+002
      vertex  3.536069e+001  2.310166e+001 -2.982070e+002
    endloop
  endfacet
  facet normal -5.138780e-001 -8.578632e-001  8.974152e-006
    outer loop
      vertex  3.536069e+001  2.310166e+001 -2.982070e+002
      vertex  3.535958e+001  2.310220e+001 -3.107202e+002
      vertex  3.578991e+001  2.284443e+001 -3.102632e+002
    endloop
  endfacet
  facet normal -5.320341e-001 -8.467225e-001 -8.751025e-004
    outer loop
      vertex  3.536069e+001  2.310166e+001 -2.982070e+002
      vertex  3.578991e+001  2.284443e+001 -3.102632e+002
      vertex  3.588211e+001  2.277403e+001 -2.982070e+002
    endloop
  endfacet
  facet normal  6.522483e-001 -7.580053e-001  2.089535e-004
    outer loop
      vertex  3.224885e+001  2.259408e+001 -3.140240e+002
      vertex  3.250491e+001  2.281449e+001 -3.137521e+002
      vertex  3.245291e+001  2.277403e+001 -2.982070e+002
    endloop
  endfacet
  facet normal  5.566684e-001 -8.307347e-001 -3.000087e-004
    outer loop
      vertex  3.245291e+001  2.277403e+001 -2.982070e+002
      vertex  3.250491e+001  2.281449e+001 -3.137521e+002
      vertex  3.277499e+001  2.299537e+001 -3.134652e+002
    endloop
  endfacet
  facet normal  5.320312e-001 -8.467241e-001 -1.052000e-003
    outer loop
      vertex  3.245291e+001  2.277403e+001 -2.982070e+002
      vertex  3.277499e+001  2.299537e+001 -3.134652e+002
      vertex  3.297433e+001  2.310166e+001 -2.982070e+002
    endloop
  endfacet
  facet normal  8.033799e-001 -5.954667e-001  1.521091e-004
    outer loop
      vertex  3.187129e+001  2.213723e+001 -3.144250e+002
      vertex  3.205154e+001  2.238047e+001 -3.142336e+002
      vertex  3.201747e+001  2.233859e+001 -2.982070e+002
    endloop
  endfacet
  facet normal  7.346911e-001 -6.784018e-001 -2.106250e-004
    outer loop
      vertex  3.201747e+001  2.233859e+001 -2.982070e+002
      vertex  3.205154e+001  2.238047e+001 -3.142336e+002
      vertex  3.224885e+001  2.259408e+001 -3.140240e+002
    endloop
  endfacet
  facet normal  7.071049e-001 -7.071078e-001 -1.077841e-003
    outer loop
      vertex  3.201747e+001  2.233859e+001 -2.982070e+002
      vertex  3.224885e+001  2.259408e+001 -3.140240e+002
      vertex  3.245291e+001  2.277403e+001 -2.982070e+002
    endloop
  endfacet
  facet normal  8.630452e-001 -5.051267e-001 -3.127914e-004
    outer loop
      vertex  3.172410e+001  2.188585e+001 -3.145814e+002
      vertex  3.187129e+001  2.213723e+001 -3.144250e+002
      vertex  3.168985e+001  2.181718e+001 -2.982070e+002
    endloop
  endfacet
  facet normal  8.467260e-001 -5.320281e-001 -1.026249e-003
    outer loop
      vertex  3.168985e+001  2.181718e+001 -2.982070e+002
      vertex  3.187129e+001  2.213723e+001 -3.144250e+002
      vertex  3.201747e+001  2.233859e+001 -2.982070e+002
    endloop
  endfacet
  facet normal  9.631292e-001 -2.690395e-001 -1.797507e-004
    outer loop
      vertex  3.154265e+001  2.144412e+001 -3.087375e+002
      vertex  3.148646e+001  2.123593e+001 -2.982070e+002
      vertex  3.149700e+001  2.128041e+001 -3.082958e+002
    endloop
  endfacet
  facet normal  9.937121e-001 -1.119653e-001  5.447079e-004
    outer loop
      vertex  3.149700e+001  2.128041e+001 -3.082958e+002
      vertex  3.148646e+001  2.123593e+001 -2.982070e+002
      vertex  3.141751e+001  2.062400e+001 -2.982070e+002
    endloop
  endfacet
  facet normal  9.800843e-001 -1.985139e-001 -5.193782e-003
    outer loop
      vertex  3.149700e+001  2.128041e+001 -3.082958e+002
      vertex  3.141751e+001  2.062400e+001 -2.982070e+002
      vertex  3.144577e+001  2.101723e+001 -3.079039e+002
    endloop
  endfacet
  facet normal  4.538544e-003  6.087227e-001  7.933700e-001
    outer loop
      vertex  2.866751e+001  1.508579e+001 -3.138212e+002
      vertex  3.224426e+001  1.532983e+001 -3.140289e+002
      vertex  2.866751e+001  1.550000e+001 -3.141390e+002
    endloop
  endfacet
  facet normal -3.352022e-003  6.761704e-001  7.367377e-001
    outer loop
      vertex  2.866751e+001  1.508579e+001 -3.138212e+002
      vertex  3.254917e+001  1.497851e+001 -3.137051e+002
      vertex  3.224426e+001  1.532983e+001 -3.140289e+002
    endloop
  endfacet
  facet normal  3.714989e-003  7.933484e-001  6.087564e-001
    outer loop
      vertex  3.254917e+001  1.497851e+001 -3.137051e+002
      vertex  2.866751e+001  1.508579e+001 -3.138212e+002
      vertex  2.866751e+001  1.476795e+001 -3.134070e+002
    endloop
  endfacet
  facet normal -1.811034e-003  8.277479e-001  5.610971e-001
    outer loop
      vertex  2.866751e+001  1.476795e+001 -3.134070e+002
      vertex  3.289806e+001  1.472810e+001 -3.133345e+002
      vertex  3.254917e+001  1.497851e+001 -3.137051e+002
    endloop
  endfacet
  facet normal  2.149928e-003  9.238774e-001  3.826827e-001
    outer loop
      vertex  3.289806e+001  1.472810e+001 -3.133345e+002
      vertex  2.866751e+001  1.476795e+001 -3.134070e+002
      vertex  2.866751e+001  1.456815e+001 -3.129246e+002
    endloop
  endfacet
  facet normal -1.654960e-003  2.341438e-001  9.722006e-001
    outer loop
      vertex  3.198064e+001  1.588135e+001 -3.143089e+002
      vertex  3.191201e+001  1.618358e+001 -3.143818e+002
      vertex  2.866751e+001  1.598236e+001 -3.143388e+002
    endloop
  endfacet
  facet normal  8.228353e-003  8.002343e-002  9.967591e-001
    outer loop
      vertex  2.866751e+001  1.598236e+001 -3.143388e+002
      vertex  3.191201e+001  1.618358e+001 -3.143818e+002
      vertex  3.188829e+001  1.650000e+001 -3.144070e+002
    endloop
  endfacet
  facet normal  0.000000e+000  1.305213e-001  9.914455e-001
    outer loop
      vertex  2.866751e+001  1.598236e+001 -3.143388e+002
      vertex  3.188829e+001  1.650000e+001 -3.144070e+002
      vertex  2.866751e+001  1.650000e+001 -3.144070e+002
    endloop
  endfacet
  facet normal -1.461015e-003  5.214049e-001  8.533080e-001
    outer loop
      vertex  3.224426e+001  1.532983e+001 -3.140289e+002
      vertex  3.209534e+001  1.558827e+001 -3.141871e+002
      vertex  2.866751e+001  1.550000e+001 -3.141390e+002
    endloop
  endfacet
  facet normal  3.034847e-003  3.847638e-001  9.230101e-001
    outer loop
      vertex  2.866751e+001  1.550000e+001 -3.141390e+002
      vertex  3.209534e+001  1.558827e+001 -3.141871e+002
      vertex  3.198064e+001  1.588135e+001 -3.143089e+002
    endloop
  endfacet
  facet normal  3.312550e-003  3.827276e-001  9.238552e-001
    outer loop
      vertex  2.866751e+001  1.550000e+001 -3.141390e+002
      vertex  3.198064e+001  1.588135e+001 -3.143089e+002
      vertex  2.866751e+001  1.598236e+001 -3.143388e+002
    endloop
  endfacet
  facet normal -1.138377e-003  9.355146e-001  3.532861e-001
    outer loop
      vertex  3.289806e+001  1.472810e+001 -3.133345e+002
      vertex  2.866751e+001  1.456815e+001 -3.129246e+002
      vertex  3.332760e+001  1.455634e+001 -3.128783e+002
    endloop
  endfacet
  facet normal  1.216372e-003  9.914441e-001  1.305263e-001
    outer loop
      vertex  3.332760e+001  1.455634e+001 -3.128783e+002
      vertex  2.866751e+001  1.456815e+001 -3.129246e+002
      vertex  2.866751e+001  1.450000e+001 -3.124070e+002
    endloop
  endfacet
  facet normal  -0.000000e+000  9.929328e-001  1.186782e-001
    outer loop
      vertex  3.332760e+001  1.455634e+001 -3.128783e+002
      vertex  2.866751e+001  1.450000e+001 -3.124070e+002
      vertex  3.377140e+001  1.450000e+001 -3.124070e+002
    endloop
  endfacet
  facet normal  0.000000e+000  1.000000e+000  0.000000e+000
    outer loop
      vertex  2.866751e+001  1.450000e+001 -3.124070e+002
      vertex  2.866751e+001  1.450000e+001 -3.114392e+002
      vertex  3.377140e+001  1.450000e+001 -3.124070e+002
    endloop
  endfacet
  facet normal  0.000000e+000  1.000000e+000  0.000000e+000
    outer loop
      vertex  3.377140e+001  1.450000e+001 -3.124070e+002
      vertex  2.866751e+001  1.450000e+001 -3.114392e+002
      vertex  2.911762e+001  1.450000e+001 -3.114070e+002
    endloop
  endfacet
  facet normal  -0.000000e+000  1.000000e+000  0.000000e+000
    outer loop
      vertex  3.377140e+001  1.450000e+001 -3.124070e+002
      vertex  2.911762e+001  1.450000e+001 -3.114070e+002
      vertex  3.678439e+001  1.450000e+001 -3.092070e+002
    endloop
  endfacet
  facet normal  0.000000e+000  1.000000e+000  0.000000e+000
    outer loop
      vertex  3.678439e+001  1.450000e+001 -3.092070e+002
      vertex  2.911762e+001  1.450000e+001 -3.114070e+002
      vertex  2.911762e+001  1.450000e+001 -3.092070e+002
    endloop
  endfacet
  facet normal  1.065020e-003  9.238790e-001 -3.826834e-001
    outer loop
      vertex  2.911762e+001  1.476795e+001 -3.082070e+002
      vertex  3.765774e+001  1.472810e+001 -3.082794e+002
      vertex  2.911762e+001  1.456815e+001 -3.086893e+002
    endloop
  endfacet
  facet normal -8.769229e-004  8.289238e-001 -5.593609e-001
    outer loop
      vertex  3.800663e+001  1.497851e+001 -3.079089e+002
      vertex  3.765774e+001  1.472810e+001 -3.082794e+002
      vertex  2.911762e+001  1.476795e+001 -3.082070e+002
    endloop
  endfacet
  facet normal  1.622274e-003  7.933530e-001 -6.087598e-001
    outer loop
      vertex  2.911762e+001  1.508579e+001 -3.077928e+002
      vertex  3.800663e+001  1.497851e+001 -3.079089e+002
      vertex  2.911762e+001  1.476795e+001 -3.082070e+002
    endloop
  endfacet
  facet normal -1.409077e-003  6.784434e-001 -7.346513e-001
    outer loop
      vertex  3.831154e+001  1.532983e+001 -3.075850e+002
      vertex  3.800663e+001  1.497851e+001 -3.079089e+002
      vertex  2.911762e+001  1.508579e+001 -3.077928e+002
    endloop
  endfacet
  facet normal  1.766682e-003  6.087648e-001 -7.933487e-001
    outer loop
      vertex  2.911762e+001  1.550000e+001 -3.074749e+002
      vertex  3.831154e+001  1.532983e+001 -3.075850e+002
      vertex  2.911762e+001  1.508579e+001 -3.077928e+002
    endloop
  endfacet
  facet normal -5.485116e-004  5.221747e-001 -8.528384e-001
    outer loop
      vertex  2.911762e+001  1.550000e+001 -3.074749e+002
      vertex  3.846046e+001  1.558827e+001 -3.074269e+002
      vertex  3.831154e+001  1.532983e+001 -3.075850e+002
    endloop
  endfacet
  facet normal -6.448778e-004  9.360690e-001 -3.518158e-001
    outer loop
      vertex  3.765774e+001  1.472810e+001 -3.082794e+002
      vertex  3.722820e+001  1.455634e+001 -3.087356e+002
      vertex  2.911762e+001  1.456815e+001 -3.086893e+002
    endloop
  endfacet
  facet normal  7.645136e-004  9.928474e-001 -1.193879e-001
    outer loop
      vertex  2.911762e+001  1.456815e+001 -3.086893e+002
      vertex  3.722820e+001  1.455634e+001 -3.087356e+002
      vertex  3.678439e+001  1.450000e+001 -3.092070e+002
    endloop
  endfacet
  facet normal  0.000000e+000  9.914449e-001 -1.305264e-001
    outer loop
      vertex  2.911762e+001  1.456815e+001 -3.086893e+002
      vertex  3.678439e+001  1.450000e+001 -3.092070e+002
      vertex  2.911762e+001  1.450000e+001 -3.092070e+002
    endloop
  endfacet
  facet normal -5.711566e-004  2.346218e-001 -9.720865e-001
    outer loop
      vertex  3.864379e+001  1.618358e+001 -3.072321e+002
      vertex  3.857515e+001  1.588135e+001 -3.073051e+002
      vertex  2.911762e+001  1.598236e+001 -3.072751e+002
    endloop
  endfacet
  facet normal  1.171996e-003  3.834437e-001 -9.235635e-001
    outer loop
      vertex  2.911762e+001  1.598236e+001 -3.072751e+002
      vertex  3.857515e+001  1.588135e+001 -3.073051e+002
      vertex  3.846046e+001  1.558827e+001 -3.074269e+002
    endloop
  endfacet
  facet normal  1.134619e-003  3.826796e-001 -9.238805e-001
    outer loop
      vertex  2.911762e+001  1.598236e+001 -3.072751e+002
      vertex  3.846046e+001  1.558827e+001 -3.074269e+002
      vertex  2.911762e+001  1.550000e+001 -3.074749e+002
    endloop
  endfacet
  facet normal  0.000000e+000  7.931771e-002 -9.968494e-001
    outer loop
      vertex  3.866751e+001  1.650000e+001 -3.072070e+002
      vertex  3.864379e+001  1.618358e+001 -3.072321e+002
      vertex  2.911762e+001  1.650000e+001 -3.072070e+002
    endloop
  endfacet
  facet normal  1.715049e-003  1.305211e-001 -9.914441e-001
    outer loop
      vertex  2.911762e+001  1.650000e+001 -3.072070e+002
      vertex  3.864379e+001  1.618358e+001 -3.072321e+002
      vertex  2.911762e+001  1.598236e+001 -3.072751e+002
    endloop
  endfacet
  facet normal  0.000000e+000 -9.929902e-001 -1.181972e-001
    outer loop
      vertex  3.679237e+001  2.144412e+001 -3.087375e+002
      vertex  3.677425e+001  2.150000e+001 -3.092070e+002
      vertex  3.678439e+001  2.150000e+001 -3.092070e+002
    endloop
  endfacet
  facet normal -2.436528e-003 -5.229630e-001 -8.523520e-001
    outer loop
      vertex  3.831154e+001  2.067018e+001 -3.075850e+002
      vertex  3.846046e+001  2.041173e+001 -3.074269e+002
      vertex  3.691751e+001  2.062400e+001 -3.075527e+002
    endloop
  endfacet
  facet normal  2.385512e-002 -3.757502e-001 -9.264139e-001
    outer loop
      vertex  3.691751e+001  2.062400e+001 -3.075527e+002
      vertex  3.846046e+001  2.041173e+001 -3.074269e+002
      vertex  3.857515e+001  2.011865e+001 -3.073051e+002
    endloop
  endfacet
  facet normal -7.306798e-003 -4.592730e-001 -8.882651e-001
    outer loop
      vertex  3.691751e+001  2.062400e+001 -3.075527e+002
      vertex  3.857515e+001  2.011865e+001 -3.073051e+002
      vertex  3.688493e+001  2.020191e+001 -3.073342e+002
    endloop
  endfacet
  facet normal  5.271315e-003 -2.333653e-001 -9.723749e-001
    outer loop
      vertex  3.688493e+001  2.020191e+001 -3.073342e+002
      vertex  3.857515e+001  2.011865e+001 -3.073051e+002
      vertex  3.864379e+001  1.981642e+001 -3.072321e+002
    endloop
  endfacet
  facet normal  3.516192e-003 -2.408893e-001 -9.705462e-001
    outer loop
      vertex  3.688493e+001  2.020191e+001 -3.073342e+002
      vertex  3.864379e+001  1.981642e+001 -3.072321e+002
      vertex  3.677556e+001  1.975189e+001 -3.072229e+002
    endloop
  endfacet
  facet normal -2.188714e-003 -7.948056e-002 -9.968340e-001
    outer loop
      vertex  3.677556e+001  1.975189e+001 -3.072229e+002
      vertex  3.864379e+001  1.981642e+001 -3.072321e+002
      vertex  3.866751e+001  1.950000e+001 -3.072070e+002
    endloop
  endfacet
  facet normal  -0.000000e+000 -6.311551e-002 -9.980063e-001
    outer loop
      vertex  3.677556e+001  1.975189e+001 -3.072229e+002
      vertex  3.866751e+001  1.950000e+001 -3.072070e+002
      vertex  3.667731e+001  1.950000e+001 -3.072070e+002
    endloop
  endfacet
  facet normal -2.677901e-003 -7.364089e-001 -6.765314e-001
    outer loop
      vertex  3.796804e+001  2.105553e+001 -3.079499e+002
      vertex  3.814838e+001  2.087892e+001 -3.077583e+002
      vertex  3.688925e+001  2.101723e+001 -3.079039e+002
    endloop
  endfacet
  facet normal  2.075125e-002 -6.289970e-001 -7.771307e-001
    outer loop
      vertex  3.688925e+001  2.101723e+001 -3.079039e+002
      vertex  3.814838e+001  2.087892e+001 -3.077583e+002
      vertex  3.831154e+001  2.067018e+001 -3.075850e+002
    endloop
  endfacet
  facet normal  4.764419e-003 -6.659189e-001 -7.460089e-001
    outer loop
      vertex  3.688925e+001  2.101723e+001 -3.079039e+002
      vertex  3.831154e+001  2.067018e+001 -3.075850e+002
      vertex  3.691751e+001  2.062400e+001 -3.075527e+002
    endloop
  endfacet
  facet normal -6.071901e-003 -8.967746e-001 -4.424460e-001
    outer loop
      vertex  3.750552e+001  2.134754e+001 -3.084411e+002
      vertex  3.774267e+001  2.122168e+001 -3.081892e+002
      vertex  3.683802e+001  2.128041e+001 -3.082958e+002
    endloop
  endfacet
  facet normal  1.547913e-002 -8.144938e-001 -5.799657e-001
    outer loop
      vertex  3.683802e+001  2.128041e+001 -3.082958e+002
      vertex  3.774267e+001  2.122168e+001 -3.081892e+002
      vertex  3.796804e+001  2.105553e+001 -3.079499e+002
    endloop
  endfacet
  facet normal  5.690258e-003 -8.298419e-001 -5.579696e-001
    outer loop
      vertex  3.683802e+001  2.128041e+001 -3.082958e+002
      vertex  3.796804e+001  2.105553e+001 -3.079499e+002
      vertex  3.688925e+001  2.101723e+001 -3.079039e+002
    endloop
  endfacet
  facet normal  2.292738e-002 -9.926834e-001 -1.185502e-001
    outer loop
      vertex  3.678439e+001  2.150000e+001 -3.092070e+002
      vertex  3.714879e+001  2.146220e+001 -3.088199e+002
      vertex  3.679237e+001  2.144412e+001 -3.087375e+002
    endloop
  endfacet
  facet normal -1.520466e-002 -9.609035e-001 -2.764658e-001
    outer loop
      vertex  3.679237e+001  2.144412e+001 -3.087375e+002
      vertex  3.714879e+001  2.146220e+001 -3.088199e+002
      vertex  3.750552e+001  2.134754e+001 -3.084411e+002
    endloop
  endfacet
  facet normal  1.826166e-002 -9.368886e-001 -3.491506e-001
    outer loop
      vertex  3.679237e+001  2.144412e+001 -3.087375e+002
      vertex  3.750552e+001  2.134754e+001 -3.084411e+002
      vertex  3.683802e+001  2.128041e+001 -3.082958e+002
    endloop
  endfacet
  facet normal  0.000000e+000 -9.999999e-001  0.000000e+000
    outer loop
      vertex  3.678439e+001  2.150000e+001 -3.092070e+002
      vertex  3.677425e+001  2.150000e+001 -3.092070e+002
      vertex  3.677425e+001  2.150000e+001 -3.092177e+002
    endloop
  endfacet
  facet normal  0.000000e+000  0.000000e+000  1.000000e+000
    outer loop
      vertex  3.188829e+001  1.908528e+001 -3.144070e+002
      vertex  3.165770e+001  1.950000e+001 -3.144070e+002
      vertex  3.188829e+001  1.650000e+001 -3.144070e+002
    endloop
  endfacet
  facet normal  0.000000e+000  0.000000e+000  1.000000e+000
    outer loop
      vertex  2.866751e+001  1.950000e+001 -3.144070e+002
      vertex  2.866751e+001  1.800000e+001 -3.144070e+002
      vertex  3.165770e+001  1.950000e+001 -3.144070e+002
    endloop
  endfacet
  facet normal  0.000000e+000  0.000000e+000  1.000000e+000
    outer loop
      vertex  3.165770e+001  1.950000e+001 -3.144070e+002
      vertex  2.866751e+001  1.800000e+001 -3.144070e+002
      vertex  2.866751e+001  1.650000e+001 -3.144070e+002
    endloop
  endfacet
  facet normal  0.000000e+000  0.000000e+000  1.000000e+000
    outer loop
      vertex  3.165770e+001  1.950000e+001 -3.144070e+002
      vertex  2.866751e+001  1.650000e+001 -3.144070e+002
      vertex  3.188829e+001  1.650000e+001 -3.144070e+002
    endloop
  endfacet
  facet normal  -0.000000e+000  -0.000000e+000 -1.000000e+000
    outer loop
      vertex  2.911762e+001  1.950000e+001 -3.072070e+002
      vertex  3.165770e+001  1.950000e+001 -3.072070e+002
      vertex  3.197995e+001  1.895753e+001 -3.072070e+002
    endloop
  endfacet
  facet normal  -0.000000e+000  -0.000000e+000 -1.000000e+000
    outer loop
      vertex  2.911762e+001  1.950000e+001 -3.072070e+002
      vertex  3.197995e+001  1.895753e+001 -3.072070e+002
      vertex  3.241737e+001  1.850280e+001 -3.072070e+002
    endloop
  endfacet
  facet normal  -0.000000e+000  -0.000000e+000 -1.000000e+000
    outer loop
      vertex  2.911762e+001  1.950000e+001 -3.072070e+002
      vertex  3.241737e+001  1.850280e+001 -3.072070e+002
      vertex  3.294691e+001  1.815973e+001 -3.072070e+002
    endloop
  endfacet
  facet normal  0.000000e+000  0.000000e+000 -9.999999e-001
    outer loop
      vertex  3.866751e+001  1.650000e+001 -3.072070e+002
      vertex  3.354071e+001  1.794638e+001 -3.072070e+002
      vertex  3.416751e+001  1.787400e+001 -3.072070e+002
    endloop
  endfacet
  facet normal  0.000000e+000  0.000000e+000 -1.000000e+000
    outer loop
      vertex  3.866751e+001  1.650000e+001 -3.072070e+002
      vertex  3.416751e+001  1.787400e+001 -3.072070e+002
      vertex  3.479431e+001  1.794638e+001 -3.072070e+002
    endloop
  endfacet
  facet normal  0.000000e+000  0.000000e+000 -1.000000e+000
    outer loop
      vertex  3.866751e+001  1.650000e+001 -3.072070e+002
      vertex  3.479431e+001  1.794638e+001 -3.072070e+002
      vertex  3.538811e+001  1.815973e+001 -3.072070e+002
    endloop
  endfacet
  facet normal  0.000000e+000  0.000000e+000 -1.000000e+000
    outer loop
      vertex  3.866751e+001  1.650000e+001 -3.072070e+002
      vertex  3.538811e+001  1.815973e+001 -3.072070e+002
      vertex  3.591766e+001  1.850280e+001 -3.072070e+002
    endloop
  endfacet
  facet normal  0.000000e+000  0.000000e+000 -1.000000e+000
    outer loop
      vertex  3.866751e+001  1.650000e+001 -3.072070e+002
      vertex  3.591766e+001  1.850280e+001 -3.072070e+002
      vertex  3.635506e+001  1.895753e+001 -3.072070e+002
    endloop
  endfacet
  facet normal  0.000000e+000  0.000000e+000 -1.000000e+000
    outer loop
      vertex  3.866751e+001  1.650000e+001 -3.072070e+002
      vertex  3.635506e+001  1.895753e+001 -3.072070e+002
      vertex  3.667731e+001  1.950000e+001 -3.072070e+002
    endloop
  endfacet
  facet normal  0.000000e+000  0.000000e+000 -9.999999e-001
    outer loop
      vertex  3.866751e+001  1.650000e+001 -3.072070e+002
      vertex  3.667731e+001  1.950000e+001 -3.072070e+002
      vertex  3.866751e+001  1.950000e+001 -3.072070e+002
    endloop
  endfacet
  facet normal  0.000000e+000  0.000000e+000 -1.000000e+000
    outer loop
      vertex  2.911762e+001  1.650000e+001 -3.072070e+002
      vertex  2.911762e+001  1.950000e+001 -3.072070e+002
      vertex  3.294691e+001  1.815973e+001 -3.072070e+002
    endloop
  endfacet
  facet normal  0.000000e+000  -0.000000e+000 -1.000000e+000
    outer loop
      vertex  2.911762e+001  1.650000e+001 -3.072070e+002
      vertex  3.294691e+001  1.815973e+001 -3.072070e+002
      vertex  3.354071e+001  1.794638e+001 -3.072070e+002
    endloop
  endfacet
  facet normal  0.000000e+000  -0.000000e+000 -9.999999e-001
    outer loop
      vertex  2.911762e+001  1.650000e+001 -3.072070e+002
      vertex  3.354071e+001  1.794638e+001 -3.072070e+002
      vertex  3.866751e+001  1.650000e+001 -3.072070e+002
    endloop
  endfacet
  facet normal  0.000000e+000  -0.000000e+000 -1.000000e+000
    outer loop
      vertex  3.416751e+001  1.902400e+001 -2.982070e+002
      vertex  3.466194e+001  1.910231e+001 -2.982070e+002
      vertex  3.631755e+001  1.890940e+001 -2.982070e+002
    endloop
  endfacet
  facet normal  -0.000000e+000  0.000000e+000 -9.999999e-001
    outer loop
      vertex  3.416751e+001  1.902400e+001 -2.982070e+002
      vertex  3.631755e+001  1.890940e+001 -2.982070e+002
      vertex  3.588211e+001  1.847396e+001 -2.982070e+002
    endloop
  endfacet
  facet normal  -0.000000e+000  0.000000e+000 -9.999999e-001
    outer loop
      vertex  3.416751e+001  1.902400e+001 -2.982070e+002
      vertex  3.588211e+001  1.847396e+001 -2.982070e+002
      vertex  3.536069e+001  1.814633e+001 -2.982070e+002
    endloop
  endfacet
  facet normal  -0.000000e+000  0.000000e+000 -1.000000e+000
    outer loop
      vertex  3.416751e+001  1.902400e+001 -2.982070e+002
      vertex  3.536069e+001  1.814633e+001 -2.982070e+002
      vertex  3.477944e+001  1.794295e+001 -2.982070e+002
    endloop
  endfacet
  facet normal  -0.000000e+000  0.000000e+000 -1.000000e+000
    outer loop
      vertex  3.416751e+001  1.902400e+001 -2.982070e+002
      vertex  3.477944e+001  1.794295e+001 -2.982070e+002
      vertex  3.416751e+001  1.787400e+001 -2.982070e+002
    endloop
  endfacet
  facet normal  0.000000e+000  0.000000e+000 -1.000000e+000
    outer loop
      vertex  3.416751e+001  1.902400e+001 -2.982070e+002
      vertex  3.416751e+001  1.787400e+001 -2.982070e+002
      vertex  3.355558e+001  1.794295e+001 -2.982070e+002
    endloop
  endfacet
  facet normal  0.000000e+000  0.000000e+000 -1.000000e+000
    outer loop
      vertex  3.416751e+001  1.902400e+001 -2.982070e+002
      vertex  3.355558e+001  1.794295e+001 -2.982070e+002
      vertex  3.297433e+001  1.814633e+001 -2.982070e+002
    endloop
  endfacet
  facet normal  0.000000e+000  0.000000e+000 -1.000000e+000
    outer loop
      vertex  3.416751e+001  1.902400e+001 -2.982070e+002
      vertex  3.297433e+001  1.814633e+001 -2.982070e+002
      vertex  3.245291e+001  1.847396e+001 -2.982070e+002
    endloop
  endfacet
  facet normal  0.000000e+000  0.000000e+000 -1.000000e+000
    outer loop
      vertex  3.416751e+001  1.902400e+001 -2.982070e+002
      vertex  3.245291e+001  1.847396e+001 -2.982070e+002
      vertex  3.201747e+001  1.890940e+001 -2.982070e+002
    endloop
  endfacet
  facet normal  0.000000e+000  0.000000e+000 -1.000000e+000
    outer loop
      vertex  3.416751e+001  1.902400e+001 -2.982070e+002
      vertex  3.201747e+001  1.890940e+001 -2.982070e+002
      vertex  3.367308e+001  1.910231e+001 -2.982070e+002
    endloop
  endfacet
  facet normal  0.000000e+000  -0.000000e+000 -1.000000e+000
    outer loop
      vertex  3.201747e+001  2.233859e+001 -2.982070e+002
      vertex  3.416751e+001  2.337400e+001 -2.982070e+002
      vertex  3.416751e+001  2.222400e+001 -2.982070e+002
    endloop
  endfacet
  facet normal  -0.000000e+000  0.000000e+000 -1.000000e+000
    outer loop
      vertex  3.201747e+001  2.233859e+001 -2.982070e+002
      vertex  3.416751e+001  2.222400e+001 -2.982070e+002
      vertex  3.367308e+001  2.214569e+001 -2.982070e+002
    endloop
  endfacet
  facet normal  -0.000000e+000  0.000000e+000 -9.999999e-001
    outer loop
      vertex  3.201747e+001  2.233859e+001 -2.982070e+002
      vertex  3.367308e+001  2.214569e+001 -2.982070e+002
      vertex  3.322705e+001  2.191842e+001 -2.982070e+002
    endloop
  endfacet
  facet normal  -0.000000e+000  0.000000e+000 -1.000000e+000
    outer loop
      vertex  3.201747e+001  2.233859e+001 -2.982070e+002
      vertex  3.322705e+001  2.191842e+001 -2.982070e+002
      vertex  3.168985e+001  2.181718e+001 -2.982070e+002
    endloop
  endfacet
  facet normal  0.000000e+000  0.000000e+000 -1.000000e+000
    outer loop
      vertex  3.416751e+001  2.337400e+001 -2.982070e+002
      vertex  3.201747e+001  2.233859e+001 -2.982070e+002
      vertex  3.245291e+001  2.277403e+001 -2.982070e+002
    endloop
  endfacet
  facet normal  0.000000e+000  0.000000e+000 -9.999999e-001
    outer loop
      vertex  3.416751e+001  2.337400e+001 -2.982070e+002
      vertex  3.245291e+001  2.277403e+001 -2.982070e+002
      vertex  3.297433e+001  2.310166e+001 -2.982070e+002
    endloop
  endfacet
  facet normal  0.000000e+000  0.000000e+000 -1.000000e+000
    outer loop
      vertex  3.416751e+001  2.337400e+001 -2.982070e+002
      vertex  3.297433e+001  2.310166e+001 -2.982070e+002
      vertex  3.355558e+001  2.330505e+001 -2.982070e+002
    endloop
  endfacet
  facet normal  -0.000000e+000  -0.000000e+000 -9.999999e-001
    outer loop
      vertex  3.416751e+001  2.337400e+001 -2.982070e+002
      vertex  3.477944e+001  2.330505e+001 -2.982070e+002
      vertex  3.536069e+001  2.310166e+001 -2.982070e+002
    endloop
  endfacet
  facet normal  -0.000000e+000  -0.000000e+000 -1.000000e+000
    outer loop
      vertex  3.416751e+001  2.337400e+001 -2.982070e+002
      vertex  3.536069e+001  2.310166e+001 -2.982070e+002
      vertex  3.588211e+001  2.277403e+001 -2.982070e+002
    endloop
  endfacet
  facet normal  -0.000000e+000  -0.000000e+000 -1.000000e+000
    outer loop
      vertex  3.416751e+001  2.337400e+001 -2.982070e+002
      vertex  3.588211e+001  2.277403e+001 -2.982070e+002
      vertex  3.631755e+001  2.233859e+001 -2.982070e+002
    endloop
  endfacet
  facet normal  -0.000000e+000  0.000000e+000 -9.999999e-001
    outer loop
      vertex  3.416751e+001  2.337400e+001 -2.982070e+002
      vertex  3.631755e+001  2.233859e+001 -2.982070e+002
      vertex  3.416751e+001  2.222400e+001 -2.982070e+002
    endloop
  endfacet
  facet normal  0.000000e+000  0.000000e+000 -1.000000e+000
    outer loop
      vertex  3.367308e+001  1.910231e+001 -2.982070e+002
      vertex  3.201747e+001  1.890940e+001 -2.982070e+002
      vertex  3.322705e+001  1.932957e+001 -2.982070e+002
    endloop
  endfacet
  facet normal  -0.000000e+000  0.000000e+000 -1.000000e+000
    outer loop
      vertex  3.322705e+001  1.932957e+001 -2.982070e+002
      vertex  3.201747e+001  1.890940e+001 -2.982070e+002
      vertex  3.168985e+001  1.943082e+001 -2.982070e+002
    endloop
  endfacet
  facet normal  0.000000e+000  0.000000e+000 -1.000000e+000
    outer loop
      vertex  3.322705e+001  1.932957e+001 -2.982070e+002
      vertex  3.168985e+001  1.943082e+001 -2.982070e+002
      vertex  3.287308e+001  1.968354e+001 -2.982070e+002
    endloop
  endfacet
  facet normal  -0.000000e+000  0.000000e+000 -1.000000e+000
    outer loop
      vertex  3.287308e+001  1.968354e+001 -2.982070e+002
      vertex  3.168985e+001  1.943082e+001 -2.982070e+002
      vertex  3.148646e+001  2.001206e+001 -2.982070e+002
    endloop
  endfacet
  facet normal  0.000000e+000  0.000000e+000 -1.000000e+000
    outer loop
      vertex  3.287308e+001  1.968354e+001 -2.982070e+002
      vertex  3.148646e+001  2.001206e+001 -2.982070e+002
      vertex  3.264582e+001  2.012957e+001 -2.982070e+002
    endloop
  endfacet
  facet normal  0.000000e+000  0.000000e+000 -9.999999e-001
    outer loop
      vertex  3.264582e+001  2.012957e+001 -2.982070e+002
      vertex  3.148646e+001  2.001206e+001 -2.982070e+002
      vertex  3.256751e+001  2.062400e+001 -2.982070e+002
    endloop
  endfacet
  facet normal  -0.000000e+000  0.000000e+000 -9.999999e-001
    outer loop
      vertex  3.256751e+001  2.062400e+001 -2.982070e+002
      vertex  3.148646e+001  2.001206e+001 -2.982070e+002
      vertex  3.141751e+001  2.062400e+001 -2.982070e+002
    endloop
  endfacet
  facet normal  0.000000e+000  0.000000e+000 -1.000000e+000
    outer loop
      vertex  3.256751e+001  2.062400e+001 -2.982070e+002
      vertex  3.141751e+001  2.062400e+001 -2.982070e+002
      vertex  3.264582e+001  2.111842e+001 -2.982070e+002
    endloop
  endfacet
  facet normal  -0.000000e+000  0.000000e+000 -1.000000e+000
    outer loop
      vertex  3.264582e+001  2.111842e+001 -2.982070e+002
      vertex  3.141751e+001  2.062400e+001 -2.982070e+002
      vertex  3.148646e+001  2.123593e+001 -2.982070e+002
    endloop
  endfacet
  facet normal  0.000000e+000  0.000000e+000 -1.000000e+000
    outer loop
      vertex  3.264582e+001  2.111842e+001 -2.982070e+002
      vertex  3.148646e+001  2.123593e+001 -2.982070e+002
      vertex  3.287308e+001  2.156445e+001 -2.982070e+002
    endloop
  endfacet
  facet normal  -0.000000e+000  0.000000e+000 -1.000000e+000
    outer loop
      vertex  3.287308e+001  2.156445e+001 -2.982070e+002
      vertex  3.148646e+001  2.123593e+001 -2.982070e+002
      vertex  3.168985e+001  2.181718e+001 -2.982070e+002
    endloop
  endfacet
  facet normal  0.000000e+000  0.000000e+000 -1.000000e+000
    outer loop
      vertex  3.287308e+001  2.156445e+001 -2.982070e+002
      vertex  3.168985e+001  2.181718e+001 -2.982070e+002
      vertex  3.322705e+001  2.191842e+001 -2.982070e+002
    endloop
  endfacet
  facet normal  0.000000e+000  0.000000e+000 -1.000000e+000
    outer loop
      vertex  3.631755e+001  1.890940e+001 -2.982070e+002
      vertex  3.466194e+001  1.910231e+001 -2.982070e+002
      vertex  3.664518e+001  1.943082e+001 -2.982070e+002
    endloop
  endfacet
  facet normal  0.000000e+000  0.000000e+000 -1.000000e+000
    outer loop
      vertex  3.664518e+001  1.943082e+001 -2.982070e+002
      vertex  3.466194e+001  1.910231e+001 -2.982070e+002
      vertex  3.510797e+001  1.932957e+001 -2.982070e+002
    endloop
  endfacet
  facet normal  0.000000e+000  0.000000e+000 -1.000000e+000
    outer loop
      vertex  3.664518e+001  1.943082e+001 -2.982070e+002
      vertex  3.510797e+001  1.932957e+001 -2.982070e+002
      vertex  3.684856e+001  2.001206e+001 -2.982070e+002
    endloop
  endfacet
  facet normal  0.000000e+000  0.000000e+000 -9.999999e-001
    outer loop
      vertex  3.684856e+001  2.001206e+001 -2.982070e+002
      vertex  3.510797e+001  1.932957e+001 -2.982070e+002
      vertex  3.546194e+001  1.968354e+001 -2.982070e+002
    endloop
  endfacet
  facet normal  0.000000e+000  0.000000e+000 -1.000000e+000
    outer loop
      vertex  3.684856e+001  2.001206e+001 -2.982070e+002
      vertex  3.546194e+001  1.968354e+001 -2.982070e+002
      vertex  3.568920e+001  2.012957e+001 -2.982070e+002
    endloop
  endfacet
  facet normal  0.000000e+000  0.000000e+000 -1.000000e+000
    outer loop
      vertex  3.684856e+001  2.001206e+001 -2.982070e+002
      vertex  3.568920e+001  2.012957e+001 -2.982070e+002
      vertex  3.691751e+001  2.062400e+001 -2.982070e+002
    endloop
  endfacet
  facet normal  -0.000000e+000  0.000000e+000 -1.000000e+000
    outer loop
      vertex  3.691751e+001  2.062400e+001 -2.982070e+002
      vertex  3.568920e+001  2.012957e+001 -2.982070e+002
      vertex  3.576751e+001  2.062400e+001 -2.982070e+002
    endloop
  endfacet
  facet normal  0.000000e+000  0.000000e+000 -1.000000e+000
    outer loop
      vertex  3.691751e+001  2.062400e+001 -2.982070e+002
      vertex  3.576751e+001  2.062400e+001 -2.982070e+002
      vertex  3.684856e+001  2.123593e+001 -2.982070e+002
    endloop
  endfacet
  facet normal  0.000000e+000  0.000000e+000 -9.999999e-001
    outer loop
      vertex  3.684856e+001  2.123593e+001 -2.982070e+002
      vertex  3.576751e+001  2.062400e+001 -2.982070e+002
      vertex  3.568920e+001  2.111842e+001 -2.982070e+002
    endloop
  endfacet
  facet normal  0.000000e+000  0.000000e+000 -1.000000e+000
    outer loop
      vertex  3.684856e+001  2.123593e+001 -2.982070e+002
      vertex  3.568920e+001  2.111842e+001 -2.982070e+002
      vertex  3.664518e+001  2.181718e+001 -2.982070e+002
    endloop
  endfacet
  facet normal  0.000000e+000  0.000000e+000 -1.000000e+000
    outer loop
      vertex  3.664518e+001  2.181718e+001 -2.982070e+002
      vertex  3.568920e+001  2.111842e+001 -2.982070e+002
      vertex  3.546194e+001  2.156445e+001 -2.982070e+002
    endloop
  endfacet
  facet normal  0.000000e+000  0.000000e+000 -1.000000e+000
    outer loop
      vertex  3.664518e+001  2.181718e+001 -2.982070e+002
      vertex  3.546194e+001  2.156445e+001 -2.982070e+002
      vertex  3.510797e+001  2.191842e+001 -2.982070e+002
    endloop
  endfacet
  facet normal  0.000000e+000  0.000000e+000 -1.000000e+000
    outer loop
      vertex  3.664518e+001  2.181718e+001 -2.982070e+002
      vertex  3.510797e+001  2.191842e+001 -2.982070e+002
      vertex  3.631755e+001  2.233859e+001 -2.982070e+002
    endloop
  endfacet
  facet normal  0.000000e+000  0.000000e+000 -1.000000e+000
    outer loop
      vertex  3.631755e+001  2.233859e+001 -2.982070e+002
      vertex  3.510797e+001  2.191842e+001 -2.982070e+002
      vertex  3.466194e+001  2.214569e+001 -2.982070e+002
    endloop
  endfacet
  facet normal  0.000000e+000  0.000000e+000 -1.000000e+000
    outer loop
      vertex  3.631755e+001  2.233859e+001 -2.982070e+002
      vertex  3.466194e+001  2.214569e+001 -2.982070e+002
      vertex  3.416751e+001  2.222400e+001 -2.982070e+002
    endloop
  endfacet
  facet normal  0.000000e+000  -0.000000e+000 -9.999999e-001
    outer loop
      vertex -3.350564e+001 -2.161973e+001 -2.982075e+002
      vertex -3.301121e+001 -2.154142e+001 -2.982075e+002
      vertex -3.135560e+001 -2.173433e+001 -2.982075e+002
    endloop
  endfacet
  facet normal  -0.000000e+000  0.000000e+000 -1.000000e+000
    outer loop
      vertex -3.350564e+001 -2.161973e+001 -2.982075e+002
      vertex -3.135560e+001 -2.173433e+001 -2.982075e+002
      vertex -3.179104e+001 -2.216977e+001 -2.982075e+002
    endloop
  endfacet
  facet normal  -0.000000e+000  0.000000e+000 -1.000000e+000
    outer loop
      vertex -3.350564e+001 -2.161973e+001 -2.982075e+002
      vertex -3.179104e+001 -2.216977e+001 -2.982075e+002
      vertex -3.231246e+001 -2.249740e+001 -2.982075e+002
    endloop
  endfacet
  facet normal  -0.000000e+000  0.000000e+000 -9.999999e-001
    outer loop
      vertex -3.350564e+001 -2.161973e+001 -2.982075e+002
      vertex -3.231246e+001 -2.249740e+001 -2.982075e+002
      vertex -3.289370e+001 -2.270078e+001 -2.982075e+002
    endloop
  endfacet
  facet normal  -0.000000e+000  0.000000e+000 -1.000000e+000
    outer loop
      vertex -3.350564e+001 -2.161973e+001 -2.982075e+002
      vertex -3.289370e+001 -2.270078e+001 -2.982075e+002
      vertex -3.350564e+001 -2.276973e+001 -2.982075e+002
    endloop
  endfacet
  facet normal  0.000000e+000  0.000000e+000 -1.000000e+000
    outer loop
      vertex -3.350564e+001 -2.161973e+001 -2.982075e+002
      vertex -3.350564e+001 -2.276973e+001 -2.982075e+002
      vertex -3.411757e+001 -2.270078e+001 -2.982075e+002
    endloop
  endfacet
  facet normal  0.000000e+000  0.000000e+000 -1.000000e+000
    outer loop
      vertex -3.350564e+001 -2.161973e+001 -2.982075e+002
      vertex -3.411757e+001 -2.270078e+001 -2.982075e+002
      vertex -3.469882e+001 -2.249740e+001 -2.982075e+002
    endloop
  endfacet
  facet normal  0.000000e+000  0.000000e+000 -1.000000e+000
    outer loop
      vertex -3.350564e+001 -2.161973e+001 -2.982075e+002
      vertex -3.469882e+001 -2.249740e+001 -2.982075e+002
      vertex -3.522023e+001 -2.216977e+001 -2.982075e+002
    endloop
  endfacet
  facet normal  0.000000e+000  0.000000e+000 -9.999999e-001
    outer loop
      vertex -3.350564e+001 -2.161973e+001 -2.982075e+002
      vertex -3.522023e+001 -2.216977e+001 -2.982075e+002
      vertex -3.565567e+001 -2.173433e+001 -2.982075e+002
    endloop
  endfacet
  facet normal  0.000000e+000  0.000000e+000 -1.000000e+000
    outer loop
      vertex -3.350564e+001 -2.161973e+001 -2.982075e+002
      vertex -3.565567e+001 -2.173433e+001 -2.982075e+002
      vertex -3.400006e+001 -2.154142e+001 -2.982075e+002
    endloop
  endfacet
  facet normal  0.000000e+000  -0.000000e+000 -1.000000e+000
    outer loop
      vertex -3.565567e+001 -1.830514e+001 -2.982075e+002
      vertex -3.350564e+001 -1.726973e+001 -2.982075e+002
      vertex -3.350564e+001 -1.841973e+001 -2.982075e+002
    endloop
  endfacet
  facet normal  -0.000000e+000  0.000000e+000 -1.000000e+000
    outer loop
      vertex -3.565567e+001 -1.830514e+001 -2.982075e+002
      vertex -3.350564e+001 -1.841973e+001 -2.982075e+002
      vertex -3.400006e+001 -1.849804e+001 -2.982075e+002
    endloop
  endfacet
  facet normal  -0.000000e+000  0.000000e+000 -1.000000e+000
    outer loop
      vertex -3.565567e+001 -1.830514e+001 -2.982075e+002
      vertex -3.400006e+001 -1.849804e+001 -2.982075e+002
      vertex -3.444609e+001 -1.872531e+001 -2.982075e+002
    endloop
  endfacet
  facet normal  -0.000000e+000  0.000000e+000 -1.000000e+000
    outer loop
      vertex -3.565567e+001 -1.830514e+001 -2.982075e+002
      vertex -3.444609e+001 -1.872531e+001 -2.982075e+002
      vertex -3.598330e+001 -1.882655e+001 -2.982075e+002
    endloop
  endfacet
  facet normal  0.000000e+000  0.000000e+000 -1.000000e+000
    outer loop
      vertex -3.350564e+001 -1.726973e+001 -2.982075e+002
      vertex -3.565567e+001 -1.830514e+001 -2.982075e+002
      vertex -3.522023e+001 -1.786970e+001 -2.982075e+002
    endloop
  endfacet
  facet normal  0.000000e+000  0.000000e+000 -1.000000e+000
    outer loop
      vertex -3.350564e+001 -1.726973e+001 -2.982075e+002
      vertex -3.522023e+001 -1.786970e+001 -2.982075e+002
      vertex -3.469882e+001 -1.754207e+001 -2.982075e+002
    endloop
  endfacet
  facet normal  0.000000e+000  0.000000e+000 -9.999999e-001
    outer loop
      vertex -3.350564e+001 -1.726973e+001 -2.982075e+002
      vertex -3.469882e+001 -1.754207e+001 -2.982075e+002
      vertex -3.411757e+001 -1.733868e+001 -2.982075e+002
    endloop
  endfacet
  facet normal  -0.000000e+000  -0.000000e+000 -1.000000e+000
    outer loop
      vertex -3.350564e+001 -1.726973e+001 -2.982075e+002
      vertex -3.289370e+001 -1.733868e+001 -2.982075e+002
      vertex -3.231246e+001 -1.754207e+001 -2.982075e+002
    endloop
  endfacet
  facet normal  -0.000000e+000  -0.000000e+000 -1.000000e+000
    outer loop
      vertex -3.350564e+001 -1.726973e+001 -2.982075e+002
      vertex -3.231246e+001 -1.754207e+001 -2.982075e+002
      vertex -3.179104e+001 -1.786970e+001 -2.982075e+002
    endloop
  endfacet
  facet normal  -0.000000e+000  -0.000000e+000 -9.999999e-001
    outer loop
      vertex -3.350564e+001 -1.726973e+001 -2.982075e+002
      vertex -3.179104e+001 -1.786970e+001 -2.982075e+002
      vertex -3.135560e+001 -1.830514e+001 -2.982075e+002
    endloop
  endfacet
  facet normal  -0.000000e+000  0.000000e+000 -1.000000e+000
    outer loop
      vertex -3.350564e+001 -1.726973e+001 -2.982075e+002
      vertex -3.135560e+001 -1.830514e+001 -2.982075e+002
      vertex -3.350564e+001 -1.841973e+001 -2.982075e+002
    endloop
  endfacet
  facet normal  0.000000e+000  0.000000e+000 -9.999999e-001
    outer loop
      vertex -3.400006e+001 -2.154142e+001 -2.982075e+002
      vertex -3.565567e+001 -2.173433e+001 -2.982075e+002
      vertex -3.444609e+001 -2.131416e+001 -2.982075e+002
    endloop
  endfacet
  facet normal  -0.000000e+000  0.000000e+000 -9.999999e-001
    outer loop
      vertex -3.444609e+001 -2.131416e+001 -2.982075e+002
      vertex -3.565567e+001 -2.173433e+001 -2.982075e+002
      vertex -3.598330e+001 -2.121291e+001 -2.982075e+002
    endloop
  endfacet
  facet normal  0.000000e+000  0.000000e+000 -1.000000e+000
    outer loop
      vertex -3.444609e+001 -2.131416e+001 -2.982075e+002
      vertex -3.598330e+001 -2.121291e+001 -2.982075e+002
      vertex -3.480006e+001 -2.096019e+001 -2.982075e+002
    endloop
  endfacet
  facet normal  -0.000000e+000  0.000000e+000 -1.000000e+000
    outer loop
      vertex -3.480006e+001 -2.096019e+001 -2.982075e+002
      vertex -3.598330e+001 -2.121291e+001 -2.982075e+002
      vertex -3.618669e+001 -2.063167e+001 -2.982075e+002
    endloop
  endfacet
  facet normal  0.000000e+000  0.000000e+000 -1.000000e+000
    outer loop
      vertex -3.480006e+001 -2.096019e+001 -2.982075e+002
      vertex -3.618669e+001 -2.063167e+001 -2.982075e+002
      vertex -3.502733e+001 -2.051416e+001 -2.982075e+002
    endloop
  endfacet
  facet normal  0.000000e+000  0.000000e+000 -1.000000e+000
    outer loop
      vertex -3.502733e+001 -2.051416e+001 -2.982075e+002
      vertex -3.618669e+001 -2.063167e+001 -2.982075e+002
      vertex -3.510564e+001 -2.001973e+001 -2.982075e+002
    endloop
  endfacet
  facet normal  -0.000000e+000  0.000000e+000 -1.000000e+000
    outer loop
      vertex -3.510564e+001 -2.001973e+001 -2.982075e+002
      vertex -3.618669e+001 -2.063167e+001 -2.982075e+002
      vertex -3.625564e+001 -2.001973e+001 -2.982075e+002
    endloop
  endfacet
  facet normal  0.000000e+000  0.000000e+000 -1.000000e+000
    outer loop
      vertex -3.510564e+001 -2.001973e+001 -2.982075e+002
      vertex -3.625564e+001 -2.001973e+001 -2.982075e+002
      vertex -3.502733e+001 -1.952531e+001 -2.982075e+002
    endloop
  endfacet
  facet normal  -0.000000e+000  0.000000e+000 -1.000000e+000
    outer loop
      vertex -3.502733e+001 -1.952531e+001 -2.982075e+002
      vertex -3.625564e+001 -2.001973e+001 -2.982075e+002
      vertex -3.618669e+001 -1.940780e+001 -2.982075e+002
    endloop
  endfacet
  facet normal  0.000000e+000  0.000000e+000 -1.000000e+000
    outer loop
      vertex -3.502733e+001 -1.952531e+001 -2.982075e+002
      vertex -3.618669e+001 -1.940780e+001 -2.982075e+002
      vertex -3.480006e+001 -1.907928e+001 -2.982075e+002
    endloop
  endfacet
  facet normal  -0.000000e+000  0.000000e+000 -1.000000e+000
    outer loop
      vertex -3.480006e+001 -1.907928e+001 -2.982075e+002
      vertex -3.618669e+001 -1.940780e+001 -2.982075e+002
      vertex -3.598330e+001 -1.882655e+001 -2.982075e+002
    endloop
  endfacet
  facet normal  0.000000e+000  0.000000e+000 -1.000000e+000
    outer loop
      vertex -3.480006e+001 -1.907928e+001 -2.982075e+002
      vertex -3.598330e+001 -1.882655e+001 -2.982075e+002
      vertex -3.444609e+001 -1.872531e+001 -2.982075e+002
    endloop
  endfacet
  facet normal  0.000000e+000  0.000000e+000 -1.000000e+000
    outer loop
      vertex -3.135560e+001 -2.173433e+001 -2.982075e+002
      vertex -3.301121e+001 -2.154142e+001 -2.982075e+002
      vertex -3.102797e+001 -2.121291e+001 -2.982075e+002
    endloop
  endfacet
  facet normal  0.000000e+000  0.000000e+000 -1.000000e+000
    outer loop
      vertex -3.102797e+001 -2.121291e+001 -2.982075e+002
      vertex -3.301121e+001 -2.154142e+001 -2.982075e+002
      vertex -3.256518e+001 -2.131416e+001 -2.982075e+002
    endloop
  endfacet
  facet normal  0.000000e+000  0.000000e+000 -1.000000e+000
    outer loop
      vertex -3.102797e+001 -2.121291e+001 -2.982075e+002
      vertex -3.256518e+001 -2.131416e+001 -2.982075e+002
      vertex -3.082459e+001 -2.063167e+001 -2.982075e+002
    endloop
  endfacet
  facet normal  0.000000e+000  0.000000e+000 -1.000000e+000
    outer loop
      vertex -3.082459e+001 -2.063167e+001 -2.982075e+002
      vertex -3.256518e+001 -2.131416e+001 -2.982075e+002
      vertex -3.221121e+001 -2.096019e+001 -2.982075e+002
    endloop
  endfacet
  facet normal  0.000000e+000  0.000000e+000 -1.000000e+000
    outer loop
      vertex -3.082459e+001 -2.063167e+001 -2.982075e+002
      vertex -3.221121e+001 -2.096019e+001 -2.982075e+002
      vertex -3.198395e+001 -2.051416e+001 -2.982075e+002
    endloop
  endfacet
  facet normal  0.000000e+000  0.000000e+000 -1.000000e+000
    outer loop
      vertex -3.082459e+001 -2.063167e+001 -2.982075e+002
      vertex -3.198395e+001 -2.051416e+001 -2.982075e+002
      vertex -3.075564e+001 -2.001973e+001 -2.982075e+002
    endloop
  endfacet
  facet normal  -0.000000e+000  0.000000e+000 -1.000000e+000
    outer loop
      vertex -3.075564e+001 -2.001973e+001 -2.982075e+002
      vertex -3.198395e+001 -2.051416e+001 -2.982075e+002
      vertex -3.190564e+001 -2.001973e+001 -2.982075e+002
    endloop
  endfacet
  facet normal  0.000000e+000  0.000000e+000 -9.999999e-001
    outer loop
      vertex -3.075564e+001 -2.001973e+001 -2.982075e+002
      vertex -3.190564e+001 -2.001973e+001 -2.982075e+002
      vertex -3.082459e+001 -1.940780e+001 -2.982075e+002
    endloop
  endfacet
  facet normal  0.000000e+000  0.000000e+000 -1.000000e+000
    outer loop
      vertex -3.082459e+001 -1.940780e+001 -2.982075e+002
      vertex -3.190564e+001 -2.001973e+001 -2.982075e+002
      vertex -3.198395e+001 -1.952531e+001 -2.982075e+002
    endloop
  endfacet
  facet normal  0.000000e+000  0.000000e+000 -9.999999e-001
    outer loop
      vertex -3.082459e+001 -1.940780e+001 -2.982075e+002
      vertex -3.198395e+001 -1.952531e+001 -2.982075e+002
      vertex -3.102797e+001 -1.882655e+001 -2.982075e+002
    endloop
  endfacet
  facet normal  0.000000e+000  0.000000e+000 -1.000000e+000
    outer loop
      vertex -3.102797e+001 -1.882655e+001 -2.982075e+002
      vertex -3.198395e+001 -1.952531e+001 -2.982075e+002
      vertex -3.221121e+001 -1.907928e+001 -2.982075e+002
    endloop
  endfacet
  facet normal  0.000000e+000  0.000000e+000 -1.000000e+000
    outer loop
      vertex -3.102797e+001 -1.882655e+001 -2.982075e+002
      vertex -3.221121e+001 -1.907928e+001 -2.982075e+002
      vertex -3.256518e+001 -1.872531e+001 -2.982075e+002
    endloop
  endfacet
  facet normal  0.000000e+000  0.000000e+000 -1.000000e+000
    outer loop
      vertex -3.102797e+001 -1.882655e+001 -2.982075e+002
      vertex -3.256518e+001 -1.872531e+001 -2.982075e+002
      vertex -3.135560e+001 -1.830514e+001 -2.982075e+002
    endloop
  endfacet
  facet normal  0.000000e+000  0.000000e+000 -1.000000e+000
    outer loop
      vertex -3.135560e+001 -1.830514e+001 -2.982075e+002
      vertex -3.256518e+001 -1.872531e+001 -2.982075e+002
      vertex -3.301121e+001 -1.849804e+001 -2.982075e+002
    endloop
  endfacet
  facet normal  0.000000e+000  0.000000e+000 -1.000000e+000
    outer loop
      vertex -3.135560e+001 -1.830514e+001 -2.982075e+002
      vertex -3.301121e+001 -1.849804e+001 -2.982075e+002
      vertex -3.350564e+001 -1.841973e+001 -2.982075e+002
    endloop
  endfacet
  facet normal  0.000000e+000  -0.000000e+000 -1.000000e+000
    outer loop
      vertex  2.022021e+001 -3.273383e+001 -2.982075e+002
      vertex  2.101105e+001 -3.170000e+001 -2.982075e+002
      vertex  2.155040e+001 -3.192694e+001 -2.982075e+002
    endloop
  endfacet
  facet normal  0.000000e+000  -0.000000e+000 -1.000000e+000
    outer loop
      vertex  2.022021e+001 -3.273383e+001 -2.982075e+002
      vertex  2.155040e+001 -3.192694e+001 -2.982075e+002
      vertex  2.202951e+001 -3.226286e+001 -2.982075e+002
    endloop
  endfacet
  facet normal  0.000000e+000  -0.000000e+000 -9.999999e-001
    outer loop
      vertex  2.022021e+001 -3.273383e+001 -2.982075e+002
      vertex  2.202951e+001 -3.226286e+001 -2.982075e+002
      vertex  2.242671e+001 -3.269254e+001 -2.982075e+002
    endloop
  endfacet
  facet normal  0.000000e+000  0.000000e+000 -1.000000e+000
    outer loop
      vertex  2.022021e+001 -3.273383e+001 -2.982075e+002
      vertex  2.242671e+001 -3.269254e+001 -2.982075e+002
      vertex  2.071464e+001 -3.281214e+001 -2.982075e+002
    endloop
  endfacet
  facet normal  0.000000e+000  -0.000000e+000 -9.999999e-001
    outer loop
      vertex  2.022021e+001 -3.593383e+001 -2.982075e+002
      vertex  2.071464e+001 -3.585552e+001 -2.982075e+002
      vertex  2.237024e+001 -3.604843e+001 -2.982075e+002
    endloop
  endfacet
  facet normal  -0.000000e+000  0.000000e+000 -1.000000e+000
    outer loop
      vertex  2.022021e+001 -3.593383e+001 -2.982075e+002
      vertex  2.237024e+001 -3.604843e+001 -2.982075e+002
      vertex  2.193480e+001 -3.648387e+001 -2.982075e+002
    endloop
  endfacet
  facet normal  -0.000000e+000  0.000000e+000 -1.000000e+000
    outer loop
      vertex  2.022021e+001 -3.593383e+001 -2.982075e+002
      vertex  2.193480e+001 -3.648387e+001 -2.982075e+002
      vertex  2.141339e+001 -3.681150e+001 -2.982075e+002
    endloop
  endfacet
  facet normal  -0.000000e+000  0.000000e+000 -1.000000e+000
    outer loop
      vertex  2.022021e+001 -3.593383e+001 -2.982075e+002
      vertex  2.141339e+001 -3.681150e+001 -2.982075e+002
      vertex  2.083214e+001 -3.701488e+001 -2.982075e+002
    endloop
  endfacet
  facet normal  -0.000000e+000  0.000000e+000 -1.000000e+000
    outer loop
      vertex  2.022021e+001 -3.593383e+001 -2.982075e+002
      vertex  2.083214e+001 -3.701488e+001 -2.982075e+002
      vertex  2.022021e+001 -3.708383e+001 -2.982075e+002
    endloop
  endfacet
  facet normal  0.000000e+000  0.000000e+000 -1.000000e+000
    outer loop
      vertex  2.022021e+001 -3.593383e+001 -2.982075e+002
      vertex  2.022021e+001 -3.708383e+001 -2.982075e+002
      vertex  1.960828e+001 -3.701488e+001 -2.982075e+002
    endloop
  endfacet
  facet normal  0.000000e+000  0.000000e+000 -1.000000e+000
    outer loop
      vertex  2.022021e+001 -3.593383e+001 -2.982075e+002
      vertex  1.960828e+001 -3.701488e+001 -2.982075e+002
      vertex  1.902703e+001 -3.681150e+001 -2.982075e+002
    endloop
  endfacet
  facet normal  0.000000e+000  0.000000e+000 -1.000000e+000
    outer loop
      vertex  2.022021e+001 -3.593383e+001 -2.982075e+002
      vertex  1.902703e+001 -3.681150e+001 -2.982075e+002
      vertex  1.850561e+001 -3.648387e+001 -2.982075e+002
    endloop
  endfacet
  facet normal  0.000000e+000  0.000000e+000 -9.999999e-001
    outer loop
      vertex  2.022021e+001 -3.593383e+001 -2.982075e+002
      vertex  1.850561e+001 -3.648387e+001 -2.982075e+002
      vertex  1.807017e+001 -3.604843e+001 -2.982075e+002
    endloop
  endfacet
  facet normal  0.000000e+000  0.000000e+000 -1.000000e+000
    outer loop
      vertex  2.022021e+001 -3.593383e+001 -2.982075e+002
      vertex  1.807017e+001 -3.604843e+001 -2.982075e+002
      vertex  1.972578e+001 -3.585552e+001 -2.982075e+002
    endloop
  endfacet
  facet normal  -0.000000e+000  0.000000e+000 -1.000000e+000
    outer loop
      vertex  1.801370e+001 -3.269254e+001 -2.982075e+002
      vertex  2.022021e+001 -3.273383e+001 -2.982075e+002
      vertex  1.972578e+001 -3.281214e+001 -2.982075e+002
    endloop
  endfacet
  facet normal  -0.000000e+000  0.000000e+000 -1.000000e+000
    outer loop
      vertex  1.801370e+001 -3.269254e+001 -2.982075e+002
      vertex  1.972578e+001 -3.281214e+001 -2.982075e+002
      vertex  1.927975e+001 -3.303940e+001 -2.982075e+002
    endloop
  endfacet
  facet normal  -0.000000e+000  0.000000e+000 -1.000000e+000
    outer loop
      vertex  1.801370e+001 -3.269254e+001 -2.982075e+002
      vertex  1.927975e+001 -3.303940e+001 -2.982075e+002
      vertex  1.771640e+001 -3.319653e+001 -2.982075e+002
    endloop
  endfacet
  facet normal  0.000000e+000  0.000000e+000 -9.999999e-001
    outer loop
      vertex  2.101105e+001 -3.170000e+001 -2.982075e+002
      vertex  2.022021e+001 -3.273383e+001 -2.982075e+002
      vertex  1.942936e+001 -3.170000e+001 -2.982075e+002
    endloop
  endfacet
  facet normal  0.000000e+000  -0.000000e+000 -1.000000e+000
    outer loop
      vertex  1.942936e+001 -3.170000e+001 -2.982075e+002
      vertex  2.022021e+001 -3.273383e+001 -2.982075e+002
      vertex  1.801370e+001 -3.269254e+001 -2.982075e+002
    endloop
  endfacet
  facet normal  0.000000e+000  0.000000e+000 -1.000000e+000
    outer loop
      vertex  1.942936e+001 -3.170000e+001 -2.982075e+002
      vertex  1.801370e+001 -3.269254e+001 -2.982075e+002
      vertex  1.889002e+001 -3.192694e+001 -2.982075e+002
    endloop
  endfacet
  facet normal  0.000000e+000  0.000000e+000 -1.000000e+000
    outer loop
      vertex  1.889002e+001 -3.192694e+001 -2.982075e+002
      vertex  1.801370e+001 -3.269254e+001 -2.982075e+002
      vertex  1.841091e+001 -3.226286e+001 -2.982075e+002
    endloop
  endfacet
  facet normal  0.000000e+000  0.000000e+000 -9.999999e-001
    outer loop
      vertex  1.972578e+001 -3.585552e+001 -2.982075e+002
      vertex  1.807017e+001 -3.604843e+001 -2.982075e+002
      vertex  1.927975e+001 -3.562826e+001 -2.982075e+002
    endloop
  endfacet
  facet normal  -0.000000e+000  0.000000e+000 -9.999999e-001
    outer loop
      vertex  1.927975e+001 -3.562826e+001 -2.982075e+002
      vertex  1.807017e+001 -3.604843e+001 -2.982075e+002
      vertex  1.774254e+001 -3.552701e+001 -2.982075e+002
    endloop
  endfacet
  facet normal  0.000000e+000  0.000000e+000 -1.000000e+000
    outer loop
      vertex  1.927975e+001 -3.562826e+001 -2.982075e+002
      vertex  1.774254e+001 -3.552701e+001 -2.982075e+002
      vertex  1.892578e+001 -3.527429e+001 -2.982075e+002
    endloop
  endfacet
  facet normal  -0.000000e+000  0.000000e+000 -1.000000e+000
    outer loop
      vertex  1.892578e+001 -3.527429e+001 -2.982075e+002
      vertex  1.774254e+001 -3.552701e+001 -2.982075e+002
      vertex  1.753916e+001 -3.494576e+001 -2.982075e+002
    endloop
  endfacet
  facet normal  0.000000e+000  0.000000e+000 -1.000000e+000
    outer loop
      vertex  1.892578e+001 -3.527429e+001 -2.982075e+002
      vertex  1.753916e+001 -3.494576e+001 -2.982075e+002
      vertex  1.869852e+001 -3.482826e+001 -2.982075e+002
    endloop
  endfacet
  facet normal  0.000000e+000  0.000000e+000 -1.000000e+000
    outer loop
      vertex  1.869852e+001 -3.482826e+001 -2.982075e+002
      vertex  1.753916e+001 -3.494576e+001 -2.982075e+002
      vertex  1.862021e+001 -3.433383e+001 -2.982075e+002
    endloop
  endfacet
  facet normal  -0.000000e+000  0.000000e+000 -1.000000e+000
    outer loop
      vertex  1.862021e+001 -3.433383e+001 -2.982075e+002
      vertex  1.753916e+001 -3.494576e+001 -2.982075e+002
      vertex  1.747021e+001 -3.433383e+001 -2.982075e+002
    endloop
  endfacet
  facet normal  0.000000e+000  0.000000e+000 -1.000000e+000
    outer loop
      vertex  1.862021e+001 -3.433383e+001 -2.982075e+002
      vertex  1.747021e+001 -3.433383e+001 -2.982075e+002
      vertex  1.869852e+001 -3.383941e+001 -2.982075e+002
    endloop
  endfacet
  facet normal  -0.000000e+000  0.000000e+000 -1.000000e+000
    outer loop
      vertex  1.869852e+001 -3.383941e+001 -2.982075e+002
      vertex  1.747021e+001 -3.433383e+001 -2.982075e+002
      vertex  1.753246e+001 -3.375201e+001 -2.982075e+002
    endloop
  endfacet
  facet normal  0.000000e+000  0.000000e+000 -1.000000e+000
    outer loop
      vertex  1.869852e+001 -3.383941e+001 -2.982075e+002
      vertex  1.753246e+001 -3.375201e+001 -2.982075e+002
      vertex  1.892578e+001 -3.339338e+001 -2.982075e+002
    endloop
  endfacet
  facet normal  -0.000000e+000  0.000000e+000 -1.000000e+000
    outer loop
      vertex  1.892578e+001 -3.339338e+001 -2.982075e+002
      vertex  1.753246e+001 -3.375201e+001 -2.982075e+002
      vertex  1.771640e+001 -3.319653e+001 -2.982075e+002
    endloop
  endfacet
  facet normal  0.000000e+000  0.000000e+000 -9.999999e-001
    outer loop
      vertex  1.892578e+001 -3.339338e+001 -2.982075e+002
      vertex  1.771640e+001 -3.319653e+001 -2.982075e+002
      vertex  1.927975e+001 -3.303940e+001 -2.982075e+002
    endloop
  endfacet
  facet normal  0.000000e+000  0.000000e+000 -1.000000e+000
    outer loop
      vertex  2.237024e+001 -3.604843e+001 -2.982075e+002
      vertex  2.071464e+001 -3.585552e+001 -2.982075e+002
      vertex  2.269787e+001 -3.552701e+001 -2.982075e+002
    endloop
  endfacet
  facet normal  0.000000e+000  0.000000e+000 -1.000000e+000
    outer loop
      vertex  2.269787e+001 -3.552701e+001 -2.982075e+002
      vertex  2.071464e+001 -3.585552e+001 -2.982075e+002
      vertex  2.116067e+001 -3.562826e+001 -2.982075e+002
    endloop
  endfacet
  facet normal  0.000000e+000  0.000000e+000 -1.000000e+000
    outer loop
      vertex  2.269787e+001 -3.552701e+001 -2.982075e+002
      vertex  2.116067e+001 -3.562826e+001 -2.982075e+002
      vertex  2.290126e+001 -3.494576e+001 -2.982075e+002
    endloop
  endfacet
  facet normal  0.000000e+000  0.000000e+000 -1.000000e+000
    outer loop
      vertex  2.290126e+001 -3.494576e+001 -2.982075e+002
      vertex  2.116067e+001 -3.562826e+001 -2.982075e+002
      vertex  2.151464e+001 -3.527429e+001 -2.982075e+002
    endloop
  endfacet
  facet normal  0.000000e+000  0.000000e+000 -1.000000e+000
    outer loop
      vertex  2.290126e+001 -3.494576e+001 -2.982075e+002
      vertex  2.151464e+001 -3.527429e+001 -2.982075e+002
      vertex  2.174190e+001 -3.482826e+001 -2.982075e+002
    endloop
  endfacet
  facet normal  0.000000e+000  0.000000e+000 -1.000000e+000
    outer loop
      vertex  2.290126e+001 -3.494576e+001 -2.982075e+002
      vertex  2.174190e+001 -3.482826e+001 -2.982075e+002
      vertex  2.297021e+001 -3.433383e+001 -2.982075e+002
    endloop
  endfacet
  facet normal  -0.000000e+000  0.000000e+000 -1.000000e+000
    outer loop
      vertex  2.297021e+001 -3.433383e+001 -2.982075e+002
      vertex  2.174190e+001 -3.482826e+001 -2.982075e+002
      vertex  2.182021e+001 -3.433383e+001 -2.982075e+002
    endloop
  endfacet
  facet normal  0.000000e+000  0.000000e+000 -1.000000e+000
    outer loop
      vertex  2.297021e+001 -3.433383e+001 -2.982075e+002
      vertex  2.182021e+001 -3.433383e+001 -2.982075e+002
      vertex  2.290796e+001 -3.375201e+001 -2.982075e+002
    endloop
  endfacet
  facet normal  0.000000e+000  0.000000e+000 -1.000000e+000
    outer loop
      vertex  2.290796e+001 -3.375201e+001 -2.982075e+002
      vertex  2.182021e+001 -3.433383e+001 -2.982075e+002
      vertex  2.174190e+001 -3.383941e+001 -2.982075e+002
    endloop
  endfacet
  facet normal  0.000000e+000  0.000000e+000 -1.000000e+000
    outer loop
      vertex  2.290796e+001 -3.375201e+001 -2.982075e+002
      vertex  2.174190e+001 -3.383941e+001 -2.982075e+002
      vertex  2.272401e+001 -3.319653e+001 -2.982075e+002
    endloop
  endfacet
  facet normal  0.000000e+000  0.000000e+000 -1.000000e+000
    outer loop
      vertex  2.272401e+001 -3.319653e+001 -2.982075e+002
      vertex  2.174190e+001 -3.383941e+001 -2.982075e+002
      vertex  2.151464e+001 -3.339338e+001 -2.982075e+002
    endloop
  endfacet
  facet normal  0.000000e+000  0.000000e+000 -9.999999e-001
    outer loop
      vertex  2.272401e+001 -3.319653e+001 -2.982075e+002
      vertex  2.151464e+001 -3.339338e+001 -2.982075e+002
      vertex  2.116067e+001 -3.303940e+001 -2.982075e+002
    endloop
  endfacet
  facet normal  0.000000e+000  0.000000e+000 -1.000000e+000
    outer loop
      vertex  2.116067e+001 -3.303940e+001 -2.982075e+002
      vertex  2.071464e+001 -3.281214e+001 -2.982075e+002
      vertex  2.272401e+001 -3.319653e+001 -2.982075e+002
    endloop
  endfacet
  facet normal  0.000000e+000  0.000000e+000 -1.000000e+000
    outer loop
      vertex  2.272401e+001 -3.319653e+001 -2.982075e+002
      vertex  2.071464e+001 -3.281214e+001 -2.982075e+002
      vertex  2.242671e+001 -3.269254e+001 -2.982075e+002
    endloop
  endfacet
  facet normal  0.000000e+000  -0.000000e+000 -1.000000e+000
    outer loop
      vertex -2.258834e+001  3.604608e+001 -2.982070e+002
      vertex -2.043830e+001  3.708148e+001 -2.982070e+002
      vertex -2.043830e+001  3.593148e+001 -2.982070e+002
    endloop
  endfacet
  facet normal  -0.000000e+000  0.000000e+000 -1.000000e+000
    outer loop
      vertex -2.258834e+001  3.604608e+001 -2.982070e+002
      vertex -2.043830e+001  3.593148e+001 -2.982070e+002
      vertex -2.093273e+001  3.585317e+001 -2.982070e+002
    endloop
  endfacet
  facet normal  -0.000000e+000  0.000000e+000 -1.000000e+000
    outer loop
      vertex -2.258834e+001  3.604608e+001 -2.982070e+002
      vertex -2.093273e+001  3.585317e+001 -2.982070e+002
      vertex -2.137876e+001  3.562591e+001 -2.982070e+002
    endloop
  endfacet
  facet normal  -0.000000e+000  0.000000e+000 -1.000000e+000
    outer loop
      vertex -2.258834e+001  3.604608e+001 -2.982070e+002
      vertex -2.137876e+001  3.562591e+001 -2.982070e+002
      vertex -2.291597e+001  3.552467e+001 -2.982070e+002
    endloop
  endfacet
  facet normal  0.000000e+000  0.000000e+000 -9.999999e-001
    outer loop
      vertex -2.043830e+001  3.708148e+001 -2.982070e+002
      vertex -2.258834e+001  3.604608e+001 -2.982070e+002
      vertex -2.215290e+001  3.648152e+001 -2.982070e+002
    endloop
  endfacet
  facet normal  0.000000e+000  0.000000e+000 -1.000000e+000
    outer loop
      vertex -2.043830e+001  3.708148e+001 -2.982070e+002
      vertex -2.215290e+001  3.648152e+001 -2.982070e+002
      vertex -2.163148e+001  3.680915e+001 -2.982070e+002
    endloop
  endfacet
  facet normal  0.000000e+000  0.000000e+000 -1.000000e+000
    outer loop
      vertex -2.043830e+001  3.708148e+001 -2.982070e+002
      vertex -2.163148e+001  3.680915e+001 -2.982070e+002
      vertex -2.105024e+001  3.701254e+001 -2.982070e+002
    endloop
  endfacet
  facet normal  0.000000e+000  -0.000000e+000 -1.000000e+000
    outer loop
      vertex -2.043830e+001  3.273148e+001 -2.982070e+002
      vertex -1.994388e+001  3.280979e+001 -2.982070e+002
      vertex -1.822938e+001  3.269345e+001 -2.982070e+002
    endloop
  endfacet
  facet normal  -0.000000e+000  0.000000e+000 -1.000000e+000
    outer loop
      vertex -2.043830e+001  3.273148e+001 -2.982070e+002
      vertex -1.822938e+001  3.269345e+001 -2.982070e+002
      vertex -1.862493e+001  3.226408e+001 -2.982070e+002
    endloop
  endfacet
  facet normal  -0.000000e+000  0.000000e+000 -9.999999e-001
    outer loop
      vertex -2.043830e+001  3.273148e+001 -2.982070e+002
      vertex -1.862493e+001  3.226408e+001 -2.982070e+002
      vertex -1.910220e+001  3.192788e+001 -2.982070e+002
    endloop
  endfacet
  facet normal  -0.000000e+000  0.000000e+000 -1.000000e+000
    outer loop
      vertex -2.043830e+001  3.273148e+001 -2.982070e+002
      vertex -1.910220e+001  3.192788e+001 -2.982070e+002
      vertex -1.963968e+001  3.170000e+001 -2.982070e+002
    endloop
  endfacet
  facet normal  0.000000e+000  0.000000e+000 -1.000000e+000
    outer loop
      vertex -2.043830e+001  3.273148e+001 -2.982070e+002
      vertex -1.963968e+001  3.170000e+001 -2.982070e+002
      vertex -2.123692e+001  3.170000e+001 -2.982070e+002
    endloop
  endfacet
  facet normal  0.000000e+000  0.000000e+000 -1.000000e+000
    outer loop
      vertex -2.043830e+001  3.273148e+001 -2.982070e+002
      vertex -2.123692e+001  3.170000e+001 -2.982070e+002
      vertex -2.177441e+001  3.192788e+001 -2.982070e+002
    endloop
  endfacet
  facet normal  0.000000e+000  0.000000e+000 -9.999999e-001
    outer loop
      vertex -2.043830e+001  3.273148e+001 -2.982070e+002
      vertex -2.177441e+001  3.192788e+001 -2.982070e+002
      vertex -2.225168e+001  3.226408e+001 -2.982070e+002
    endloop
  endfacet
  facet normal  0.000000e+000  0.000000e+000 -1.000000e+000
    outer loop
      vertex -2.043830e+001  3.273148e+001 -2.982070e+002
      vertex -2.225168e+001  3.226408e+001 -2.982070e+002
      vertex -2.264723e+001  3.269345e+001 -2.982070e+002
    endloop
  endfacet
  facet normal  0.000000e+000  0.000000e+000 -1.000000e+000
    outer loop
      vertex -2.043830e+001  3.273148e+001 -2.982070e+002
      vertex -2.264723e+001  3.269345e+001 -2.982070e+002
      vertex -2.093273e+001  3.280979e+001 -2.982070e+002
    endloop
  endfacet
  facet normal  -0.000000e+000  -0.000000e+000 -1.000000e+000
    outer loop
      vertex -2.043830e+001  3.708148e+001 -2.982070e+002
      vertex -1.982637e+001  3.701254e+001 -2.982070e+002
      vertex -1.924512e+001  3.680915e+001 -2.982070e+002
    endloop
  endfacet
  facet normal  -0.000000e+000  -0.000000e+000 -9.999999e-001
    outer loop
      vertex -2.043830e+001  3.708148e+001 -2.982070e+002
      vertex -1.924512e+001  3.680915e+001 -2.982070e+002
      vertex -1.872371e+001  3.648152e+001 -2.982070e+002
    endloop
  endfacet
  facet normal  -0.000000e+000  -0.000000e+000 -9.999999e-001
    outer loop
      vertex -2.043830e+001  3.708148e+001 -2.982070e+002
      vertex -1.872371e+001  3.648152e+001 -2.982070e+002
      vertex -1.828827e+001  3.604608e+001 -2.982070e+002
    endloop
  endfacet
  facet normal  -0.000000e+000  0.000000e+000 -1.000000e+000
    outer loop
      vertex -2.043830e+001  3.708148e+001 -2.982070e+002
      vertex -1.828827e+001  3.604608e+001 -2.982070e+002
      vertex -2.043830e+001  3.593148e+001 -2.982070e+002
    endloop
  endfacet
  facet normal  0.000000e+000  0.000000e+000 -9.999999e-001
    outer loop
      vertex -2.093273e+001  3.280979e+001 -2.982070e+002
      vertex -2.264723e+001  3.269345e+001 -2.982070e+002
      vertex -2.137876e+001  3.303706e+001 -2.982070e+002
    endloop
  endfacet
  facet normal  -0.000000e+000  0.000000e+000 -1.000000e+000
    outer loop
      vertex -2.137876e+001  3.303706e+001 -2.982070e+002
      vertex -2.264723e+001  3.269345e+001 -2.982070e+002
      vertex -2.294323e+001  3.319665e+001 -2.982070e+002
    endloop
  endfacet
  facet normal  0.000000e+000  0.000000e+000 -1.000000e+000
    outer loop
      vertex -2.137876e+001  3.303706e+001 -2.982070e+002
      vertex -2.294323e+001  3.319665e+001 -2.982070e+002
      vertex -2.173273e+001  3.339103e+001 -2.982070e+002
    endloop
  endfacet
  facet normal  -0.000000e+000  0.000000e+000 -1.000000e+000
    outer loop
      vertex -2.173273e+001  3.339103e+001 -2.982070e+002
      vertex -2.294323e+001  3.319665e+001 -2.982070e+002
      vertex -2.312634e+001  3.375098e+001 -2.982070e+002
    endloop
  endfacet
  facet normal  0.000000e+000  0.000000e+000 -1.000000e+000
    outer loop
      vertex -2.173273e+001  3.339103e+001 -2.982070e+002
      vertex -2.312634e+001  3.375098e+001 -2.982070e+002
      vertex -2.195999e+001  3.383706e+001 -2.982070e+002
    endloop
  endfacet
  facet normal  0.000000e+000  0.000000e+000 -1.000000e+000
    outer loop
      vertex -2.195999e+001  3.383706e+001 -2.982070e+002
      vertex -2.312634e+001  3.375098e+001 -2.982070e+002
      vertex -2.203830e+001  3.433148e+001 -2.982070e+002
    endloop
  endfacet
  facet normal  -0.000000e+000  0.000000e+000 -1.000000e+000
    outer loop
      vertex -2.203830e+001  3.433148e+001 -2.982070e+002
      vertex -2.312634e+001  3.375098e+001 -2.982070e+002
      vertex -2.318830e+001  3.433148e+001 -2.982070e+002
    endloop
  endfacet
  facet normal  0.000000e+000  0.000000e+000 -1.000000e+000
    outer loop
      vertex -2.203830e+001  3.433148e+001 -2.982070e+002
      vertex -2.318830e+001  3.433148e+001 -2.982070e+002
      vertex -2.195999e+001  3.482591e+001 -2.982070e+002
    endloop
  endfacet
  facet normal  -0.000000e+000  0.000000e+000 -1.000000e+000
    outer loop
      vertex -2.195999e+001  3.482591e+001 -2.982070e+002
      vertex -2.318830e+001  3.433148e+001 -2.982070e+002
      vertex -2.311935e+001  3.494342e+001 -2.982070e+002
    endloop
  endfacet
  facet normal  0.000000e+000  0.000000e+000 -1.000000e+000
    outer loop
      vertex -2.195999e+001  3.482591e+001 -2.982070e+002
      vertex -2.311935e+001  3.494342e+001 -2.982070e+002
      vertex -2.173273e+001  3.527194e+001 -2.982070e+002
    endloop
  endfacet
  facet normal  -0.000000e+000  0.000000e+000 -1.000000e+000
    outer loop
      vertex -2.173273e+001  3.527194e+001 -2.982070e+002
      vertex -2.311935e+001  3.494342e+001 -2.982070e+002
      vertex -2.291597e+001  3.552467e+001 -2.982070e+002
    endloop
  endfacet
  facet normal  0.000000e+000  0.000000e+000 -1.000000e+000
    outer loop
      vertex -2.173273e+001  3.527194e+001 -2.982070e+002
      vertex -2.291597e+001  3.552467e+001 -2.982070e+002
      vertex -2.137876e+001  3.562591e+001 -2.982070e+002
    endloop
  endfacet
  facet normal  0.000000e+000  0.000000e+000 -9.999999e-001
    outer loop
      vertex -1.822938e+001  3.269345e+001 -2.982070e+002
      vertex -1.994388e+001  3.280979e+001 -2.982070e+002
      vertex -1.793338e+001  3.319665e+001 -2.982070e+002
    endloop
  endfacet
  facet normal  0.000000e+000  0.000000e+000 -1.000000e+000
    outer loop
      vertex -1.793338e+001  3.319665e+001 -2.982070e+002
      vertex -1.994388e+001  3.280979e+001 -2.982070e+002
      vertex -1.949785e+001  3.303706e+001 -2.982070e+002
    endloop
  endfacet
  facet normal  0.000000e+000  0.000000e+000 -1.000000e+000
    outer loop
      vertex -1.793338e+001  3.319665e+001 -2.982070e+002
      vertex -1.949785e+001  3.303706e+001 -2.982070e+002
      vertex -1.775027e+001  3.375098e+001 -2.982070e+002
    endloop
  endfacet
  facet normal  0.000000e+000  0.000000e+000 -1.000000e+000
    outer loop
      vertex -1.775027e+001  3.375098e+001 -2.982070e+002
      vertex -1.949785e+001  3.303706e+001 -2.982070e+002
      vertex -1.914388e+001  3.339103e+001 -2.982070e+002
    endloop
  endfacet
  facet normal  0.000000e+000  0.000000e+000 -1.000000e+000
    outer loop
      vertex -1.775027e+001  3.375098e+001 -2.982070e+002
      vertex -1.914388e+001  3.339103e+001 -2.982070e+002
      vertex -1.891661e+001  3.383706e+001 -2.982070e+002
    endloop
  endfacet
  facet normal  0.000000e+000  0.000000e+000 -1.000000e+000
    outer loop
      vertex -1.775027e+001  3.375098e+001 -2.982070e+002
      vertex -1.891661e+001  3.383706e+001 -2.982070e+002
      vertex -1.768830e+001  3.433148e+001 -2.982070e+002
    endloop
  endfacet
  facet normal  -0.000000e+000  0.000000e+000 -1.000000e+000
    outer loop
      vertex -1.768830e+001  3.433148e+001 -2.982070e+002
      vertex -1.891661e+001  3.383706e+001 -2.982070e+002
      vertex -1.883830e+001  3.433148e+001 -2.982070e+002
    endloop
  endfacet
  facet normal  0.000000e+000  0.000000e+000 -1.000000e+000
    outer loop
      vertex -1.768830e+001  3.433148e+001 -2.982070e+002
      vertex -1.883830e+001  3.433148e+001 -2.982070e+002
      vertex -1.775725e+001  3.494342e+001 -2.982070e+002
    endloop
  endfacet
  facet normal  0.000000e+000  0.000000e+000 -1.000000e+000
    outer loop
      vertex -1.775725e+001  3.494342e+001 -2.982070e+002
      vertex -1.883830e+001  3.433148e+001 -2.982070e+002
      vertex -1.891661e+001  3.482591e+001 -2.982070e+002
    endloop
  endfacet
  facet normal  0.000000e+000  0.000000e+000 -1.000000e+000
    outer loop
      vertex -1.775725e+001  3.494342e+001 -2.982070e+002
      vertex -1.891661e+001  3.482591e+001 -2.982070e+002
      vertex -1.796064e+001  3.552467e+001 -2.982070e+002
    endloop
  endfacet
  facet normal  0.000000e+000  0.000000e+000 -1.000000e+000
    outer loop
      vertex -1.796064e+001  3.552467e+001 -2.982070e+002
      vertex -1.891661e+001  3.482591e+001 -2.982070e+002
      vertex -1.914388e+001  3.527194e+001 -2.982070e+002
    endloop
  endfacet
  facet normal  0.000000e+000  0.000000e+000 -1.000000e+000
    outer loop
      vertex -1.796064e+001  3.552467e+001 -2.982070e+002
      vertex -1.914388e+001  3.527194e+001 -2.982070e+002
      vertex -1.949785e+001  3.562591e+001 -2.982070e+002
    endloop
  endfacet
  facet normal  0.000000e+000  0.000000e+000 -9.999999e-001
    outer loop
      vertex -1.796064e+001  3.552467e+001 -2.982070e+002
      vertex -1.949785e+001  3.562591e+001 -2.982070e+002
      vertex -1.828827e+001  3.604608e+001 -2.982070e+002
    endloop
  endfacet
  facet normal  0.000000e+000  0.000000e+000 -1.000000e+000
    outer loop
      vertex -1.828827e+001  3.604608e+001 -2.982070e+002
      vertex -1.949785e+001  3.562591e+001 -2.982070e+002
      vertex -1.994388e+001  3.585317e+001 -2.982070e+002
    endloop
  endfacet
  facet normal  0.000000e+000  0.000000e+000 -9.999999e-001
    outer loop
      vertex -1.828827e+001  3.604608e+001 -2.982070e+002
      vertex -1.994388e+001  3.585317e+001 -2.982070e+002
      vertex -2.043830e+001  3.593148e+001 -2.982070e+002
    endloop
  endfacet
  facet normal  0.000000e+000  -0.000000e+000  1.000000e+000
    outer loop
      vertex -3.350564e+001 -1.841973e+001 -2.942070e+002
      vertex -3.058237e+001 -7.964836e+000 -2.942070e+002
      vertex -2.908237e+001  2.770000e+001 -2.942070e+002
    endloop
  endfacet
  facet normal  0.000000e+000  -0.000000e+000  1.000000e+000
    outer loop
      vertex -3.058237e+001 -7.964836e+000 -2.942070e+002
      vertex -2.908237e+001 -7.964836e+000 -2.942070e+002
      vertex -2.908237e+001  2.770000e+001 -2.942070e+002
    endloop
  endfacet
  facet normal  0.000000e+000  0.000000e+000  1.000000e+000
    outer loop
      vertex -2.173273e+001  3.339103e+001 -2.942070e+002
      vertex -2.195999e+001  3.383706e+001 -2.942070e+002
      vertex -2.661311e+001  3.139552e+001 -2.942070e+002
    endloop
  endfacet
  facet normal  0.000000e+000  0.000000e+000  1.000000e+000
    outer loop
      vertex -3.058237e+001 -2.096484e+001 -2.942070e+002
      vertex -3.221121e+001 -1.907928e+001 -2.942070e+002
      vertex -3.198395e+001 -1.952531e+001 -2.942070e+002
    endloop
  endfacet
  facet normal  0.000000e+000  0.000000e+000  1.000000e+000
    outer loop
      vertex -3.058237e+001 -2.096484e+001 -2.942070e+002
      vertex -3.198395e+001 -1.952531e+001 -2.942070e+002
      vertex -3.190564e+001 -2.001973e+001 -2.942070e+002
    endloop
  endfacet
  facet normal  0.000000e+000  0.000000e+000  1.000000e+000
    outer loop
      vertex -3.058237e+001 -2.096484e+001 -2.942070e+002
      vertex -3.190564e+001 -2.001973e+001 -2.942070e+002
      vertex -3.198395e+001 -2.051416e+001 -2.942070e+002
    endloop
  endfacet
  facet normal  0.000000e+000  0.000000e+000  9.999999e-001
    outer loop
      vertex -3.058237e+001 -2.096484e+001 -2.942070e+002
      vertex -3.198395e+001 -2.051416e+001 -2.942070e+002
      vertex -3.221121e+001 -2.096019e+001 -2.942070e+002
    endloop
  endfacet
  facet normal  0.000000e+000  0.000000e+000  1.000000e+000
    outer loop
      vertex -3.058237e+001 -2.096484e+001 -2.942070e+002
      vertex -3.221121e+001 -2.096019e+001 -2.942070e+002
      vertex -3.256518e+001 -2.131416e+001 -2.942070e+002
    endloop
  endfacet
  facet normal  -0.000000e+000  0.000000e+000  9.999999e-001
    outer loop
      vertex -3.058237e+001 -2.096484e+001 -2.942070e+002
      vertex -3.256518e+001 -2.131416e+001 -2.942070e+002
      vertex -2.908237e+001 -2.770000e+001 -2.942070e+002
    endloop
  endfacet
  facet normal  0.000000e+000  -0.000000e+000  1.000000e+000
    outer loop
      vertex -3.058237e+001 -2.096484e+001 -2.942070e+002
      vertex -2.908237e+001 -2.770000e+001 -2.942070e+002
      vertex -2.908237e+001 -2.096484e+001 -2.942070e+002
    endloop
  endfacet
  facet normal  0.000000e+000  0.000000e+000  1.000000e+000
    outer loop
      vertex  2.452537e+001 -3.883383e+001 -2.942070e+002
      vertex  3.866751e+001 -2.469169e+001 -2.942070e+002
      vertex  2.901314e+001 -2.923073e+001 -2.942070e+002
    endloop
  endfacet
  facet normal  0.000000e+000  0.000000e+000  9.999999e-001
    outer loop
      vertex  2.452537e+001 -3.883383e+001 -2.942070e+002
      vertex  2.901314e+001 -2.923073e+001 -2.942070e+002
      vertex  2.864350e+001 -2.992228e+001 -2.942070e+002
    endloop
  endfacet
  facet normal  0.000000e+000  0.000000e+000  1.000000e+000
    outer loop
      vertex  2.452537e+001 -3.883383e+001 -2.942070e+002
      vertex  2.864350e+001 -2.992228e+001 -2.942070e+002
      vertex  2.814605e+001 -3.052843e+001 -2.942070e+002
    endloop
  endfacet
  facet normal  0.000000e+000  0.000000e+000  1.000000e+000
    outer loop
      vertex  2.452537e+001 -3.883383e+001 -2.942070e+002
      vertex  2.814605e+001 -3.052843e+001 -2.942070e+002
      vertex  2.753991e+001 -3.102588e+001 -2.942070e+002
    endloop
  endfacet
  facet normal  0.000000e+000  0.000000e+000  1.000000e+000
    outer loop
      vertex  2.452537e+001 -3.883383e+001 -2.942070e+002
      vertex  2.753991e+001 -3.102588e+001 -2.942070e+002
      vertex  2.684836e+001 -3.139552e+001 -2.942070e+002
    endloop
  endfacet
  facet normal  0.000000e+000  0.000000e+000  1.000000e+000
    outer loop
      vertex  2.452537e+001 -3.883383e+001 -2.942070e+002
      vertex  2.684836e+001 -3.139552e+001 -2.942070e+002
      vertex  2.609799e+001 -3.162314e+001 -2.942070e+002
    endloop
  endfacet
  facet normal  0.000000e+000  0.000000e+000  1.000000e+000
    outer loop
      vertex  2.452537e+001 -3.883383e+001 -2.942070e+002
      vertex  2.609799e+001 -3.162314e+001 -2.942070e+002
      vertex  2.531763e+001 -3.170000e+001 -2.942070e+002
    endloop
  endfacet
  facet normal  0.000000e+000  0.000000e+000  1.000000e+000
    outer loop
      vertex  2.452537e+001 -3.883383e+001 -2.942070e+002
      vertex  2.531763e+001 -3.170000e+001 -2.942070e+002
      vertex  2.151464e+001 -3.339338e+001 -2.942070e+002
    endloop
  endfacet
  facet normal  0.000000e+000  0.000000e+000  1.000000e+000
    outer loop
      vertex  2.452537e+001 -3.883383e+001 -2.942070e+002
      vertex  2.151464e+001 -3.339338e+001 -2.942070e+002
      vertex  2.174190e+001 -3.383941e+001 -2.942070e+002
    endloop
  endfacet
  facet normal  0.000000e+000  0.000000e+000  1.000000e+000
    outer loop
      vertex  2.452537e+001 -3.883383e+001 -2.942070e+002
      vertex  2.174190e+001 -3.383941e+001 -2.942070e+002
      vertex  2.182021e+001 -3.433383e+001 -2.942070e+002
    endloop
  endfacet
  facet normal  0.000000e+000  0.000000e+000  1.000000e+000
    outer loop
      vertex  2.452537e+001 -3.883383e+001 -2.942070e+002
      vertex  2.182021e+001 -3.433383e+001 -2.942070e+002
      vertex  2.174190e+001 -3.482826e+001 -2.942070e+002
    endloop
  endfacet
  facet normal  0.000000e+000  0.000000e+000  1.000000e+000
    outer loop
      vertex  2.452537e+001 -3.883383e+001 -2.942070e+002
      vertex  2.174190e+001 -3.482826e+001 -2.942070e+002
      vertex  2.151464e+001 -3.527429e+001 -2.942070e+002
    endloop
  endfacet
  facet normal  0.000000e+000  0.000000e+000  1.000000e+000
    outer loop
      vertex  2.452537e+001 -3.883383e+001 -2.942070e+002
      vertex  2.151464e+001 -3.527429e+001 -2.942070e+002
      vertex  2.116067e+001 -3.562826e+001 -2.942070e+002
    endloop
  endfacet
  facet normal  0.000000e+000  0.000000e+000  1.000000e+000
    outer loop
      vertex  2.452537e+001 -3.883383e+001 -2.942070e+002
      vertex  2.116067e+001 -3.562826e+001 -2.942070e+002
      vertex  2.071464e+001 -3.585552e+001 -2.942070e+002
    endloop
  endfacet
  facet normal  0.000000e+000  0.000000e+000  1.000000e+000
    outer loop
      vertex  2.452537e+001 -3.883383e+001 -2.942070e+002
      vertex  2.071464e+001 -3.585552e+001 -2.942070e+002
      vertex  2.022021e+001 -3.593383e+001 -2.942070e+002
    endloop
  endfacet
  facet normal  0.000000e+000  0.000000e+000  1.000000e+000
    outer loop
      vertex  2.452537e+001 -3.883383e+001 -2.942070e+002
      vertex  2.022021e+001 -3.593383e+001 -2.942070e+002
      vertex  1.972578e+001 -3.585552e+001 -2.942070e+002
    endloop
  endfacet
  facet normal  0.000000e+000  0.000000e+000  1.000000e+000
    outer loop
      vertex  2.452537e+001 -3.883383e+001 -2.942070e+002
      vertex  1.972578e+001 -3.585552e+001 -2.942070e+002
      vertex  1.927975e+001 -3.562826e+001 -2.942070e+002
    endloop
  endfacet
  facet normal  -0.000000e+000  -0.000000e+000  1.000000e+000
    outer loop
      vertex  2.452537e+001  3.883148e+001 -2.942070e+002
      vertex  2.531763e+001  3.170000e+001 -2.942070e+002
      vertex  2.609799e+001  3.162314e+001 -2.942070e+002
    endloop
  endfacet
  facet normal  -0.000000e+000  -0.000000e+000  1.000000e+000
    outer loop
      vertex  2.452537e+001  3.883148e+001 -2.942070e+002
      vertex  2.609799e+001  3.162314e+001 -2.942070e+002
      vertex  2.684836e+001  3.139552e+001 -2.942070e+002
    endloop
  endfacet
  facet normal  -0.000000e+000  -0.000000e+000  1.000000e+000
    outer loop
      vertex  2.452537e+001  3.883148e+001 -2.942070e+002
      vertex  2.684836e+001  3.139552e+001 -2.942070e+002
      vertex  2.753991e+001  3.102588e+001 -2.942070e+002
    endloop
  endfacet
  facet normal  -0.000000e+000  -0.000000e+000  1.000000e+000
    outer loop
      vertex  2.452537e+001  3.883148e+001 -2.942070e+002
      vertex  2.753991e+001  3.102588e+001 -2.942070e+002
      vertex  3.866751e+001  2.468935e+001 -2.942070e+002
    endloop
  endfacet
  facet normal  0.000000e+000  0.000000e+000  1.000000e+000
    outer loop
      vertex -2.386350e+001  3.883148e+001 -2.942070e+002
      vertex -2.877789e+001  2.923073e+001 -2.942070e+002
      vertex -2.840825e+001  2.992228e+001 -2.942070e+002
    endloop
  endfacet
  facet normal  0.000000e+000  0.000000e+000  1.000000e+000
    outer loop
      vertex -2.386350e+001  3.883148e+001 -2.942070e+002
      vertex -2.840825e+001  2.992228e+001 -2.942070e+002
      vertex -2.791080e+001  3.052843e+001 -2.942070e+002
    endloop
  endfacet
  facet normal  0.000000e+000  0.000000e+000  1.000000e+000
    outer loop
      vertex -2.386350e+001  3.883148e+001 -2.942070e+002
      vertex -2.791080e+001  3.052843e+001 -2.942070e+002
      vertex -2.730466e+001  3.102588e+001 -2.942070e+002
    endloop
  endfacet
  facet normal  0.000000e+000  0.000000e+000  1.000000e+000
    outer loop
      vertex -2.386350e+001  3.883148e+001 -2.942070e+002
      vertex -2.730466e+001  3.102588e+001 -2.942070e+002
      vertex -2.661311e+001  3.139552e+001 -2.942070e+002
    endloop
  endfacet
  facet normal  0.000000e+000  0.000000e+000  1.000000e+000
    outer loop
      vertex -2.386350e+001  3.883148e+001 -2.942070e+002
      vertex -2.661311e+001  3.139552e+001 -2.942070e+002
      vertex -2.195999e+001  3.383706e+001 -2.942070e+002
    endloop
  endfacet
  facet normal  0.000000e+000  0.000000e+000  1.000000e+000
    outer loop
      vertex -2.386350e+001  3.883148e+001 -2.942070e+002
      vertex -2.195999e+001  3.383706e+001 -2.942070e+002
      vertex -2.203830e+001  3.433148e+001 -2.942070e+002
    endloop
  endfacet
  facet normal  0.000000e+000  -0.000000e+000  1.000000e+000
    outer loop
      vertex -2.386350e+001  3.883148e+001 -2.942070e+002
      vertex -2.203830e+001  3.433148e+001 -2.942070e+002
      vertex -2.195999e+001  3.482591e+001 -2.942070e+002
    endloop
  endfacet
  facet normal  0.000000e+000  -0.000000e+000  1.000000e+000
    outer loop
      vertex -2.386350e+001  3.883148e+001 -2.942070e+002
      vertex -2.195999e+001  3.482591e+001 -2.942070e+002
      vertex -2.173273e+001  3.527194e+001 -2.942070e+002
    endloop
  endfacet
  facet normal  0.000000e+000  -0.000000e+000  1.000000e+000
    outer loop
      vertex -2.386350e+001  3.883148e+001 -2.942070e+002
      vertex -2.173273e+001  3.527194e+001 -2.942070e+002
      vertex -2.137876e+001  3.562591e+001 -2.942070e+002
    endloop
  endfacet
  facet normal  0.000000e+000  -0.000000e+000  9.999999e-001
    outer loop
      vertex -2.386350e+001  3.883148e+001 -2.942070e+002
      vertex -2.137876e+001  3.562591e+001 -2.942070e+002
      vertex -2.093273e+001  3.585317e+001 -2.942070e+002
    endloop
  endfacet
  facet normal  0.000000e+000  -0.000000e+000  1.000000e+000
    outer loop
      vertex -2.386350e+001  3.883148e+001 -2.942070e+002
      vertex -2.093273e+001  3.585317e+001 -2.942070e+002
      vertex -2.043830e+001  3.593148e+001 -2.942070e+002
    endloop
  endfacet
  facet normal  0.000000e+000  0.000000e+000  1.000000e+000
    outer loop
      vertex  2.531763e+001 -3.170000e+001 -2.942070e+002
      vertex  1.972578e+001 -3.281214e+001 -2.942070e+002
      vertex  2.022021e+001 -3.273383e+001 -2.942070e+002
    endloop
  endfacet
  facet normal  -0.000000e+000  0.000000e+000  9.999999e-001
    outer loop
      vertex  2.531763e+001 -3.170000e+001 -2.942070e+002
      vertex  2.022021e+001 -3.273383e+001 -2.942070e+002
      vertex  2.071464e+001 -3.281214e+001 -2.942070e+002
    endloop
  endfacet
  facet normal  -0.000000e+000  0.000000e+000  1.000000e+000
    outer loop
      vertex  2.531763e+001 -3.170000e+001 -2.942070e+002
      vertex  2.071464e+001 -3.281214e+001 -2.942070e+002
      vertex  2.116067e+001 -3.303940e+001 -2.942070e+002
    endloop
  endfacet
  facet normal  -0.000000e+000  0.000000e+000  1.000000e+000
    outer loop
      vertex  2.531763e+001 -3.170000e+001 -2.942070e+002
      vertex  2.116067e+001 -3.303940e+001 -2.942070e+002
      vertex  2.151464e+001 -3.339338e+001 -2.942070e+002
    endloop
  endfacet
  facet normal  0.000000e+000  0.000000e+000  1.000000e+000
    outer loop
      vertex  2.531763e+001  3.170000e+001 -2.942070e+002
      vertex  2.452537e+001  3.883148e+001 -2.942070e+002
      vertex -1.883830e+001  3.433148e+001 -2.942070e+002
    endloop
  endfacet
  facet normal  0.000000e+000  0.000000e+000  1.000000e+000
    outer loop
      vertex  2.531763e+001  3.170000e+001 -2.942070e+002
      vertex -1.883830e+001  3.433148e+001 -2.942070e+002
      vertex -1.891661e+001  3.383706e+001 -2.942070e+002
    endloop
  endfacet
  facet normal  0.000000e+000  0.000000e+000  1.000000e+000
    outer loop
      vertex  2.531763e+001  3.170000e+001 -2.942070e+002
      vertex -1.891661e+001  3.383706e+001 -2.942070e+002
      vertex -1.914388e+001  3.339103e+001 -2.942070e+002
    endloop
  endfacet
  facet normal  0.000000e+000  0.000000e+000  1.000000e+000
    outer loop
      vertex  2.531763e+001  3.170000e+001 -2.942070e+002
      vertex -1.914388e+001  3.339103e+001 -2.942070e+002
      vertex -1.949785e+001  3.303706e+001 -2.942070e+002
    endloop
  endfacet
  facet normal  0.000000e+000  0.000000e+000  1.000000e+000
    outer loop
      vertex  2.531763e+001  3.170000e+001 -2.942070e+002
      vertex -1.949785e+001  3.303706e+001 -2.942070e+002
      vertex -1.994388e+001  3.280979e+001 -2.942070e+002
    endloop
  endfacet
  facet normal  0.000000e+000  0.000000e+000  1.000000e+000
    outer loop
      vertex  2.531763e+001  3.170000e+001 -2.942070e+002
      vertex -1.994388e+001  3.280979e+001 -2.942070e+002
      vertex -2.043830e+001  3.273148e+001 -2.942070e+002
    endloop
  endfacet
  facet normal  0.000000e+000  0.000000e+000  1.000000e+000
    outer loop
      vertex  2.531763e+001  3.170000e+001 -2.942070e+002
      vertex -2.043830e+001  3.273148e+001 -2.942070e+002
      vertex -2.508237e+001  3.170000e+001 -2.942070e+002
    endloop
  endfacet
  facet normal  -0.000000e+000  0.000000e+000  1.000000e+000
    outer loop
      vertex  2.452537e+001  3.883148e+001 -2.942070e+002
      vertex -2.386350e+001  3.883148e+001 -2.942070e+002
      vertex -2.043830e+001  3.593148e+001 -2.942070e+002
    endloop
  endfacet
  facet normal  -0.000000e+000  0.000000e+000  1.000000e+000
    outer loop
      vertex  2.452537e+001  3.883148e+001 -2.942070e+002
      vertex -2.043830e+001  3.593148e+001 -2.942070e+002
      vertex -1.994388e+001  3.585317e+001 -2.942070e+002
    endloop
  endfacet
  facet normal  -0.000000e+000  0.000000e+000  1.000000e+000
    outer loop
      vertex  2.452537e+001  3.883148e+001 -2.942070e+002
      vertex -1.994388e+001  3.585317e+001 -2.942070e+002
      vertex -1.949785e+001  3.562591e+001 -2.942070e+002
    endloop
  endfacet
  facet normal  -0.000000e+000  0.000000e+000  1.000000e+000
    outer loop
      vertex  2.452537e+001  3.883148e+001 -2.942070e+002
      vertex -1.949785e+001  3.562591e+001 -2.942070e+002
      vertex -1.914388e+001  3.527194e+001 -2.942070e+002
    endloop
  endfacet
  facet normal  -0.000000e+000  0.000000e+000  1.000000e+000
    outer loop
      vertex  2.452537e+001  3.883148e+001 -2.942070e+002
      vertex -1.914388e+001  3.527194e+001 -2.942070e+002
      vertex -1.891661e+001  3.482591e+001 -2.942070e+002
    endloop
  endfacet
  facet normal  -0.000000e+000  0.000000e+000  1.000000e+000
    outer loop
      vertex  2.452537e+001  3.883148e+001 -2.942070e+002
      vertex -1.891661e+001  3.482591e+001 -2.942070e+002
      vertex -1.883830e+001  3.433148e+001 -2.942070e+002
    endloop
  endfacet
  facet normal  0.000000e+000  0.000000e+000  1.000000e+000
    outer loop
      vertex -3.800564e+001  2.468935e+001 -2.942070e+002
      vertex -3.800564e+001 -2.469169e+001 -2.942070e+002
      vertex -3.480006e+001 -1.907928e+001 -2.942070e+002
    endloop
  endfacet
  facet normal  0.000000e+000  -0.000000e+000  1.000000e+000
    outer loop
      vertex -3.800564e+001  2.468935e+001 -2.942070e+002
      vertex -3.480006e+001 -1.907928e+001 -2.942070e+002
      vertex -3.444609e+001 -1.872531e+001 -2.942070e+002
    endloop
  endfacet
  facet normal  0.000000e+000  -0.000000e+000  1.000000e+000
    outer loop
      vertex -3.800564e+001  2.468935e+001 -2.942070e+002
      vertex -3.444609e+001 -1.872531e+001 -2.942070e+002
      vertex -3.400006e+001 -1.849804e+001 -2.942070e+002
    endloop
  endfacet
  facet normal  0.000000e+000  -0.000000e+000  1.000000e+000
    outer loop
      vertex -3.800564e+001  2.468935e+001 -2.942070e+002
      vertex -3.400006e+001 -1.849804e+001 -2.942070e+002
      vertex -3.350564e+001 -1.841973e+001 -2.942070e+002
    endloop
  endfacet
  facet normal  0.000000e+000  -0.000000e+000  1.000000e+000
    outer loop
      vertex -3.800564e+001  2.468935e+001 -2.942070e+002
      vertex -3.350564e+001 -1.841973e+001 -2.942070e+002
      vertex -2.908237e+001  2.770000e+001 -2.942070e+002
    endloop
  endfacet
  facet normal  0.000000e+000  -0.000000e+000  1.000000e+000
    outer loop
      vertex -3.800564e+001  2.468935e+001 -2.942070e+002
      vertex -2.908237e+001  2.770000e+001 -2.942070e+002
      vertex -2.900552e+001  2.848036e+001 -2.942070e+002
    endloop
  endfacet
  facet normal  0.000000e+000  -0.000000e+000  1.000000e+000
    outer loop
      vertex -3.800564e+001  2.468935e+001 -2.942070e+002
      vertex -2.900552e+001  2.848036e+001 -2.942070e+002
      vertex -2.877789e+001  2.923073e+001 -2.942070e+002
    endloop
  endfacet
  facet normal  0.000000e+000  -0.000000e+000  1.000000e+000
    outer loop
      vertex -3.800564e+001  2.468935e+001 -2.942070e+002
      vertex -2.877789e+001  2.923073e+001 -2.942070e+002
      vertex -2.386350e+001  3.883148e+001 -2.942070e+002
    endloop
  endfacet
  facet normal  0.000000e+000  0.000000e+000  1.000000e+000
    outer loop
      vertex  3.866751e+001 -2.469169e+001 -2.942070e+002
      vertex  3.576751e+001  2.062400e+001 -2.942070e+002
      vertex  3.568920e+001  2.012957e+001 -2.942070e+002
    endloop
  endfacet
  facet normal  0.000000e+000  0.000000e+000  1.000000e+000
    outer loop
      vertex  3.866751e+001 -2.469169e+001 -2.942070e+002
      vertex  3.568920e+001  2.012957e+001 -2.942070e+002
      vertex  3.546194e+001  1.968354e+001 -2.942070e+002
    endloop
  endfacet
  facet normal  0.000000e+000  0.000000e+000  1.000000e+000
    outer loop
      vertex  3.866751e+001 -2.469169e+001 -2.942070e+002
      vertex  3.546194e+001  1.968354e+001 -2.942070e+002
      vertex  3.510797e+001  1.932957e+001 -2.942070e+002
    endloop
  endfacet
  facet normal  0.000000e+000  0.000000e+000  1.000000e+000
    outer loop
      vertex  3.866751e+001 -2.469169e+001 -2.942070e+002
      vertex  3.510797e+001  1.932957e+001 -2.942070e+002
      vertex  3.466194e+001  1.910231e+001 -2.942070e+002
    endloop
  endfacet
  facet normal  0.000000e+000  0.000000e+000  1.000000e+000
    outer loop
      vertex  3.866751e+001 -2.469169e+001 -2.942070e+002
      vertex  3.466194e+001  1.910231e+001 -2.942070e+002
      vertex  3.416751e+001  1.902400e+001 -2.942070e+002
    endloop
  endfacet
  facet normal  0.000000e+000  0.000000e+000  1.000000e+000
    outer loop
      vertex  3.866751e+001 -2.469169e+001 -2.942070e+002
      vertex  3.416751e+001  1.902400e+001 -2.942070e+002
      vertex  2.931763e+001 -2.770000e+001 -2.942070e+002
    endloop
  endfacet
  facet normal  -0.000000e+000  0.000000e+000  1.000000e+000
    outer loop
      vertex  3.866751e+001 -2.469169e+001 -2.942070e+002
      vertex  2.931763e+001 -2.770000e+001 -2.942070e+002
      vertex  2.924077e+001 -2.848036e+001 -2.942070e+002
    endloop
  endfacet
  facet normal  -0.000000e+000  0.000000e+000  1.000000e+000
    outer loop
      vertex  3.866751e+001 -2.469169e+001 -2.942070e+002
      vertex  2.924077e+001 -2.848036e+001 -2.942070e+002
      vertex  2.901314e+001 -2.923073e+001 -2.942070e+002
    endloop
  endfacet
  facet normal  0.000000e+000  0.000000e+000  1.000000e+000
    outer loop
      vertex  3.866751e+001  2.468935e+001 -2.942070e+002
      vertex  2.753991e+001  3.102588e+001 -2.942070e+002
      vertex  2.814605e+001  3.052843e+001 -2.942070e+002
    endloop
  endfacet
  facet normal  0.000000e+000  0.000000e+000  1.000000e+000
    outer loop
      vertex  3.866751e+001  2.468935e+001 -2.942070e+002
      vertex  2.814605e+001  3.052843e+001 -2.942070e+002
      vertex  2.864350e+001  2.992228e+001 -2.942070e+002
    endloop
  endfacet
  facet normal  0.000000e+000  0.000000e+000  1.000000e+000
    outer loop
      vertex  3.866751e+001  2.468935e+001 -2.942070e+002
      vertex  2.864350e+001  2.992228e+001 -2.942070e+002
      vertex  2.901314e+001  2.923073e+001 -2.942070e+002
    endloop
  endfacet
  facet normal  0.000000e+000  0.000000e+000  1.000000e+000
    outer loop
      vertex  3.866751e+001  2.468935e+001 -2.942070e+002
      vertex  2.901314e+001  2.923073e+001 -2.942070e+002
      vertex  2.924077e+001  2.848036e+001 -2.942070e+002
    endloop
  endfacet
  facet normal  0.000000e+000  0.000000e+000  1.000000e+000
    outer loop
      vertex  3.866751e+001  2.468935e+001 -2.942070e+002
      vertex  2.924077e+001  2.848036e+001 -2.942070e+002
      vertex  3.416751e+001  2.222400e+001 -2.942070e+002
    endloop
  endfacet
  facet normal  -0.000000e+000  0.000000e+000  1.000000e+000
    outer loop
      vertex  3.866751e+001  2.468935e+001 -2.942070e+002
      vertex  3.416751e+001  2.222400e+001 -2.942070e+002
      vertex  3.466194e+001  2.214569e+001 -2.942070e+002
    endloop
  endfacet
  facet normal  -0.000000e+000  0.000000e+000  1.000000e+000
    outer loop
      vertex  3.866751e+001  2.468935e+001 -2.942070e+002
      vertex  3.466194e+001  2.214569e+001 -2.942070e+002
      vertex  3.510797e+001  2.191842e+001 -2.942070e+002
    endloop
  endfacet
  facet normal  -0.000000e+000  0.000000e+000  1.000000e+000
    outer loop
      vertex  3.866751e+001  2.468935e+001 -2.942070e+002
      vertex  3.510797e+001  2.191842e+001 -2.942070e+002
      vertex  3.546194e+001  2.156445e+001 -2.942070e+002
    endloop
  endfacet
  facet normal  -0.000000e+000  0.000000e+000  1.000000e+000
    outer loop
      vertex  3.866751e+001  2.468935e+001 -2.942070e+002
      vertex  3.546194e+001  2.156445e+001 -2.942070e+002
      vertex  3.568920e+001  2.111842e+001 -2.942070e+002
    endloop
  endfacet
  facet normal  -0.000000e+000  0.000000e+000  1.000000e+000
    outer loop
      vertex  3.866751e+001  2.468935e+001 -2.942070e+002
      vertex  3.568920e+001  2.111842e+001 -2.942070e+002
      vertex  3.576751e+001  2.062400e+001 -2.942070e+002
    endloop
  endfacet
  facet normal  -0.000000e+000  0.000000e+000  1.000000e+000
    outer loop
      vertex  3.866751e+001  2.468935e+001 -2.942070e+002
      vertex  3.576751e+001  2.062400e+001 -2.942070e+002
      vertex  3.866751e+001 -2.469169e+001 -2.942070e+002
    endloop
  endfacet
  facet normal  0.000000e+000  0.000000e+000  1.000000e+000
    outer loop
      vertex  2.931763e+001 -2.770000e+001 -2.942070e+002
      vertex  3.416751e+001  1.902400e+001 -2.942070e+002
      vertex  3.367308e+001  1.910231e+001 -2.942070e+002
    endloop
  endfacet
  facet normal  0.000000e+000  0.000000e+000  1.000000e+000
    outer loop
      vertex  2.931763e+001 -2.770000e+001 -2.942070e+002
      vertex  3.367308e+001  1.910231e+001 -2.942070e+002
      vertex  3.322705e+001  1.932957e+001 -2.942070e+002
    endloop
  endfacet
  facet normal  0.000000e+000  0.000000e+000  1.000000e+000
    outer loop
      vertex  2.931763e+001 -2.770000e+001 -2.942070e+002
      vertex  3.322705e+001  1.932957e+001 -2.942070e+002
      vertex  3.287308e+001  1.968354e+001 -2.942070e+002
    endloop
  endfacet
  facet normal  0.000000e+000  0.000000e+000  1.000000e+000
    outer loop
      vertex  2.931763e+001 -2.770000e+001 -2.942070e+002
      vertex  3.287308e+001  1.968354e+001 -2.942070e+002
      vertex  3.264582e+001  2.012957e+001 -2.942070e+002
    endloop
  endfacet
  facet normal  0.000000e+000  0.000000e+000  1.000000e+000
    outer loop
      vertex  2.931763e+001 -2.770000e+001 -2.942070e+002
      vertex  3.264582e+001  2.012957e+001 -2.942070e+002
      vertex  3.256751e+001  2.062400e+001 -2.942070e+002
    endloop
  endfacet
  facet normal  0.000000e+000  0.000000e+000  1.000000e+000
    outer loop
      vertex  2.931763e+001  2.770000e+001 -2.942070e+002
      vertex  2.931763e+001 -2.770000e+001 -2.942070e+002
      vertex  3.256751e+001  2.062400e+001 -2.942070e+002
    endloop
  endfacet
  facet normal  0.000000e+000  -0.000000e+000  1.000000e+000
    outer loop
      vertex  2.931763e+001  2.770000e+001 -2.942070e+002
      vertex  3.256751e+001  2.062400e+001 -2.942070e+002
      vertex  3.264582e+001  2.111842e+001 -2.942070e+002
    endloop
  endfacet
  facet normal  0.000000e+000  -0.000000e+000  1.000000e+000
    outer loop
      vertex  2.931763e+001  2.770000e+001 -2.942070e+002
      vertex  3.264582e+001  2.111842e+001 -2.942070e+002
      vertex  3.287308e+001  2.156445e+001 -2.942070e+002
    endloop
  endfacet
  facet normal  0.000000e+000  -0.000000e+000  1.000000e+000
    outer loop
      vertex  2.931763e+001  2.770000e+001 -2.942070e+002
      vertex  3.287308e+001  2.156445e+001 -2.942070e+002
      vertex  3.322705e+001  2.191842e+001 -2.942070e+002
    endloop
  endfacet
  facet normal  0.000000e+000  -0.000000e+000  1.000000e+000
    outer loop
      vertex  2.931763e+001  2.770000e+001 -2.942070e+002
      vertex  3.322705e+001  2.191842e+001 -2.942070e+002
      vertex  3.367308e+001  2.214569e+001 -2.942070e+002
    endloop
  endfacet
  facet normal  0.000000e+000  -0.000000e+000  1.000000e+000
    outer loop
      vertex  2.931763e+001  2.770000e+001 -2.942070e+002
      vertex  3.367308e+001  2.214569e+001 -2.942070e+002
      vertex  3.416751e+001  2.222400e+001 -2.942070e+002
    endloop
  endfacet
  facet normal  0.000000e+000  0.000000e+000  1.000000e+000
    outer loop
      vertex  2.931763e+001  2.770000e+001 -2.942070e+002
      vertex  3.416751e+001  2.222400e+001 -2.942070e+002
      vertex  2.924077e+001  2.848036e+001 -2.942070e+002
    endloop
  endfacet
  facet normal  0.000000e+000  -0.000000e+000  9.999999e-001
    outer loop
      vertex -2.586274e+001  3.162314e+001 -2.942070e+002
      vertex -2.508237e+001  3.170000e+001 -2.942070e+002
      vertex -2.043830e+001  3.273148e+001 -2.942070e+002
    endloop
  endfacet
  facet normal  0.000000e+000  0.000000e+000  9.999999e-001
    outer loop
      vertex -2.586274e+001  3.162314e+001 -2.942070e+002
      vertex -2.043830e+001  3.273148e+001 -2.942070e+002
      vertex -2.093273e+001  3.280979e+001 -2.942070e+002
    endloop
  endfacet
  facet normal  0.000000e+000  0.000000e+000  1.000000e+000
    outer loop
      vertex -2.586274e+001  3.162314e+001 -2.942070e+002
      vertex -2.093273e+001  3.280979e+001 -2.942070e+002
      vertex -2.137876e+001  3.303706e+001 -2.942070e+002
    endloop
  endfacet
  facet normal  0.000000e+000  0.000000e+000  1.000000e+000
    outer loop
      vertex -2.586274e+001  3.162314e+001 -2.942070e+002
      vertex -2.137876e+001  3.303706e+001 -2.942070e+002
      vertex -2.173273e+001  3.339103e+001 -2.942070e+002
    endloop
  endfacet
  facet normal  0.000000e+000  0.000000e+000  1.000000e+000
    outer loop
      vertex -2.586274e+001  3.162314e+001 -2.942070e+002
      vertex -2.173273e+001  3.339103e+001 -2.942070e+002
      vertex -2.661311e+001  3.139552e+001 -2.942070e+002
    endloop
  endfacet
  facet normal  0.000000e+000  0.000000e+000  1.000000e+000
    outer loop
      vertex -3.058237e+001 -1.446484e+001 -2.942070e+002
      vertex -3.058237e+001 -7.964836e+000 -2.942070e+002
      vertex -3.350564e+001 -1.841973e+001 -2.942070e+002
    endloop
  endfacet
  facet normal  -0.000000e+000  0.000000e+000  1.000000e+000
    outer loop
      vertex -3.058237e+001 -1.446484e+001 -2.942070e+002
      vertex -3.350564e+001 -1.841973e+001 -2.942070e+002
      vertex -3.301121e+001 -1.849804e+001 -2.942070e+002
    endloop
  endfacet
  facet normal  -0.000000e+000  0.000000e+000  9.999999e-001
    outer loop
      vertex -3.058237e+001 -1.446484e+001 -2.942070e+002
      vertex -3.301121e+001 -1.849804e+001 -2.942070e+002
      vertex -3.256518e+001 -1.872531e+001 -2.942070e+002
    endloop
  endfacet
  facet normal  -0.000000e+000  0.000000e+000  1.000000e+000
    outer loop
      vertex -3.058237e+001 -1.446484e+001 -2.942070e+002
      vertex -3.256518e+001 -1.872531e+001 -2.942070e+002
      vertex -3.221121e+001 -1.907928e+001 -2.942070e+002
    endloop
  endfacet
  facet normal  -0.000000e+000  0.000000e+000  1.000000e+000
    outer loop
      vertex -3.058237e+001 -1.446484e+001 -2.942070e+002
      vertex -3.221121e+001 -1.907928e+001 -2.942070e+002
      vertex -3.058237e+001 -2.096484e+001 -2.942070e+002
    endloop
  endfacet
  facet normal  0.000000e+000  0.000000e+000  1.000000e+000
    outer loop
      vertex -2.386350e+001 -3.883383e+001 -2.942070e+002
      vertex  2.452537e+001 -3.883383e+001 -2.942070e+002
      vertex  1.927975e+001 -3.562826e+001 -2.942070e+002
    endloop
  endfacet
  facet normal  0.000000e+000  0.000000e+000  1.000000e+000
    outer loop
      vertex -2.386350e+001 -3.883383e+001 -2.942070e+002
      vertex  1.927975e+001 -3.562826e+001 -2.942070e+002
      vertex  1.892578e+001 -3.527429e+001 -2.942070e+002
    endloop
  endfacet
  facet normal  0.000000e+000  0.000000e+000  1.000000e+000
    outer loop
      vertex -2.386350e+001 -3.883383e+001 -2.942070e+002
      vertex  1.892578e+001 -3.527429e+001 -2.942070e+002
      vertex  1.869852e+001 -3.482826e+001 -2.942070e+002
    endloop
  endfacet
  facet normal  0.000000e+000  0.000000e+000  9.999999e-001
    outer loop
      vertex -2.386350e+001 -3.883383e+001 -2.942070e+002
      vertex  1.869852e+001 -3.482826e+001 -2.942070e+002
      vertex  1.862021e+001 -3.433383e+001 -2.942070e+002
    endloop
  endfacet
  facet normal  0.000000e+000  -0.000000e+000  1.000000e+000
    outer loop
      vertex -2.386350e+001 -3.883383e+001 -2.942070e+002
      vertex  1.862021e+001 -3.433383e+001 -2.942070e+002
      vertex  1.869852e+001 -3.383941e+001 -2.942070e+002
    endloop
  endfacet
  facet normal  0.000000e+000  -0.000000e+000  1.000000e+000
    outer loop
      vertex -2.386350e+001 -3.883383e+001 -2.942070e+002
      vertex  1.869852e+001 -3.383941e+001 -2.942070e+002
      vertex  1.892578e+001 -3.339338e+001 -2.942070e+002
    endloop
  endfacet
  facet normal  0.000000e+000  -0.000000e+000  9.999999e-001
    outer loop
      vertex -2.386350e+001 -3.883383e+001 -2.942070e+002
      vertex  1.892578e+001 -3.339338e+001 -2.942070e+002
      vertex  1.927975e+001 -3.303940e+001 -2.942070e+002
    endloop
  endfacet
  facet normal  0.000000e+000  -0.000000e+000  1.000000e+000
    outer loop
      vertex -2.386350e+001 -3.883383e+001 -2.942070e+002
      vertex  1.927975e+001 -3.303940e+001 -2.942070e+002
      vertex  1.972578e+001 -3.281214e+001 -2.942070e+002
    endloop
  endfacet
  facet normal  0.000000e+000  -0.000000e+000  1.000000e+000
    outer loop
      vertex -2.386350e+001 -3.883383e+001 -2.942070e+002
      vertex  1.972578e+001 -3.281214e+001 -2.942070e+002
      vertex  2.531763e+001 -3.170000e+001 -2.942070e+002
    endloop
  endfacet
  facet normal  0.000000e+000  0.000000e+000  1.000000e+000
    outer loop
      vertex -2.386350e+001 -3.883383e+001 -2.942070e+002
      vertex  2.531763e+001 -3.170000e+001 -2.942070e+002
      vertex -2.508237e+001 -3.170000e+001 -2.942070e+002
    endloop
  endfacet
  facet normal  0.000000e+000  0.000000e+000  1.000000e+000
    outer loop
      vertex -2.386350e+001 -3.883383e+001 -2.942070e+002
      vertex -2.508237e+001 -3.170000e+001 -2.942070e+002
      vertex -2.586274e+001 -3.162314e+001 -2.942070e+002
    endloop
  endfacet
  facet normal  0.000000e+000  0.000000e+000  1.000000e+000
    outer loop
      vertex -2.386350e+001 -3.883383e+001 -2.942070e+002
      vertex -2.586274e+001 -3.162314e+001 -2.942070e+002
      vertex -2.661311e+001 -3.139552e+001 -2.942070e+002
    endloop
  endfacet
  facet normal  0.000000e+000  0.000000e+000  1.000000e+000
    outer loop
      vertex -2.386350e+001 -3.883383e+001 -2.942070e+002
      vertex -2.661311e+001 -3.139552e+001 -2.942070e+002
      vertex -2.730466e+001 -3.102588e+001 -2.942070e+002
    endloop
  endfacet
  facet normal  0.000000e+000  0.000000e+000  1.000000e+000
    outer loop
      vertex -2.386350e+001 -3.883383e+001 -2.942070e+002
      vertex -2.730466e+001 -3.102588e+001 -2.942070e+002
      vertex -2.791080e+001 -3.052843e+001 -2.942070e+002
    endloop
  endfacet
  facet normal  0.000000e+000  0.000000e+000  1.000000e+000
    outer loop
      vertex -2.386350e+001 -3.883383e+001 -2.942070e+002
      vertex -2.791080e+001 -3.052843e+001 -2.942070e+002
      vertex -2.840825e+001 -2.992228e+001 -2.942070e+002
    endloop
  endfacet
  facet normal  0.000000e+000  0.000000e+000  1.000000e+000
    outer loop
      vertex -2.386350e+001 -3.883383e+001 -2.942070e+002
      vertex -2.840825e+001 -2.992228e+001 -2.942070e+002
      vertex -2.877789e+001 -2.923073e+001 -2.942070e+002
    endloop
  endfacet
  facet normal  0.000000e+000  0.000000e+000  9.999999e-001
    outer loop
      vertex -2.386350e+001 -3.883383e+001 -2.942070e+002
      vertex -2.877789e+001 -2.923073e+001 -2.942070e+002
      vertex -3.301121e+001 -2.154142e+001 -2.942070e+002
    endloop
  endfacet
  facet normal  0.000000e+000  0.000000e+000  1.000000e+000
    outer loop
      vertex -2.386350e+001 -3.883383e+001 -2.942070e+002
      vertex -3.301121e+001 -2.154142e+001 -2.942070e+002
      vertex -3.350564e+001 -2.161973e+001 -2.942070e+002
    endloop
  endfacet
  facet normal  0.000000e+000  0.000000e+000  1.000000e+000
    outer loop
      vertex -2.386350e+001 -3.883383e+001 -2.942070e+002
      vertex -3.350564e+001 -2.161973e+001 -2.942070e+002
      vertex -3.800564e+001 -2.469169e+001 -2.942070e+002
    endloop
  endfacet
  facet normal  0.000000e+000  0.000000e+000  1.000000e+000
    outer loop
      vertex -3.800564e+001 -2.469169e+001 -2.942070e+002
      vertex -3.350564e+001 -2.161973e+001 -2.942070e+002
      vertex -3.400006e+001 -2.154142e+001 -2.942070e+002
    endloop
  endfacet
  facet normal  0.000000e+000  0.000000e+000  1.000000e+000
    outer loop
      vertex -3.800564e+001 -2.469169e+001 -2.942070e+002
      vertex -3.400006e+001 -2.154142e+001 -2.942070e+002
      vertex -3.444609e+001 -2.131416e+001 -2.942070e+002
    endloop
  endfacet
  facet normal  0.000000e+000  0.000000e+000  1.000000e+000
    outer loop
      vertex -3.800564e+001 -2.469169e+001 -2.942070e+002
      vertex -3.444609e+001 -2.131416e+001 -2.942070e+002
      vertex -3.480006e+001 -2.096019e+001 -2.942070e+002
    endloop
  endfacet
  facet normal  0.000000e+000  0.000000e+000  9.999999e-001
    outer loop
      vertex -3.800564e+001 -2.469169e+001 -2.942070e+002
      vertex -3.480006e+001 -2.096019e+001 -2.942070e+002
      vertex -3.502733e+001 -2.051416e+001 -2.942070e+002
    endloop
  endfacet
  facet normal  0.000000e+000  0.000000e+000  9.999999e-001
    outer loop
      vertex -3.800564e+001 -2.469169e+001 -2.942070e+002
      vertex -3.502733e+001 -2.051416e+001 -2.942070e+002
      vertex -3.510564e+001 -2.001973e+001 -2.942070e+002
    endloop
  endfacet
  facet normal  0.000000e+000  -0.000000e+000  1.000000e+000
    outer loop
      vertex -3.800564e+001 -2.469169e+001 -2.942070e+002
      vertex -3.510564e+001 -2.001973e+001 -2.942070e+002
      vertex -3.502733e+001 -1.952531e+001 -2.942070e+002
    endloop
  endfacet
  facet normal  0.000000e+000  -0.000000e+000  9.999999e-001
    outer loop
      vertex -3.800564e+001 -2.469169e+001 -2.942070e+002
      vertex -3.502733e+001 -1.952531e+001 -2.942070e+002
      vertex -3.480006e+001 -1.907928e+001 -2.942070e+002
    endloop
  endfacet
  facet normal  0.000000e+000  0.000000e+000  1.000000e+000
    outer loop
      vertex -2.877789e+001 -2.923073e+001 -2.942070e+002
      vertex -2.900552e+001 -2.848036e+001 -2.942070e+002
      vertex -3.301121e+001 -2.154142e+001 -2.942070e+002
    endloop
  endfacet
  facet normal  0.000000e+000  0.000000e+000  1.000000e+000
    outer loop
      vertex -3.301121e+001 -2.154142e+001 -2.942070e+002
      vertex -2.900552e+001 -2.848036e+001 -2.942070e+002
      vertex -2.908237e+001 -2.770000e+001 -2.942070e+002
    endloop
  endfacet
  facet normal  0.000000e+000  0.000000e+000  1.000000e+000
    outer loop
      vertex -3.301121e+001 -2.154142e+001 -2.942070e+002
      vertex -2.908237e+001 -2.770000e+001 -2.942070e+002
      vertex -3.256518e+001 -2.131416e+001 -2.942070e+002
    endloop
  endfacet
  facet normal  1.564392e-001 -9.876876e-001  0.000000e+000
    outer loop
      vertex  2.022021e+001 -3.273383e+001 -2.982075e+002
      vertex  1.972578e+001 -3.281214e+001 -2.942070e+002
      vertex  1.972578e+001 -3.281214e+001 -2.982075e+002
    endloop
  endfacet
  facet normal  4.539860e-001 -8.910089e-001  0.000000e+000
    outer loop
      vertex  1.972578e+001 -3.281214e+001 -2.982075e+002
      vertex  1.972578e+001 -3.281214e+001 -2.942070e+002
      vertex  1.927975e+001 -3.303940e+001 -2.942070e+002
    endloop
  endfacet
  facet normal  4.539860e-001 -8.910089e-001  0.000000e+000
    outer loop
      vertex  1.972578e+001 -3.281214e+001 -2.982075e+002
      vertex  1.927975e+001 -3.303940e+001 -2.942070e+002
      vertex  1.927975e+001 -3.303940e+001 -2.982075e+002
    endloop
  endfacet
  facet normal  7.071087e-001 -7.071049e-001  0.000000e+000
    outer loop
      vertex  1.927975e+001 -3.303940e+001 -2.982075e+002
      vertex  1.927975e+001 -3.303940e+001 -2.942070e+002
      vertex  1.892578e+001 -3.339338e+001 -2.942070e+002
    endloop
  endfacet
  facet normal  7.071087e-001 -7.071049e-001  0.000000e+000
    outer loop
      vertex  1.927975e+001 -3.303940e+001 -2.982075e+002
      vertex  1.892578e+001 -3.339338e+001 -2.942070e+002
      vertex  1.892578e+001 -3.339338e+001 -2.982075e+002
    endloop
  endfacet
  facet normal  8.910072e-001 -4.539889e-001  0.000000e+000
    outer loop
      vertex  1.892578e+001 -3.339338e+001 -2.982075e+002
      vertex  1.892578e+001 -3.339338e+001 -2.942070e+002
      vertex  1.869852e+001 -3.383941e+001 -2.942070e+002
    endloop
  endfacet
  facet normal  8.910072e-001 -4.539889e-001  0.000000e+000
    outer loop
      vertex  1.892578e+001 -3.339338e+001 -2.982075e+002
      vertex  1.869852e+001 -3.383941e+001 -2.942070e+002
      vertex  1.869852e+001 -3.383941e+001 -2.982075e+002
    endloop
  endfacet
  facet normal  9.876882e-001 -1.564355e-001  0.000000e+000
    outer loop
      vertex  1.869852e+001 -3.383941e+001 -2.982075e+002
      vertex  1.869852e+001 -3.383941e+001 -2.942070e+002
      vertex  1.862021e+001 -3.433383e+001 -2.942070e+002
    endloop
  endfacet
  facet normal  9.876882e-001 -1.564355e-001  0.000000e+000
    outer loop
      vertex  1.869852e+001 -3.383941e+001 -2.982075e+002
      vertex  1.862021e+001 -3.433383e+001 -2.942070e+002
      vertex  1.862021e+001 -3.433383e+001 -2.982075e+002
    endloop
  endfacet
  facet normal  1.564392e-001 -9.876876e-001  0.000000e+000
    outer loop
      vertex  1.972578e+001 -3.281214e+001 -2.942070e+002
      vertex  2.022021e+001 -3.273383e+001 -2.982075e+002
      vertex  2.022021e+001 -3.273383e+001 -2.942070e+002
    endloop
  endfacet
  facet normal -1.564392e-001 -9.876876e-001  -0.000000e+000
    outer loop
      vertex  2.022021e+001 -3.273383e+001 -2.942070e+002
      vertex  2.022021e+001 -3.273383e+001 -2.982075e+002
      vertex  2.071464e+001 -3.281214e+001 -2.982075e+002
    endloop
  endfacet
  facet normal -1.564392e-001 -9.876876e-001  0.000000e+000
    outer loop
      vertex  2.022021e+001 -3.273383e+001 -2.942070e+002
      vertex  2.071464e+001 -3.281214e+001 -2.982075e+002
      vertex  2.071464e+001 -3.281214e+001 -2.942070e+002
    endloop
  endfacet
  facet normal -4.539860e-001 -8.910089e-001  -0.000000e+000
    outer loop
      vertex  2.071464e+001 -3.281214e+001 -2.942070e+002
      vertex  2.071464e+001 -3.281214e+001 -2.982075e+002
      vertex  2.116067e+001 -3.303940e+001 -2.982075e+002
    endloop
  endfacet
  facet normal -4.539860e-001 -8.910089e-001  0.000000e+000
    outer loop
      vertex  2.071464e+001 -3.281214e+001 -2.942070e+002
      vertex  2.116067e+001 -3.303940e+001 -2.982075e+002
      vertex  2.116067e+001 -3.303940e+001 -2.942070e+002
    endloop
  endfacet
  facet normal -7.071087e-001 -7.071049e-001  -0.000000e+000
    outer loop
      vertex  2.116067e+001 -3.303940e+001 -2.942070e+002
      vertex  2.116067e+001 -3.303940e+001 -2.982075e+002
      vertex  2.151464e+001 -3.339338e+001 -2.982075e+002
    endloop
  endfacet
  facet normal -7.071087e-001 -7.071049e-001  0.000000e+000
    outer loop
      vertex  2.116067e+001 -3.303940e+001 -2.942070e+002
      vertex  2.151464e+001 -3.339338e+001 -2.982075e+002
      vertex  2.151464e+001 -3.339338e+001 -2.942070e+002
    endloop
  endfacet
  facet normal -8.910072e-001 -4.539889e-001  -0.000000e+000
    outer loop
      vertex  2.151464e+001 -3.339338e+001 -2.942070e+002
      vertex  2.151464e+001 -3.339338e+001 -2.982075e+002
      vertex  2.174190e+001 -3.383941e+001 -2.982075e+002
    endloop
  endfacet
  facet normal -8.910072e-001 -4.539889e-001  0.000000e+000
    outer loop
      vertex  2.151464e+001 -3.339338e+001 -2.942070e+002
      vertex  2.174190e+001 -3.383941e+001 -2.982075e+002
      vertex  2.174190e+001 -3.383941e+001 -2.942070e+002
    endloop
  endfacet
  facet normal -9.876882e-001 -1.564355e-001  -0.000000e+000
    outer loop
      vertex  2.174190e+001 -3.383941e+001 -2.942070e+002
      vertex  2.174190e+001 -3.383941e+001 -2.982075e+002
      vertex  2.182021e+001 -3.433383e+001 -2.982075e+002
    endloop
  endfacet
  facet normal -9.876882e-001 -1.564355e-001  0.000000e+000
    outer loop
      vertex  2.174190e+001 -3.383941e+001 -2.942070e+002
      vertex  2.182021e+001 -3.433383e+001 -2.982075e+002
      vertex  2.182021e+001 -3.433383e+001 -2.942070e+002
    endloop
  endfacet
  facet normal -1.564317e-001  9.876887e-001  0.000000e+000
    outer loop
      vertex  2.022021e+001 -3.593383e+001 -2.982075e+002
      vertex  2.071464e+001 -3.585552e+001 -2.942070e+002
      vertex  2.071464e+001 -3.585552e+001 -2.982075e+002
    endloop
  endfacet
  facet normal -4.539920e-001  8.910058e-001  0.000000e+000
    outer loop
      vertex  2.071464e+001 -3.585552e+001 -2.982075e+002
      vertex  2.071464e+001 -3.585552e+001 -2.942070e+002
      vertex  2.116067e+001 -3.562826e+001 -2.942070e+002
    endloop
  endfacet
  facet normal -4.539920e-001  8.910058e-001  0.000000e+000
    outer loop
      vertex  2.071464e+001 -3.585552e+001 -2.982075e+002
      vertex  2.116067e+001 -3.562826e+001 -2.942070e+002
      vertex  2.116067e+001 -3.562826e+001 -2.982075e+002
    endloop
  endfacet
  facet normal -7.071048e-001  7.071086e-001  0.000000e+000
    outer loop
      vertex  2.116067e+001 -3.562826e+001 -2.982075e+002
      vertex  2.116067e+001 -3.562826e+001 -2.942070e+002
      vertex  2.151464e+001 -3.527429e+001 -2.942070e+002
    endloop
  endfacet
  facet normal -7.071048e-001  7.071086e-001  0.000000e+000
    outer loop
      vertex  2.116067e+001 -3.562826e+001 -2.982075e+002
      vertex  2.151464e+001 -3.527429e+001 -2.942070e+002
      vertex  2.151464e+001 -3.527429e+001 -2.982075e+002
    endloop
  endfacet
  facet normal -8.910072e-001  4.539889e-001  0.000000e+000
    outer loop
      vertex  2.151464e+001 -3.527429e+001 -2.982075e+002
      vertex  2.151464e+001 -3.527429e+001 -2.942070e+002
      vertex  2.174190e+001 -3.482826e+001 -2.942070e+002
    endloop
  endfacet
  facet normal -8.910072e-001  4.539889e-001  0.000000e+000
    outer loop
      vertex  2.151464e+001 -3.527429e+001 -2.982075e+002
      vertex  2.174190e+001 -3.482826e+001 -2.942070e+002
      vertex  2.174190e+001 -3.482826e+001 -2.982075e+002
    endloop
  endfacet
  facet normal -9.876882e-001  1.564355e-001  0.000000e+000
    outer loop
      vertex  2.174190e+001 -3.482826e+001 -2.982075e+002
      vertex  2.174190e+001 -3.482826e+001 -2.942070e+002
      vertex  2.182021e+001 -3.433383e+001 -2.942070e+002
    endloop
  endfacet
  facet normal -9.876882e-001  1.564355e-001  0.000000e+000
    outer loop
      vertex  2.174190e+001 -3.482826e+001 -2.982075e+002
      vertex  2.182021e+001 -3.433383e+001 -2.942070e+002
      vertex  2.182021e+001 -3.433383e+001 -2.982075e+002
    endloop
  endfacet
  facet normal -1.564317e-001  9.876887e-001  0.000000e+000
    outer loop
      vertex  2.071464e+001 -3.585552e+001 -2.942070e+002
      vertex  2.022021e+001 -3.593383e+001 -2.982075e+002
      vertex  2.022021e+001 -3.593383e+001 -2.942070e+002
    endloop
  endfacet
  facet normal  1.564317e-001  9.876887e-001  0.000000e+000
    outer loop
      vertex  2.022021e+001 -3.593383e+001 -2.942070e+002
      vertex  2.022021e+001 -3.593383e+001 -2.982075e+002
      vertex  1.972578e+001 -3.585552e+001 -2.982075e+002
    endloop
  endfacet
  facet normal  1.564317e-001  9.876887e-001  -0.000000e+000
    outer loop
      vertex  2.022021e+001 -3.593383e+001 -2.942070e+002
      vertex  1.972578e+001 -3.585552e+001 -2.982075e+002
      vertex  1.972578e+001 -3.585552e+001 -2.942070e+002
    endloop
  endfacet
  facet normal  4.539920e-001  8.910058e-001  0.000000e+000
    outer loop
      vertex  1.972578e+001 -3.585552e+001 -2.942070e+002
      vertex  1.972578e+001 -3.585552e+001 -2.982075e+002
      vertex  1.927975e+001 -3.562826e+001 -2.982075e+002
    endloop
  endfacet
  facet normal  4.539920e-001  8.910058e-001  -0.000000e+000
    outer loop
      vertex  1.972578e+001 -3.585552e+001 -2.942070e+002
      vertex  1.927975e+001 -3.562826e+001 -2.982075e+002
      vertex  1.927975e+001 -3.562826e+001 -2.942070e+002
    endloop
  endfacet
  facet normal  7.071048e-001  7.071086e-001  0.000000e+000
    outer loop
      vertex  1.927975e+001 -3.562826e+001 -2.942070e+002
      vertex  1.927975e+001 -3.562826e+001 -2.982075e+002
      vertex  1.892578e+001 -3.527429e+001 -2.982075e+002
    endloop
  endfacet
  facet normal  7.071048e-001  7.071086e-001  -0.000000e+000
    outer loop
      vertex  1.927975e+001 -3.562826e+001 -2.942070e+002
      vertex  1.892578e+001 -3.527429e+001 -2.982075e+002
      vertex  1.892578e+001 -3.527429e+001 -2.942070e+002
    endloop
  endfacet
  facet normal  8.910072e-001  4.539889e-001  0.000000e+000
    outer loop
      vertex  1.892578e+001 -3.527429e+001 -2.942070e+002
      vertex  1.892578e+001 -3.527429e+001 -2.982075e+002
      vertex  1.869852e+001 -3.482826e+001 -2.982075e+002
    endloop
  endfacet
  facet normal  8.910072e-001  4.539889e-001  -0.000000e+000
    outer loop
      vertex  1.892578e+001 -3.527429e+001 -2.942070e+002
      vertex  1.869852e+001 -3.482826e+001 -2.982075e+002
      vertex  1.869852e+001 -3.482826e+001 -2.942070e+002
    endloop
  endfacet
  facet normal  9.876882e-001  1.564355e-001  0.000000e+000
    outer loop
      vertex  1.869852e+001 -3.482826e+001 -2.942070e+002
      vertex  1.869852e+001 -3.482826e+001 -2.982075e+002
      vertex  1.862021e+001 -3.433383e+001 -2.982075e+002
    endloop
  endfacet
  facet normal  9.876882e-001  1.564355e-001  -0.000000e+000
    outer loop
      vertex  1.869852e+001 -3.482826e+001 -2.942070e+002
      vertex  1.862021e+001 -3.433383e+001 -2.982075e+002
      vertex  1.862021e+001 -3.433383e+001 -2.942070e+002
    endloop
  endfacet
  facet normal  1.564355e-001 -9.876881e-001  0.000000e+000
    outer loop
      vertex  3.416751e+001  2.222400e+001 -2.982070e+002
      vertex  3.367308e+001  2.214569e+001 -2.942070e+002
      vertex  3.367308e+001  2.214569e+001 -2.982070e+002
    endloop
  endfacet
  facet normal  4.539889e-001 -8.910072e-001  0.000000e+000
    outer loop
      vertex  3.367308e+001  2.214569e+001 -2.982070e+002
      vertex  3.367308e+001  2.214569e+001 -2.942070e+002
      vertex  3.322705e+001  2.191842e+001 -2.942070e+002
    endloop
  endfacet
  facet normal  4.539889e-001 -8.910072e-001  0.000000e+000
    outer loop
      vertex  3.367308e+001  2.214569e+001 -2.982070e+002
      vertex  3.322705e+001  2.191842e+001 -2.942070e+002
      vertex  3.322705e+001  2.191842e+001 -2.982070e+002
    endloop
  endfacet
  facet normal  7.071049e-001 -7.071087e-001  0.000000e+000
    outer loop
      vertex  3.322705e+001  2.191842e+001 -2.982070e+002
      vertex  3.322705e+001  2.191842e+001 -2.942070e+002
      vertex  3.287308e+001  2.156445e+001 -2.942070e+002
    endloop
  endfacet
  facet normal  7.071049e-001 -7.071087e-001  0.000000e+000
    outer loop
      vertex  3.322705e+001  2.191842e+001 -2.982070e+002
      vertex  3.287308e+001  2.156445e+001 -2.942070e+002
      vertex  3.287308e+001  2.156445e+001 -2.982070e+002
    endloop
  endfacet
  facet normal  8.910089e-001 -4.539859e-001  0.000000e+000
    outer loop
      vertex  3.287308e+001  2.156445e+001 -2.982070e+002
      vertex  3.287308e+001  2.156445e+001 -2.942070e+002
      vertex  3.264582e+001  2.111842e+001 -2.942070e+002
    endloop
  endfacet
  facet normal  8.910089e-001 -4.539859e-001  0.000000e+000
    outer loop
      vertex  3.287308e+001  2.156445e+001 -2.982070e+002
      vertex  3.264582e+001  2.111842e+001 -2.942070e+002
      vertex  3.264582e+001  2.111842e+001 -2.982070e+002
    endloop
  endfacet
  facet normal  9.876875e-001 -1.564392e-001  0.000000e+000
    outer loop
      vertex  3.264582e+001  2.111842e+001 -2.982070e+002
      vertex  3.264582e+001  2.111842e+001 -2.942070e+002
      vertex  3.256751e+001  2.062400e+001 -2.942070e+002
    endloop
  endfacet
  facet normal  9.876875e-001 -1.564392e-001  0.000000e+000
    outer loop
      vertex  3.264582e+001  2.111842e+001 -2.982070e+002
      vertex  3.256751e+001  2.062400e+001 -2.942070e+002
      vertex  3.256751e+001  2.062400e+001 -2.982070e+002
    endloop
  endfacet
  facet normal  1.564355e-001 -9.876881e-001  0.000000e+000
    outer loop
      vertex  3.367308e+001  2.214569e+001 -2.942070e+002
      vertex  3.416751e+001  2.222400e+001 -2.982070e+002
      vertex  3.416751e+001  2.222400e+001 -2.942070e+002
    endloop
  endfacet
  facet normal -1.564355e-001 -9.876881e-001  -0.000000e+000
    outer loop
      vertex  3.416751e+001  2.222400e+001 -2.942070e+002
      vertex  3.416751e+001  2.222400e+001 -2.982070e+002
      vertex  3.466194e+001  2.214569e+001 -2.982070e+002
    endloop
  endfacet
  facet normal -1.564355e-001 -9.876881e-001  0.000000e+000
    outer loop
      vertex  3.416751e+001  2.222400e+001 -2.942070e+002
      vertex  3.466194e+001  2.214569e+001 -2.982070e+002
      vertex  3.466194e+001  2.214569e+001 -2.942070e+002
    endloop
  endfacet
  facet normal -4.539889e-001 -8.910072e-001  -0.000000e+000
    outer loop
      vertex  3.466194e+001  2.214569e+001 -2.942070e+002
      vertex  3.466194e+001  2.214569e+001 -2.982070e+002
      vertex  3.510797e+001  2.191842e+001 -2.982070e+002
    endloop
  endfacet
  facet normal -4.539889e-001 -8.910072e-001  0.000000e+000
    outer loop
      vertex  3.466194e+001  2.214569e+001 -2.942070e+002
      vertex  3.510797e+001  2.191842e+001 -2.982070e+002
      vertex  3.510797e+001  2.191842e+001 -2.942070e+002
    endloop
  endfacet
  facet normal -7.071087e-001 -7.071049e-001  -0.000000e+000
    outer loop
      vertex  3.510797e+001  2.191842e+001 -2.942070e+002
      vertex  3.510797e+001  2.191842e+001 -2.982070e+002
      vertex  3.546194e+001  2.156445e+001 -2.982070e+002
    endloop
  endfacet
  facet normal -7.071087e-001 -7.071049e-001  0.000000e+000
    outer loop
      vertex  3.510797e+001  2.191842e+001 -2.942070e+002
      vertex  3.546194e+001  2.156445e+001 -2.982070e+002
      vertex  3.546194e+001  2.156445e+001 -2.942070e+002
    endloop
  endfacet
  facet normal -8.910058e-001 -4.539920e-001  -0.000000e+000
    outer loop
      vertex  3.546194e+001  2.156445e+001 -2.942070e+002
      vertex  3.546194e+001  2.156445e+001 -2.982070e+002
      vertex  3.568920e+001  2.111842e+001 -2.982070e+002
    endloop
  endfacet
  facet normal -8.910058e-001 -4.539920e-001  0.000000e+000
    outer loop
      vertex  3.546194e+001  2.156445e+001 -2.942070e+002
      vertex  3.568920e+001  2.111842e+001 -2.982070e+002
      vertex  3.568920e+001  2.111842e+001 -2.942070e+002
    endloop
  endfacet
  facet normal -9.876887e-001 -1.564317e-001  -0.000000e+000
    outer loop
      vertex  3.568920e+001  2.111842e+001 -2.942070e+002
      vertex  3.568920e+001  2.111842e+001 -2.982070e+002
      vertex  3.576751e+001  2.062400e+001 -2.982070e+002
    endloop
  endfacet
  facet normal -9.876887e-001 -1.564317e-001  0.000000e+000
    outer loop
      vertex  3.568920e+001  2.111842e+001 -2.942070e+002
      vertex  3.576751e+001  2.062400e+001 -2.982070e+002
      vertex  3.576751e+001  2.062400e+001 -2.942070e+002
    endloop
  endfacet
  facet normal -1.564355e-001  9.876881e-001  0.000000e+000
    outer loop
      vertex  3.416751e+001  1.902400e+001 -2.982070e+002
      vertex  3.466194e+001  1.910231e+001 -2.942070e+002
      vertex  3.466194e+001  1.910231e+001 -2.982070e+002
    endloop
  endfacet
  facet normal -4.539889e-001  8.910072e-001  0.000000e+000
    outer loop
      vertex  3.466194e+001  1.910231e+001 -2.982070e+002
      vertex  3.466194e+001  1.910231e+001 -2.942070e+002
      vertex  3.510797e+001  1.932957e+001 -2.942070e+002
    endloop
  endfacet
  facet normal -4.539889e-001  8.910072e-001  0.000000e+000
    outer loop
      vertex  3.466194e+001  1.910231e+001 -2.982070e+002
      vertex  3.510797e+001  1.932957e+001 -2.942070e+002
      vertex  3.510797e+001  1.932957e+001 -2.982070e+002
    endloop
  endfacet
  facet normal -7.071087e-001  7.071049e-001  0.000000e+000
    outer loop
      vertex  3.510797e+001  1.932957e+001 -2.982070e+002
      vertex  3.510797e+001  1.932957e+001 -2.942070e+002
      vertex  3.546194e+001  1.968354e+001 -2.942070e+002
    endloop
  endfacet
  facet normal -7.071087e-001  7.071049e-001  0.000000e+000
    outer loop
      vertex  3.510797e+001  1.932957e+001 -2.982070e+002
      vertex  3.546194e+001  1.968354e+001 -2.942070e+002
      vertex  3.546194e+001  1.968354e+001 -2.982070e+002
    endloop
  endfacet
  facet normal -8.910058e-001  4.539920e-001  0.000000e+000
    outer loop
      vertex  3.546194e+001  1.968354e+001 -2.982070e+002
      vertex  3.546194e+001  1.968354e+001 -2.942070e+002
      vertex  3.568920e+001  2.012957e+001 -2.942070e+002
    endloop
  endfacet
  facet normal -8.910058e-001  4.539920e-001  0.000000e+000
    outer loop
      vertex  3.546194e+001  1.968354e+001 -2.982070e+002
      vertex  3.568920e+001  2.012957e+001 -2.942070e+002
      vertex  3.568920e+001  2.012957e+001 -2.982070e+002
    endloop
  endfacet
  facet normal -9.876887e-001  1.564317e-001  0.000000e+000
    outer loop
      vertex  3.568920e+001  2.012957e+001 -2.982070e+002
      vertex  3.568920e+001  2.012957e+001 -2.942070e+002
      vertex  3.576751e+001  2.062400e+001 -2.942070e+002
    endloop
  endfacet
  facet normal -9.876887e-001  1.564317e-001  0.000000e+000
    outer loop
      vertex  3.568920e+001  2.012957e+001 -2.982070e+002
      vertex  3.576751e+001  2.062400e+001 -2.942070e+002
      vertex  3.576751e+001  2.062400e+001 -2.982070e+002
    endloop
  endfacet
  facet normal -1.564355e-001  9.876881e-001  0.000000e+000
    outer loop
      vertex  3.466194e+001  1.910231e+001 -2.942070e+002
      vertex  3.416751e+001  1.902400e+001 -2.982070e+002
      vertex  3.416751e+001  1.902400e+001 -2.942070e+002
    endloop
  endfacet
  facet normal  1.564355e-001  9.876881e-001  0.000000e+000
    outer loop
      vertex  3.416751e+001  1.902400e+001 -2.942070e+002
      vertex  3.416751e+001  1.902400e+001 -2.982070e+002
      vertex  3.367308e+001  1.910231e+001 -2.982070e+002
    endloop
  endfacet
  facet normal  1.564355e-001  9.876881e-001  -0.000000e+000
    outer loop
      vertex  3.416751e+001  1.902400e+001 -2.942070e+002
      vertex  3.367308e+001  1.910231e+001 -2.982070e+002
      vertex  3.367308e+001  1.910231e+001 -2.942070e+002
    endloop
  endfacet
  facet normal  4.539889e-001  8.910072e-001  0.000000e+000
    outer loop
      vertex  3.367308e+001  1.910231e+001 -2.942070e+002
      vertex  3.367308e+001  1.910231e+001 -2.982070e+002
      vertex  3.322705e+001  1.932957e+001 -2.982070e+002
    endloop
  endfacet
  facet normal  4.539889e-001  8.910072e-001  -0.000000e+000
    outer loop
      vertex  3.367308e+001  1.910231e+001 -2.942070e+002
      vertex  3.322705e+001  1.932957e+001 -2.982070e+002
      vertex  3.322705e+001  1.932957e+001 -2.942070e+002
    endloop
  endfacet
  facet normal  7.071049e-001  7.071087e-001  0.000000e+000
    outer loop
      vertex  3.322705e+001  1.932957e+001 -2.942070e+002
      vertex  3.322705e+001  1.932957e+001 -2.982070e+002
      vertex  3.287308e+001  1.968354e+001 -2.982070e+002
    endloop
  endfacet
  facet normal  7.071049e-001  7.071087e-001  -0.000000e+000
    outer loop
      vertex  3.322705e+001  1.932957e+001 -2.942070e+002
      vertex  3.287308e+001  1.968354e+001 -2.982070e+002
      vertex  3.287308e+001  1.968354e+001 -2.942070e+002
    endloop
  endfacet
  facet normal  8.910089e-001  4.539859e-001  0.000000e+000
    outer loop
      vertex  3.287308e+001  1.968354e+001 -2.942070e+002
      vertex  3.287308e+001  1.968354e+001 -2.982070e+002
      vertex  3.264582e+001  2.012957e+001 -2.982070e+002
    endloop
  endfacet
  facet normal  8.910089e-001  4.539859e-001  -0.000000e+000
    outer loop
      vertex  3.287308e+001  1.968354e+001 -2.942070e+002
      vertex  3.264582e+001  2.012957e+001 -2.982070e+002
      vertex  3.264582e+001  2.012957e+001 -2.942070e+002
    endloop
  endfacet
  facet normal  9.876875e-001  1.564392e-001  0.000000e+000
    outer loop
      vertex  3.264582e+001  2.012957e+001 -2.942070e+002
      vertex  3.264582e+001  2.012957e+001 -2.982070e+002
      vertex  3.256751e+001  2.062400e+001 -2.982070e+002
    endloop
  endfacet
  facet normal  9.876875e-001  1.564392e-001  -0.000000e+000
    outer loop
      vertex  3.264582e+001  2.012957e+001 -2.942070e+002
      vertex  3.256751e+001  2.062400e+001 -2.982070e+002
      vertex  3.256751e+001  2.062400e+001 -2.942070e+002
    endloop
  endfacet
  facet normal  1.564392e-001 -9.876875e-001  0.000000e+000
    outer loop
      vertex -2.043830e+001  3.593148e+001 -2.982070e+002
      vertex -2.093273e+001  3.585317e+001 -2.942070e+002
      vertex -2.093273e+001  3.585317e+001 -2.982070e+002
    endloop
  endfacet
  facet normal  4.539859e-001 -8.910089e-001  0.000000e+000
    outer loop
      vertex -2.093273e+001  3.585317e+001 -2.982070e+002
      vertex -2.093273e+001  3.585317e+001 -2.942070e+002
      vertex -2.137876e+001  3.562591e+001 -2.942070e+002
    endloop
  endfacet
  facet normal  4.539859e-001 -8.910089e-001  0.000000e+000
    outer loop
      vertex -2.093273e+001  3.585317e+001 -2.982070e+002
      vertex -2.137876e+001  3.562591e+001 -2.942070e+002
      vertex -2.137876e+001  3.562591e+001 -2.982070e+002
    endloop
  endfacet
  facet normal  7.071087e-001 -7.071049e-001  0.000000e+000
    outer loop
      vertex -2.137876e+001  3.562591e+001 -2.982070e+002
      vertex -2.137876e+001  3.562591e+001 -2.942070e+002
      vertex -2.173273e+001  3.527194e+001 -2.942070e+002
    endloop
  endfacet
  facet normal  7.071087e-001 -7.071049e-001  0.000000e+000
    outer loop
      vertex -2.137876e+001  3.562591e+001 -2.982070e+002
      vertex -2.173273e+001  3.527194e+001 -2.942070e+002
      vertex -2.173273e+001  3.527194e+001 -2.982070e+002
    endloop
  endfacet
  facet normal  8.910058e-001 -4.539921e-001  0.000000e+000
    outer loop
      vertex -2.173273e+001  3.527194e+001 -2.982070e+002
      vertex -2.173273e+001  3.527194e+001 -2.942070e+002
      vertex -2.195999e+001  3.482591e+001 -2.942070e+002
    endloop
  endfacet
  facet normal  8.910058e-001 -4.539921e-001  0.000000e+000
    outer loop
      vertex -2.173273e+001  3.527194e+001 -2.982070e+002
      vertex -2.195999e+001  3.482591e+001 -2.942070e+002
      vertex -2.195999e+001  3.482591e+001 -2.982070e+002
    endloop
  endfacet
  facet normal  9.876884e-001 -1.564343e-001  0.000000e+000
    outer loop
      vertex -2.195999e+001  3.482591e+001 -2.982070e+002
      vertex -2.195999e+001  3.482591e+001 -2.942070e+002
      vertex -2.203830e+001  3.433148e+001 -2.942070e+002
    endloop
  endfacet
  facet normal  9.876884e-001 -1.564343e-001  0.000000e+000
    outer loop
      vertex -2.195999e+001  3.482591e+001 -2.982070e+002
      vertex -2.203830e+001  3.433148e+001 -2.942070e+002
      vertex -2.203830e+001  3.433148e+001 -2.982070e+002
    endloop
  endfacet
  facet normal  1.564392e-001 -9.876875e-001  0.000000e+000
    outer loop
      vertex -2.093273e+001  3.585317e+001 -2.942070e+002
      vertex -2.043830e+001  3.593148e+001 -2.982070e+002
      vertex -2.043830e+001  3.593148e+001 -2.942070e+002
    endloop
  endfacet
  facet normal -1.564392e-001 -9.876875e-001  -0.000000e+000
    outer loop
      vertex -2.043830e+001  3.593148e+001 -2.942070e+002
      vertex -2.043830e+001  3.593148e+001 -2.982070e+002
      vertex -1.994388e+001  3.585317e+001 -2.982070e+002
    endloop
  endfacet
  facet normal -1.564392e-001 -9.876875e-001  0.000000e+000
    outer loop
      vertex -2.043830e+001  3.593148e+001 -2.942070e+002
      vertex -1.994388e+001  3.585317e+001 -2.982070e+002
      vertex -1.994388e+001  3.585317e+001 -2.942070e+002
    endloop
  endfacet
  facet normal -4.539859e-001 -8.910089e-001  -0.000000e+000
    outer loop
      vertex -1.994388e+001  3.585317e+001 -2.942070e+002
      vertex -1.994388e+001  3.585317e+001 -2.982070e+002
      vertex -1.949785e+001  3.562591e+001 -2.982070e+002
    endloop
  endfacet
  facet normal -4.539859e-001 -8.910089e-001  0.000000e+000
    outer loop
      vertex -1.994388e+001  3.585317e+001 -2.942070e+002
      vertex -1.949785e+001  3.562591e+001 -2.982070e+002
      vertex -1.949785e+001  3.562591e+001 -2.942070e+002
    endloop
  endfacet
  facet normal -7.071087e-001 -7.071049e-001  -0.000000e+000
    outer loop
      vertex -1.949785e+001  3.562591e+001 -2.942070e+002
      vertex -1.949785e+001  3.562591e+001 -2.982070e+002
      vertex -1.914388e+001  3.527194e+001 -2.982070e+002
    endloop
  endfacet
  facet normal -7.071087e-001 -7.071049e-001  0.000000e+000
    outer loop
      vertex -1.949785e+001  3.562591e+001 -2.942070e+002
      vertex -1.914388e+001  3.527194e+001 -2.982070e+002
      vertex -1.914388e+001  3.527194e+001 -2.942070e+002
    endloop
  endfacet
  facet normal -8.910058e-001 -4.539921e-001  -0.000000e+000
    outer loop
      vertex -1.914388e+001  3.527194e+001 -2.942070e+002
      vertex -1.914388e+001  3.527194e+001 -2.982070e+002
      vertex -1.891661e+001  3.482591e+001 -2.982070e+002
    endloop
  endfacet
  facet normal -8.910058e-001 -4.539921e-001  0.000000e+000
    outer loop
      vertex -1.914388e+001  3.527194e+001 -2.942070e+002
      vertex -1.891661e+001  3.482591e+001 -2.982070e+002
      vertex -1.891661e+001  3.482591e+001 -2.942070e+002
    endloop
  endfacet
  facet normal -9.876884e-001 -1.564343e-001  -0.000000e+000
    outer loop
      vertex -1.891661e+001  3.482591e+001 -2.942070e+002
      vertex -1.891661e+001  3.482591e+001 -2.982070e+002
      vertex -1.883830e+001  3.433148e+001 -2.982070e+002
    endloop
  endfacet
  facet normal -9.876884e-001 -1.564343e-001  0.000000e+000
    outer loop
      vertex -1.891661e+001  3.482591e+001 -2.942070e+002
      vertex -1.883830e+001  3.433148e+001 -2.982070e+002
      vertex -1.883830e+001  3.433148e+001 -2.942070e+002
    endloop
  endfacet
  facet normal -1.564317e-001  9.876887e-001  0.000000e+000
    outer loop
      vertex -2.043830e+001  3.273148e+001 -2.982070e+002
      vertex -1.994388e+001  3.280979e+001 -2.942070e+002
      vertex -1.994388e+001  3.280979e+001 -2.982070e+002
    endloop
  endfacet
  facet normal -4.539920e-001  8.910058e-001  0.000000e+000
    outer loop
      vertex -1.994388e+001  3.280979e+001 -2.982070e+002
      vertex -1.994388e+001  3.280979e+001 -2.942070e+002
      vertex -1.949785e+001  3.303706e+001 -2.942070e+002
    endloop
  endfacet
  facet normal -4.539920e-001  8.910058e-001  0.000000e+000
    outer loop
      vertex -1.994388e+001  3.280979e+001 -2.982070e+002
      vertex -1.949785e+001  3.303706e+001 -2.942070e+002
      vertex -1.949785e+001  3.303706e+001 -2.982070e+002
    endloop
  endfacet
  facet normal -7.071049e-001  7.071087e-001  0.000000e+000
    outer loop
      vertex -1.949785e+001  3.303706e+001 -2.982070e+002
      vertex -1.949785e+001  3.303706e+001 -2.942070e+002
      vertex -1.914388e+001  3.339103e+001 -2.942070e+002
    endloop
  endfacet
  facet normal -7.071049e-001  7.071087e-001  0.000000e+000
    outer loop
      vertex -1.949785e+001  3.303706e+001 -2.982070e+002
      vertex -1.914388e+001  3.339103e+001 -2.942070e+002
      vertex -1.914388e+001  3.339103e+001 -2.982070e+002
    endloop
  endfacet
  facet normal -8.910072e-001  4.539889e-001  0.000000e+000
    outer loop
      vertex -1.914388e+001  3.339103e+001 -2.982070e+002
      vertex -1.914388e+001  3.339103e+001 -2.942070e+002
      vertex -1.891661e+001  3.383706e+001 -2.942070e+002
    endloop
  endfacet
  facet normal -8.910072e-001  4.539889e-001  0.000000e+000
    outer loop
      vertex -1.914388e+001  3.339103e+001 -2.982070e+002
      vertex -1.891661e+001  3.383706e+001 -2.942070e+002
      vertex -1.891661e+001  3.383706e+001 -2.982070e+002
    endloop
  endfacet
  facet normal -9.876881e-001  1.564355e-001  0.000000e+000
    outer loop
      vertex -1.891661e+001  3.383706e+001 -2.982070e+002
      vertex -1.891661e+001  3.383706e+001 -2.942070e+002
      vertex -1.883830e+001  3.433148e+001 -2.942070e+002
    endloop
  endfacet
  facet normal -9.876881e-001  1.564355e-001  0.000000e+000
    outer loop
      vertex -1.891661e+001  3.383706e+001 -2.982070e+002
      vertex -1.883830e+001  3.433148e+001 -2.942070e+002
      vertex -1.883830e+001  3.433148e+001 -2.982070e+002
    endloop
  endfacet
  facet normal -1.564317e-001  9.876887e-001  0.000000e+000
    outer loop
      vertex -1.994388e+001  3.280979e+001 -2.942070e+002
      vertex -2.043830e+001  3.273148e+001 -2.982070e+002
      vertex -2.043830e+001  3.273148e+001 -2.942070e+002
    endloop
  endfacet
  facet normal  1.564317e-001  9.876887e-001  0.000000e+000
    outer loop
      vertex -2.043830e+001  3.273148e+001 -2.942070e+002
      vertex -2.043830e+001  3.273148e+001 -2.982070e+002
      vertex -2.093273e+001  3.280979e+001 -2.982070e+002
    endloop
  endfacet
  facet normal  1.564317e-001  9.876887e-001  -0.000000e+000
    outer loop
      vertex -2.043830e+001  3.273148e+001 -2.942070e+002
      vertex -2.093273e+001  3.280979e+001 -2.982070e+002
      vertex -2.093273e+001  3.280979e+001 -2.942070e+002
    endloop
  endfacet
  facet normal  4.539920e-001  8.910058e-001  0.000000e+000
    outer loop
      vertex -2.093273e+001  3.280979e+001 -2.942070e+002
      vertex -2.093273e+001  3.280979e+001 -2.982070e+002
      vertex -2.137876e+001  3.303706e+001 -2.982070e+002
    endloop
  endfacet
  facet normal  4.539920e-001  8.910058e-001  -0.000000e+000
    outer loop
      vertex -2.093273e+001  3.280979e+001 -2.942070e+002
      vertex -2.137876e+001  3.303706e+001 -2.982070e+002
      vertex -2.137876e+001  3.303706e+001 -2.942070e+002
    endloop
  endfacet
  facet normal  7.071049e-001  7.071087e-001  0.000000e+000
    outer loop
      vertex -2.137876e+001  3.303706e+001 -2.942070e+002
      vertex -2.137876e+001  3.303706e+001 -2.982070e+002
      vertex -2.173273e+001  3.339103e+001 -2.982070e+002
    endloop
  endfacet
  facet normal  7.071049e-001  7.071087e-001  -0.000000e+000
    outer loop
      vertex -2.137876e+001  3.303706e+001 -2.942070e+002
      vertex -2.173273e+001  3.339103e+001 -2.982070e+002
      vertex -2.173273e+001  3.339103e+001 -2.942070e+002
    endloop
  endfacet
  facet normal  8.910072e-001  4.539889e-001  0.000000e+000
    outer loop
      vertex -2.173273e+001  3.339103e+001 -2.942070e+002
      vertex -2.173273e+001  3.339103e+001 -2.982070e+002
      vertex -2.195999e+001  3.383706e+001 -2.982070e+002
    endloop
  endfacet
  facet normal  8.910072e-001  4.539889e-001  -0.000000e+000
    outer loop
      vertex -2.173273e+001  3.339103e+001 -2.942070e+002
      vertex -2.195999e+001  3.383706e+001 -2.982070e+002
      vertex -2.195999e+001  3.383706e+001 -2.942070e+002
    endloop
  endfacet
  facet normal  9.876881e-001  1.564355e-001  0.000000e+000
    outer loop
      vertex -2.195999e+001  3.383706e+001 -2.942070e+002
      vertex -2.195999e+001  3.383706e+001 -2.982070e+002
      vertex -2.203830e+001  3.433148e+001 -2.982070e+002
    endloop
  endfacet
  facet normal  9.876881e-001  1.564355e-001  -0.000000e+000
    outer loop
      vertex -2.195999e+001  3.383706e+001 -2.942070e+002
      vertex -2.203830e+001  3.433148e+001 -2.982070e+002
      vertex -2.203830e+001  3.433148e+001 -2.942070e+002
    endloop
  endfacet
  facet normal  1.564355e-001 -9.876882e-001  0.000000e+000
    outer loop
      vertex -3.350564e+001 -1.841973e+001 -2.982075e+002
      vertex -3.400006e+001 -1.849804e+001 -2.942070e+002
      vertex -3.400006e+001 -1.849804e+001 -2.982075e+002
    endloop
  endfacet
  facet normal  4.539889e-001 -8.910072e-001  0.000000e+000
    outer loop
      vertex -3.400006e+001 -1.849804e+001 -2.982075e+002
      vertex -3.400006e+001 -1.849804e+001 -2.942070e+002
      vertex -3.444609e+001 -1.872531e+001 -2.942070e+002
    endloop
  endfacet
  facet normal  4.539889e-001 -8.910072e-001  0.000000e+000
    outer loop
      vertex -3.400006e+001 -1.849804e+001 -2.982075e+002
      vertex -3.444609e+001 -1.872531e+001 -2.942070e+002
      vertex -3.444609e+001 -1.872531e+001 -2.982075e+002
    endloop
  endfacet
  facet normal  7.071086e-001 -7.071048e-001  0.000000e+000
    outer loop
      vertex -3.444609e+001 -1.872531e+001 -2.982075e+002
      vertex -3.444609e+001 -1.872531e+001 -2.942070e+002
      vertex -3.480006e+001 -1.907928e+001 -2.942070e+002
    endloop
  endfacet
  facet normal  7.071086e-001 -7.071048e-001  0.000000e+000
    outer loop
      vertex -3.444609e+001 -1.872531e+001 -2.982075e+002
      vertex -3.480006e+001 -1.907928e+001 -2.942070e+002
      vertex -3.480006e+001 -1.907928e+001 -2.982075e+002
    endloop
  endfacet
  facet normal  8.910058e-001 -4.539920e-001  0.000000e+000
    outer loop
      vertex -3.480006e+001 -1.907928e+001 -2.982075e+002
      vertex -3.480006e+001 -1.907928e+001 -2.942070e+002
      vertex -3.502733e+001 -1.952531e+001 -2.942070e+002
    endloop
  endfacet
  facet normal  8.910058e-001 -4.539920e-001  0.000000e+000
    outer loop
      vertex -3.480006e+001 -1.907928e+001 -2.982075e+002
      vertex -3.502733e+001 -1.952531e+001 -2.942070e+002
      vertex -3.502733e+001 -1.952531e+001 -2.982075e+002
    endloop
  endfacet
  facet normal  9.876887e-001 -1.564317e-001  0.000000e+000
    outer loop
      vertex -3.502733e+001 -1.952531e+001 -2.982075e+002
      vertex -3.502733e+001 -1.952531e+001 -2.942070e+002
      vertex -3.510564e+001 -2.001973e+001 -2.942070e+002
    endloop
  endfacet
  facet normal  9.876887e-001 -1.564317e-001  0.000000e+000
    outer loop
      vertex -3.502733e+001 -1.952531e+001 -2.982075e+002
      vertex -3.510564e+001 -2.001973e+001 -2.942070e+002
      vertex -3.510564e+001 -2.001973e+001 -2.982075e+002
    endloop
  endfacet
  facet normal  1.564355e-001 -9.876882e-001  0.000000e+000
    outer loop
      vertex -3.400006e+001 -1.849804e+001 -2.942070e+002
      vertex -3.350564e+001 -1.841973e+001 -2.982075e+002
      vertex -3.350564e+001 -1.841973e+001 -2.942070e+002
    endloop
  endfacet
  facet normal -1.564355e-001 -9.876882e-001  -0.000000e+000
    outer loop
      vertex -3.350564e+001 -1.841973e+001 -2.942070e+002
      vertex -3.350564e+001 -1.841973e+001 -2.982075e+002
      vertex -3.301121e+001 -1.849804e+001 -2.982075e+002
    endloop
  endfacet
  facet normal -1.564355e-001 -9.876882e-001  0.000000e+000
    outer loop
      vertex -3.350564e+001 -1.841973e+001 -2.942070e+002
      vertex -3.301121e+001 -1.849804e+001 -2.982075e+002
      vertex -3.301121e+001 -1.849804e+001 -2.942070e+002
    endloop
  endfacet
  facet normal -4.539889e-001 -8.910072e-001  -0.000000e+000
    outer loop
      vertex -3.301121e+001 -1.849804e+001 -2.942070e+002
      vertex -3.301121e+001 -1.849804e+001 -2.982075e+002
      vertex -3.256518e+001 -1.872531e+001 -2.982075e+002
    endloop
  endfacet
  facet normal -4.539889e-001 -8.910072e-001  0.000000e+000
    outer loop
      vertex -3.301121e+001 -1.849804e+001 -2.942070e+002
      vertex -3.256518e+001 -1.872531e+001 -2.982075e+002
      vertex -3.256518e+001 -1.872531e+001 -2.942070e+002
    endloop
  endfacet
  facet normal -7.071086e-001 -7.071048e-001  -0.000000e+000
    outer loop
      vertex -3.256518e+001 -1.872531e+001 -2.942070e+002
      vertex -3.256518e+001 -1.872531e+001 -2.982075e+002
      vertex -3.221121e+001 -1.907928e+001 -2.982075e+002
    endloop
  endfacet
  facet normal -7.071086e-001 -7.071048e-001  0.000000e+000
    outer loop
      vertex -3.256518e+001 -1.872531e+001 -2.942070e+002
      vertex -3.221121e+001 -1.907928e+001 -2.982075e+002
      vertex -3.221121e+001 -1.907928e+001 -2.942070e+002
    endloop
  endfacet
  facet normal -8.910058e-001 -4.539920e-001  -0.000000e+000
    outer loop
      vertex -3.221121e+001 -1.907928e+001 -2.942070e+002
      vertex -3.221121e+001 -1.907928e+001 -2.982075e+002
      vertex -3.198395e+001 -1.952531e+001 -2.982075e+002
    endloop
  endfacet
  facet normal -8.910058e-001 -4.539920e-001  0.000000e+000
    outer loop
      vertex -3.221121e+001 -1.907928e+001 -2.942070e+002
      vertex -3.198395e+001 -1.952531e+001 -2.982075e+002
      vertex -3.198395e+001 -1.952531e+001 -2.942070e+002
    endloop
  endfacet
  facet normal -9.876882e-001 -1.564355e-001  -0.000000e+000
    outer loop
      vertex -3.198395e+001 -1.952531e+001 -2.942070e+002
      vertex -3.198395e+001 -1.952531e+001 -2.982075e+002
      vertex -3.190564e+001 -2.001973e+001 -2.982075e+002
    endloop
  endfacet
  facet normal -9.876882e-001 -1.564355e-001  0.000000e+000
    outer loop
      vertex -3.198395e+001 -1.952531e+001 -2.942070e+002
      vertex -3.190564e+001 -2.001973e+001 -2.982075e+002
      vertex -3.190564e+001 -2.001973e+001 -2.942070e+002
    endloop
  endfacet
  facet normal -1.564355e-001  9.876882e-001  0.000000e+000
    outer loop
      vertex -3.350564e+001 -2.161973e+001 -2.982075e+002
      vertex -3.301121e+001 -2.154142e+001 -2.942070e+002
      vertex -3.301121e+001 -2.154142e+001 -2.982075e+002
    endloop
  endfacet
  facet normal -4.539920e-001  8.910058e-001  0.000000e+000
    outer loop
      vertex -3.301121e+001 -2.154142e+001 -2.982075e+002
      vertex -3.301121e+001 -2.154142e+001 -2.942070e+002
      vertex -3.256518e+001 -2.131416e+001 -2.942070e+002
    endloop
  endfacet
  facet normal -4.539920e-001  8.910058e-001  0.000000e+000
    outer loop
      vertex -3.301121e+001 -2.154142e+001 -2.982075e+002
      vertex -3.256518e+001 -2.131416e+001 -2.942070e+002
      vertex -3.256518e+001 -2.131416e+001 -2.982075e+002
    endloop
  endfacet
  facet normal -7.071068e-001  7.071068e-001  0.000000e+000
    outer loop
      vertex -3.256518e+001 -2.131416e+001 -2.982075e+002
      vertex -3.256518e+001 -2.131416e+001 -2.942070e+002
      vertex -3.221121e+001 -2.096019e+001 -2.942070e+002
    endloop
  endfacet
  facet normal -7.071068e-001  7.071068e-001  0.000000e+000
    outer loop
      vertex -3.256518e+001 -2.131416e+001 -2.982075e+002
      vertex -3.221121e+001 -2.096019e+001 -2.942070e+002
      vertex -3.221121e+001 -2.096019e+001 -2.982075e+002
    endloop
  endfacet
  facet normal -8.910058e-001  4.539920e-001  0.000000e+000
    outer loop
      vertex -3.221121e+001 -2.096019e+001 -2.982075e+002
      vertex -3.221121e+001 -2.096019e+001 -2.942070e+002
      vertex -3.198395e+001 -2.051416e+001 -2.942070e+002
    endloop
  endfacet
  facet normal -8.910058e-001  4.539920e-001  0.000000e+000
    outer loop
      vertex -3.221121e+001 -2.096019e+001 -2.982075e+002
      vertex -3.198395e+001 -2.051416e+001 -2.942070e+002
      vertex -3.198395e+001 -2.051416e+001 -2.982075e+002
    endloop
  endfacet
  facet normal -9.876882e-001  1.564355e-001  0.000000e+000
    outer loop
      vertex -3.198395e+001 -2.051416e+001 -2.982075e+002
      vertex -3.198395e+001 -2.051416e+001 -2.942070e+002
      vertex -3.190564e+001 -2.001973e+001 -2.942070e+002
    endloop
  endfacet
  facet normal -9.876882e-001  1.564355e-001  0.000000e+000
    outer loop
      vertex -3.198395e+001 -2.051416e+001 -2.982075e+002
      vertex -3.190564e+001 -2.001973e+001 -2.942070e+002
      vertex -3.190564e+001 -2.001973e+001 -2.982075e+002
    endloop
  endfacet
  facet normal -1.564355e-001  9.876882e-001  0.000000e+000
    outer loop
      vertex -3.301121e+001 -2.154142e+001 -2.942070e+002
      vertex -3.350564e+001 -2.161973e+001 -2.982075e+002
      vertex -3.350564e+001 -2.161973e+001 -2.942070e+002
    endloop
  endfacet
  facet normal  1.564355e-001  9.876882e-001  0.000000e+000
    outer loop
      vertex -3.350564e+001 -2.161973e+001 -2.942070e+002
      vertex -3.350564e+001 -2.161973e+001 -2.982075e+002
      vertex -3.400006e+001 -2.154142e+001 -2.982075e+002
    endloop
  endfacet
  facet normal  1.564355e-001  9.876882e-001  -0.000000e+000
    outer loop
      vertex -3.350564e+001 -2.161973e+001 -2.942070e+002
      vertex -3.400006e+001 -2.154142e+001 -2.982075e+002
      vertex -3.400006e+001 -2.154142e+001 -2.942070e+002
    endloop
  endfacet
  facet normal  4.539920e-001  8.910058e-001  0.000000e+000
    outer loop
      vertex -3.400006e+001 -2.154142e+001 -2.942070e+002
      vertex -3.400006e+001 -2.154142e+001 -2.982075e+002
      vertex -3.444609e+001 -2.131416e+001 -2.982075e+002
    endloop
  endfacet
  facet normal  4.539920e-001  8.910058e-001  -0.000000e+000
    outer loop
      vertex -3.400006e+001 -2.154142e+001 -2.942070e+002
      vertex -3.444609e+001 -2.131416e+001 -2.982075e+002
      vertex -3.444609e+001 -2.131416e+001 -2.942070e+002
    endloop
  endfacet
  facet normal  7.071068e-001  7.071068e-001  0.000000e+000
    outer loop
      vertex -3.444609e+001 -2.131416e+001 -2.942070e+002
      vertex -3.444609e+001 -2.131416e+001 -2.982075e+002
      vertex -3.480006e+001 -2.096019e+001 -2.982075e+002
    endloop
  endfacet
  facet normal  7.071068e-001  7.071068e-001  -0.000000e+000
    outer loop
      vertex -3.444609e+001 -2.131416e+001 -2.942070e+002
      vertex -3.480006e+001 -2.096019e+001 -2.982075e+002
      vertex -3.480006e+001 -2.096019e+001 -2.942070e+002
    endloop
  endfacet
  facet normal  8.910058e-001  4.539920e-001  0.000000e+000
    outer loop
      vertex -3.480006e+001 -2.096019e+001 -2.942070e+002
      vertex -3.480006e+001 -2.096019e+001 -2.982075e+002
      vertex -3.502733e+001 -2.051416e+001 -2.982075e+002
    endloop
  endfacet
  facet normal  8.910058e-001  4.539920e-001  -0.000000e+000
    outer loop
      vertex -3.480006e+001 -2.096019e+001 -2.942070e+002
      vertex -3.502733e+001 -2.051416e+001 -2.982075e+002
      vertex -3.502733e+001 -2.051416e+001 -2.942070e+002
    endloop
  endfacet
  facet normal  9.876887e-001  1.564317e-001  0.000000e+000
    outer loop
      vertex -3.502733e+001 -2.051416e+001 -2.942070e+002
      vertex -3.502733e+001 -2.051416e+001 -2.982075e+002
      vertex -3.510564e+001 -2.001973e+001 -2.982075e+002
    endloop
  endfacet
  facet normal  9.876887e-001  1.564317e-001  -0.000000e+000
    outer loop
      vertex -3.502733e+001 -2.051416e+001 -2.942070e+002
      vertex -3.510564e+001 -2.001973e+001 -2.982075e+002
      vertex -3.510564e+001 -2.001973e+001 -2.942070e+002
    endloop
  endfacet
  facet normal  1.000000e+000  -0.000000e+000  0.000000e+000
    outer loop
      vertex  2.866751e+001  2.150000e+001 -3.114392e+002
      vertex  2.866751e+001  2.099983e+001 -3.114392e+002
      vertex  2.866751e+001  2.150000e+001 -3.124070e+002
    endloop
  endfacet
  facet normal  1.000000e+000  0.000000e+000  0.000000e+000
    outer loop
      vertex  2.866751e+001  2.150000e+001 -3.124070e+002
      vertex  2.866751e+001  2.099983e+001 -3.114392e+002
      vertex  2.866751e+001  2.091852e+001 -3.121014e+002
    endloop
  endfacet
  facet normal  1.000000e+000  0.000000e+000  0.000000e+000
    outer loop
      vertex  2.866751e+001  2.150000e+001 -3.124070e+002
      vertex  2.866751e+001  2.091852e+001 -3.121014e+002
      vertex  2.866751e+001  2.143185e+001 -3.129246e+002
    endloop
  endfacet
  facet normal  1.000000e+000  0.000000e+000  0.000000e+000
    outer loop
      vertex  2.866751e+001  2.143185e+001 -3.129246e+002
      vertex  2.866751e+001  2.091852e+001 -3.121014e+002
      vertex  2.866751e+001  2.069285e+001 -3.127293e+002
    endloop
  endfacet
  facet normal  1.000000e+000  0.000000e+000  0.000000e+000
    outer loop
      vertex  2.866751e+001  2.143185e+001 -3.129246e+002
      vertex  2.866751e+001  2.069285e+001 -3.127293e+002
      vertex  2.866751e+001  2.123205e+001 -3.134070e+002
    endloop
  endfacet
  facet normal  1.000000e+000  0.000000e+000  0.000000e+000
    outer loop
      vertex  2.866751e+001  2.123205e+001 -3.134070e+002
      vertex  2.866751e+001  2.069285e+001 -3.127293e+002
      vertex  2.866751e+001  2.033397e+001 -3.132918e+002
    endloop
  endfacet
  facet normal  1.000000e+000  0.000000e+000  0.000000e+000
    outer loop
      vertex  2.866751e+001  2.123205e+001 -3.134070e+002
      vertex  2.866751e+001  2.033397e+001 -3.132918e+002
      vertex  2.866751e+001  2.091421e+001 -3.138212e+002
    endloop
  endfacet
  facet normal  1.000000e+000  0.000000e+000  0.000000e+000
    outer loop
      vertex  2.866751e+001  2.091421e+001 -3.138212e+002
      vertex  2.866751e+001  2.033397e+001 -3.132918e+002
      vertex  2.866751e+001  1.985966e+001 -3.137610e+002
    endloop
  endfacet
  facet normal  1.000000e+000  0.000000e+000  0.000000e+000
    outer loop
      vertex  2.866751e+001  2.091421e+001 -3.138212e+002
      vertex  2.866751e+001  1.985966e+001 -3.137610e+002
      vertex  2.866751e+001  2.050000e+001 -3.141390e+002
    endloop
  endfacet
  facet normal  1.000000e+000  0.000000e+000  0.000000e+000
    outer loop
      vertex  2.866751e+001  2.050000e+001 -3.141390e+002
      vertex  2.866751e+001  1.985966e+001 -3.137610e+002
      vertex  2.866751e+001  1.929335e+001 -3.141139e+002
    endloop
  endfacet
  facet normal  1.000000e+000  0.000000e+000  0.000000e+000
    outer loop
      vertex  2.866751e+001  2.050000e+001 -3.141390e+002
      vertex  2.866751e+001  1.929335e+001 -3.141139e+002
      vertex  2.866751e+001  2.001764e+001 -3.143388e+002
    endloop
  endfacet
  facet normal  1.000000e+000  0.000000e+000  0.000000e+000
    outer loop
      vertex  2.866751e+001  2.001764e+001 -3.143388e+002
      vertex  2.866751e+001  1.929335e+001 -3.141139e+002
      vertex  2.866751e+001  1.866308e+001 -3.143328e+002
    endloop
  endfacet
  facet normal  1.000000e+000  0.000000e+000  0.000000e+000
    outer loop
      vertex  2.866751e+001  2.001764e+001 -3.143388e+002
      vertex  2.866751e+001  1.866308e+001 -3.143328e+002
      vertex  2.866751e+001  1.950000e+001 -3.144070e+002
    endloop
  endfacet
  facet normal  1.000000e+000  0.000000e+000  0.000000e+000
    outer loop
      vertex  2.866751e+001  1.950000e+001 -3.144070e+002
      vertex  2.866751e+001  1.866308e+001 -3.143328e+002
      vertex  2.866751e+001  1.800000e+001 -3.144070e+002
    endloop
  endfacet
  facet normal  1.000000e+000  -0.000000e+000  0.000000e+000
    outer loop
      vertex  2.866751e+001  1.500017e+001 -3.114392e+002
      vertex  2.866751e+001  1.450000e+001 -3.114392e+002
      vertex  2.866751e+001  1.508148e+001 -3.121014e+002
    endloop
  endfacet
  facet normal  1.000000e+000  0.000000e+000  0.000000e+000
    outer loop
      vertex  2.866751e+001  1.508148e+001 -3.121014e+002
      vertex  2.866751e+001  1.450000e+001 -3.114392e+002
      vertex  2.866751e+001  1.450000e+001 -3.124070e+002
    endloop
  endfacet
  facet normal  1.000000e+000  -0.000000e+000  0.000000e+000
    outer loop
      vertex  2.866751e+001  1.508148e+001 -3.121014e+002
      vertex  2.866751e+001  1.450000e+001 -3.124070e+002
      vertex  2.866751e+001  1.530715e+001 -3.127293e+002
    endloop
  endfacet
  facet normal  1.000000e+000  0.000000e+000  0.000000e+000
    outer loop
      vertex  2.866751e+001  1.530715e+001 -3.127293e+002
      vertex  2.866751e+001  1.450000e+001 -3.124070e+002
      vertex  2.866751e+001  1.456815e+001 -3.129246e+002
    endloop
  endfacet
  facet normal  1.000000e+000  -0.000000e+000  0.000000e+000
    outer loop
      vertex  2.866751e+001  1.530715e+001 -3.127293e+002
      vertex  2.866751e+001  1.456815e+001 -3.129246e+002
      vertex  2.866751e+001  1.566602e+001 -3.132918e+002
    endloop
  endfacet
  facet normal  1.000000e+000  0.000000e+000  0.000000e+000
    outer loop
      vertex  2.866751e+001  1.566602e+001 -3.132918e+002
      vertex  2.866751e+001  1.456815e+001 -3.129246e+002
      vertex  2.866751e+001  1.476795e+001 -3.134070e+002
    endloop
  endfacet
  facet normal  1.000000e+000  -0.000000e+000  0.000000e+000
    outer loop
      vertex  2.866751e+001  1.566602e+001 -3.132918e+002
      vertex  2.866751e+001  1.476795e+001 -3.134070e+002
      vertex  2.866751e+001  1.614034e+001 -3.137610e+002
    endloop
  endfacet
  facet normal  1.000000e+000  0.000000e+000  0.000000e+000
    outer loop
      vertex  2.866751e+001  1.614034e+001 -3.137610e+002
      vertex  2.866751e+001  1.476795e+001 -3.134070e+002
      vertex  2.866751e+001  1.508579e+001 -3.138212e+002
    endloop
  endfacet
  facet normal  1.000000e+000  -0.000000e+000  0.000000e+000
    outer loop
      vertex  2.866751e+001  1.614034e+001 -3.137610e+002
      vertex  2.866751e+001  1.508579e+001 -3.138212e+002
      vertex  2.866751e+001  1.670665e+001 -3.141139e+002
    endloop
  endfacet
  facet normal  9.999999e-001  0.000000e+000  0.000000e+000
    outer loop
      vertex  2.866751e+001  1.670665e+001 -3.141139e+002
      vertex  2.866751e+001  1.508579e+001 -3.138212e+002
      vertex  2.866751e+001  1.550000e+001 -3.141390e+002
    endloop
  endfacet
  facet normal  1.000000e+000  -0.000000e+000  0.000000e+000
    outer loop
      vertex  2.866751e+001  1.670665e+001 -3.141139e+002
      vertex  2.866751e+001  1.550000e+001 -3.141390e+002
      vertex  2.866751e+001  1.733692e+001 -3.143328e+002
    endloop
  endfacet
  facet normal  1.000000e+000  0.000000e+000  0.000000e+000
    outer loop
      vertex  2.866751e+001  1.733692e+001 -3.143328e+002
      vertex  2.866751e+001  1.550000e+001 -3.141390e+002
      vertex  2.866751e+001  1.598236e+001 -3.143388e+002
    endloop
  endfacet
  facet normal  9.999999e-001  -0.000000e+000  0.000000e+000
    outer loop
      vertex  2.866751e+001  1.733692e+001 -3.143328e+002
      vertex  2.866751e+001  1.598236e+001 -3.143388e+002
      vertex  2.866751e+001  1.800000e+001 -3.144070e+002
    endloop
  endfacet
  facet normal  9.999999e-001  0.000000e+000  0.000000e+000
    outer loop
      vertex  2.866751e+001  1.800000e+001 -3.144070e+002
      vertex  2.866751e+001  1.598236e+001 -3.143388e+002
      vertex  2.866751e+001  1.650000e+001 -3.144070e+002
    endloop
  endfacet
  facet normal  8.467254e-001  5.320297e-001 -6.843821e-004
    outer loop
      vertex  3.201747e+001  1.890940e+001 -2.982070e+002
      vertex  3.197995e+001  1.895753e+001 -3.072070e+002
      vertex  3.168985e+001  1.943082e+001 -2.982070e+002
    endloop
  endfacet
  facet normal  7.207019e-001  6.932447e-001  7.031389e-004
    outer loop
      vertex  3.241737e+001  1.850280e+001 -3.072070e+002
      vertex  3.197995e+001  1.895753e+001 -3.072070e+002
      vertex  3.201747e+001  1.890940e+001 -2.982070e+002
    endloop
  endfacet
  facet normal  7.071066e-001  7.071066e-001 -5.271914e-004
    outer loop
      vertex  3.245291e+001  1.847396e+001 -2.982070e+002
      vertex  3.241737e+001  1.850280e+001 -3.072070e+002
      vertex  3.201747e+001  1.890940e+001 -2.982070e+002
    endloop
  endfacet
  facet normal -7.207049e-001  6.932416e-001  7.031095e-004
    outer loop
      vertex  3.631755e+001  1.890940e+001 -2.982070e+002
      vertex  3.635506e+001  1.895753e+001 -3.072070e+002
      vertex  3.591766e+001  1.850280e+001 -3.072070e+002
    endloop
  endfacet
  facet normal -8.467227e-001  5.320342e-001 -6.843467e-004
    outer loop
      vertex  3.635506e+001  1.895753e+001 -3.072070e+002
      vertex  3.631755e+001  1.890940e+001 -2.982070e+002
      vertex  3.664518e+001  1.943082e+001 -2.982070e+002
    endloop
  endfacet
  facet normal  9.716571e-001  2.363922e-001  1.045791e-003
    outer loop
      vertex  3.155946e+001  1.975189e+001 -3.072229e+002
      vertex  3.145009e+001  2.020191e+001 -3.073342e+002
      vertex  3.148646e+001  2.001206e+001 -2.982070e+002
    endloop
  endfacet
  facet normal  9.971249e-001  7.573713e-002 -2.397295e-003
    outer loop
      vertex  3.148646e+001  2.001206e+001 -2.982070e+002
      vertex  3.145009e+001  2.020191e+001 -3.073342e+002
      vertex  3.141751e+001  2.062400e+001 -3.075527e+002
    endloop
  endfacet
  facet normal  9.937121e-001  1.119652e-001  -0.000000e+000
    outer loop
      vertex  3.148646e+001  2.001206e+001 -2.982070e+002
      vertex  3.141751e+001  2.062400e+001 -3.075527e+002
      vertex  3.141751e+001  2.062400e+001 -2.982070e+002
    endloop
  endfacet
  facet normal  8.597427e-001  5.107266e-001  8.554864e-004
    outer loop
      vertex  3.197995e+001  1.895753e+001 -3.072070e+002
      vertex  3.165770e+001  1.950000e+001 -3.072070e+002
      vertex  3.168985e+001  1.943082e+001 -2.982070e+002
    endloop
  endfacet
  facet normal  9.316571e-001  3.633382e-001 -5.343292e-004
    outer loop
      vertex  3.168985e+001  1.943082e+001 -2.982070e+002
      vertex  3.165770e+001  1.950000e+001 -3.072070e+002
      vertex  3.155946e+001  1.975189e+001 -3.072229e+002
    endloop
  endfacet
  facet normal  9.438811e-001  3.302799e-001 -1.888394e-003
    outer loop
      vertex  3.168985e+001  1.943082e+001 -2.982070e+002
      vertex  3.155946e+001  1.975189e+001 -3.072229e+002
      vertex  3.148646e+001  2.001206e+001 -2.982070e+002
    endloop
  endfacet
  facet normal -7.071066e-001  7.071066e-001 -5.274912e-004
    outer loop
      vertex  3.631755e+001  1.890940e+001 -2.982070e+002
      vertex  3.591766e+001  1.850280e+001 -3.072070e+002
      vertex  3.588211e+001  1.847396e+001 -2.982070e+002
    endloop
  endfacet
  facet normal -5.437225e-001  8.392650e-001  5.412865e-004
    outer loop
      vertex  3.588211e+001  1.847396e+001 -2.982070e+002
      vertex  3.591766e+001  1.850280e+001 -3.072070e+002
      vertex  3.538811e+001  1.815973e+001 -3.072070e+002
    endloop
  endfacet
  facet normal -5.320342e-001  8.467228e-001 -3.606527e-004
    outer loop
      vertex  3.588211e+001  1.847396e+001 -2.982070e+002
      vertex  3.538811e+001  1.815973e+001 -3.072070e+002
      vertex  3.536069e+001  1.814633e+001 -2.982070e+002
    endloop
  endfacet
  facet normal -3.381228e-001  9.411019e-001  3.705004e-004
    outer loop
      vertex  3.536069e+001  1.814633e+001 -2.982070e+002
      vertex  3.538811e+001  1.815973e+001 -3.072070e+002
      vertex  3.479431e+001  1.794638e+001 -3.072070e+002
    endloop
  endfacet
  facet normal -3.302767e-001  9.438841e-001 -1.850759e-004
    outer loop
      vertex  3.536069e+001  1.814633e+001 -2.982070e+002
      vertex  3.479431e+001  1.794638e+001 -3.072070e+002
      vertex  3.477944e+001  1.794295e+001 -2.982070e+002
    endloop
  endfacet
  facet normal -1.147228e-001  9.933975e-001  1.898772e-004
    outer loop
      vertex  3.477944e+001  1.794295e+001 -2.982070e+002
      vertex  3.479431e+001  1.794638e+001 -3.072070e+002
      vertex  3.416751e+001  1.787400e+001 -3.072070e+002
    endloop
  endfacet
  facet normal -1.119656e-001  9.937121e-001  0.000000e+000
    outer loop
      vertex  3.477944e+001  1.794295e+001 -2.982070e+002
      vertex  3.416751e+001  1.787400e+001 -3.072070e+002
      vertex  3.416751e+001  1.787400e+001 -2.982070e+002
    endloop
  endfacet
  facet normal  1.147221e-001  9.933977e-001  0.000000e+000
    outer loop
      vertex  3.416751e+001  1.787400e+001 -2.982070e+002
      vertex  3.416751e+001  1.787400e+001 -3.072070e+002
      vertex  3.354071e+001  1.794638e+001 -3.072070e+002
    endloop
  endfacet
  facet normal  1.119649e-001  9.937121e-001  1.945527e-004
    outer loop
      vertex  3.416751e+001  1.787400e+001 -2.982070e+002
      vertex  3.354071e+001  1.794638e+001 -3.072070e+002
      vertex  3.355558e+001  1.794295e+001 -2.982070e+002
    endloop
  endfacet
  facet normal  3.381228e-001  9.411020e-001 -1.990983e-004
    outer loop
      vertex  3.355558e+001  1.794295e+001 -2.982070e+002
      vertex  3.354071e+001  1.794638e+001 -3.072070e+002
      vertex  3.294691e+001  1.815973e+001 -3.072070e+002
    endloop
  endfacet
  facet normal  3.302786e-001  9.438834e-001  3.983949e-004
    outer loop
      vertex  3.355558e+001  1.794295e+001 -2.982070e+002
      vertex  3.294691e+001  1.815973e+001 -3.072070e+002
      vertex  3.297433e+001  1.814633e+001 -2.982070e+002
    endloop
  endfacet
  facet normal  5.437251e-001  8.392632e-001 -4.075977e-004
    outer loop
      vertex  3.297433e+001  1.814633e+001 -2.982070e+002
      vertex  3.294691e+001  1.815973e+001 -3.072070e+002
      vertex  3.241737e+001  1.850280e+001 -3.072070e+002
    endloop
  endfacet
  facet normal  5.320314e-001  8.467243e-001  6.115899e-004
    outer loop
      vertex  3.297433e+001  1.814633e+001 -2.982070e+002
      vertex  3.241737e+001  1.850280e+001 -3.072070e+002
      vertex  3.245291e+001  1.847396e+001 -2.982070e+002
    endloop
  endfacet
  facet normal -8.597427e-001  5.107266e-001  8.558509e-004
    outer loop
      vertex  3.635506e+001  1.895753e+001 -3.072070e+002
      vertex  3.664518e+001  1.943082e+001 -2.982070e+002
      vertex  3.667731e+001  1.950000e+001 -3.072070e+002
    endloop
  endfacet
  facet normal -9.438845e-001  3.302749e-001 -8.317576e-004
    outer loop
      vertex  3.667731e+001  1.950000e+001 -3.072070e+002
      vertex  3.664518e+001  1.943082e+001 -2.982070e+002
      vertex  3.684856e+001  2.001206e+001 -2.982070e+002
    endloop
  endfacet
  facet normal -9.317023e-001  3.632109e-001 -2.937482e-003
    outer loop
      vertex  3.667731e+001  1.950000e+001 -3.072070e+002
      vertex  3.684856e+001  2.001206e+001 -2.982070e+002
      vertex  3.677556e+001  1.975189e+001 -3.072229e+002
    endloop
  endfacet
  facet normal -9.716572e-001  2.363921e-001  1.045586e-003
    outer loop
      vertex  3.677556e+001  1.975189e+001 -3.072229e+002
      vertex  3.684856e+001  2.001206e+001 -2.982070e+002
      vertex  3.688493e+001  2.020191e+001 -3.073342e+002
    endloop
  endfacet
  facet normal -9.937105e-001  1.119682e-001 -1.630295e-003
    outer loop
      vertex  3.688493e+001  2.020191e+001 -3.073342e+002
      vertex  3.684856e+001  2.001206e+001 -2.982070e+002
      vertex  3.691751e+001  2.062400e+001 -2.982070e+002
    endloop
  endfacet
  facet normal -9.970332e-001  7.697108e-002  0.000000e+000
    outer loop
      vertex  3.688493e+001  2.020191e+001 -3.073342e+002
      vertex  3.691751e+001  2.062400e+001 -2.982070e+002
      vertex  3.691751e+001  2.062400e+001 -3.075527e+002
    endloop
  endfacet
  facet normal -3.701435e-003  9.925396e-001  1.218663e-001
    outer loop
      vertex  2.866751e+001  1.500017e+001 -3.114392e+002
      vertex  2.866751e+001  1.508148e+001 -3.121014e+002
      vertex  2.366751e+001  1.502545e+001 -3.117969e+002
    endloop
  endfacet
  facet normal  3.661686e-003  9.710549e-001  2.388281e-001
    outer loop
      vertex  2.866751e+001  1.508148e+001 -3.121014e+002
      vertex  2.366751e+001  1.518391e+001 -3.124412e+002
      vertex  2.366751e+001  1.502545e+001 -3.117969e+002
    endloop
  endfacet
  facet normal  3.661884e-003 -9.710556e-001  2.388254e-001
    outer loop
      vertex  2.366751e+001  2.081610e+001 -3.124412e+002
      vertex  2.866751e+001  2.091852e+001 -3.121014e+002
      vertex  2.366751e+001  2.097455e+001 -3.117969e+002
    endloop
  endfacet
  facet normal -3.701231e-003 -9.925399e-001  1.218634e-001
    outer loop
      vertex  2.866751e+001  2.091852e+001 -3.121014e+002
      vertex  2.866751e+001  2.099983e+001 -3.114392e+002
      vertex  2.366751e+001  2.097455e+001 -3.117969e+002
    endloop
  endfacet
  facet normal -3.707356e-003 -9.410585e-001  3.382236e-001
    outer loop
      vertex  2.366751e+001  2.081610e+001 -3.124412e+002
      vertex  2.866751e+001  2.069285e+001 -3.127293e+002
      vertex  2.866751e+001  2.091852e+001 -3.121014e+002
    endloop
  endfacet
  facet normal  3.666773e-003 -8.948187e-001  4.464147e-001
    outer loop
      vertex  2.866751e+001  2.069285e+001 -3.127293e+002
      vertex  2.366751e+001  2.081610e+001 -3.124412e+002
      vertex  2.366751e+001  2.051991e+001 -3.130349e+002
    endloop
  endfacet
  facet normal -3.714078e-003 -8.430194e-001  5.378703e-001
    outer loop
      vertex  2.366751e+001  2.051991e+001 -3.130349e+002
      vertex  2.866751e+001  2.033397e+001 -3.132918e+002
      vertex  2.866751e+001  2.069285e+001 -3.127293e+002
    endloop
  endfacet
  facet normal  3.669339e-003 -7.747986e-001  6.321975e-001
    outer loop
      vertex  2.866751e+001  2.033397e+001 -3.132918e+002
      vertex  2.366751e+001  2.051991e+001 -3.130349e+002
      vertex  2.366751e+001  2.010048e+001 -3.135489e+002
    endloop
  endfacet
  facet normal -3.715415e-003 -7.033084e-001  7.108752e-001
    outer loop
      vertex  2.366751e+001  2.010048e+001 -3.135489e+002
      vertex  2.866751e+001  1.985966e+001 -3.137610e+002
      vertex  2.866751e+001  2.033397e+001 -3.132918e+002
    endloop
  endfacet
  facet normal  3.676250e-003 -6.169149e-001  7.870213e-001
    outer loop
      vertex  2.866751e+001  1.985966e+001 -3.137610e+002
      vertex  2.366751e+001  2.010048e+001 -3.135489e+002
      vertex  2.366751e+001  1.957832e+001 -3.139582e+002
    endloop
  endfacet
  facet normal -3.717065e-003 -5.287814e-001  8.487499e-001
    outer loop
      vertex  2.366751e+001  1.957832e+001 -3.139582e+002
      vertex  2.866751e+001  1.929335e+001 -3.141139e+002
      vertex  2.866751e+001  1.985966e+001 -3.137610e+002
    endloop
  endfacet
  facet normal  3.679619e-003 -4.288343e-001  9.033757e-001
    outer loop
      vertex  2.866751e+001  1.929335e+001 -3.141139e+002
      vertex  2.366751e+001  1.957832e+001 -3.139582e+002
      vertex  2.366751e+001  1.897896e+001 -3.142427e+002
    endloop
  endfacet
  facet normal -3.718947e-003 -3.280846e-001  9.446410e-001
    outer loop
      vertex  2.366751e+001  1.897896e+001 -3.142427e+002
      vertex  2.866751e+001  1.866308e+001 -3.143328e+002
      vertex  2.866751e+001  1.929335e+001 -3.141139e+002
    endloop
  endfacet
  facet normal  3.677142e-003 -2.198204e-001  9.755334e-001
    outer loop
      vertex  2.866751e+001  1.866308e+001 -3.143328e+002
      vertex  2.366751e+001  1.897896e+001 -3.142427e+002
      vertex  2.366751e+001  1.833173e+001 -3.143886e+002
    endloop
  endfacet
  facet normal  3.677141e-003  2.198204e-001  9.755334e-001
    outer loop
      vertex  2.366751e+001  1.702104e+001 -3.142427e+002
      vertex  2.866751e+001  1.733692e+001 -3.143328e+002
      vertex  2.366751e+001  1.766827e+001 -3.143886e+002
    endloop
  endfacet
  facet normal -3.718947e-003  3.280846e-001  9.446410e-001
    outer loop
      vertex  2.866751e+001  1.670665e+001 -3.141139e+002
      vertex  2.866751e+001  1.733692e+001 -3.143328e+002
      vertex  2.366751e+001  1.702104e+001 -3.142427e+002
    endloop
  endfacet
  facet normal  3.679617e-003  4.288343e-001  9.033757e-001
    outer loop
      vertex  2.366751e+001  1.642168e+001 -3.139582e+002
      vertex  2.866751e+001  1.670665e+001 -3.141139e+002
      vertex  2.366751e+001  1.702104e+001 -3.142427e+002
    endloop
  endfacet
  facet normal -3.717065e-003  5.287814e-001  8.487499e-001
    outer loop
      vertex  2.866751e+001  1.614034e+001 -3.137610e+002
      vertex  2.866751e+001  1.670665e+001 -3.141139e+002
      vertex  2.366751e+001  1.642168e+001 -3.139582e+002
    endloop
  endfacet
  facet normal  3.676249e-003  6.169149e-001  7.870213e-001
    outer loop
      vertex  2.366751e+001  1.589952e+001 -3.135489e+002
      vertex  2.866751e+001  1.614034e+001 -3.137610e+002
      vertex  2.366751e+001  1.642168e+001 -3.139582e+002
    endloop
  endfacet
  facet normal -3.715348e-003  7.033077e-001  7.108759e-001
    outer loop
      vertex  2.866751e+001  1.566602e+001 -3.132918e+002
      vertex  2.866751e+001  1.614034e+001 -3.137610e+002
      vertex  2.366751e+001  1.589952e+001 -3.135489e+002
    endloop
  endfacet
  facet normal  3.669487e-003  7.747986e-001  6.321975e-001
    outer loop
      vertex  2.366751e+001  1.548009e+001 -3.130349e+002
      vertex  2.866751e+001  1.566602e+001 -3.132918e+002
      vertex  2.366751e+001  1.589952e+001 -3.135489e+002
    endloop
  endfacet
  facet normal -3.714070e-003  8.430207e-001  5.378683e-001
    outer loop
      vertex  2.866751e+001  1.530715e+001 -3.127293e+002
      vertex  2.866751e+001  1.566602e+001 -3.132918e+002
      vertex  2.366751e+001  1.548009e+001 -3.130349e+002
    endloop
  endfacet
  facet normal  3.666691e-003  8.948193e-001  4.464135e-001
    outer loop
      vertex  2.366751e+001  1.518391e+001 -3.124412e+002
      vertex  2.866751e+001  1.530715e+001 -3.127293e+002
      vertex  2.366751e+001  1.548009e+001 -3.130349e+002
    endloop
  endfacet
  facet normal -3.707356e-003  9.410585e-001  3.382236e-001
    outer loop
      vertex  2.866751e+001  1.508148e+001 -3.121014e+002
      vertex  2.866751e+001  1.530715e+001 -3.127293e+002
      vertex  2.366751e+001  1.518391e+001 -3.124412e+002
    endloop
  endfacet
  facet normal -3.722474e-003 -1.112355e-001  9.937872e-001
    outer loop
      vertex  2.866751e+001  1.800000e+001 -3.144070e+002
      vertex  2.866751e+001  1.866308e+001 -3.143328e+002
      vertex  2.366751e+001  1.833173e+001 -3.143886e+002
    endloop
  endfacet
  facet normal  3.680395e-003  0.000000e+000  9.999933e-001
    outer loop
      vertex  2.866751e+001  1.800000e+001 -3.144070e+002
      vertex  2.366751e+001  1.833173e+001 -3.143886e+002
      vertex  2.366751e+001  1.766827e+001 -3.143886e+002
    endloop
  endfacet
  facet normal -3.722474e-003  1.112355e-001  9.937872e-001
    outer loop
      vertex  2.866751e+001  1.800000e+001 -3.144070e+002
      vertex  2.366751e+001  1.766827e+001 -3.143886e+002
      vertex  2.866751e+001  1.733692e+001 -3.143328e+002
    endloop
  endfacet
  facet normal -1.000000e+000  0.000000e+000  0.000000e+000
    outer loop
      vertex  2.911762e+001 -2.894900e+001 -3.016070e+002
      vertex  2.911762e+001  1.950000e+001 -3.072070e+002
      vertex  2.911762e+001  1.650000e+001 -3.072070e+002
    endloop
  endfacet
  facet normal -1.000000e+000  -0.000000e+000  0.000000e+000
    outer loop
      vertex  2.911762e+001 -2.894900e+001 -3.016070e+002
      vertex  2.911762e+001  1.650000e+001 -3.072070e+002
      vertex  2.911762e+001  1.598236e+001 -3.072751e+002
    endloop
  endfacet
  facet normal -1.000000e+000  -0.000000e+000  0.000000e+000
    outer loop
      vertex  2.911762e+001 -2.894900e+001 -3.016070e+002
      vertex  2.911762e+001  1.598236e+001 -3.072751e+002
      vertex  2.911762e+001  1.550000e+001 -3.074749e+002
    endloop
  endfacet
  facet normal -1.000000e+000  -0.000000e+000  0.000000e+000
    outer loop
      vertex  2.911762e+001 -2.894900e+001 -3.016070e+002
      vertex  2.911762e+001  1.550000e+001 -3.074749e+002
      vertex  2.911762e+001  1.508579e+001 -3.077928e+002
    endloop
  endfacet
  facet normal -1.000000e+000  -0.000000e+000  0.000000e+000
    outer loop
      vertex  2.911762e+001 -2.894900e+001 -3.016070e+002
      vertex  2.911762e+001  1.508579e+001 -3.077928e+002
      vertex  2.911762e+001  1.476795e+001 -3.082070e+002
    endloop
  endfacet
  facet normal -1.000000e+000  -0.000000e+000  0.000000e+000
    outer loop
      vertex  2.911762e+001 -2.894900e+001 -3.016070e+002
      vertex  2.911762e+001  1.476795e+001 -3.082070e+002
      vertex  2.911762e+001  1.456815e+001 -3.086893e+002
    endloop
  endfacet
  facet normal -1.000000e+000  -0.000000e+000  0.000000e+000
    outer loop
      vertex  2.911762e+001 -2.894900e+001 -3.016070e+002
      vertex  2.911762e+001  1.456815e+001 -3.086893e+002
      vertex  2.911762e+001  1.450000e+001 -3.092070e+002
    endloop
  endfacet
  facet normal -1.000000e+000  -0.000000e+000  -0.000000e+000
    outer loop
      vertex  2.911762e+001 -2.894900e+001 -3.016070e+002
      vertex  2.911762e+001  1.450000e+001 -3.092070e+002
      vertex  2.911762e+001  1.450000e+001 -3.114070e+002
    endloop
  endfacet
  facet normal -9.999999e-001  0.000000e+000  0.000000e+000
    outer loop
      vertex  2.911762e+001 -2.894900e+001 -3.016070e+002
      vertex  2.911762e+001  1.450000e+001 -3.114070e+002
      vertex  2.911762e+001 -3.150000e+001 -3.114070e+002
    endloop
  endfacet
  facet normal -1.000000e+000  0.000000e+000  0.000000e+000
    outer loop
      vertex  2.911762e+001 -2.894900e+001 -3.016070e+002
      vertex  2.911762e+001 -3.150000e+001 -3.114070e+002
      vertex  2.911762e+001 -3.150000e+001 -3.014070e+002
    endloop
  endfacet
  facet normal -1.000000e+000  0.000000e+000  0.000000e+000
    outer loop
      vertex  2.911762e+001 -2.894900e+001 -3.016070e+002
      vertex  2.911762e+001 -3.150000e+001 -3.014070e+002
      vertex  2.911762e+001 -2.894900e+001 -3.014070e+002
    endloop
  endfacet
  facet normal -1.000000e+000  0.000000e+000  0.000000e+000
    outer loop
      vertex  2.911762e+001  2.894900e+001 -3.016070e+002
      vertex  2.911762e+001  2.894900e+001 -3.014070e+002
      vertex  2.911762e+001  3.150000e+001 -3.014070e+002
    endloop
  endfacet
  facet normal -1.000000e+000  0.000000e+000  -0.000000e+000
    outer loop
      vertex  2.911762e+001  2.894900e+001 -3.016070e+002
      vertex  2.911762e+001  3.150000e+001 -3.014070e+002
      vertex  2.911762e+001  3.150000e+001 -3.114070e+002
    endloop
  endfacet
  facet normal -1.000000e+000  0.000000e+000  0.000000e+000
    outer loop
      vertex  2.911762e+001  2.894900e+001 -3.016070e+002
      vertex  2.911762e+001  3.150000e+001 -3.114070e+002
      vertex  2.911762e+001  2.150000e+001 -3.114070e+002
    endloop
  endfacet
  facet normal -1.000000e+000  0.000000e+000  0.000000e+000
    outer loop
      vertex  2.911762e+001  2.894900e+001 -3.016070e+002
      vertex  2.911762e+001  2.150000e+001 -3.114070e+002
      vertex  2.911762e+001  2.150000e+001 -3.092070e+002
    endloop
  endfacet
  facet normal -1.000000e+000  0.000000e+000  0.000000e+000
    outer loop
      vertex  2.911762e+001  2.894900e+001 -3.016070e+002
      vertex  2.911762e+001  2.150000e+001 -3.092070e+002
      vertex  2.911762e+001  2.143185e+001 -3.086893e+002
    endloop
  endfacet
  facet normal -1.000000e+000  0.000000e+000  0.000000e+000
    outer loop
      vertex  2.911762e+001  2.894900e+001 -3.016070e+002
      vertex  2.911762e+001  2.143185e+001 -3.086893e+002
      vertex  2.911762e+001  2.123205e+001 -3.082070e+002
    endloop
  endfacet
  facet normal -1.000000e+000  0.000000e+000  0.000000e+000
    outer loop
      vertex  2.911762e+001  2.894900e+001 -3.016070e+002
      vertex  2.911762e+001  2.123205e+001 -3.082070e+002
      vertex  2.911762e+001  2.091421e+001 -3.077928e+002
    endloop
  endfacet
  facet normal -1.000000e+000  0.000000e+000  0.000000e+000
    outer loop
      vertex  2.911762e+001  2.894900e+001 -3.016070e+002
      vertex  2.911762e+001  2.091421e+001 -3.077928e+002
      vertex  2.911762e+001  2.050000e+001 -3.074749e+002
    endloop
  endfacet
  facet normal -9.999999e-001  0.000000e+000  0.000000e+000
    outer loop
      vertex  2.911762e+001  2.894900e+001 -3.016070e+002
      vertex  2.911762e+001  2.050000e+001 -3.074749e+002
      vertex  2.911762e+001  2.001764e+001 -3.072751e+002
    endloop
  endfacet
  facet normal -1.000000e+000  0.000000e+000  0.000000e+000
    outer loop
      vertex  2.911762e+001  2.894900e+001 -3.016070e+002
      vertex  2.911762e+001  2.001764e+001 -3.072751e+002
      vertex  2.911762e+001  1.950000e+001 -3.072070e+002
    endloop
  endfacet
  facet normal -1.000000e+000  0.000000e+000  0.000000e+000
    outer loop
      vertex  2.911762e+001  2.894900e+001 -3.016070e+002
      vertex  2.911762e+001  1.950000e+001 -3.072070e+002
      vertex  2.911762e+001 -2.894900e+001 -3.016070e+002
    endloop
  endfacet
  facet normal  3.766651e-003 -9.238717e-001  3.826840e-001
    outer loop
      vertex  2.866751e+001  2.123205e+001 -3.134070e+002
      vertex  3.149700e+001  2.128041e+001 -3.133181e+002
      vertex  2.866751e+001  2.143185e+001 -3.129246e+002
    endloop
  endfacet
  facet normal -3.337248e-003 -8.300132e-001  5.577338e-001
    outer loop
      vertex  3.144577e+001  2.101723e+001 -3.137101e+002
      vertex  3.149700e+001  2.128041e+001 -3.133181e+002
      vertex  2.866751e+001  2.123205e+001 -3.134070e+002
    endloop
  endfacet
  facet normal  5.063385e-003 -7.933447e-001  6.087516e-001
    outer loop
      vertex  2.866751e+001  2.091421e+001 -3.138212e+002
      vertex  3.144577e+001  2.101723e+001 -3.137101e+002
      vertex  2.866751e+001  2.123205e+001 -3.134070e+002
    endloop
  endfacet
  facet normal  5.729463e-003 -3.827228e-001  9.238455e-001
    outer loop
      vertex  2.866751e+001  2.001764e+001 -3.143388e+002
      vertex  3.145009e+001  2.020191e+001 -3.142798e+002
      vertex  2.866751e+001  2.050000e+001 -3.141390e+002
    endloop
  endfacet
  facet normal -5.153600e-003 -6.659022e-001  7.460213e-001
    outer loop
      vertex  3.141751e+001  2.062400e+001 -3.140612e+002
      vertex  3.144577e+001  2.101723e+001 -3.137101e+002
      vertex  2.866751e+001  2.091421e+001 -3.138212e+002
    endloop
  endfacet
  facet normal  5.013860e-003 -6.087214e-001  7.933683e-001
    outer loop
      vertex  3.141751e+001  2.062400e+001 -3.140612e+002
      vertex  2.866751e+001  2.091421e+001 -3.138212e+002
      vertex  2.866751e+001  2.050000e+001 -3.141390e+002
    endloop
  endfacet
  facet normal -4.365653e-003 -4.599916e-001  8.879125e-001
    outer loop
      vertex  3.141751e+001  2.062400e+001 -3.140612e+002
      vertex  2.866751e+001  2.050000e+001 -3.141390e+002
      vertex  3.145009e+001  2.020191e+001 -3.142798e+002
    endloop
  endfacet
  facet normal -1.827400e-003 -9.375907e-001  3.477362e-001
    outer loop
      vertex  3.149700e+001  2.128041e+001 -3.133181e+002
      vertex  3.154265e+001  2.144412e+001 -3.128764e+002
      vertex  2.866751e+001  2.143185e+001 -3.129246e+002
    endloop
  endfacet
  facet normal  2.257532e-003 -9.929978e-001  1.181110e-001
    outer loop
      vertex  2.866751e+001  2.143185e+001 -3.129246e+002
      vertex  3.154265e+001  2.144412e+001 -3.128764e+002
      vertex  3.156076e+001  2.150000e+001 -3.124070e+002
    endloop
  endfacet
  facet normal  0.000000e+000 -9.914451e-001  1.305247e-001
    outer loop
      vertex  2.866751e+001  2.143185e+001 -3.129246e+002
      vertex  3.156076e+001  2.150000e+001 -3.124070e+002
      vertex  2.866751e+001  2.150000e+001 -3.124070e+002
    endloop
  endfacet
  facet normal -4.636490e-003 -2.411447e-001  9.704781e-001
    outer loop
      vertex  3.145009e+001  2.020191e+001 -3.142798e+002
      vertex  2.866751e+001  2.001764e+001 -3.143388e+002
      vertex  3.155946e+001  1.975189e+001 -3.143911e+002
    endloop
  endfacet
  facet normal  5.907223e-003 -1.305192e-001  9.914282e-001
    outer loop
      vertex  3.155946e+001  1.975189e+001 -3.143911e+002
      vertex  2.866751e+001  2.001764e+001 -3.143388e+002
      vertex  2.866751e+001  1.950000e+001 -3.144070e+002
    endloop
  endfacet
  facet normal  0.000000e+000 -6.311550e-002  9.980063e-001
    outer loop
      vertex  3.155946e+001  1.975189e+001 -3.143911e+002
      vertex  2.866751e+001  1.950000e+001 -3.144070e+002
      vertex  3.165770e+001  1.950000e+001 -3.144070e+002
    endloop
  endfacet
  facet normal  -0.000000e+000 -1.000000e+000  -0.000000e+000
    outer loop
      vertex  3.156076e+001  2.150000e+001 -3.124070e+002
      vertex  3.156076e+001  2.150000e+001 -3.092070e+002
      vertex  2.911762e+001  2.150000e+001 -3.092070e+002
    endloop
  endfacet
  facet normal  0.000000e+000 -1.000000e+000  0.000000e+000
    outer loop
      vertex  3.156076e+001  2.150000e+001 -3.124070e+002
      vertex  2.911762e+001  2.150000e+001 -3.092070e+002
      vertex  2.911762e+001  2.150000e+001 -3.114070e+002
    endloop
  endfacet
  facet normal  0.000000e+000 -1.000000e+000  -0.000000e+000
    outer loop
      vertex  3.156076e+001  2.150000e+001 -3.124070e+002
      vertex  2.911762e+001  2.150000e+001 -3.114070e+002
      vertex  2.866751e+001  2.150000e+001 -3.114392e+002
    endloop
  endfacet
  facet normal  0.000000e+000 -1.000000e+000  0.000000e+000
    outer loop
      vertex  3.156076e+001  2.150000e+001 -3.124070e+002
      vertex  2.866751e+001  2.150000e+001 -3.114392e+002
      vertex  2.866751e+001  2.150000e+001 -3.124070e+002
    endloop
  endfacet
  facet normal  6.830613e-003 -3.826703e-001 -9.238598e-001
    outer loop
      vertex  3.145009e+001  2.020191e+001 -3.073342e+002
      vertex  2.911762e+001  2.001764e+001 -3.072751e+002
      vertex  2.911762e+001  2.050000e+001 -3.074749e+002
    endloop
  endfacet
  facet normal  6.042289e-003 -7.933404e-001 -6.087483e-001
    outer loop
      vertex  3.144577e+001  2.101723e+001 -3.079039e+002
      vertex  2.911762e+001  2.091421e+001 -3.077928e+002
      vertex  2.911762e+001  2.123205e+001 -3.082070e+002
    endloop
  endfacet
  facet normal -3.965819e-003 -8.299531e-001 -5.578190e-001
    outer loop
      vertex  2.911762e+001  2.123205e+001 -3.082070e+002
      vertex  3.149700e+001  2.128041e+001 -3.082958e+002
      vertex  3.144577e+001  2.101723e+001 -3.079039e+002
    endloop
  endfacet
  facet normal  4.484097e-003 -9.238689e-001 -3.826828e-001
    outer loop
      vertex  3.149700e+001  2.128041e+001 -3.082958e+002
      vertex  2.911762e+001  2.123205e+001 -3.082070e+002
      vertex  2.911762e+001  2.143185e+001 -3.086893e+002
    endloop
  endfacet
  facet normal -5.228073e-003 -4.600421e-001 -8.878816e-001
    outer loop
      vertex  3.141751e+001  2.062400e+001 -3.075527e+002
      vertex  3.145009e+001  2.020191e+001 -3.073342e+002
      vertex  2.911762e+001  2.050000e+001 -3.074749e+002
    endloop
  endfacet
  facet normal  5.987510e-003 -6.087549e-001 -7.933357e-001
    outer loop
      vertex  3.141751e+001  2.062400e+001 -3.075527e+002
      vertex  2.911762e+001  2.050000e+001 -3.074749e+002
      vertex  2.911762e+001  2.091421e+001 -3.077928e+002
    endloop
  endfacet
  facet normal -6.153414e-003 -6.658584e-001 -7.460528e-001
    outer loop
      vertex  3.141751e+001  2.062400e+001 -3.075527e+002
      vertex  2.911762e+001  2.091421e+001 -3.077928e+002
      vertex  3.144577e+001  2.101723e+001 -3.079039e+002
    endloop
  endfacet
  facet normal -5.514066e-003 -2.413445e-001 -9.704239e-001
    outer loop
      vertex  3.145009e+001  2.020191e+001 -3.073342e+002
      vertex  3.155946e+001  1.975189e+001 -3.072229e+002
      vertex  2.911762e+001  2.001764e+001 -3.072751e+002
    endloop
  endfacet
  facet normal  1.511747e-002 -5.723446e-002 -9.982462e-001
    outer loop
      vertex  2.911762e+001  2.001764e+001 -3.072751e+002
      vertex  3.155946e+001  1.975189e+001 -3.072229e+002
      vertex  3.165770e+001  1.950000e+001 -3.072070e+002
    endloop
  endfacet
  facet normal  -0.000000e+000 -1.305215e-001 -9.914454e-001
    outer loop
      vertex  2.911762e+001  2.001764e+001 -3.072751e+002
      vertex  3.165770e+001  1.950000e+001 -3.072070e+002
      vertex  2.911762e+001  1.950000e+001 -3.072070e+002
    endloop
  endfacet
  facet normal -2.166798e-003 -9.375864e-001 -3.477457e-001
    outer loop
      vertex  3.149700e+001  2.128041e+001 -3.082958e+002
      vertex  2.911762e+001  2.143185e+001 -3.086893e+002
      vertex  3.154265e+001  2.144412e+001 -3.087375e+002
    endloop
  endfacet
  facet normal  2.422027e-003 -9.914421e-001 -1.305242e-001
    outer loop
      vertex  3.154265e+001  2.144412e+001 -3.087375e+002
      vertex  2.911762e+001  2.143185e+001 -3.086893e+002
      vertex  2.911762e+001  2.150000e+001 -3.092070e+002
    endloop
  endfacet
  facet normal  0.000000e+000 -9.929902e-001 -1.181972e-001
    outer loop
      vertex  3.154265e+001  2.144412e+001 -3.087375e+002
      vertex  2.911762e+001  2.150000e+001 -3.092070e+002
      vertex  3.156076e+001  2.150000e+001 -3.092070e+002
    endloop
  endfacet
  facet normal -1.000000e+000  0.000000e+000  0.000000e+000
    outer loop
      vertex -1.119984e+001  3.610550e+001 -3.069070e+002
      vertex -1.119984e+001  3.540839e+001 -3.073173e+002
      vertex -1.119984e+001  3.383148e+001 -3.069070e+002
    endloop
  endfacet
  facet normal -1.000000e+000  -0.000000e+000  -0.000000e+000
    outer loop
      vertex -1.119984e+001  3.150000e+001 -3.019070e+002
      vertex -1.119984e+001  3.883148e+001 -3.019070e+002
      vertex -1.119984e+001  3.883148e+001 -3.064070e+002
    endloop
  endfacet
  facet normal -1.000000e+000  0.000000e+000  0.000000e+000
    outer loop
      vertex -1.119984e+001  3.150000e+001 -3.019070e+002
      vertex -1.119984e+001  3.883148e+001 -3.064070e+002
      vertex -1.119984e+001  3.828495e+001 -3.064070e+002
    endloop
  endfacet
  facet normal -1.000000e+000  -0.000000e+000  0.000000e+000
    outer loop
      vertex -1.119984e+001  3.150000e+001 -3.019070e+002
      vertex -1.119984e+001  3.828495e+001 -3.064070e+002
      vertex -1.119984e+001  3.753607e+001 -3.064634e+002
    endloop
  endfacet
  facet normal -9.999999e-001  -0.000000e+000  0.000000e+000
    outer loop
      vertex -1.119984e+001  3.150000e+001 -3.019070e+002
      vertex -1.119984e+001  3.753607e+001 -3.064634e+002
      vertex -1.119984e+001  3.150000e+001 -3.069070e+002
    endloop
  endfacet
  facet normal -1.000000e+000  -0.000000e+000  0.000000e+000
    outer loop
      vertex -1.119984e+001  3.383148e+001 -3.069070e+002
      vertex -1.119984e+001  3.540839e+001 -3.073173e+002
      vertex -1.119984e+001  3.478656e+001 -3.078347e+002
    endloop
  endfacet
  facet normal -1.000000e+000  -0.000000e+000  0.000000e+000
    outer loop
      vertex -1.119984e+001  3.383148e+001 -3.069070e+002
      vertex -1.119984e+001  3.478656e+001 -3.078347e+002
      vertex -1.119984e+001  3.425630e+001 -3.084456e+002
    endloop
  endfacet
  facet normal -1.000000e+000  -0.000000e+000  0.000000e+000
    outer loop
      vertex -1.119984e+001  3.383148e+001 -3.069070e+002
      vertex -1.119984e+001  3.425630e+001 -3.084456e+002
      vertex -1.119984e+001  3.383148e+001 -3.091339e+002
    endloop
  endfacet
  facet normal -1.000000e+000  0.000000e+000  0.000000e+000
    outer loop
      vertex -1.119984e+001  3.150000e+001 -3.069070e+002
      vertex -1.119984e+001  3.753607e+001 -3.064634e+002
      vertex -1.119984e+001  3.383148e+001 -3.069070e+002
    endloop
  endfacet
  facet normal -1.000000e+000  0.000000e+000  0.000000e+000
    outer loop
      vertex -1.119984e+001  3.383148e+001 -3.069070e+002
      vertex -1.119984e+001  3.753607e+001 -3.064634e+002
      vertex -1.119984e+001  3.680408e+001 -3.066313e+002
    endloop
  endfacet
  facet normal -1.000000e+000  0.000000e+000  0.000000e+000
    outer loop
      vertex -1.119984e+001  3.383148e+001 -3.069070e+002
      vertex -1.119984e+001  3.680408e+001 -3.066313e+002
      vertex -1.119984e+001  3.610550e+001 -3.069070e+002
    endloop
  endfacet
  facet normal  0.000000e+000  1.000000e+000  0.000000e+000
    outer loop
      vertex -1.119984e+001  3.383148e+001 -3.091339e+002
      vertex -1.773414e+001  3.383148e+001 -3.091339e+002
      vertex -1.119984e+001  3.383148e+001 -3.069070e+002
    endloop
  endfacet
  facet normal  0.000000e+000  1.000000e+000  0.000000e+000
    outer loop
      vertex -1.119984e+001  3.383148e+001 -3.069070e+002
      vertex -1.773414e+001  3.383148e+001 -3.091339e+002
      vertex -1.773414e+001  3.383148e+001 -3.069070e+002
    endloop
  endfacet
  facet normal  8.619326e-001  5.070217e-001 -1.012597e-003
    outer loop
      vertex -2.286923e+001  3.304576e+001 -3.107738e+002
      vertex -2.294323e+001  3.319665e+001 -2.982070e+002
      vertex -2.264723e+001  3.269345e+001 -2.982070e+002
    endloop
  endfacet
  facet normal  8.386711e-001  5.446380e-001  4.529060e-004
    outer loop
      vertex -2.264723e+001  3.269345e+001 -2.982070e+002
      vertex -2.259894e+001  3.263026e+001 -3.116431e+002
      vertex -2.286923e+001  3.304576e+001 -3.107738e+002
    endloop
  endfacet
  facet normal -7.891006e-002  9.968814e-001  7.443313e-004
    outer loop
      vertex -2.005318e+001  3.160858e+001 -3.137806e+002
      vertex -2.039086e+001  3.158190e+001 -3.138365e+002
      vertex -2.019984e+001  3.159184e+001 -3.069070e+002
    endloop
  endfacet
  facet normal -8.736536e-001  4.865335e-001 -3.818637e-003
    outer loop
      vertex -1.790505e+001  3.326136e+001 -3.069070e+002
      vertex -1.806360e+001  3.294466e+001 -3.109854e+002
      vertex -1.819463e+001  3.274137e+001 -3.069070e+002
    endloop
  endfacet
  facet normal -9.039680e-001  4.275956e-001  1.936544e-003
    outer loop
      vertex -1.790505e+001  3.326136e+001 -3.069070e+002
      vertex -1.786693e+001  3.335653e+001 -3.101237e+002
      vertex -1.806360e+001  3.294466e+001 -3.109854e+002
    endloop
  endfacet
  facet normal  1.951740e-001  9.807680e-001 -1.089886e-003
    outer loop
      vertex -2.123692e+001  3.170000e+001 -3.016070e+002
      vertex -2.070797e+001  3.159474e+001 -3.016070e+002
      vertex -2.096088e+001  3.163159e+001 -3.137325e+002
    endloop
  endfacet
  facet normal  2.287431e-001  9.734868e-001 -2.845955e-004
    outer loop
      vertex -2.123692e+001  3.170000e+001 -3.016070e+002
      vertex -2.096088e+001  3.163159e+001 -3.137325e+002
      vertex -2.117356e+001  3.168160e+001 -3.136279e+002
    endloop
  endfacet
  facet normal  3.243098e-001  9.459510e-001  2.613382e-004
    outer loop
      vertex -2.123692e+001  3.170000e+001 -3.016070e+002
      vertex -2.117356e+001  3.168160e+001 -3.136279e+002
      vertex -2.148269e+001  3.178752e+001 -3.134063e+002
    endloop
  endfacet
  facet normal  3.354682e-001  9.420515e-001  0.000000e+000
    outer loop
      vertex -2.123692e+001  3.170000e+001 -3.016070e+002
      vertex -2.148269e+001  3.178752e+001 -3.134063e+002
      vertex -2.123692e+001  3.170000e+001 -2.982070e+002
    endloop
  endfacet
  facet normal  5.697956e-003  9.999837e-001  -0.000000e+000
    outer loop
      vertex -2.019984e+001  3.159184e+001 -3.019070e+002
      vertex -2.019984e+001  3.159184e+001 -3.069070e+002
      vertex -2.070797e+001  3.159474e+001 -3.016070e+002
    endloop
  endfacet
  facet normal  0.000000e+000  9.999534e-001 -9.650146e-003
    outer loop
      vertex -2.019984e+001  3.159184e+001 -3.019070e+002
      vertex -2.070797e+001  3.159474e+001 -3.016070e+002
      vertex -2.016864e+001  3.159474e+001 -3.016070e+002
    endloop
  endfacet
  facet normal -1.951627e-001  9.807111e-001  1.082902e-002
    outer loop
      vertex -2.019984e+001  3.159184e+001 -3.019070e+002
      vertex -2.016864e+001  3.159474e+001 -3.016070e+002
      vertex -1.963968e+001  3.170000e+001 -3.016070e+002
    endloop
  endfacet
  facet normal -1.916289e-001  9.814595e-001  3.961530e-003
    outer loop
      vertex -2.019984e+001  3.159184e+001 -3.019070e+002
      vertex -1.963968e+001  3.170000e+001 -3.016070e+002
      vertex -1.962872e+001  3.170335e+001 -3.019070e+002
    endloop
  endfacet
  facet normal  9.876142e-001  1.569021e-001 -1.075528e-004
    outer loop
      vertex -2.313116e+001  3.377379e+001 -3.092507e+002
      vertex -2.317153e+001  3.402821e+001 -3.087840e+002
      vertex -2.312634e+001  3.375098e+001 -2.982070e+002
    endloop
  endfacet
  facet normal  9.982464e-001  5.913285e-002 -2.715538e-003
    outer loop
      vertex -2.312634e+001  3.375098e+001 -2.982070e+002
      vertex -2.317153e+001  3.402821e+001 -3.087840e+002
      vertex -2.318830e+001  3.433148e+001 -3.083459e+002
    endloop
  endfacet
  facet normal  9.943505e-001  1.061464e-001  -0.000000e+000
    outer loop
      vertex -2.312634e+001  3.375098e+001 -2.982070e+002
      vertex -2.318830e+001  3.433148e+001 -3.083459e+002
      vertex -2.318830e+001  3.433148e+001 -2.982070e+002
    endloop
  endfacet
  facet normal  9.206318e-001  3.904313e-001  7.328879e-004
    outer loop
      vertex -2.286923e+001  3.304576e+001 -3.107738e+002
      vertex -2.304997e+001  3.347027e+001 -3.098857e+002
      vertex -2.294323e+001  3.319665e+001 -2.982070e+002
    endloop
  endfacet
  facet normal  9.646387e-001  2.635626e-001 -2.641735e-003
    outer loop
      vertex -2.294323e+001  3.319665e+001 -2.982070e+002
      vertex -2.304997e+001  3.347027e+001 -3.098857e+002
      vertex -2.313116e+001  3.377379e+001 -3.092507e+002
    endloop
  endfacet
  facet normal  9.495387e-001  3.136498e-001  2.327526e-004
    outer loop
      vertex -2.294323e+001  3.319665e+001 -2.982070e+002
      vertex -2.313116e+001  3.377379e+001 -3.092507e+002
      vertex -2.312634e+001  3.375098e+001 -2.982070e+002
    endloop
  endfacet
  facet normal  6.260069e-001  7.798175e-001  4.570243e-004
    outer loop
      vertex -2.197771e+001  3.205273e+001 -3.128514e+002
      vertex -2.232791e+001  3.233352e+001 -3.122640e+002
      vertex -2.225168e+001  3.226408e+001 -2.982070e+002
    endloop
  endfacet
  facet normal  7.376904e-001  6.751387e-001 -6.657143e-004
    outer loop
      vertex -2.225168e+001  3.226408e+001 -2.982070e+002
      vertex -2.232791e+001  3.233352e+001 -3.122640e+002
      vertex -2.259894e+001  3.263026e+001 -3.116431e+002
    endloop
  endfacet
  facet normal  7.354812e-001  6.775449e-001 -5.430418e-004
    outer loop
      vertex -2.225168e+001  3.226408e+001 -2.982070e+002
      vertex -2.259894e+001  3.263026e+001 -3.116431e+002
      vertex -2.264723e+001  3.269345e+001 -2.982070e+002
    endloop
  endfacet
  facet normal  5.758877e-001  8.175281e-001 -1.024853e-003
    outer loop
      vertex -2.225168e+001  3.226408e+001 -2.982070e+002
      vertex -2.177441e+001  3.192788e+001 -2.982070e+002
      vertex -2.197771e+001  3.205273e+001 -3.128514e+002
    endloop
  endfacet
  facet normal  5.188643e-001  8.548567e-001  8.502805e-005
    outer loop
      vertex -2.197771e+001  3.205273e+001 -3.128514e+002
      vertex -2.177441e+001  3.192788e+001 -2.982070e+002
      vertex -2.174880e+001  3.191382e+001 -3.131420e+002
    endloop
  endfacet
  facet normal  3.903360e-001  9.206725e-001 -1.972564e-004
    outer loop
      vertex -2.177441e+001  3.192788e+001 -2.982070e+002
      vertex -2.123692e+001  3.170000e+001 -2.982070e+002
      vertex -2.174880e+001  3.191382e+001 -3.131420e+002
    endloop
  endfacet
  facet normal  4.273916e-001  9.040650e-001 -1.705057e-003
    outer loop
      vertex -2.174880e+001  3.191382e+001 -3.131420e+002
      vertex -2.123692e+001  3.170000e+001 -2.982070e+002
      vertex -2.148269e+001  3.178752e+001 -3.134063e+002
    endloop
  endfacet
  facet normal  1.485644e-001  9.889027e-001 -9.297556e-005
    outer loop
      vertex -2.096088e+001  3.163159e+001 -3.137325e+002
      vertex -2.070797e+001  3.159474e+001 -3.016070e+002
      vertex -2.073223e+001  3.159724e+001 -3.138044e+002
    endloop
  endfacet
  facet normal  7.675220e-003  9.999707e-001  1.895743e-004
    outer loop
      vertex -2.073223e+001  3.159724e+001 -3.138044e+002
      vertex -2.070797e+001  3.159474e+001 -3.016070e+002
      vertex -2.019984e+001  3.159184e+001 -3.069070e+002
    endloop
  endfacet
  facet normal  4.464292e-002  9.989995e-001 -2.664660e-003
    outer loop
      vertex -2.073223e+001  3.159724e+001 -3.138044e+002
      vertex -2.019984e+001  3.159184e+001 -3.069070e+002
      vertex -2.039086e+001  3.158190e+001 -3.138365e+002
    endloop
  endfacet
  facet normal -4.592654e-001  8.882991e-001  3.237533e-004
    outer loop
      vertex -1.903667e+001  3.196549e+001 -3.130339e+002
      vertex -1.931974e+001  3.181925e+001 -3.133399e+002
      vertex -1.907060e+001  3.194571e+001 -3.069070e+002
    endloop
  endfacet
  facet normal -3.431084e-001  9.392815e-001 -5.177167e-003
    outer loop
      vertex -1.907060e+001  3.194571e+001 -3.069070e+002
      vertex -1.931974e+001  3.181925e+001 -3.133399e+002
      vertex -1.965438e+001  3.169559e+001 -3.135986e+002
    endloop
  endfacet
  facet normal -4.005423e-001  9.162779e-001  6.932341e-004
    outer loop
      vertex -1.907060e+001  3.194571e+001 -3.069070e+002
      vertex -1.965438e+001  3.169559e+001 -3.135986e+002
      vertex -1.961596e+001  3.170732e+001 -3.069070e+002
    endloop
  endfacet
  facet normal -2.129292e-001  9.770675e-001 -4.905202e-004
    outer loop
      vertex -1.961596e+001  3.170732e+001 -3.069070e+002
      vertex -1.965438e+001  3.169559e+001 -3.135986e+002
      vertex -2.005318e+001  3.160858e+001 -3.137806e+002
    endloop
  endfacet
  facet normal -1.940139e-001  9.809973e-001 -1.750152e-003
    outer loop
      vertex -1.961596e+001  3.170732e+001 -3.069070e+002
      vertex -2.005318e+001  3.160858e+001 -3.137806e+002
      vertex -2.019984e+001  3.159184e+001 -3.069070e+002
    endloop
  endfacet
  facet normal -6.568227e-001  7.540439e-001  1.302923e-003
    outer loop
      vertex -1.848484e+001  3.239590e+001 -3.121335e+002
      vertex -1.879682e+001  3.212513e+001 -3.127000e+002
      vertex -1.858931e+001  3.229587e+001 -3.069070e+002
    endloop
  endfacet
  facet normal -5.492615e-001  8.356359e-001 -4.954805e-003
    outer loop
      vertex -1.858931e+001  3.229587e+001 -3.069070e+002
      vertex -1.879682e+001  3.212513e+001 -3.127000e+002
      vertex -1.903667e+001  3.196549e+001 -3.130339e+002
    endloop
  endfacet
  facet normal -5.883071e-001  8.086374e-001 -6.480801e-004
    outer loop
      vertex -1.858931e+001  3.229587e+001 -3.069070e+002
      vertex -1.903667e+001  3.196549e+001 -3.130339e+002
      vertex -1.907060e+001  3.194571e+001 -3.069070e+002
    endloop
  endfacet
  facet normal -8.321475e-001  5.545534e-001  9.054400e-004
    outer loop
      vertex -1.806360e+001  3.294466e+001 -3.109854e+002
      vertex -1.824945e+001  3.266673e+001 -3.115668e+002
      vertex -1.819463e+001  3.274137e+001 -3.069070e+002
    endloop
  endfacet
  facet normal -7.530115e-001  6.580052e-001 -1.682650e-003
    outer loop
      vertex -1.819463e+001  3.274137e+001 -3.069070e+002
      vertex -1.824945e+001  3.266673e+001 -3.115668e+002
      vertex -1.848484e+001  3.239590e+001 -3.121335e+002
    endloop
  endfacet
  facet normal -7.485144e-001  6.631146e-001 -2.270108e-003
    outer loop
      vertex -1.819463e+001  3.274137e+001 -3.069070e+002
      vertex -1.848484e+001  3.239590e+001 -3.121335e+002
      vertex -1.858931e+001  3.229587e+001 -3.069070e+002
    endloop
  endfacet
  facet normal -9.813321e-001  1.923214e-001  0.000000e+000
    outer loop
      vertex -1.773414e+001  3.383148e+001 -3.091339e+002
      vertex -1.774545e+001  3.377379e+001 -3.092507e+002
      vertex -1.773414e+001  3.383148e+001 -3.069070e+002
    endloop
  endfacet
  facet normal -9.587913e-001  2.841012e-001 -2.367984e-003
    outer loop
      vertex -1.773414e+001  3.383148e+001 -3.069070e+002
      vertex -1.774545e+001  3.377379e+001 -3.092507e+002
      vertex -1.786693e+001  3.335653e+001 -3.101237e+002
    endloop
  endfacet
  facet normal -9.578787e-001  2.871591e-001 -2.857170e-003
    outer loop
      vertex -1.773414e+001  3.383148e+001 -3.069070e+002
      vertex -1.786693e+001  3.335653e+001 -3.101237e+002
      vertex -1.790505e+001  3.326136e+001 -3.069070e+002
    endloop
  endfacet
  facet normal -2.923665e-001  9.563063e-001  0.000000e+000
    outer loop
      vertex -1.963968e+001  3.170000e+001 -3.016070e+002
      vertex -1.963968e+001  3.170000e+001 -2.982070e+002
      vertex -1.962872e+001  3.170335e+001 -3.019070e+002
    endloop
  endfacet
  facet normal -3.903348e-001  9.206730e-001 -3.225118e-004
    outer loop
      vertex -1.962872e+001  3.170335e+001 -3.019070e+002
      vertex -1.963968e+001  3.170000e+001 -2.982070e+002
      vertex -1.910220e+001  3.192788e+001 -2.982070e+002
    endloop
  endfacet
  facet normal -3.938508e-001  9.191743e-001  2.687779e-004
    outer loop
      vertex -1.962872e+001  3.170335e+001 -3.019070e+002
      vertex -1.910220e+001  3.192788e+001 -2.982070e+002
      vertex -1.909386e+001  3.193253e+001 -3.019070e+002
    endloop
  endfacet
  facet normal -5.758880e-001  8.175285e-001 -2.694875e-004
    outer loop
      vertex -1.909386e+001  3.193253e+001 -3.019070e+002
      vertex -1.910220e+001  3.192788e+001 -2.982070e+002
      vertex -1.862493e+001  3.226408e+001 -2.982070e+002
    endloop
  endfacet
  facet normal -5.784408e-001  8.157244e-001  2.157136e-004
    outer loop
      vertex -1.909386e+001  3.193253e+001 -3.019070e+002
      vertex -1.862493e+001  3.226408e+001 -2.982070e+002
      vertex -1.861919e+001  3.226913e+001 -3.019070e+002
    endloop
  endfacet
  facet normal -7.354814e-001  6.775450e-001 -2.162740e-004
    outer loop
      vertex -1.861919e+001  3.226913e+001 -3.019070e+002
      vertex -1.862493e+001  3.226408e+001 -2.982070e+002
      vertex -1.822938e+001  3.269345e+001 -2.982070e+002
    endloop
  endfacet
  facet normal -7.371274e-001  6.757537e-001  1.625748e-004
    outer loop
      vertex -1.861919e+001  3.226913e+001 -3.019070e+002
      vertex -1.822938e+001  3.269345e+001 -2.982070e+002
      vertex -1.822597e+001  3.269806e+001 -3.019070e+002
    endloop
  endfacet
  facet normal -8.619345e-001  5.070195e-001 -1.625457e-004
    outer loop
      vertex -1.822597e+001  3.269806e+001 -3.019070e+002
      vertex -1.822938e+001  3.269345e+001 -2.982070e+002
      vertex -1.793338e+001  3.319665e+001 -2.982070e+002
    endloop
  endfacet
  facet normal -8.628110e-001  5.055266e-001  1.079445e-004
    outer loop
      vertex -1.822597e+001  3.269806e+001 -3.019070e+002
      vertex -1.793338e+001  3.319665e+001 -2.982070e+002
      vertex -1.793180e+001  3.320013e+001 -3.019070e+002
    endloop
  endfacet
  facet normal -9.495378e-001  3.136527e-001 -1.093967e-004
    outer loop
      vertex -1.793180e+001  3.320013e+001 -3.019070e+002
      vertex -1.793338e+001  3.319665e+001 -2.982070e+002
      vertex -1.775027e+001  3.375098e+001 -2.982070e+002
    endloop
  endfacet
  facet normal -9.498654e-001  3.126590e-001  5.463462e-005
    outer loop
      vertex -1.793180e+001  3.320013e+001 -3.019070e+002
      vertex -1.775027e+001  3.375098e+001 -2.982070e+002
      vertex -1.774987e+001  3.375285e+001 -3.019070e+002
    endloop
  endfacet
  facet normal -9.943506e-001  1.061464e-001 -5.453167e-005
    outer loop
      vertex -1.774987e+001  3.375285e+001 -3.019070e+002
      vertex -1.775027e+001  3.375098e+001 -2.982070e+002
      vertex -1.768830e+001  3.433148e+001 -2.982070e+002
    endloop
  endfacet
  facet normal -9.943873e-001  1.058016e-001  0.000000e+000
    outer loop
      vertex -1.774987e+001  3.375285e+001 -3.019070e+002
      vertex -1.768830e+001  3.433148e+001 -2.982070e+002
      vertex -1.768830e+001  3.433148e+001 -3.019070e+002
    endloop
  endfacet
  facet normal  3.443796e-004  6.396053e-001 -7.687035e-001
    outer loop
      vertex  2.839557e+001  3.496128e+001 -3.076716e+002
      vertex -1.119984e+001  3.478656e+001 -3.078347e+002
      vertex -1.119984e+001  3.540839e+001 -3.073173e+002
    endloop
  endfacet
  facet normal -2.952762e-004  7.173529e-001 -6.967101e-001
    outer loop
      vertex -1.119984e+001  3.478656e+001 -3.078347e+002
      vertex  2.839557e+001  3.496128e+001 -3.076716e+002
      vertex  2.890407e+001  3.445279e+001 -3.081953e+002
    endloop
  endfacet
  facet normal  3.898851e-004  7.551742e-001 -6.555240e-001
    outer loop
      vertex  2.890407e+001  3.445279e+001 -3.081953e+002
      vertex -1.119984e+001  3.425630e+001 -3.084456e+002
      vertex -1.119984e+001  3.478656e+001 -3.078347e+002
    endloop
  endfacet
  facet normal -3.557340e-004  8.133831e-001 -5.817282e-001
    outer loop
      vertex -1.119984e+001  3.425630e+001 -3.084456e+002
      vertex  2.890407e+001  3.445279e+001 -3.081953e+002
      vertex  2.935068e+001  3.400618e+001 -3.088201e+002
    endloop
  endfacet
  facet normal  3.986479e-004  8.509984e-001 -5.251681e-001
    outer loop
      vertex -1.119984e+001  3.383148e+001 -3.091339e+002
      vertex -1.119984e+001  3.425630e+001 -3.084456e+002
      vertex  2.935068e+001  3.400618e+001 -3.088201e+002
    endloop
  endfacet
  facet normal -1.151724e-004  8.800190e-001 -4.749385e-001
    outer loop
      vertex -1.119984e+001  3.383148e+001 -3.091339e+002
      vertex  2.935068e+001  3.400618e+001 -3.088201e+002
      vertex  2.958307e+001  3.377379e+001 -3.092507e+002
    endloop
  endfacet
  facet normal  0.000000e+000  8.965721e-001 -4.428977e-001
    outer loop
      vertex -1.119984e+001  3.383148e+001 -3.091339e+002
      vertex  2.958307e+001  3.377379e+001 -3.092507e+002
      vertex -1.774545e+001  3.377379e+001 -3.092507e+002
    endloop
  endfacet
  facet normal  0.000000e+000  8.965722e-001 -4.428978e-001
    outer loop
      vertex -1.119984e+001  3.383148e+001 -3.091339e+002
      vertex -1.774545e+001  3.377379e+001 -3.092507e+002
      vertex -1.773414e+001  3.383148e+001 -3.091339e+002
    endloop
  endfacet
  facet normal -1.858077e-004  6.108879e-001 -7.917171e-001
    outer loop
      vertex  2.839557e+001  3.496128e+001 -3.076716e+002
      vertex -1.119984e+001  3.540839e+001 -3.073173e+002
      vertex  2.784333e+001  3.551352e+001 -3.072453e+002
    endloop
  endfacet
  facet normal  2.224754e-004  5.072406e-001 -8.618045e-001
    outer loop
      vertex  2.784333e+001  3.551352e+001 -3.072453e+002
      vertex -1.119984e+001  3.540839e+001 -3.073173e+002
      vertex -1.119984e+001  3.610550e+001 -3.069070e+002
    endloop
  endfacet
  facet normal  1.917244e-005  4.971737e-001 -8.676510e-001
    outer loop
      vertex  2.784333e+001  3.551352e+001 -3.072453e+002
      vertex -1.119984e+001  3.610550e+001 -3.069070e+002
      vertex  2.726083e+001  3.609603e+001 -3.069116e+002
    endloop
  endfacet
  facet normal -2.030418e-005  3.670990e-001 -9.301819e-001
    outer loop
      vertex  2.726083e+001  3.609603e+001 -3.069116e+002
      vertex -1.119984e+001  3.610550e+001 -3.069070e+002
      vertex -1.119984e+001  3.680408e+001 -3.066313e+002
    endloop
  endfacet
  facet normal -1.505945e-005  3.673454e-001 -9.300847e-001
    outer loop
      vertex  2.726083e+001  3.609603e+001 -3.069116e+002
      vertex -1.119984e+001  3.680408e+001 -3.066313e+002
      vertex  2.654598e+001  3.681088e+001 -3.066292e+002
    endloop
  endfacet
  facet normal  1.329854e-005  2.235794e-001 -9.746857e-001
    outer loop
      vertex  2.654598e+001  3.681088e+001 -3.066292e+002
      vertex -1.119984e+001  3.680408e+001 -3.066313e+002
      vertex -1.119984e+001  3.753607e+001 -3.064634e+002
    endloop
  endfacet
  facet normal -1.526912e-005  2.221664e-001 -9.750087e-001
    outer loop
      vertex  2.654598e+001  3.681088e+001 -3.066292e+002
      vertex -1.119984e+001  3.753607e+001 -3.064634e+002
      vertex  2.581316e+001  3.754370e+001 -3.064622e+002
    endloop
  endfacet
  facet normal  1.575605e-005  7.509490e-002 -9.971764e-001
    outer loop
      vertex  2.581316e+001  3.754370e+001 -3.064622e+002
      vertex -1.119984e+001  3.753607e+001 -3.064634e+002
      vertex -1.119984e+001  3.828495e+001 -3.064070e+002
    endloop
  endfacet
  facet normal  0.000000e+000  7.431252e-002 -9.972350e-001
    outer loop
      vertex  2.581316e+001  3.754370e+001 -3.064622e+002
      vertex -1.119984e+001  3.828495e+001 -3.064070e+002
      vertex  2.507191e+001  3.828495e+001 -3.064070e+002
    endloop
  endfacet
  facet normal  0.000000e+000  0.000000e+000  1.000000e+000
    outer loop
      vertex -2.019984e+001  3.150000e+001 -3.069070e+002
      vertex -1.961596e+001  3.170732e+001 -3.069070e+002
      vertex -2.019984e+001  3.159184e+001 -3.069070e+002
    endloop
  endfacet
  facet normal  -0.000000e+000  0.000000e+000  1.000000e+000
    outer loop
      vertex -1.119984e+001  3.383148e+001 -3.069070e+002
      vertex -1.773414e+001  3.383148e+001 -3.069070e+002
      vertex -1.790505e+001  3.326136e+001 -3.069070e+002
    endloop
  endfacet
  facet normal  -0.000000e+000  0.000000e+000  1.000000e+000
    outer loop
      vertex -1.119984e+001  3.383148e+001 -3.069070e+002
      vertex -1.790505e+001  3.326136e+001 -3.069070e+002
      vertex -1.819463e+001  3.274137e+001 -3.069070e+002
    endloop
  endfacet
  facet normal  -0.000000e+000  0.000000e+000  9.999999e-001
    outer loop
      vertex -1.119984e+001  3.383148e+001 -3.069070e+002
      vertex -1.819463e+001  3.274137e+001 -3.069070e+002
      vertex -1.858931e+001  3.229587e+001 -3.069070e+002
    endloop
  endfacet
  facet normal  -0.000000e+000  0.000000e+000  9.999999e-001
    outer loop
      vertex -1.119984e+001  3.383148e+001 -3.069070e+002
      vertex -1.858931e+001  3.229587e+001 -3.069070e+002
      vertex -1.907060e+001  3.194571e+001 -3.069070e+002
    endloop
  endfacet
  facet normal  -0.000000e+000  0.000000e+000  1.000000e+000
    outer loop
      vertex -1.119984e+001  3.383148e+001 -3.069070e+002
      vertex -1.907060e+001  3.194571e+001 -3.069070e+002
      vertex -1.961596e+001  3.170732e+001 -3.069070e+002
    endloop
  endfacet
  facet normal  -0.000000e+000  0.000000e+000  1.000000e+000
    outer loop
      vertex -1.119984e+001  3.383148e+001 -3.069070e+002
      vertex -1.961596e+001  3.170732e+001 -3.069070e+002
      vertex -2.019984e+001  3.150000e+001 -3.069070e+002
    endloop
  endfacet
  facet normal  0.000000e+000  0.000000e+000  1.000000e+000
    outer loop
      vertex -1.119984e+001  3.383148e+001 -3.069070e+002
      vertex -2.019984e+001  3.150000e+001 -3.069070e+002
      vertex -1.119984e+001  3.150000e+001 -3.069070e+002
    endloop
  endfacet
  facet normal  1.000000e+000  0.000000e+000  0.000000e+000
    outer loop
      vertex -2.019984e+001  3.707113e+001 -3.019070e+002
      vertex -2.019984e+001  3.707113e+001 -3.065565e+002
      vertex -2.019984e+001  3.767345e+001 -3.064445e+002
    endloop
  endfacet
  facet normal  9.999999e-001  0.000000e+000  -0.000000e+000
    outer loop
      vertex -2.019984e+001  3.707113e+001 -3.019070e+002
      vertex -2.019984e+001  3.767345e+001 -3.064445e+002
      vertex -2.019984e+001  3.828495e+001 -3.064070e+002
    endloop
  endfacet
  facet normal  1.000000e+000  0.000000e+000  -0.000000e+000
    outer loop
      vertex -2.019984e+001  3.707113e+001 -3.019070e+002
      vertex -2.019984e+001  3.828495e+001 -3.064070e+002
      vertex -2.019984e+001  3.883148e+001 -3.064070e+002
    endloop
  endfacet
  facet normal  9.999999e-001  0.000000e+000  -0.000000e+000
    outer loop
      vertex -2.019984e+001  3.707113e+001 -3.019070e+002
      vertex -2.019984e+001  3.883148e+001 -3.064070e+002
      vertex -2.019984e+001  3.883148e+001 -3.019070e+002
    endloop
  endfacet
  facet normal  1.000000e+000  0.000000e+000  0.000000e+000
    outer loop
      vertex -2.019984e+001  3.159184e+001 -3.069070e+002
      vertex -2.019984e+001  3.159184e+001 -3.019070e+002
      vertex -2.019984e+001  3.150000e+001 -3.069070e+002
    endloop
  endfacet
  facet normal  1.000000e+000  0.000000e+000  0.000000e+000
    outer loop
      vertex -2.019984e+001  3.150000e+001 -3.069070e+002
      vertex -2.019984e+001  3.159184e+001 -3.019070e+002
      vertex -2.019984e+001  3.150000e+001 -3.019070e+002
    endloop
  endfacet
  facet normal  0.000000e+000  0.000000e+000 -1.000000e+000
    outer loop
      vertex -1.119984e+001  3.883148e+001 -3.019070e+002
      vertex -1.861919e+001  3.226913e+001 -3.019070e+002
      vertex -1.822597e+001  3.269806e+001 -3.019070e+002
    endloop
  endfacet
  facet normal  0.000000e+000  0.000000e+000 -1.000000e+000
    outer loop
      vertex -1.119984e+001  3.883148e+001 -3.019070e+002
      vertex -1.822597e+001  3.269806e+001 -3.019070e+002
      vertex -1.793180e+001  3.320013e+001 -3.019070e+002
    endloop
  endfacet
  facet normal  0.000000e+000  0.000000e+000 -9.999999e-001
    outer loop
      vertex -1.119984e+001  3.883148e+001 -3.019070e+002
      vertex -1.793180e+001  3.320013e+001 -3.019070e+002
      vertex -1.774987e+001  3.375285e+001 -3.019070e+002
    endloop
  endfacet
  facet normal  0.000000e+000  0.000000e+000 -1.000000e+000
    outer loop
      vertex -1.119984e+001  3.883148e+001 -3.019070e+002
      vertex -1.774987e+001  3.375285e+001 -3.019070e+002
      vertex -1.768830e+001  3.433148e+001 -3.019070e+002
    endloop
  endfacet
  facet normal  0.000000e+000  0.000000e+000 -1.000000e+000
    outer loop
      vertex -1.119984e+001  3.883148e+001 -3.019070e+002
      vertex -1.768830e+001  3.433148e+001 -3.019070e+002
      vertex -1.774987e+001  3.491011e+001 -3.019070e+002
    endloop
  endfacet
  facet normal  0.000000e+000  0.000000e+000 -1.000000e+000
    outer loop
      vertex -1.119984e+001  3.883148e+001 -3.019070e+002
      vertex -1.774987e+001  3.491011e+001 -3.019070e+002
      vertex -1.793180e+001  3.546284e+001 -3.019070e+002
    endloop
  endfacet
  facet normal  0.000000e+000  0.000000e+000 -1.000000e+000
    outer loop
      vertex -1.119984e+001  3.883148e+001 -3.019070e+002
      vertex -1.793180e+001  3.546284e+001 -3.019070e+002
      vertex -1.822597e+001  3.596491e+001 -3.019070e+002
    endloop
  endfacet
  facet normal  0.000000e+000  0.000000e+000 -1.000000e+000
    outer loop
      vertex -1.119984e+001  3.883148e+001 -3.019070e+002
      vertex -1.822597e+001  3.596491e+001 -3.019070e+002
      vertex -1.861919e+001  3.639384e+001 -3.019070e+002
    endloop
  endfacet
  facet normal  0.000000e+000  0.000000e+000 -1.000000e+000
    outer loop
      vertex -1.119984e+001  3.883148e+001 -3.019070e+002
      vertex -1.861919e+001  3.639384e+001 -3.019070e+002
      vertex -1.909386e+001  3.673043e+001 -3.019070e+002
    endloop
  endfacet
  facet normal  0.000000e+000  0.000000e+000 -1.000000e+000
    outer loop
      vertex -1.119984e+001  3.883148e+001 -3.019070e+002
      vertex -1.909386e+001  3.673043e+001 -3.019070e+002
      vertex -1.962872e+001  3.695962e+001 -3.019070e+002
    endloop
  endfacet
  facet normal  0.000000e+000  0.000000e+000 -1.000000e+000
    outer loop
      vertex -1.119984e+001  3.883148e+001 -3.019070e+002
      vertex -1.962872e+001  3.695962e+001 -3.019070e+002
      vertex -2.019984e+001  3.707113e+001 -3.019070e+002
    endloop
  endfacet
  facet normal  0.000000e+000  0.000000e+000 -9.999999e-001
    outer loop
      vertex -1.119984e+001  3.883148e+001 -3.019070e+002
      vertex -2.019984e+001  3.707113e+001 -3.019070e+002
      vertex -2.019984e+001  3.883148e+001 -3.019070e+002
    endloop
  endfacet
  facet normal  0.000000e+000  0.000000e+000 -9.999999e-001
    outer loop
      vertex -1.119984e+001  3.150000e+001 -3.019070e+002
      vertex -2.019984e+001  3.150000e+001 -3.019070e+002
      vertex -2.019984e+001  3.159184e+001 -3.019070e+002
    endloop
  endfacet
  facet normal  0.000000e+000  0.000000e+000 -1.000000e+000
    outer loop
      vertex -1.119984e+001  3.150000e+001 -3.019070e+002
      vertex -2.019984e+001  3.159184e+001 -3.019070e+002
      vertex -1.962872e+001  3.170335e+001 -3.019070e+002
    endloop
  endfacet
  facet normal  0.000000e+000  0.000000e+000 -1.000000e+000
    outer loop
      vertex -1.119984e+001  3.150000e+001 -3.019070e+002
      vertex -1.962872e+001  3.170335e+001 -3.019070e+002
      vertex -1.909386e+001  3.193253e+001 -3.019070e+002
    endloop
  endfacet
  facet normal  0.000000e+000  0.000000e+000 -1.000000e+000
    outer loop
      vertex -1.119984e+001  3.150000e+001 -3.019070e+002
      vertex -1.909386e+001  3.193253e+001 -3.019070e+002
      vertex -1.861919e+001  3.226913e+001 -3.019070e+002
    endloop
  endfacet
  facet normal  0.000000e+000  0.000000e+000 -1.000000e+000
    outer loop
      vertex -1.119984e+001  3.150000e+001 -3.019070e+002
      vertex -1.861919e+001  3.226913e+001 -3.019070e+002
      vertex -1.119984e+001  3.883148e+001 -3.019070e+002
    endloop
  endfacet
  facet normal  0.000000e+000  1.000000e+000  0.000000e+000
    outer loop
      vertex -2.386350e+001  3.883148e+001 -2.942070e+002
      vertex  2.452537e+001  3.883148e+001 -2.942070e+002
      vertex -1.119984e+001  3.883148e+001 -3.019070e+002
    endloop
  endfacet
  facet normal  0.000000e+000  1.000000e+000  0.000000e+000
    outer loop
      vertex -2.386350e+001  3.883148e+001 -2.942070e+002
      vertex -1.119984e+001  3.883148e+001 -3.019070e+002
      vertex -2.019984e+001  3.883148e+001 -3.019070e+002
    endloop
  endfacet
  facet normal  0.000000e+000  1.000000e+000  0.000000e+000
    outer loop
      vertex -2.386350e+001  3.883148e+001 -2.942070e+002
      vertex -2.019984e+001  3.883148e+001 -3.019070e+002
      vertex -2.019984e+001  3.883148e+001 -3.064070e+002
    endloop
  endfacet
  facet normal  0.000000e+000  1.000000e+000  0.000000e+000
    outer loop
      vertex -2.386350e+001  3.883148e+001 -2.942070e+002
      vertex -2.019984e+001  3.883148e+001 -3.064070e+002
      vertex -2.386350e+001  3.883148e+001 -3.064070e+002
    endloop
  endfacet
  facet normal  0.000000e+000  1.000000e+000  0.000000e+000
    outer loop
      vertex  2.452537e+001  3.883148e+001 -3.064070e+002
      vertex -1.119984e+001  3.883148e+001 -3.064070e+002
      vertex  2.452537e+001  3.883148e+001 -2.942070e+002
    endloop
  endfacet
  facet normal  0.000000e+000  9.999999e-001  0.000000e+000
    outer loop
      vertex  2.452537e+001  3.883148e+001 -2.942070e+002
      vertex -1.119984e+001  3.883148e+001 -3.064070e+002
      vertex -1.119984e+001  3.883148e+001 -3.019070e+002
    endloop
  endfacet
  facet normal  0.000000e+000 -1.000000e+000  0.000000e+000
    outer loop
      vertex -2.633138e+001  3.150000e+001 -3.014070e+002
      vertex -2.888238e+001  3.150000e+001 -3.014070e+002
      vertex -2.633138e+001  3.150000e+001 -3.016070e+002
    endloop
  endfacet
  facet normal  0.000000e+000 -1.000000e+000  0.000000e+000
    outer loop
      vertex -2.988238e+001  3.150000e+001 -3.014070e+002
      vertex -2.988238e+001  3.150000e+001 -3.140078e+002
      vertex -2.888238e+001  3.150000e+001 -3.014070e+002
    endloop
  endfacet
  facet normal  0.000000e+000 -1.000000e+000  -0.000000e+000
    outer loop
      vertex -2.888238e+001  3.150000e+001 -3.014070e+002
      vertex -2.988238e+001  3.150000e+001 -3.140078e+002
      vertex -2.633138e+001  3.150000e+001 -3.016070e+002
    endloop
  endfacet
  facet normal  -0.000000e+000 -1.000000e+000  0.000000e+000
    outer loop
      vertex -2.988238e+001  3.150000e+001 -3.140078e+002
      vertex -2.019984e+001  3.150000e+001 -3.069070e+002
      vertex -2.633138e+001  3.150000e+001 -3.016070e+002
    endloop
  endfacet
  facet normal  0.000000e+000 -1.000000e+000  0.000000e+000
    outer loop
      vertex -2.633138e+001  3.150000e+001 -3.016070e+002
      vertex -2.019984e+001  3.150000e+001 -3.069070e+002
      vertex -2.019984e+001  3.150000e+001 -3.019070e+002
    endloop
  endfacet
  facet normal  -0.000000e+000 -9.999999e-001  0.000000e+000
    outer loop
      vertex  5.957367e+000  3.150000e+001 -3.130641e+002
      vertex  2.911762e+001  3.150000e+001 -3.114070e+002
      vertex -1.119984e+001  3.150000e+001 -3.069070e+002
    endloop
  endfacet
  facet normal  0.000000e+000 -1.000000e+000  0.000000e+000
    outer loop
      vertex -1.119984e+001  3.150000e+001 -3.069070e+002
      vertex  2.911762e+001  3.150000e+001 -3.114070e+002
      vertex  2.656662e+001  3.150000e+001 -3.016070e+002
    endloop
  endfacet
  facet normal  0.000000e+000 -1.000000e+000  0.000000e+000
    outer loop
      vertex -1.119984e+001  3.150000e+001 -3.069070e+002
      vertex  2.656662e+001  3.150000e+001 -3.016070e+002
      vertex -1.119984e+001  3.150000e+001 -3.019070e+002
    endloop
  endfacet
  facet normal  0.000000e+000 -1.000000e+000  0.000000e+000
    outer loop
      vertex -1.119984e+001  3.150000e+001 -3.019070e+002
      vertex  2.656662e+001  3.150000e+001 -3.016070e+002
      vertex -2.633138e+001  3.150000e+001 -3.016070e+002
    endloop
  endfacet
  facet normal  0.000000e+000 -1.000000e+000  0.000000e+000
    outer loop
      vertex -1.119984e+001  3.150000e+001 -3.019070e+002
      vertex -2.633138e+001  3.150000e+001 -3.016070e+002
      vertex -2.019984e+001  3.150000e+001 -3.019070e+002
    endloop
  endfacet
  facet normal  0.000000e+000 -1.000000e+000  -0.000000e+000
    outer loop
      vertex  2.911762e+001  3.150000e+001 -3.114070e+002
      vertex  2.911762e+001  3.150000e+001 -3.014070e+002
      vertex  2.656662e+001  3.150000e+001 -3.016070e+002
    endloop
  endfacet
  facet normal  0.000000e+000 -1.000000e+000  0.000000e+000
    outer loop
      vertex  2.656662e+001  3.150000e+001 -3.016070e+002
      vertex  2.911762e+001  3.150000e+001 -3.014070e+002
      vertex  2.656662e+001  3.150000e+001 -3.014070e+002
    endloop
  endfacet
  facet normal  0.000000e+000 -1.000000e+000  0.000000e+000
    outer loop
      vertex  5.957367e+000  3.150000e+001 -3.130641e+002
      vertex -1.119984e+001  3.150000e+001 -3.069070e+002
      vertex  5.555128e+000  3.150000e+001 -3.140078e+002
    endloop
  endfacet
  facet normal  0.000000e+000 -1.000000e+000  0.000000e+000
    outer loop
      vertex  5.555128e+000  3.150000e+001 -3.140078e+002
      vertex -1.119984e+001  3.150000e+001 -3.069070e+002
      vertex -2.019984e+001  3.150000e+001 -3.069070e+002
    endloop
  endfacet
  facet normal  0.000000e+000 -1.000000e+000  -0.000000e+000
    outer loop
      vertex  5.555128e+000  3.150000e+001 -3.140078e+002
      vertex -2.019984e+001  3.150000e+001 -3.069070e+002
      vertex -2.988238e+001  3.150000e+001 -3.140078e+002
    endloop
  endfacet
  facet normal  1.000000e+000  -0.000000e+000  0.000000e+000
    outer loop
      vertex -3.058237e+001 -7.964836e+000 -2.942070e+002
      vertex -3.058237e+001 -1.446484e+001 -2.942070e+002
      vertex -3.058237e+001 -7.964836e+000 -3.016070e+002
    endloop
  endfacet
  facet normal  1.000000e+000  0.000000e+000  0.000000e+000
    outer loop
      vertex -3.058237e+001 -7.964836e+000 -3.016070e+002
      vertex -3.058237e+001 -1.446484e+001 -2.942070e+002
      vertex -3.058237e+001 -1.446484e+001 -3.016070e+002
    endloop
  endfacet
  facet normal  1.000000e+000  -0.000000e+000  0.000000e+000
    outer loop
      vertex -3.058237e+001 -1.446484e+001 -2.942070e+002
      vertex -3.058237e+001 -2.096484e+001 -2.942070e+002
      vertex -3.058237e+001 -1.446484e+001 -3.016070e+002
    endloop
  endfacet
  facet normal  1.000000e+000  0.000000e+000  0.000000e+000
    outer loop
      vertex -3.058237e+001 -1.446484e+001 -3.016070e+002
      vertex -3.058237e+001 -2.096484e+001 -2.942070e+002
      vertex -3.058237e+001 -2.096484e+001 -3.016070e+002
    endloop
  endfacet
  facet normal  1.000000e+000  0.000000e+000  0.000000e+000
    outer loop
      vertex -2.988238e+001 -2.096484e+001 -3.016070e+002
      vertex -2.988238e+001 -2.096484e+001 -3.014070e+002
      vertex -2.988238e+001 -2.271097e+001 -3.049922e+002
    endloop
  endfacet
  facet normal  1.000000e+000  0.000000e+000  0.000000e+000
    outer loop
      vertex -2.988238e+001 -2.096484e+001 -3.016070e+002
      vertex -2.988238e+001 -2.271097e+001 -3.049922e+002
      vertex -2.988238e+001 -1.538107e+001 -3.049922e+002
    endloop
  endfacet
  facet normal  1.000000e+000  0.000000e+000  -0.000000e+000
    outer loop
      vertex -2.988238e+001 -2.096484e+001 -3.016070e+002
      vertex -2.988238e+001 -1.538107e+001 -3.049922e+002
      vertex -2.988238e+001 -1.358843e+001 -3.049922e+002
    endloop
  endfacet
  facet normal  1.000000e+000  0.000000e+000  -0.000000e+000
    outer loop
      vertex -2.988238e+001 -2.096484e+001 -3.016070e+002
      vertex -2.988238e+001 -1.358843e+001 -3.049922e+002
      vertex -2.988238e+001 -6.218697e+000 -3.049922e+002
    endloop
  endfacet
  facet normal  1.000000e+000  0.000000e+000  0.000000e+000
    outer loop
      vertex -2.988238e+001 -2.096484e+001 -3.016070e+002
      vertex -2.988238e+001 -6.218697e+000 -3.049922e+002
      vertex -2.988238e+001 -7.964836e+000 -3.016070e+002
    endloop
  endfacet
  facet normal  1.000000e+000  0.000000e+000  0.000000e+000
    outer loop
      vertex -2.988238e+001  3.100000e+001 -3.176699e+002
      vertex -2.988238e+001  3.100000e+001 -3.150539e+002
      vertex -2.988238e+001  2.182966e+001 -3.145530e+002
    endloop
  endfacet
  facet normal  1.000000e+000  0.000000e+000  0.000000e+000
    outer loop
      vertex -2.988238e+001  3.100000e+001 -3.176699e+002
      vertex -2.988238e+001  2.182966e+001 -3.145530e+002
      vertex -2.988238e+001  1.449976e+001 -3.145530e+002
    endloop
  endfacet
  facet normal  1.000000e+000  0.000000e+000  0.000000e+000
    outer loop
      vertex -2.988238e+001  3.100000e+001 -3.176699e+002
      vertex -2.988238e+001  1.449976e+001 -3.145530e+002
      vertex -2.988238e+001  1.270712e+001 -3.145530e+002
    endloop
  endfacet
  facet normal  1.000000e+000  0.000000e+000  0.000000e+000
    outer loop
      vertex -2.988238e+001  3.100000e+001 -3.176699e+002
      vertex -2.988238e+001  1.270712e+001 -3.145530e+002
      vertex -2.988238e+001  5.377217e+000 -3.145530e+002
    endloop
  endfacet
  facet normal  1.000000e+000  0.000000e+000  0.000000e+000
    outer loop
      vertex -2.988238e+001  3.100000e+001 -3.176699e+002
      vertex -2.988238e+001  5.377217e+000 -3.145530e+002
      vertex -2.988238e+001  3.584579e+000 -3.145530e+002
    endloop
  endfacet
  facet normal  1.000000e+000  0.000000e+000  0.000000e+000
    outer loop
      vertex -2.988238e+001  3.100000e+001 -3.176699e+002
      vertex -2.988238e+001  3.584579e+000 -3.145530e+002
      vertex -2.988238e+001 -3.745322e+000 -3.145530e+002
    endloop
  endfacet
  facet normal  1.000000e+000  0.000000e+000  0.000000e+000
    outer loop
      vertex -2.988238e+001  3.100000e+001 -3.176699e+002
      vertex -2.988238e+001 -3.745322e+000 -3.145530e+002
      vertex -2.988238e+001 -6.218697e+000 -3.145530e+002
    endloop
  endfacet
  facet normal  1.000000e+000  0.000000e+000  0.000000e+000
    outer loop
      vertex -2.988238e+001  3.100000e+001 -3.176699e+002
      vertex -2.988238e+001 -6.218697e+000 -3.145530e+002
      vertex -2.988238e+001 -1.358843e+001 -3.145530e+002
    endloop
  endfacet
  facet normal  1.000000e+000  0.000000e+000  0.000000e+000
    outer loop
      vertex -2.988238e+001  3.100000e+001 -3.176699e+002
      vertex -2.988238e+001 -1.358843e+001 -3.145530e+002
      vertex -2.988238e+001 -1.538107e+001 -3.145530e+002
    endloop
  endfacet
  facet normal  1.000000e+000  0.000000e+000  0.000000e+000
    outer loop
      vertex -2.988238e+001  3.100000e+001 -3.176699e+002
      vertex -2.988238e+001 -1.538107e+001 -3.145530e+002
      vertex -2.988238e+001 -2.271097e+001 -3.145530e+002
    endloop
  endfacet
  facet normal  1.000000e+000  0.000000e+000  0.000000e+000
    outer loop
      vertex -2.988238e+001  3.100000e+001 -3.176699e+002
      vertex -2.988238e+001 -2.271097e+001 -3.145530e+002
      vertex -2.988238e+001 -3.100000e+001 -3.176699e+002
    endloop
  endfacet
  facet normal  1.000000e+000  -0.000000e+000  0.000000e+000
    outer loop
      vertex -2.988238e+001  3.150000e+001 -3.014070e+002
      vertex -2.988238e+001 -7.964836e+000 -3.014070e+002
      vertex -2.988238e+001 -7.964836e+000 -3.016070e+002
    endloop
  endfacet
  facet normal  1.000000e+000  -0.000000e+000  0.000000e+000
    outer loop
      vertex -2.988238e+001  3.150000e+001 -3.014070e+002
      vertex -2.988238e+001 -7.964836e+000 -3.016070e+002
      vertex -2.988238e+001 -6.218697e+000 -3.049922e+002
    endloop
  endfacet
  facet normal  1.000000e+000  0.000000e+000  0.000000e+000
    outer loop
      vertex -2.988238e+001  3.150000e+001 -3.014070e+002
      vertex -2.988238e+001 -6.218697e+000 -3.049922e+002
      vertex -2.988238e+001 -3.745322e+000 -3.049922e+002
    endloop
  endfacet
  facet normal  9.999999e-001  0.000000e+000  0.000000e+000
    outer loop
      vertex -2.988238e+001  3.150000e+001 -3.014070e+002
      vertex -2.988238e+001 -3.745322e+000 -3.049922e+002
      vertex -2.988238e+001  3.584579e+000 -3.049922e+002
    endloop
  endfacet
  facet normal  1.000000e+000  0.000000e+000  0.000000e+000
    outer loop
      vertex -2.988238e+001  3.150000e+001 -3.014070e+002
      vertex -2.988238e+001  3.584579e+000 -3.049922e+002
      vertex -2.988238e+001  5.377217e+000 -3.049922e+002
    endloop
  endfacet
  facet normal  9.999999e-001  0.000000e+000  0.000000e+000
    outer loop
      vertex -2.988238e+001  3.150000e+001 -3.014070e+002
      vertex -2.988238e+001  5.377217e+000 -3.049922e+002
      vertex -2.988238e+001  1.270712e+001 -3.049922e+002
    endloop
  endfacet
  facet normal  1.000000e+000  0.000000e+000  0.000000e+000
    outer loop
      vertex -2.988238e+001  3.150000e+001 -3.014070e+002
      vertex -2.988238e+001  1.270712e+001 -3.049922e+002
      vertex -2.988238e+001  1.449976e+001 -3.049922e+002
    endloop
  endfacet
  facet normal  1.000000e+000  0.000000e+000  0.000000e+000
    outer loop
      vertex -2.988238e+001  3.150000e+001 -3.014070e+002
      vertex -2.988238e+001  1.449976e+001 -3.049922e+002
      vertex -2.988238e+001  2.182966e+001 -3.049922e+002
    endloop
  endfacet
  facet normal  1.000000e+000  -0.000000e+000  0.000000e+000
    outer loop
      vertex -2.988238e+001  3.150000e+001 -3.014070e+002
      vertex -2.988238e+001  2.182966e+001 -3.049922e+002
      vertex -2.988238e+001  3.150000e+001 -3.140078e+002
    endloop
  endfacet
  facet normal  1.000000e+000  0.000000e+000  0.000000e+000
    outer loop
      vertex -2.988238e+001 -3.100000e+001 -3.176699e+002
      vertex -2.988238e+001 -2.271097e+001 -3.145530e+002
      vertex -2.988238e+001 -3.100000e+001 -3.150539e+002
    endloop
  endfacet
  facet normal  1.000000e+000  0.000000e+000  0.000000e+000
    outer loop
      vertex -2.988238e+001 -3.100000e+001 -3.150539e+002
      vertex -2.988238e+001 -2.271097e+001 -3.145530e+002
      vertex -2.988238e+001 -2.271097e+001 -3.049922e+002
    endloop
  endfacet
  facet normal  1.000000e+000  0.000000e+000  0.000000e+000
    outer loop
      vertex -2.988238e+001 -3.100000e+001 -3.150539e+002
      vertex -2.988238e+001 -2.271097e+001 -3.049922e+002
      vertex -2.988238e+001 -3.150000e+001 -3.140078e+002
    endloop
  endfacet
  facet normal  1.000000e+000  0.000000e+000  0.000000e+000
    outer loop
      vertex -2.988238e+001 -3.150000e+001 -3.140078e+002
      vertex -2.988238e+001 -2.271097e+001 -3.049922e+002
      vertex -2.988238e+001 -2.096484e+001 -3.014070e+002
    endloop
  endfacet
  facet normal  1.000000e+000  0.000000e+000  0.000000e+000
    outer loop
      vertex -2.988238e+001 -3.150000e+001 -3.140078e+002
      vertex -2.988238e+001 -2.096484e+001 -3.014070e+002
      vertex -2.988238e+001 -3.150000e+001 -3.014070e+002
    endloop
  endfacet
  facet normal  1.000000e+000  0.000000e+000  0.000000e+000
    outer loop
      vertex -2.988238e+001  2.182966e+001 -3.145530e+002
      vertex -2.988238e+001  3.100000e+001 -3.150539e+002
      vertex -2.988238e+001  2.182966e+001 -3.049922e+002
    endloop
  endfacet
  facet normal  9.999999e-001  0.000000e+000  0.000000e+000
    outer loop
      vertex -2.988238e+001  2.182966e+001 -3.049922e+002
      vertex -2.988238e+001  3.100000e+001 -3.150539e+002
      vertex -2.988238e+001  3.150000e+001 -3.140078e+002
    endloop
  endfacet
  facet normal  1.000000e+000  0.000000e+000  0.000000e+000
    outer loop
      vertex -2.988238e+001  1.270712e+001 -3.049922e+002
      vertex -2.988238e+001  1.270712e+001 -3.145530e+002
      vertex -2.988238e+001  1.449976e+001 -3.049922e+002
    endloop
  endfacet
  facet normal  1.000000e+000  0.000000e+000  0.000000e+000
    outer loop
      vertex -2.988238e+001  1.449976e+001 -3.049922e+002
      vertex -2.988238e+001  1.270712e+001 -3.145530e+002
      vertex -2.988238e+001  1.449976e+001 -3.145530e+002
    endloop
  endfacet
  facet normal  1.000000e+000  0.000000e+000  0.000000e+000
    outer loop
      vertex -2.988238e+001  3.584579e+000 -3.049922e+002
      vertex -2.988238e+001  3.584579e+000 -3.145530e+002
      vertex -2.988238e+001  5.377217e+000 -3.049922e+002
    endloop
  endfacet
  facet normal  1.000000e+000  0.000000e+000  0.000000e+000
    outer loop
      vertex -2.988238e+001  5.377217e+000 -3.049922e+002
      vertex -2.988238e+001  3.584579e+000 -3.145530e+002
      vertex -2.988238e+001  5.377217e+000 -3.145530e+002
    endloop
  endfacet
  facet normal  1.000000e+000  0.000000e+000  0.000000e+000
    outer loop
      vertex -2.988238e+001 -6.218697e+000 -3.049922e+002
      vertex -2.988238e+001 -6.218697e+000 -3.145530e+002
      vertex -2.988238e+001 -3.745322e+000 -3.049922e+002
    endloop
  endfacet
  facet normal  1.000000e+000  0.000000e+000  0.000000e+000
    outer loop
      vertex -2.988238e+001 -3.745322e+000 -3.049922e+002
      vertex -2.988238e+001 -6.218697e+000 -3.145530e+002
      vertex -2.988238e+001 -3.745322e+000 -3.145530e+002
    endloop
  endfacet
  facet normal  1.000000e+000  0.000000e+000  0.000000e+000
    outer loop
      vertex -2.988238e+001 -1.538107e+001 -3.049922e+002
      vertex -2.988238e+001 -1.538107e+001 -3.145530e+002
      vertex -2.988238e+001 -1.358843e+001 -3.049922e+002
    endloop
  endfacet
  facet normal  1.000000e+000  0.000000e+000  0.000000e+000
    outer loop
      vertex -2.988238e+001 -1.358843e+001 -3.049922e+002
      vertex -2.988238e+001 -1.538107e+001 -3.145530e+002
      vertex -2.988238e+001 -1.358843e+001 -3.145530e+002
    endloop
  endfacet
  facet normal  -0.000000e+000  0.000000e+000 -1.000000e+000
    outer loop
      vertex -2.988238e+001 -2.096484e+001 -3.014070e+002
      vertex -2.908237e+001 -2.096484e+001 -3.014070e+002
      vertex -2.988238e+001 -3.150000e+001 -3.014070e+002
    endloop
  endfacet
  facet normal  0.000000e+000  0.000000e+000 -1.000000e+000
    outer loop
      vertex -2.988238e+001 -3.150000e+001 -3.014070e+002
      vertex -2.908237e+001 -2.096484e+001 -3.014070e+002
      vertex -2.908237e+001 -2.770000e+001 -3.014070e+002
    endloop
  endfacet
  facet normal  0.000000e+000  -0.000000e+000 -9.999999e-001
    outer loop
      vertex -2.988238e+001 -3.150000e+001 -3.014070e+002
      vertex -2.908237e+001 -2.770000e+001 -3.014070e+002
      vertex -2.888238e+001 -3.150000e+001 -3.014070e+002
    endloop
  endfacet
  facet normal  0.000000e+000  0.000000e+000 -1.000000e+000
    outer loop
      vertex -2.888238e+001 -3.150000e+001 -3.014070e+002
      vertex -2.908237e+001 -2.770000e+001 -3.014070e+002
      vertex -2.903206e+001 -2.833245e+001 -3.014070e+002
    endloop
  endfacet
  facet normal  0.000000e+000  0.000000e+000 -9.999999e-001
    outer loop
      vertex -2.888238e+001 -3.150000e+001 -3.014070e+002
      vertex -2.903206e+001 -2.833245e+001 -3.014070e+002
      vertex -2.888238e+001 -2.894900e+001 -3.014070e+002
    endloop
  endfacet
  facet normal  0.000000e+000  0.000000e+000 -1.000000e+000
    outer loop
      vertex -2.908237e+001 -7.964836e+000 -3.014070e+002
      vertex -2.988238e+001 -7.964836e+000 -3.014070e+002
      vertex -2.908237e+001  2.770000e+001 -3.014070e+002
    endloop
  endfacet
  facet normal  -0.000000e+000  0.000000e+000 -1.000000e+000
    outer loop
      vertex -2.908237e+001  2.770000e+001 -3.014070e+002
      vertex -2.988238e+001 -7.964836e+000 -3.014070e+002
      vertex -2.988238e+001  3.150000e+001 -3.014070e+002
    endloop
  endfacet
  facet normal  0.000000e+000  0.000000e+000 -9.999999e-001
    outer loop
      vertex -2.908237e+001  2.770000e+001 -3.014070e+002
      vertex -2.988238e+001  3.150000e+001 -3.014070e+002
      vertex -2.903206e+001  2.833245e+001 -3.014070e+002
    endloop
  endfacet
  facet normal  -0.000000e+000  0.000000e+000 -1.000000e+000
    outer loop
      vertex -2.988238e+001  3.150000e+001 -3.014070e+002
      vertex -2.888238e+001  3.150000e+001 -3.014070e+002
      vertex -2.903206e+001  2.833245e+001 -3.014070e+002
    endloop
  endfacet
  facet normal  0.000000e+000  0.000000e+000 -9.999999e-001
    outer loop
      vertex -2.903206e+001  2.833245e+001 -3.014070e+002
      vertex -2.888238e+001  3.150000e+001 -3.014070e+002
      vertex -2.888238e+001  2.894900e+001 -3.014070e+002
    endloop
  endfacet
  facet normal  1.000000e+000  0.000000e+000  0.000000e+000
    outer loop
      vertex -2.908237e+001 -7.964836e+000 -3.014070e+002
      vertex -2.908237e+001  2.770000e+001 -3.014070e+002
      vertex -2.908237e+001 -7.964836e+000 -2.942070e+002
    endloop
  endfacet
  facet normal  1.000000e+000  -0.000000e+000  0.000000e+000
    outer loop
      vertex -2.908237e+001 -7.964836e+000 -2.942070e+002
      vertex -2.908237e+001  2.770000e+001 -3.014070e+002
      vertex -2.908237e+001  2.770000e+001 -2.942070e+002
    endloop
  endfacet
  facet normal  1.000000e+000  0.000000e+000  0.000000e+000
    outer loop
      vertex -2.908237e+001 -2.770000e+001 -3.014070e+002
      vertex -2.908237e+001 -2.096484e+001 -3.014070e+002
      vertex -2.908237e+001 -2.770000e+001 -2.942070e+002
    endloop
  endfacet
  facet normal  1.000000e+000  -0.000000e+000  0.000000e+000
    outer loop
      vertex -2.908237e+001 -2.770000e+001 -2.942070e+002
      vertex -2.908237e+001 -2.096484e+001 -3.014070e+002
      vertex -2.908237e+001 -2.096484e+001 -2.942070e+002
    endloop
  endfacet
  facet normal  0.000000e+000 -1.000000e+000  0.000000e+000
    outer loop
      vertex -3.058237e+001 -7.964836e+000 -3.016070e+002
      vertex -2.988238e+001 -7.964836e+000 -3.016070e+002
      vertex -3.058237e+001 -7.964836e+000 -2.942070e+002
    endloop
  endfacet
  facet normal  0.000000e+000 -1.000000e+000  0.000000e+000
    outer loop
      vertex -3.058237e+001 -7.964836e+000 -2.942070e+002
      vertex -2.988238e+001 -7.964836e+000 -3.016070e+002
      vertex -2.988238e+001 -7.964836e+000 -3.014070e+002
    endloop
  endfacet
  facet normal  0.000000e+000 -1.000000e+000  0.000000e+000
    outer loop
      vertex -3.058237e+001 -7.964836e+000 -2.942070e+002
      vertex -2.988238e+001 -7.964836e+000 -3.014070e+002
      vertex -2.908237e+001 -7.964836e+000 -2.942070e+002
    endloop
  endfacet
  facet normal  0.000000e+000 -1.000000e+000  -0.000000e+000
    outer loop
      vertex -2.908237e+001 -7.964836e+000 -2.942070e+002
      vertex -2.988238e+001 -7.964836e+000 -3.014070e+002
      vertex -2.908237e+001 -7.964836e+000 -3.014070e+002
    endloop
  endfacet
  facet normal  0.000000e+000  1.000000e+000  0.000000e+000
    outer loop
      vertex -3.058237e+001 -2.096484e+001 -2.942070e+002
      vertex -2.908237e+001 -2.096484e+001 -2.942070e+002
      vertex -2.908237e+001 -2.096484e+001 -3.014070e+002
    endloop
  endfacet
  facet normal  0.000000e+000  1.000000e+000  0.000000e+000
    outer loop
      vertex -3.058237e+001 -2.096484e+001 -2.942070e+002
      vertex -2.908237e+001 -2.096484e+001 -3.014070e+002
      vertex -2.988238e+001 -2.096484e+001 -3.014070e+002
    endloop
  endfacet
  facet normal  0.000000e+000  1.000000e+000  0.000000e+000
    outer loop
      vertex -3.058237e+001 -2.096484e+001 -2.942070e+002
      vertex -2.988238e+001 -2.096484e+001 -3.014070e+002
      vertex -2.988238e+001 -2.096484e+001 -3.016070e+002
    endloop
  endfacet
  facet normal  0.000000e+000  1.000000e+000  0.000000e+000
    outer loop
      vertex -3.058237e+001 -2.096484e+001 -2.942070e+002
      vertex -2.988238e+001 -2.096484e+001 -3.016070e+002
      vertex -3.058237e+001 -2.096484e+001 -3.016070e+002
    endloop
  endfacet
  facet normal  -0.000000e+000  0.000000e+000  1.000000e+000
    outer loop
      vertex -2.988238e+001 -7.964836e+000 -3.016070e+002
      vertex -3.058237e+001 -7.964836e+000 -3.016070e+002
      vertex -2.988238e+001 -2.096484e+001 -3.016070e+002
    endloop
  endfacet
  facet normal  0.000000e+000  0.000000e+000  1.000000e+000
    outer loop
      vertex -2.988238e+001 -2.096484e+001 -3.016070e+002
      vertex -3.058237e+001 -7.964836e+000 -3.016070e+002
      vertex -3.058237e+001 -1.446484e+001 -3.016070e+002
    endloop
  endfacet
  facet normal  0.000000e+000  0.000000e+000  9.999999e-001
    outer loop
      vertex -2.988238e+001 -2.096484e+001 -3.016070e+002
      vertex -3.058237e+001 -1.446484e+001 -3.016070e+002
      vertex -3.058237e+001 -2.096484e+001 -3.016070e+002
    endloop
  endfacet
  facet normal  -0.000000e+000  0.000000e+000 -1.000000e+000
    outer loop
      vertex -2.888238e+001  3.150000e+001 -3.014070e+002
      vertex -2.633138e+001  3.150000e+001 -3.014070e+002
      vertex -2.701654e+001  3.120129e+001 -3.014070e+002
    endloop
  endfacet
  facet normal  -0.000000e+000  0.000000e+000 -1.000000e+000
    outer loop
      vertex -2.888238e+001  3.150000e+001 -3.014070e+002
      vertex -2.701654e+001  3.120129e+001 -3.014070e+002
      vertex -2.763417e+001  3.078032e+001 -3.014070e+002
    endloop
  endfacet
  facet normal  -0.000000e+000  0.000000e+000 -1.000000e+000
    outer loop
      vertex -2.888238e+001  3.150000e+001 -3.014070e+002
      vertex -2.763417e+001  3.078032e+001 -3.014070e+002
      vertex -2.816269e+001  3.025179e+001 -3.014070e+002
    endloop
  endfacet
  facet normal  -0.000000e+000  0.000000e+000 -1.000000e+000
    outer loop
      vertex -2.888238e+001  3.150000e+001 -3.014070e+002
      vertex -2.816269e+001  3.025179e+001 -3.014070e+002
      vertex -2.858366e+001  2.963416e+001 -3.014070e+002
    endloop
  endfacet
  facet normal  -0.000000e+000  0.000000e+000 -1.000000e+000
    outer loop
      vertex -2.888238e+001  3.150000e+001 -3.014070e+002
      vertex -2.858366e+001  2.963416e+001 -3.014070e+002
      vertex -2.888238e+001  2.894900e+001 -3.014070e+002
    endloop
  endfacet
  facet normal  0.000000e+000  0.000000e+000 -1.000000e+000
    outer loop
      vertex  2.911762e+001  3.150000e+001 -3.014070e+002
      vertex  2.911762e+001  2.894900e+001 -3.014070e+002
      vertex  2.881891e+001  2.963416e+001 -3.014070e+002
    endloop
  endfacet
  facet normal  0.000000e+000  0.000000e+000 -9.999999e-001
    outer loop
      vertex  2.911762e+001  3.150000e+001 -3.014070e+002
      vertex  2.881891e+001  2.963416e+001 -3.014070e+002
      vertex  2.839794e+001  3.025179e+001 -3.014070e+002
    endloop
  endfacet
  facet normal  0.000000e+000  0.000000e+000 -1.000000e+000
    outer loop
      vertex  2.911762e+001  3.150000e+001 -3.014070e+002
      vertex  2.839794e+001  3.025179e+001 -3.014070e+002
      vertex  2.786942e+001  3.078032e+001 -3.014070e+002
    endloop
  endfacet
  facet normal  0.000000e+000  0.000000e+000 -1.000000e+000
    outer loop
      vertex  2.911762e+001  3.150000e+001 -3.014070e+002
      vertex  2.786942e+001  3.078032e+001 -3.014070e+002
      vertex  2.725179e+001  3.120129e+001 -3.014070e+002
    endloop
  endfacet
  facet normal  0.000000e+000  0.000000e+000 -1.000000e+000
    outer loop
      vertex  2.911762e+001  3.150000e+001 -3.014070e+002
      vertex  2.725179e+001  3.120129e+001 -3.014070e+002
      vertex  2.656662e+001  3.150000e+001 -3.014070e+002
    endloop
  endfacet
  facet normal  0.000000e+000  0.000000e+000 -1.000000e+000
    outer loop
      vertex  2.911762e+001 -3.150000e+001 -3.014070e+002
      vertex  2.656662e+001 -3.150000e+001 -3.014070e+002
      vertex  2.725179e+001 -3.120129e+001 -3.014070e+002
    endloop
  endfacet
  facet normal  0.000000e+000  0.000000e+000 -1.000000e+000
    outer loop
      vertex  2.911762e+001 -3.150000e+001 -3.014070e+002
      vertex  2.725179e+001 -3.120129e+001 -3.014070e+002
      vertex  2.786942e+001 -3.078032e+001 -3.014070e+002
    endloop
  endfacet
  facet normal  0.000000e+000  0.000000e+000 -1.000000e+000
    outer loop
      vertex  2.911762e+001 -3.150000e+001 -3.014070e+002
      vertex  2.786942e+001 -3.078032e+001 -3.014070e+002
      vertex  2.839794e+001 -3.025179e+001 -3.014070e+002
    endloop
  endfacet
  facet normal  0.000000e+000  0.000000e+000 -1.000000e+000
    outer loop
      vertex  2.911762e+001 -3.150000e+001 -3.014070e+002
      vertex  2.839794e+001 -3.025179e+001 -3.014070e+002
      vertex  2.881891e+001 -2.963416e+001 -3.014070e+002
    endloop
  endfacet
  facet normal  0.000000e+000  0.000000e+000 -1.000000e+000
    outer loop
      vertex  2.911762e+001 -3.150000e+001 -3.014070e+002
      vertex  2.881891e+001 -2.963416e+001 -3.014070e+002
      vertex  2.911762e+001 -2.894900e+001 -3.014070e+002
    endloop
  endfacet
  facet normal  0.000000e+000  0.000000e+000 -1.000000e+000
    outer loop
      vertex -2.888238e+001 -3.150000e+001 -3.014070e+002
      vertex -2.888238e+001 -2.894900e+001 -3.014070e+002
      vertex -2.858366e+001 -2.963416e+001 -3.014070e+002
    endloop
  endfacet
  facet normal  0.000000e+000  -0.000000e+000 -1.000000e+000
    outer loop
      vertex -2.888238e+001 -3.150000e+001 -3.014070e+002
      vertex -2.858366e+001 -2.963416e+001 -3.014070e+002
      vertex -2.816269e+001 -3.025179e+001 -3.014070e+002
    endloop
  endfacet
  facet normal  0.000000e+000  -0.000000e+000 -1.000000e+000
    outer loop
      vertex -2.888238e+001 -3.150000e+001 -3.014070e+002
      vertex -2.816269e+001 -3.025179e+001 -3.014070e+002
      vertex -2.763417e+001 -3.078032e+001 -3.014070e+002
    endloop
  endfacet
  facet normal  0.000000e+000  -0.000000e+000 -1.000000e+000
    outer loop
      vertex -2.888238e+001 -3.150000e+001 -3.014070e+002
      vertex -2.763417e+001 -3.078032e+001 -3.014070e+002
      vertex -2.701654e+001 -3.120129e+001 -3.014070e+002
    endloop
  endfacet
  facet normal  0.000000e+000  -0.000000e+000 -1.000000e+000
    outer loop
      vertex -2.888238e+001 -3.150000e+001 -3.014070e+002
      vertex -2.701654e+001 -3.120129e+001 -3.014070e+002
      vertex -2.633138e+001 -3.150000e+001 -3.014070e+002
    endloop
  endfacet
  facet normal  0.000000e+000  1.000000e+000  -0.000000e+000
    outer loop
      vertex  5.957367e+000 -3.150000e+001 -3.130641e+002
      vertex  5.555128e+000 -3.150000e+001 -3.140078e+002
      vertex -2.988238e+001 -3.150000e+001 -3.140078e+002
    endloop
  endfacet
  facet normal  0.000000e+000  9.999999e-001  0.000000e+000
    outer loop
      vertex  5.957367e+000 -3.150000e+001 -3.130641e+002
      vertex -2.988238e+001 -3.150000e+001 -3.140078e+002
      vertex -2.633138e+001 -3.150000e+001 -3.016070e+002
    endloop
  endfacet
  facet normal  -0.000000e+000  1.000000e+000  0.000000e+000
    outer loop
      vertex  5.957367e+000 -3.150000e+001 -3.130641e+002
      vertex -2.633138e+001 -3.150000e+001 -3.016070e+002
      vertex  2.656662e+001 -3.150000e+001 -3.016070e+002
    endloop
  endfacet
  facet normal  0.000000e+000  1.000000e+000  0.000000e+000
    outer loop
      vertex  5.957367e+000 -3.150000e+001 -3.130641e+002
      vertex  2.656662e+001 -3.150000e+001 -3.016070e+002
      vertex  2.911762e+001 -3.150000e+001 -3.114070e+002
    endloop
  endfacet
  facet normal  0.000000e+000  1.000000e+000  0.000000e+000
    outer loop
      vertex  2.656662e+001 -3.150000e+001 -3.014070e+002
      vertex  2.911762e+001 -3.150000e+001 -3.014070e+002
      vertex  2.656662e+001 -3.150000e+001 -3.016070e+002
    endloop
  endfacet
  facet normal  -0.000000e+000  1.000000e+000  0.000000e+000
    outer loop
      vertex  2.656662e+001 -3.150000e+001 -3.016070e+002
      vertex  2.911762e+001 -3.150000e+001 -3.014070e+002
      vertex  2.911762e+001 -3.150000e+001 -3.114070e+002
    endloop
  endfacet
  facet normal  0.000000e+000  1.000000e+000  0.000000e+000
    outer loop
      vertex -2.988238e+001 -3.150000e+001 -3.014070e+002
      vertex -2.888238e+001 -3.150000e+001 -3.014070e+002
      vertex -2.988238e+001 -3.150000e+001 -3.140078e+002
    endloop
  endfacet
  facet normal  0.000000e+000  1.000000e+000  0.000000e+000
    outer loop
      vertex -2.988238e+001 -3.150000e+001 -3.140078e+002
      vertex -2.888238e+001 -3.150000e+001 -3.014070e+002
      vertex -2.633138e+001 -3.150000e+001 -3.014070e+002
    endloop
  endfacet
  facet normal  0.000000e+000  1.000000e+000  0.000000e+000
    outer loop
      vertex -2.988238e+001 -3.150000e+001 -3.140078e+002
      vertex -2.633138e+001 -3.150000e+001 -3.014070e+002
      vertex -2.633138e+001 -3.150000e+001 -3.016070e+002
    endloop
  endfacet
  facet normal  6.268938e-001 -7.791047e-001  4.806134e-004
    outer loop
      vertex  1.841091e+001 -3.226286e+001 -2.982075e+002
      vertex  1.832864e+001 -3.233772e+001 -3.122552e+002
      vertex  1.867803e+001 -3.205695e+001 -3.128426e+002
    endloop
  endfacet
  facet normal  3.878437e-001 -9.217252e-001  0.000000e+000
    outer loop
      vertex  1.942936e+001 -3.170000e+001 -3.016070e+002
      vertex  1.942936e+001 -3.170000e+001 -2.982075e+002
      vertex  1.889002e+001 -3.192694e+001 -2.982075e+002
    endloop
  endfacet
  facet normal  3.816155e-001 -9.243205e-001 -1.161381e-003
    outer loop
      vertex  1.942936e+001 -3.170000e+001 -3.016070e+002
      vertex  1.889002e+001 -3.192694e+001 -2.982075e+002
      vertex  1.917286e+001 -3.179108e+001 -3.133988e+002
    endloop
  endfacet
  facet normal  3.253762e-001 -9.455847e-001  2.262153e-004
    outer loop
      vertex  1.942936e+001 -3.170000e+001 -3.016070e+002
      vertex  1.917286e+001 -3.179108e+001 -3.133988e+002
      vertex  1.948196e+001 -3.168478e+001 -3.136212e+002
    endloop
  endfacet
  facet normal  2.298932e-001 -9.732159e-001 -2.268122e-004
    outer loop
      vertex  1.942936e+001 -3.170000e+001 -3.016070e+002
      vertex  1.948196e+001 -3.168478e+001 -3.136212e+002
      vertex  1.969444e+001 -3.163456e+001 -3.137263e+002
    endloop
  endfacet
  facet normal  1.491338e-001 -9.888148e-001 -2.077437e-003
    outer loop
      vertex  1.942936e+001 -3.170000e+001 -3.016070e+002
      vertex  1.969444e+001 -3.163456e+001 -3.137263e+002
      vertex  1.992295e+001 -3.159994e+001 -3.137987e+002
    endloop
  endfacet
  facet normal  1.932424e-001 -9.811510e-001 -2.287790e-004
    outer loop
      vertex  1.942936e+001 -3.170000e+001 -3.016070e+002
      vertex  1.992295e+001 -3.159994e+001 -3.137987e+002
      vertex  1.995324e+001 -3.159682e+001 -3.016070e+002
    endloop
  endfacet
  facet normal -9.875081e-001 -1.575683e-001 -1.026432e-004
    outer loop
      vertex  2.291258e+001 -3.377379e+001 -3.092507e+002
      vertex  2.295329e+001 -3.402921e+001 -3.087823e+002
      vertex  2.290796e+001 -3.375201e+001 -2.982075e+002
    endloop
  endfacet
  facet normal -9.982314e-001 -5.938591e-002 -2.722293e-003
    outer loop
      vertex  2.290796e+001 -3.375201e+001 -2.982075e+002
      vertex  2.295329e+001 -3.402921e+001 -3.087823e+002
      vertex  2.297021e+001 -3.433383e+001 -3.083429e+002
    endloop
  endfacet
  facet normal -9.943244e-001 -1.063904e-001  0.000000e+000
    outer loop
      vertex  2.290796e+001 -3.375201e+001 -2.982075e+002
      vertex  2.297021e+001 -3.433383e+001 -3.083429e+002
      vertex  2.297021e+001 -3.433383e+001 -2.982075e+002
    endloop
  endfacet
  facet normal -9.025847e-001 -4.305116e-001  7.301089e-004
    outer loop
      vertex  2.259355e+001 -3.294468e+001 -3.109854e+002
      vertex  2.279069e+001 -3.335653e+001 -3.101237e+002
      vertex  2.272401e+001 -3.319653e+001 -2.982075e+002
    endloop
  endfacet
  facet normal -9.589994e-001 -2.834040e-001 -1.560724e-003
    outer loop
      vertex  2.272401e+001 -3.319653e+001 -2.982075e+002
      vertex  2.279069e+001 -3.335653e+001 -3.101237e+002
      vertex  2.291258e+001 -3.377379e+001 -3.092507e+002
    endloop
  endfacet
  facet normal -9.493059e-001 -3.143535e-001  2.225961e-004
    outer loop
      vertex  2.272401e+001 -3.319653e+001 -2.982075e+002
      vertex  2.291258e+001 -3.377379e+001 -3.092507e+002
      vertex  2.290796e+001 -3.375201e+001 -2.982075e+002
    endloop
  endfacet
  facet normal -6.550730e-001 -7.555653e-001  5.468649e-004
    outer loop
      vertex  2.185863e+001 -3.212520e+001 -3.126998e+002
      vertex  2.217138e+001 -3.239594e+001 -3.121334e+002
      vertex  2.202951e+001 -3.226286e+001 -2.982075e+002
    endloop
  endfacet
  facet normal -7.525875e-001 -6.584908e-001 -1.374164e-003
    outer loop
      vertex  2.202951e+001 -3.226286e+001 -2.982075e+002
      vertex  2.217138e+001 -3.239594e+001 -3.121334e+002
      vertex  2.240729e+001 -3.266674e+001 -3.115668e+002
    endloop
  endfacet
  facet normal -7.343144e-001 -6.788095e-001 -2.431712e-004
    outer loop
      vertex  2.202951e+001 -3.226286e+001 -2.982075e+002
      vertex  2.240729e+001 -3.266674e+001 -3.115668e+002
      vertex  2.242671e+001 -3.269254e+001 -2.982075e+002
    endloop
  endfacet
  facet normal -8.308368e-001 -5.565161e-001  1.333998e-004
    outer loop
      vertex  2.242671e+001 -3.269254e+001 -2.982075e+002
      vertex  2.240729e+001 -3.266674e+001 -3.115668e+002
      vertex  2.259355e+001 -3.294468e+001 -3.109854e+002
    endloop
  endfacet
  facet normal -8.613089e-001 -5.080802e-001 -1.220210e-003
    outer loop
      vertex  2.242671e+001 -3.269254e+001 -2.982075e+002
      vertex  2.259355e+001 -3.294468e+001 -3.109854e+002
      vertex  2.272401e+001 -3.319653e+001 -2.982075e+002
    endloop
  endfacet
  facet normal -4.578380e-001 -8.890355e-001  2.299399e-004
    outer loop
      vertex  2.133483e+001 -3.181985e+001 -3.133386e+002
      vertex  2.161839e+001 -3.196579e+001 -3.130333e+002
      vertex  2.155040e+001 -3.192694e+001 -2.982075e+002
    endloop
  endfacet
  facet normal -5.525358e-001 -8.334891e-001 -3.498945e-004
    outer loop
      vertex  2.155040e+001 -3.192694e+001 -2.982075e+002
      vertex  2.161839e+001 -3.196579e+001 -3.130333e+002
      vertex  2.185863e+001 -3.212520e+001 -3.126998e+002
    endloop
  endfacet
  facet normal -5.740734e-001 -8.188033e-001 -1.008882e-003
    outer loop
      vertex  2.155040e+001 -3.192694e+001 -2.982075e+002
      vertex  2.185863e+001 -3.212520e+001 -3.126998e+002
      vertex  2.202951e+001 -3.226286e+001 -2.982075e+002
    endloop
  endfacet
  facet normal -3.451477e-001 -9.385483e-001  6.224927e-005
    outer loop
      vertex  2.099966e+001 -3.169661e+001 -3.135965e+002
      vertex  2.133483e+001 -3.181985e+001 -3.133386e+002
      vertex  2.101105e+001 -3.170000e+001 -3.016070e+002
    endloop
  endfacet
  facet normal -3.819448e-001 -9.241844e-001 -1.100038e-003
    outer loop
      vertex  2.101105e+001 -3.170000e+001 -3.016070e+002
      vertex  2.133483e+001 -3.181985e+001 -3.133386e+002
      vertex  2.155040e+001 -3.192694e+001 -2.982075e+002
    endloop
  endfacet
  facet normal -3.878437e-001 -9.217252e-001  0.000000e+000
    outer loop
      vertex  2.101105e+001 -3.170000e+001 -3.016070e+002
      vertex  2.155040e+001 -3.192694e+001 -2.982075e+002
      vertex  2.101105e+001 -3.170000e+001 -2.982075e+002
    endloop
  endfacet
  facet normal  4.621724e-002 -9.989314e-001  1.410153e-004
    outer loop
      vertex  1.992295e+001 -3.159994e+001 -3.137987e+002
      vertex  2.026378e+001 -3.158418e+001 -3.138317e+002
      vertex  1.995324e+001 -3.159682e+001 -3.016070e+002
    endloop
  endfacet
  facet normal -7.684936e-002 -9.970382e-001 -2.983239e-003
    outer loop
      vertex  1.995324e+001 -3.159682e+001 -3.016070e+002
      vertex  2.026378e+001 -3.158418e+001 -3.138317e+002
      vertex  2.060122e+001 -3.161035e+001 -3.137769e+002
    endloop
  endfacet
  facet normal  0.000000e+000 -9.999994e-001  1.111814e-003
    outer loop
      vertex  1.995324e+001 -3.159682e+001 -3.016070e+002
      vertex  2.060122e+001 -3.161035e+001 -3.137769e+002
      vertex  2.048718e+001 -3.159682e+001 -3.016070e+002
    endloop
  endfacet
  facet normal -2.111900e-001 -9.774446e-001 -8.921843e-004
    outer loop
      vertex  2.048718e+001 -3.159682e+001 -3.016070e+002
      vertex  2.060122e+001 -3.161035e+001 -3.137769e+002
      vertex  2.099966e+001 -3.169661e+001 -3.135965e+002
    endloop
  endfacet
  facet normal -1.932424e-001 -9.811510e-001 -9.418124e-005
    outer loop
      vertex  2.048718e+001 -3.159682e+001 -3.016070e+002
      vertex  2.099966e+001 -3.169661e+001 -3.135965e+002
      vertex  2.101105e+001 -3.170000e+001 -3.016070e+002
    endloop
  endfacet
  facet normal  4.297810e-001 -9.029331e-001 -7.333963e-005
    outer loop
      vertex  1.917286e+001 -3.179108e+001 -3.133988e+002
      vertex  1.889002e+001 -3.192694e+001 -2.982075e+002
      vertex  1.890683e+001 -3.191773e+001 -3.131339e+002
    endloop
  endfacet
  facet normal  5.740736e-001 -8.188037e-001  1.410623e-004
    outer loop
      vertex  1.890683e+001 -3.191773e+001 -3.131339e+002
      vertex  1.889002e+001 -3.192694e+001 -2.982075e+002
      vertex  1.841091e+001 -3.226286e+001 -2.982075e+002
    endloop
  endfacet
  facet normal  5.173931e-001 -8.557439e-001 -2.596259e-003
    outer loop
      vertex  1.890683e+001 -3.191773e+001 -3.131339e+002
      vertex  1.841091e+001 -3.226286e+001 -2.982075e+002
      vertex  1.867803e+001 -3.205695e+001 -3.128426e+002
    endloop
  endfacet
  facet normal  9.208947e-001 -3.898108e-001  7.233068e-004
    outer loop
      vertex  1.760797e+001 -3.347435e+001 -3.098772e+002
      vertex  1.778835e+001 -3.304986e+001 -3.107653e+002
      vertex  1.771640e+001 -3.319653e+001 -2.982075e+002
    endloop
  endfacet
  facet normal  8.371312e-001 -5.469997e-001 -1.592469e-003
    outer loop
      vertex  1.771640e+001 -3.319653e+001 -2.982075e+002
      vertex  1.778835e+001 -3.304986e+001 -3.107653e+002
      vertex  1.805820e+001 -3.263436e+001 -3.116346e+002
    endloop
  endfacet
  facet normal  8.613093e-001 -5.080805e-001  6.524853e-004
    outer loop
      vertex  1.771640e+001 -3.319653e+001 -2.982075e+002
      vertex  1.805820e+001 -3.263436e+001 -3.116346e+002
      vertex  1.801370e+001 -3.269254e+001 -2.982075e+002
    endloop
  endfacet
  facet normal  7.384879e-001 -6.742667e-001 -4.746137e-004
    outer loop
      vertex  1.801370e+001 -3.269254e+001 -2.982075e+002
      vertex  1.805820e+001 -3.263436e+001 -3.116346e+002
      vertex  1.832864e+001 -3.233772e+001 -3.122552e+002
    endloop
  endfacet
  facet normal  7.343142e-001 -6.788094e-001 -6.829269e-004
    outer loop
      vertex  1.801370e+001 -3.269254e+001 -2.982075e+002
      vertex  1.832864e+001 -3.233772e+001 -3.122552e+002
      vertex  1.841091e+001 -3.226286e+001 -2.982075e+002
    endloop
  endfacet
  facet normal  9.984602e-001 -5.547140e-002  0.000000e+000
    outer loop
      vertex  1.747021e+001 -3.433383e+001 -3.083429e+002
      vertex  1.748713e+001 -3.402921e+001 -3.087823e+002
      vertex  1.747021e+001 -3.433383e+001 -2.982075e+002
    endloop
  endfacet
  facet normal  9.866289e-001 -1.629523e-001 -3.115053e-003
    outer loop
      vertex  1.747021e+001 -3.433383e+001 -2.982075e+002
      vertex  1.748713e+001 -3.402921e+001 -3.087823e+002
      vertex  1.752784e+001 -3.377379e+001 -3.092507e+002
    endloop
  endfacet
  facet normal  9.943247e-001 -1.063872e-001 -2.062758e-004
    outer loop
      vertex  1.747021e+001 -3.433383e+001 -2.982075e+002
      vertex  1.752784e+001 -3.377379e+001 -3.092507e+002
      vertex  1.753246e+001 -3.375201e+001 -2.982075e+002
    endloop
  endfacet
  facet normal  9.660645e-001 -2.583013e-001  1.051885e-004
    outer loop
      vertex  1.753246e+001 -3.375201e+001 -2.982075e+002
      vertex  1.752784e+001 -3.377379e+001 -3.092507e+002
      vertex  1.760797e+001 -3.347435e+001 -3.098772e+002
    endloop
  endfacet
  facet normal  9.493042e-001 -3.143561e-001 -1.336985e-003
    outer loop
      vertex  1.753246e+001 -3.375201e+001 -2.982075e+002
      vertex  1.760797e+001 -3.347435e+001 -3.098772e+002
      vertex  1.771640e+001 -3.319653e+001 -2.982075e+002
    endloop
  endfacet
  facet normal  0.000000e+000  1.000000e+000  0.000000e+000
    outer loop
      vertex -2.508237e+001 -3.170000e+001 -2.942070e+002
      vertex  2.531763e+001 -3.170000e+001 -2.942070e+002
      vertex  2.101105e+001 -3.170000e+001 -2.982075e+002
    endloop
  endfacet
  facet normal  0.000000e+000  1.000000e+000  0.000000e+000
    outer loop
      vertex -2.508237e+001 -3.170000e+001 -2.942070e+002
      vertex  2.101105e+001 -3.170000e+001 -2.982075e+002
      vertex  1.942936e+001 -3.170000e+001 -2.982075e+002
    endloop
  endfacet
  facet normal  0.000000e+000  1.000000e+000  0.000000e+000
    outer loop
      vertex -2.508237e+001 -3.170000e+001 -2.942070e+002
      vertex  1.942936e+001 -3.170000e+001 -2.982075e+002
      vertex  1.942936e+001 -3.170000e+001 -3.016070e+002
    endloop
  endfacet
  facet normal  0.000000e+000  1.000000e+000  0.000000e+000
    outer loop
      vertex -2.508237e+001 -3.170000e+001 -2.942070e+002
      vertex  1.942936e+001 -3.170000e+001 -3.016070e+002
      vertex -2.508237e+001 -3.170000e+001 -3.016070e+002
    endloop
  endfacet
  facet normal  0.000000e+000  1.000000e+000  0.000000e+000
    outer loop
      vertex  2.101105e+001 -3.170000e+001 -3.016070e+002
      vertex  2.101105e+001 -3.170000e+001 -2.982075e+002
      vertex  2.531763e+001 -3.170000e+001 -3.016070e+002
    endloop
  endfacet
  facet normal  0.000000e+000  1.000000e+000  -0.000000e+000
    outer loop
      vertex  2.531763e+001 -3.170000e+001 -3.016070e+002
      vertex  2.101105e+001 -3.170000e+001 -2.982075e+002
      vertex  2.531763e+001 -3.170000e+001 -2.942070e+002
    endloop
  endfacet
  facet normal -9.166686e-001  3.996414e-001  2.335905e-003
    outer loop
      vertex  2.881891e+001 -2.963416e+001 -3.014070e+002
      vertex  2.901314e+001 -2.923073e+001 -2.942070e+002
      vertex  2.911762e+001 -2.894900e+001 -3.014070e+002
    endloop
  endfacet
  facet normal -8.819180e-001  4.713957e-001 -2.622061e-003
    outer loop
      vertex  2.881891e+001 -2.963416e+001 -3.014070e+002
      vertex  2.864350e+001 -2.992228e+001 -2.942070e+002
      vertex  2.901314e+001 -2.923073e+001 -2.942070e+002
    endloop
  endfacet
  facet normal -8.263127e-001  5.632063e-001  2.406542e-003
    outer loop
      vertex  2.864350e+001 -2.992228e+001 -2.942070e+002
      vertex  2.881891e+001 -2.963416e+001 -3.014070e+002
      vertex  2.839794e+001 -3.025179e+001 -3.014070e+002
    endloop
  endfacet
  facet normal -7.730073e-001  6.343916e-001 -2.669271e-003
    outer loop
      vertex  2.839794e+001 -3.025179e+001 -3.014070e+002
      vertex  2.814605e+001 -3.052843e+001 -2.942070e+002
      vertex  2.864350e+001 -2.992228e+001 -2.942070e+002
    endloop
  endfacet
  facet normal -7.071046e-001  7.071047e-001  2.430082e-003
    outer loop
      vertex  2.786942e+001 -3.078032e+001 -3.014070e+002
      vertex  2.814605e+001 -3.052843e+001 -2.942070e+002
      vertex  2.839794e+001 -3.025179e+001 -3.014070e+002
    endloop
  endfacet
  facet normal -6.343916e-001  7.730073e-001 -2.669234e-003
    outer loop
      vertex  2.753991e+001 -3.102588e+001 -2.942070e+002
      vertex  2.814605e+001 -3.052843e+001 -2.942070e+002
      vertex  2.786942e+001 -3.078032e+001 -3.014070e+002
    endloop
  endfacet
  facet normal -5.632063e-001  8.263127e-001  2.406612e-003
    outer loop
      vertex  2.725179e+001 -3.120129e+001 -3.014070e+002
      vertex  2.753991e+001 -3.102588e+001 -2.942070e+002
      vertex  2.786942e+001 -3.078032e+001 -3.014070e+002
    endloop
  endfacet
  facet normal -4.713938e-001  8.819190e-001 -2.622052e-003
    outer loop
      vertex  2.684836e+001 -3.139552e+001 -2.942070e+002
      vertex  2.753991e+001 -3.102588e+001 -2.942070e+002
      vertex  2.725179e+001 -3.120129e+001 -3.014070e+002
    endloop
  endfacet
  facet normal -2.359247e-001  9.717714e-001  0.000000e+000
    outer loop
      vertex  2.656662e+001 -3.150000e+001 -3.014070e+002
      vertex  2.656662e+001 -3.150000e+001 -3.016070e+002
      vertex  2.595008e+001 -3.164968e+001 -3.016070e+002
    endloop
  endfacet
  facet normal -2.363036e-001  9.716786e-001  1.237789e-003
    outer loop
      vertex  2.656662e+001 -3.150000e+001 -3.014070e+002
      vertex  2.595008e+001 -3.164968e+001 -3.016070e+002
      vertex  2.609799e+001 -3.162314e+001 -2.942070e+002
    endloop
  endfacet
  facet normal -2.902839e-001  9.569372e-001 -2.527823e-003
    outer loop
      vertex  2.656662e+001 -3.150000e+001 -3.014070e+002
      vertex  2.609799e+001 -3.162314e+001 -2.942070e+002
      vertex  2.684836e+001 -3.139552e+001 -2.942070e+002
    endloop
  endfacet
  facet normal -3.996426e-001  9.166681e-001  2.335717e-003
    outer loop
      vertex  2.656662e+001 -3.150000e+001 -3.014070e+002
      vertex  2.684836e+001 -3.139552e+001 -2.942070e+002
      vertex  2.725179e+001 -3.120129e+001 -3.014070e+002
    endloop
  endfacet
  facet normal -9.951848e-001  9.801670e-002  0.000000e+000
    outer loop
      vertex  2.924077e+001 -2.848036e+001 -2.942070e+002
      vertex  2.931763e+001 -2.770000e+001 -2.942070e+002
      vertex  2.931763e+001 -2.770000e+001 -3.016070e+002
    endloop
  endfacet
  facet normal -9.968482e-001  7.930581e-002 -1.990421e-003
    outer loop
      vertex  2.924077e+001 -2.848036e+001 -2.942070e+002
      vertex  2.931763e+001 -2.770000e+001 -3.016070e+002
      vertex  2.926731e+001 -2.833245e+001 -3.016070e+002
    endloop
  endfacet
  facet normal -9.717701e-001  2.359266e-001  1.229987e-003
    outer loop
      vertex  2.924077e+001 -2.848036e+001 -2.942070e+002
      vertex  2.926731e+001 -2.833245e+001 -3.016070e+002
      vertex  2.911762e+001 -2.894900e+001 -3.016070e+002
    endloop
  endfacet
  facet normal -9.671676e-001  2.541393e-001  0.000000e+000
    outer loop
      vertex  2.924077e+001 -2.848036e+001 -2.942070e+002
      vertex  2.911762e+001 -2.894900e+001 -3.016070e+002
      vertex  2.911762e+001 -2.894900e+001 -3.014070e+002
    endloop
  endfacet
  facet normal -9.569372e-001  2.902839e-001 -2.527569e-003
    outer loop
      vertex  2.924077e+001 -2.848036e+001 -2.942070e+002
      vertex  2.911762e+001 -2.894900e+001 -3.014070e+002
      vertex  2.901314e+001 -2.923073e+001 -2.942070e+002
    endloop
  endfacet
  facet normal -9.801912e-002  9.951846e-001  0.000000e+000
    outer loop
      vertex  2.531763e+001 -3.170000e+001 -2.942070e+002
      vertex  2.609799e+001 -3.162314e+001 -2.942070e+002
      vertex  2.531763e+001 -3.170000e+001 -3.016070e+002
    endloop
  endfacet
  facet normal -7.930858e-002  9.968482e-001 -1.990386e-003
    outer loop
      vertex  2.531763e+001 -3.170000e+001 -3.016070e+002
      vertex  2.609799e+001 -3.162314e+001 -2.942070e+002
      vertex  2.595008e+001 -3.164968e+001 -3.016070e+002
    endloop
  endfacet
  facet normal -3.996426e-001 -9.166681e-001  2.335717e-003
    outer loop
      vertex  2.725179e+001  3.120129e+001 -3.014070e+002
      vertex  2.684836e+001  3.139552e+001 -2.942070e+002
      vertex  2.656662e+001  3.150000e+001 -3.014070e+002
    endloop
  endfacet
  facet normal -4.713938e-001 -8.819190e-001 -2.622052e-003
    outer loop
      vertex  2.725179e+001  3.120129e+001 -3.014070e+002
      vertex  2.753991e+001  3.102588e+001 -2.942070e+002
      vertex  2.684836e+001  3.139552e+001 -2.942070e+002
    endloop
  endfacet
  facet normal -5.632063e-001 -8.263127e-001  2.406612e-003
    outer loop
      vertex  2.753991e+001  3.102588e+001 -2.942070e+002
      vertex  2.725179e+001  3.120129e+001 -3.014070e+002
      vertex  2.786942e+001  3.078032e+001 -3.014070e+002
    endloop
  endfacet
  facet normal -6.343916e-001 -7.730073e-001 -2.669234e-003
    outer loop
      vertex  2.786942e+001  3.078032e+001 -3.014070e+002
      vertex  2.814605e+001  3.052843e+001 -2.942070e+002
      vertex  2.753991e+001  3.102588e+001 -2.942070e+002
    endloop
  endfacet
  facet normal -7.071047e-001 -7.071047e-001  2.430082e-003
    outer loop
      vertex  2.814605e+001  3.052843e+001 -2.942070e+002
      vertex  2.786942e+001  3.078032e+001 -3.014070e+002
      vertex  2.839794e+001  3.025179e+001 -3.014070e+002
    endloop
  endfacet
  facet normal -7.730073e-001 -6.343916e-001 -2.669271e-003
    outer loop
      vertex  2.839794e+001  3.025179e+001 -3.014070e+002
      vertex  2.864350e+001  2.992228e+001 -2.942070e+002
      vertex  2.814605e+001  3.052843e+001 -2.942070e+002
    endloop
  endfacet
  facet normal -8.263127e-001 -5.632063e-001  2.406542e-003
    outer loop
      vertex  2.881891e+001  2.963416e+001 -3.014070e+002
      vertex  2.864350e+001  2.992228e+001 -2.942070e+002
      vertex  2.839794e+001  3.025179e+001 -3.014070e+002
    endloop
  endfacet
  facet normal -8.819180e-001 -4.713957e-001 -2.622061e-003
    outer loop
      vertex  2.901314e+001  2.923073e+001 -2.942070e+002
      vertex  2.864350e+001  2.992228e+001 -2.942070e+002
      vertex  2.881891e+001  2.963416e+001 -3.014070e+002
    endloop
  endfacet
  facet normal -9.717708e-001 -2.359268e-001  0.000000e+000
    outer loop
      vertex  2.911762e+001  2.894900e+001 -3.014070e+002
      vertex  2.911762e+001  2.894900e+001 -3.016070e+002
      vertex  2.926731e+001  2.833245e+001 -3.016070e+002
    endloop
  endfacet
  facet normal -9.716779e-001 -2.363058e-001  1.237896e-003
    outer loop
      vertex  2.911762e+001  2.894900e+001 -3.014070e+002
      vertex  2.926731e+001  2.833245e+001 -3.016070e+002
      vertex  2.924077e+001  2.848036e+001 -2.942070e+002
    endloop
  endfacet
  facet normal -9.569372e-001 -2.902839e-001 -2.527569e-003
    outer loop
      vertex  2.911762e+001  2.894900e+001 -3.014070e+002
      vertex  2.924077e+001  2.848036e+001 -2.942070e+002
      vertex  2.901314e+001  2.923073e+001 -2.942070e+002
    endloop
  endfacet
  facet normal -9.166686e-001 -3.996414e-001  2.335905e-003
    outer loop
      vertex  2.911762e+001  2.894900e+001 -3.014070e+002
      vertex  2.901314e+001  2.923073e+001 -2.942070e+002
      vertex  2.881891e+001  2.963416e+001 -3.014070e+002
    endloop
  endfacet
  facet normal -9.801912e-002 -9.951846e-001  -0.000000e+000
    outer loop
      vertex  2.609799e+001  3.162314e+001 -2.942070e+002
      vertex  2.531763e+001  3.170000e+001 -2.942070e+002
      vertex  2.531763e+001  3.170000e+001 -3.016070e+002
    endloop
  endfacet
  facet normal -7.930858e-002 -9.968482e-001 -1.990386e-003
    outer loop
      vertex  2.609799e+001  3.162314e+001 -2.942070e+002
      vertex  2.531763e+001  3.170000e+001 -3.016070e+002
      vertex  2.595008e+001  3.164968e+001 -3.016070e+002
    endloop
  endfacet
  facet normal -2.359245e-001 -9.717706e-001  1.229881e-003
    outer loop
      vertex  2.609799e+001  3.162314e+001 -2.942070e+002
      vertex  2.595008e+001  3.164968e+001 -3.016070e+002
      vertex  2.656662e+001  3.150000e+001 -3.016070e+002
    endloop
  endfacet
  facet normal -2.541356e-001 -9.671686e-001  0.000000e+000
    outer loop
      vertex  2.609799e+001  3.162314e+001 -2.942070e+002
      vertex  2.656662e+001  3.150000e+001 -3.016070e+002
      vertex  2.656662e+001  3.150000e+001 -3.014070e+002
    endloop
  endfacet
  facet normal -2.902839e-001 -9.569372e-001 -2.527823e-003
    outer loop
      vertex  2.609799e+001  3.162314e+001 -2.942070e+002
      vertex  2.656662e+001  3.150000e+001 -3.014070e+002
      vertex  2.684836e+001  3.139552e+001 -2.942070e+002
    endloop
  endfacet
  facet normal -9.951848e-001 -9.801670e-002  0.000000e+000
    outer loop
      vertex  2.931763e+001  2.770000e+001 -2.942070e+002
      vertex  2.924077e+001  2.848036e+001 -2.942070e+002
      vertex  2.931763e+001  2.770000e+001 -3.016070e+002
    endloop
  endfacet
  facet normal -9.968482e-001 -7.930581e-002 -1.990421e-003
    outer loop
      vertex  2.931763e+001  2.770000e+001 -3.016070e+002
      vertex  2.924077e+001  2.848036e+001 -2.942070e+002
      vertex  2.926731e+001  2.833245e+001 -3.016070e+002
    endloop
  endfacet
  facet normal  0.000000e+000 -1.000000e+000  0.000000e+000
    outer loop
      vertex  2.531763e+001  3.170000e+001 -2.942070e+002
      vertex -2.508237e+001  3.170000e+001 -2.942070e+002
      vertex -2.123692e+001  3.170000e+001 -2.982070e+002
    endloop
  endfacet
  facet normal  0.000000e+000 -1.000000e+000  0.000000e+000
    outer loop
      vertex  2.531763e+001  3.170000e+001 -2.942070e+002
      vertex -2.123692e+001  3.170000e+001 -2.982070e+002
      vertex -1.963968e+001  3.170000e+001 -2.982070e+002
    endloop
  endfacet
  facet normal  0.000000e+000 -1.000000e+000  0.000000e+000
    outer loop
      vertex  2.531763e+001  3.170000e+001 -2.942070e+002
      vertex -1.963968e+001  3.170000e+001 -2.982070e+002
      vertex -1.963968e+001  3.170000e+001 -3.016070e+002
    endloop
  endfacet
  facet normal  0.000000e+000 -1.000000e+000  0.000000e+000
    outer loop
      vertex  2.531763e+001  3.170000e+001 -2.942070e+002
      vertex -1.963968e+001  3.170000e+001 -3.016070e+002
      vertex  2.531763e+001  3.170000e+001 -3.016070e+002
    endloop
  endfacet
  facet normal  0.000000e+000 -1.000000e+000  -0.000000e+000
    outer loop
      vertex -2.123692e+001  3.170000e+001 -3.016070e+002
      vertex -2.123692e+001  3.170000e+001 -2.982070e+002
      vertex -2.508237e+001  3.170000e+001 -3.016070e+002
    endloop
  endfacet
  facet normal  0.000000e+000 -1.000000e+000  0.000000e+000
    outer loop
      vertex -2.508237e+001  3.170000e+001 -3.016070e+002
      vertex -2.123692e+001  3.170000e+001 -2.982070e+002
      vertex -2.508237e+001  3.170000e+001 -2.942070e+002
    endloop
  endfacet
  facet normal  8.819180e-001 -4.713957e-001 -2.622061e-003
    outer loop
      vertex -2.858366e+001  2.963416e+001 -3.014070e+002
      vertex -2.840825e+001  2.992228e+001 -2.942070e+002
      vertex -2.877789e+001  2.923073e+001 -2.942070e+002
    endloop
  endfacet
  facet normal  8.263127e-001 -5.632063e-001  2.406542e-003
    outer loop
      vertex -2.840825e+001  2.992228e+001 -2.942070e+002
      vertex -2.858366e+001  2.963416e+001 -3.014070e+002
      vertex -2.816269e+001  3.025179e+001 -3.014070e+002
    endloop
  endfacet
  facet normal  7.730085e-001 -6.343901e-001 -2.669161e-003
    outer loop
      vertex -2.816269e+001  3.025179e+001 -3.014070e+002
      vertex -2.791080e+001  3.052843e+001 -2.942070e+002
      vertex -2.840825e+001  2.992228e+001 -2.942070e+002
    endloop
  endfacet
  facet normal  7.071047e-001 -7.071047e-001  2.430269e-003
    outer loop
      vertex -2.763417e+001  3.078032e+001 -3.014070e+002
      vertex -2.791080e+001  3.052843e+001 -2.942070e+002
      vertex -2.816269e+001  3.025179e+001 -3.014070e+002
    endloop
  endfacet
  facet normal  6.343904e-001 -7.730082e-001 -2.669147e-003
    outer loop
      vertex -2.730466e+001  3.102588e+001 -2.942070e+002
      vertex -2.791080e+001  3.052843e+001 -2.942070e+002
      vertex -2.763417e+001  3.078032e+001 -3.014070e+002
    endloop
  endfacet
  facet normal  5.632063e-001 -8.263127e-001  2.406612e-003
    outer loop
      vertex -2.701654e+001  3.120129e+001 -3.014070e+002
      vertex -2.730466e+001  3.102588e+001 -2.942070e+002
      vertex -2.763417e+001  3.078032e+001 -3.014070e+002
    endloop
  endfacet
  facet normal  4.713948e-001 -8.819184e-001 -2.621999e-003
    outer loop
      vertex -2.661311e+001  3.139552e+001 -2.942070e+002
      vertex -2.730466e+001  3.102588e+001 -2.942070e+002
      vertex -2.701654e+001  3.120129e+001 -3.014070e+002
    endloop
  endfacet
  facet normal  9.166676e-001 -3.996435e-001  2.335760e-003
    outer loop
      vertex -2.888238e+001  2.894900e+001 -3.014070e+002
      vertex -2.858366e+001  2.963416e+001 -3.014070e+002
      vertex -2.877789e+001  2.923073e+001 -2.942070e+002
    endloop
  endfacet
  facet normal  9.569372e-001 -2.902839e-001 -2.527823e-003
    outer loop
      vertex -2.888238e+001  2.894900e+001 -3.014070e+002
      vertex -2.877789e+001  2.923073e+001 -2.942070e+002
      vertex -2.900552e+001  2.848036e+001 -2.942070e+002
    endloop
  endfacet
  facet normal  9.717708e-001 -2.359238e-001  1.264088e-003
    outer loop
      vertex -2.888238e+001  2.894900e+001 -3.014070e+002
      vertex -2.900552e+001  2.848036e+001 -2.942070e+002
      vertex -2.903206e+001  2.833245e+001 -3.014070e+002
    endloop
  endfacet
  facet normal  2.359240e-001 -9.717715e-001  0.000000e+000
    outer loop
      vertex -2.633138e+001  3.150000e+001 -3.014070e+002
      vertex -2.633138e+001  3.150000e+001 -3.016070e+002
      vertex -2.571483e+001  3.164968e+001 -3.016070e+002
    endloop
  endfacet
  facet normal  2.363029e-001 -9.716787e-001  1.237775e-003
    outer loop
      vertex -2.633138e+001  3.150000e+001 -3.014070e+002
      vertex -2.571483e+001  3.164968e+001 -3.016070e+002
      vertex -2.586274e+001  3.162314e+001 -2.942070e+002
    endloop
  endfacet
  facet normal  2.902833e-001 -9.569375e-001 -2.527851e-003
    outer loop
      vertex -2.633138e+001  3.150000e+001 -3.014070e+002
      vertex -2.586274e+001  3.162314e+001 -2.942070e+002
      vertex -2.661311e+001  3.139552e+001 -2.942070e+002
    endloop
  endfacet
  facet normal  3.996435e-001 -9.166676e-001  2.335759e-003
    outer loop
      vertex -2.633138e+001  3.150000e+001 -3.014070e+002
      vertex -2.661311e+001  3.139552e+001 -2.942070e+002
      vertex -2.701654e+001  3.120129e+001 -3.014070e+002
    endloop
  endfacet
  facet normal  9.951834e-001 -9.801657e-002 -1.655200e-003
    outer loop
      vertex -2.900552e+001  2.848036e+001 -2.942070e+002
      vertex -2.908237e+001  2.770000e+001 -2.942070e+002
      vertex -2.903206e+001  2.833245e+001 -3.014070e+002
    endloop
  endfacet
  facet normal  9.968503e-001 -7.930598e-002  0.000000e+000
    outer loop
      vertex -2.903206e+001  2.833245e+001 -3.014070e+002
      vertex -2.908237e+001  2.770000e+001 -2.942070e+002
      vertex -2.908237e+001  2.770000e+001 -3.014070e+002
    endloop
  endfacet
  facet normal  9.801912e-002 -9.951846e-001  0.000000e+000
    outer loop
      vertex -2.508237e+001  3.170000e+001 -2.942070e+002
      vertex -2.586274e+001  3.162314e+001 -2.942070e+002
      vertex -2.508237e+001  3.170000e+001 -3.016070e+002
    endloop
  endfacet
  facet normal  7.930858e-002 -9.968482e-001 -1.990386e-003
    outer loop
      vertex -2.508237e+001  3.170000e+001 -3.016070e+002
      vertex -2.586274e+001  3.162314e+001 -2.942070e+002
      vertex -2.571483e+001  3.164968e+001 -3.016070e+002
    endloop
  endfacet
  facet normal  3.996435e-001  9.166676e-001  2.335759e-003
    outer loop
      vertex -2.701654e+001 -3.120129e+001 -3.014070e+002
      vertex -2.661311e+001 -3.139552e+001 -2.942070e+002
      vertex -2.633138e+001 -3.150000e+001 -3.014070e+002
    endloop
  endfacet
  facet normal  4.713948e-001  8.819184e-001 -2.621999e-003
    outer loop
      vertex -2.701654e+001 -3.120129e+001 -3.014070e+002
      vertex -2.730466e+001 -3.102588e+001 -2.942070e+002
      vertex -2.661311e+001 -3.139552e+001 -2.942070e+002
    endloop
  endfacet
  facet normal  5.632063e-001  8.263127e-001  2.406612e-003
    outer loop
      vertex -2.730466e+001 -3.102588e+001 -2.942070e+002
      vertex -2.701654e+001 -3.120129e+001 -3.014070e+002
      vertex -2.763417e+001 -3.078032e+001 -3.014070e+002
    endloop
  endfacet
  facet normal  6.343904e-001  7.730082e-001 -2.669147e-003
    outer loop
      vertex -2.763417e+001 -3.078032e+001 -3.014070e+002
      vertex -2.791080e+001 -3.052843e+001 -2.942070e+002
      vertex -2.730466e+001 -3.102588e+001 -2.942070e+002
    endloop
  endfacet
  facet normal  7.071047e-001  7.071047e-001  2.430269e-003
    outer loop
      vertex -2.816269e+001 -3.025179e+001 -3.014070e+002
      vertex -2.791080e+001 -3.052843e+001 -2.942070e+002
      vertex -2.763417e+001 -3.078032e+001 -3.014070e+002
    endloop
  endfacet
  facet normal  7.730085e-001  6.343901e-001 -2.669161e-003
    outer loop
      vertex -2.840825e+001 -2.992228e+001 -2.942070e+002
      vertex -2.791080e+001 -3.052843e+001 -2.942070e+002
      vertex -2.816269e+001 -3.025179e+001 -3.014070e+002
    endloop
  endfacet
  facet normal  8.263127e-001  5.632063e-001  2.406542e-003
    outer loop
      vertex -2.858366e+001 -2.963416e+001 -3.014070e+002
      vertex -2.840825e+001 -2.992228e+001 -2.942070e+002
      vertex -2.816269e+001 -3.025179e+001 -3.014070e+002
    endloop
  endfacet
  facet normal  8.819180e-001  4.713957e-001 -2.622061e-003
    outer loop
      vertex -2.877789e+001 -2.923073e+001 -2.942070e+002
      vertex -2.840825e+001 -2.992228e+001 -2.942070e+002
      vertex -2.858366e+001 -2.963416e+001 -3.014070e+002
    endloop
  endfacet
  facet normal  9.717708e-001  2.359238e-001  1.264089e-003
    outer loop
      vertex -2.888238e+001 -2.894900e+001 -3.014070e+002
      vertex -2.903206e+001 -2.833245e+001 -3.014070e+002
      vertex -2.900552e+001 -2.848036e+001 -2.942070e+002
    endloop
  endfacet
  facet normal  9.569372e-001  2.902839e-001 -2.527823e-003
    outer loop
      vertex -2.888238e+001 -2.894900e+001 -3.014070e+002
      vertex -2.900552e+001 -2.848036e+001 -2.942070e+002
      vertex -2.877789e+001 -2.923073e+001 -2.942070e+002
    endloop
  endfacet
  facet normal  9.166676e-001  3.996435e-001  2.335759e-003
    outer loop
      vertex -2.888238e+001 -2.894900e+001 -3.014070e+002
      vertex -2.877789e+001 -2.923073e+001 -2.942070e+002
      vertex -2.858366e+001 -2.963416e+001 -3.014070e+002
    endloop
  endfacet
  facet normal  9.801912e-002  9.951846e-001  0.000000e+000
    outer loop
      vertex -2.586274e+001 -3.162314e+001 -2.942070e+002
      vertex -2.508237e+001 -3.170000e+001 -2.942070e+002
      vertex -2.508237e+001 -3.170000e+001 -3.016070e+002
    endloop
  endfacet
  facet normal  7.930858e-002  9.968482e-001 -1.990386e-003
    outer loop
      vertex -2.586274e+001 -3.162314e+001 -2.942070e+002
      vertex -2.508237e+001 -3.170000e+001 -3.016070e+002
      vertex -2.571483e+001 -3.164968e+001 -3.016070e+002
    endloop
  endfacet
  facet normal  2.359238e-001  9.717708e-001  1.229867e-003
    outer loop
      vertex -2.586274e+001 -3.162314e+001 -2.942070e+002
      vertex -2.571483e+001 -3.164968e+001 -3.016070e+002
      vertex -2.633138e+001 -3.150000e+001 -3.016070e+002
    endloop
  endfacet
  facet normal  2.541346e-001  9.671688e-001  -0.000000e+000
    outer loop
      vertex -2.586274e+001 -3.162314e+001 -2.942070e+002
      vertex -2.633138e+001 -3.150000e+001 -3.016070e+002
      vertex -2.633138e+001 -3.150000e+001 -3.014070e+002
    endloop
  endfacet
  facet normal  2.902833e-001  9.569374e-001 -2.527852e-003
    outer loop
      vertex -2.586274e+001 -3.162314e+001 -2.942070e+002
      vertex -2.633138e+001 -3.150000e+001 -3.014070e+002
      vertex -2.661311e+001 -3.139552e+001 -2.942070e+002
    endloop
  endfacet
  facet normal  9.951848e-001  9.801670e-002  0.000000e+000
    outer loop
      vertex -2.908237e+001 -2.770000e+001 -2.942070e+002
      vertex -2.900552e+001 -2.848036e+001 -2.942070e+002
      vertex -2.908237e+001 -2.770000e+001 -3.014070e+002
    endloop
  endfacet
  facet normal  9.968482e-001  7.930581e-002 -2.045705e-003
    outer loop
      vertex -2.908237e+001 -2.770000e+001 -3.014070e+002
      vertex -2.900552e+001 -2.848036e+001 -2.942070e+002
      vertex -2.903206e+001 -2.833245e+001 -3.014070e+002
    endloop
  endfacet
  facet normal  0.000000e+000  -0.000000e+000  1.000000e+000
    outer loop
      vertex  2.911762e+001 -2.894900e+001 -3.016070e+002
      vertex  2.926731e+001 -2.833245e+001 -3.016070e+002
      vertex  2.931763e+001 -2.770000e+001 -3.016070e+002
    endloop
  endfacet
  facet normal  0.000000e+000  0.000000e+000  1.000000e+000
    outer loop
      vertex  2.911762e+001 -2.894900e+001 -3.016070e+002
      vertex  2.931763e+001 -2.770000e+001 -3.016070e+002
      vertex  2.911762e+001  2.894900e+001 -3.016070e+002
    endloop
  endfacet
  facet normal  0.000000e+000  0.000000e+000  1.000000e+000
    outer loop
      vertex  2.911762e+001  2.894900e+001 -3.016070e+002
      vertex  2.931763e+001 -2.770000e+001 -3.016070e+002
      vertex  2.931763e+001  2.770000e+001 -3.016070e+002
    endloop
  endfacet
  facet normal  0.000000e+000  0.000000e+000  1.000000e+000
    outer loop
      vertex  2.911762e+001  2.894900e+001 -3.016070e+002
      vertex  2.931763e+001  2.770000e+001 -3.016070e+002
      vertex  2.926731e+001  2.833245e+001 -3.016070e+002
    endloop
  endfacet
  facet normal  -0.000000e+000  0.000000e+000  1.000000e+000
    outer loop
      vertex -2.123692e+001  3.170000e+001 -3.016070e+002
      vertex -2.508237e+001  3.170000e+001 -3.016070e+002
      vertex -2.571483e+001  3.164968e+001 -3.016070e+002
    endloop
  endfacet
  facet normal  0.000000e+000  0.000000e+000  1.000000e+000
    outer loop
      vertex -2.633138e+001  3.150000e+001 -3.016070e+002
      vertex  2.656662e+001  3.150000e+001 -3.016070e+002
      vertex -2.016864e+001  3.159474e+001 -3.016070e+002
    endloop
  endfacet
  facet normal  0.000000e+000  0.000000e+000  1.000000e+000
    outer loop
      vertex -2.633138e+001  3.150000e+001 -3.016070e+002
      vertex -2.016864e+001  3.159474e+001 -3.016070e+002
      vertex -2.070797e+001  3.159474e+001 -3.016070e+002
    endloop
  endfacet
  facet normal  0.000000e+000  0.000000e+000  9.999999e-001
    outer loop
      vertex -2.633138e+001  3.150000e+001 -3.016070e+002
      vertex -2.070797e+001  3.159474e+001 -3.016070e+002
      vertex -2.123692e+001  3.170000e+001 -3.016070e+002
    endloop
  endfacet
  facet normal  0.000000e+000  0.000000e+000  1.000000e+000
    outer loop
      vertex -2.633138e+001  3.150000e+001 -3.016070e+002
      vertex -2.123692e+001  3.170000e+001 -3.016070e+002
      vertex -2.571483e+001  3.164968e+001 -3.016070e+002
    endloop
  endfacet
  facet normal  -0.000000e+000  0.000000e+000  1.000000e+000
    outer loop
      vertex  2.531763e+001  3.170000e+001 -3.016070e+002
      vertex -1.963968e+001  3.170000e+001 -3.016070e+002
      vertex  2.595008e+001  3.164968e+001 -3.016070e+002
    endloop
  endfacet
  facet normal  0.000000e+000  0.000000e+000  1.000000e+000
    outer loop
      vertex  2.595008e+001  3.164968e+001 -3.016070e+002
      vertex -1.963968e+001  3.170000e+001 -3.016070e+002
      vertex -2.016864e+001  3.159474e+001 -3.016070e+002
    endloop
  endfacet
  facet normal  -0.000000e+000  0.000000e+000  1.000000e+000
    outer loop
      vertex  2.595008e+001  3.164968e+001 -3.016070e+002
      vertex -2.016864e+001  3.159474e+001 -3.016070e+002
      vertex  2.656662e+001  3.150000e+001 -3.016070e+002
    endloop
  endfacet
  facet normal  0.000000e+000  -0.000000e+000  1.000000e+000
    outer loop
      vertex  2.101105e+001 -3.170000e+001 -3.016070e+002
      vertex  2.531763e+001 -3.170000e+001 -3.016070e+002
      vertex  2.595008e+001 -3.164968e+001 -3.016070e+002
    endloop
  endfacet
  facet normal  -0.000000e+000  0.000000e+000  1.000000e+000
    outer loop
      vertex  2.656662e+001 -3.150000e+001 -3.016070e+002
      vertex -2.633138e+001 -3.150000e+001 -3.016070e+002
      vertex  1.995324e+001 -3.159682e+001 -3.016070e+002
    endloop
  endfacet
  facet normal  0.000000e+000  0.000000e+000  1.000000e+000
    outer loop
      vertex  1.995324e+001 -3.159682e+001 -3.016070e+002
      vertex -2.633138e+001 -3.150000e+001 -3.016070e+002
      vertex -2.571483e+001 -3.164968e+001 -3.016070e+002
    endloop
  endfacet
  facet normal  -0.000000e+000  0.000000e+000  9.999999e-001
    outer loop
      vertex  1.995324e+001 -3.159682e+001 -3.016070e+002
      vertex -2.571483e+001 -3.164968e+001 -3.016070e+002
      vertex  1.942936e+001 -3.170000e+001 -3.016070e+002
    endloop
  endfacet
  facet normal  0.000000e+000  0.000000e+000  1.000000e+000
    outer loop
      vertex  1.942936e+001 -3.170000e+001 -3.016070e+002
      vertex -2.571483e+001 -3.164968e+001 -3.016070e+002
      vertex -2.508237e+001 -3.170000e+001 -3.016070e+002
    endloop
  endfacet
  facet normal  0.000000e+000  0.000000e+000  1.000000e+000
    outer loop
      vertex  2.101105e+001 -3.170000e+001 -3.016070e+002
      vertex  2.595008e+001 -3.164968e+001 -3.016070e+002
      vertex  2.048718e+001 -3.159682e+001 -3.016070e+002
    endloop
  endfacet
  facet normal  -0.000000e+000  0.000000e+000  9.999999e-001
    outer loop
      vertex  2.048718e+001 -3.159682e+001 -3.016070e+002
      vertex  2.595008e+001 -3.164968e+001 -3.016070e+002
      vertex  2.656662e+001 -3.150000e+001 -3.016070e+002
    endloop
  endfacet
  facet normal  0.000000e+000  0.000000e+000  1.000000e+000
    outer loop
      vertex  2.048718e+001 -3.159682e+001 -3.016070e+002
      vertex  2.656662e+001 -3.150000e+001 -3.016070e+002
      vertex  1.995324e+001 -3.159682e+001 -3.016070e+002
    endloop
  endfacet
  facet normal -1.000000e+000  0.000000e+000  0.000000e+000
    outer loop
      vertex  2.931763e+001 -2.770000e+001 -3.016070e+002
      vertex  2.931763e+001 -2.770000e+001 -2.942070e+002
      vertex  2.931763e+001  2.770000e+001 -3.016070e+002
    endloop
  endfacet
  facet normal -1.000000e+000  0.000000e+000  0.000000e+000
    outer loop
      vertex  2.931763e+001  2.770000e+001 -3.016070e+002
      vertex  2.931763e+001 -2.770000e+001 -2.942070e+002
      vertex  2.931763e+001  2.770000e+001 -2.942070e+002
    endloop
  endfacet
  facet normal  1.000000e+000  0.000000e+000  -0.000000e+000
    outer loop
      vertex  2.366751e+001  1.502545e+001 -3.117969e+002
      vertex  2.366751e+001  1.518391e+001 -3.124412e+002
      vertex  2.366751e+001  1.800000e+001 -3.117969e+002
    endloop
  endfacet
  facet normal  1.000000e+000  -0.000000e+000  0.000000e+000
    outer loop
      vertex  2.366751e+001  2.097455e+001 -3.117969e+002
      vertex  2.366751e+001  1.800000e+001 -3.117969e+002
      vertex  2.366751e+001  2.081610e+001 -3.124412e+002
    endloop
  endfacet
  facet normal  9.999999e-001  0.000000e+000  0.000000e+000
    outer loop
      vertex  2.366751e+001  2.081610e+001 -3.124412e+002
      vertex  2.366751e+001  1.800000e+001 -3.117969e+002
      vertex  2.366751e+001  1.518391e+001 -3.124412e+002
    endloop
  endfacet
  facet normal  1.000000e+000  -0.000000e+000  0.000000e+000
    outer loop
      vertex  2.366751e+001  2.081610e+001 -3.124412e+002
      vertex  2.366751e+001  1.518391e+001 -3.124412e+002
      vertex  2.366751e+001  2.051991e+001 -3.130349e+002
    endloop
  endfacet
  facet normal  1.000000e+000  0.000000e+000  0.000000e+000
    outer loop
      vertex  2.366751e+001  2.051991e+001 -3.130349e+002
      vertex  2.366751e+001  1.518391e+001 -3.124412e+002
      vertex  2.366751e+001  1.548009e+001 -3.130349e+002
    endloop
  endfacet
  facet normal  1.000000e+000  -0.000000e+000  0.000000e+000
    outer loop
      vertex  2.366751e+001  2.051991e+001 -3.130349e+002
      vertex  2.366751e+001  1.548009e+001 -3.130349e+002
      vertex  2.366751e+001  2.010048e+001 -3.135489e+002
    endloop
  endfacet
  facet normal  1.000000e+000  0.000000e+000  0.000000e+000
    outer loop
      vertex  2.366751e+001  2.010048e+001 -3.135489e+002
      vertex  2.366751e+001  1.548009e+001 -3.130349e+002
      vertex  2.366751e+001  1.589952e+001 -3.135489e+002
    endloop
  endfacet
  facet normal  1.000000e+000  -0.000000e+000  0.000000e+000
    outer loop
      vertex  2.366751e+001  2.010048e+001 -3.135489e+002
      vertex  2.366751e+001  1.589952e+001 -3.135489e+002
      vertex  2.366751e+001  1.957832e+001 -3.139582e+002
    endloop
  endfacet
  facet normal  1.000000e+000  0.000000e+000  0.000000e+000
    outer loop
      vertex  2.366751e+001  1.957832e+001 -3.139582e+002
      vertex  2.366751e+001  1.589952e+001 -3.135489e+002
      vertex  2.366751e+001  1.642168e+001 -3.139582e+002
    endloop
  endfacet
  facet normal  1.000000e+000  -0.000000e+000  0.000000e+000
    outer loop
      vertex  2.366751e+001  1.957832e+001 -3.139582e+002
      vertex  2.366751e+001  1.642168e+001 -3.139582e+002
      vertex  2.366751e+001  1.897896e+001 -3.142427e+002
    endloop
  endfacet
  facet normal  1.000000e+000  0.000000e+000  0.000000e+000
    outer loop
      vertex  2.366751e+001  1.897896e+001 -3.142427e+002
      vertex  2.366751e+001  1.642168e+001 -3.139582e+002
      vertex  2.366751e+001  1.702104e+001 -3.142427e+002
    endloop
  endfacet
  facet normal  1.000000e+000  -0.000000e+000  0.000000e+000
    outer loop
      vertex  2.366751e+001  1.897896e+001 -3.142427e+002
      vertex  2.366751e+001  1.702104e+001 -3.142427e+002
      vertex  2.366751e+001  1.833173e+001 -3.143886e+002
    endloop
  endfacet
  facet normal  1.000000e+000  0.000000e+000  0.000000e+000
    outer loop
      vertex  2.366751e+001  1.833173e+001 -3.143886e+002
      vertex  2.366751e+001  1.702104e+001 -3.142427e+002
      vertex  2.366751e+001  1.766827e+001 -3.143886e+002
    endloop
  endfacet
  facet normal  8.909990e-001  4.539870e-001  4.075347e-003
    outer loop
      vertex  1.390698e+001  7.079703e+000 -3.124953e+002
      vertex  1.394928e+001  7.018322e+000 -3.149070e+002
      vertex  1.373622e+001  7.436475e+000 -3.149070e+002
    endloop
  endfacet
  facet normal  7.391408e-001  6.735381e-001 -4.176460e-003
    outer loop
      vertex  1.394928e+001  7.018322e+000 -3.149070e+002
      vertex  1.390698e+001  7.079703e+000 -3.124953e+002
      vertex  1.423011e+001  6.725239e+000 -3.124722e+002
    endloop
  endfacet
  facet normal  7.071028e-001  7.071018e-001  3.558995e-003
    outer loop
      vertex  1.423011e+001  6.725239e+000 -3.124722e+002
      vertex  1.428113e+001  6.686475e+000 -3.149070e+002
      vertex  1.394928e+001  7.018322e+000 -3.149070e+002
    endloop
  endfacet
  facet normal  4.888946e-001  8.723353e-001 -3.644033e-003
    outer loop
      vertex  1.428113e+001  6.686475e+000 -3.149070e+002
      vertex  1.423011e+001  6.725239e+000 -3.124722e+002
      vertex  1.464826e+001  6.491014e+000 -3.124423e+002
    endloop
  endfacet
  facet normal  4.539875e-001  8.910030e-001  3.035932e-003
    outer loop
      vertex  1.464826e+001  6.491014e+000 -3.124423e+002
      vertex  1.469928e+001  6.473416e+000 -3.149070e+002
      vertex  1.428113e+001  6.686475e+000 -3.149070e+002
    endloop
  endfacet
  facet normal  1.887696e-001  9.820164e-001 -3.104131e-003
    outer loop
      vertex  1.469928e+001  6.473416e+000 -3.149070e+002
      vertex  1.464826e+001  6.491014e+000 -3.124423e+002
      vertex  1.511893e+001  6.400646e+000 -3.124086e+002
    endloop
  endfacet
  facet normal  1.564343e-001  9.876853e-001  2.492242e-003
    outer loop
      vertex  1.511893e+001  6.400646e+000 -3.124086e+002
      vertex  1.516281e+001  6.400001e+000 -3.149070e+002
      vertex  1.469928e+001  6.473416e+000 -3.149070e+002
    endloop
  endfacet
  facet normal -1.306138e-001  9.914300e-001 -2.550199e-003
    outer loop
      vertex  1.516281e+001  6.400001e+000 -3.149070e+002
      vertex  1.511893e+001  6.400646e+000 -3.124086e+002
      vertex  1.559405e+001  6.463328e+000 -3.123746e+002
    endloop
  endfacet
  facet normal -1.564342e-001  9.876865e-001  1.940432e-003
    outer loop
      vertex  1.559405e+001  6.463328e+000 -3.123746e+002
      vertex  1.562633e+001  6.473416e+000 -3.149070e+002
      vertex  1.516281e+001  6.400001e+000 -3.149070e+002
    endloop
  endfacet
  facet normal -4.366190e-001  8.996443e-001 -1.981884e-003
    outer loop
      vertex  1.562633e+001  6.473416e+000 -3.149070e+002
      vertex  1.559405e+001  6.463328e+000 -3.123746e+002
      vertex  1.602493e+001  6.672513e+000 -3.123438e+002
    endloop
  endfacet
  facet normal -4.539900e-001  8.910057e-001  1.390410e-003
    outer loop
      vertex  1.602493e+001  6.672513e+000 -3.123438e+002
      vertex  1.604449e+001  6.686475e+000 -3.149070e+002
      vertex  1.562633e+001  6.473416e+000 -3.149070e+002
    endloop
  endfacet
  facet normal -6.980585e-001  7.160392e-001 -1.424400e-003
    outer loop
      vertex  1.604449e+001  6.686475e+000 -3.149070e+002
      vertex  1.602493e+001  6.672513e+000 -3.123438e+002
      vertex  1.636813e+001  7.007136e+000 -3.123192e+002
    endloop
  endfacet
  facet normal  9.073216e-001  4.204325e-001 -2.044213e-003
    outer loop
      vertex  1.390698e+001  7.079703e+000 -3.124953e+002
      vertex  1.373622e+001  7.436475e+000 -3.149070e+002
      vertex  1.372517e+001  7.471987e+000 -3.125083e+002
    endloop
  endfacet
  facet normal  9.876857e-001  1.564351e-001  2.234465e-003
    outer loop
      vertex  1.372517e+001  7.471987e+000 -3.125083e+002
      vertex  1.373622e+001  7.436475e+000 -3.149070e+002
      vertex  1.366281e+001  7.900001e+000 -3.149070e+002
    endloop
  endfacet
  facet normal  9.895508e-001  1.441844e-001  -0.000000e+000
    outer loop
      vertex  1.372517e+001  7.471987e+000 -3.125083e+002
      vertex  1.366281e+001  7.900001e+000 -3.149070e+002
      vertex  1.366281e+001  7.900001e+000 -3.125128e+002
    endloop
  endfacet
  facet normal -7.071061e-001  7.071071e-001  8.139600e-004
    outer loop
      vertex  1.604449e+001  6.686475e+000 -3.149070e+002
      vertex  1.636813e+001  7.007136e+000 -3.123192e+002
      vertex  1.637633e+001  7.018322e+000 -3.149070e+002
    endloop
  endfacet
  facet normal -8.878095e-001  4.602103e-001 -8.264140e-004
    outer loop
      vertex  1.637633e+001  7.018322e+000 -3.149070e+002
      vertex  1.636813e+001  7.007136e+000 -3.123192e+002
      vertex  1.658719e+001  7.429778e+000 -3.123035e+002
    endloop
  endfacet
  facet normal -8.910072e-001  4.539891e-001  4.157745e-004
    outer loop
      vertex  1.637633e+001  7.018322e+000 -3.149070e+002
      vertex  1.658719e+001  7.429778e+000 -3.123035e+002
      vertex  1.658939e+001  7.436475e+000 -3.149070e+002
    endloop
  endfacet
  facet normal -9.873158e-001  1.587679e-001 -4.248870e-004
    outer loop
      vertex  1.658939e+001  7.436475e+000 -3.149070e+002
      vertex  1.658719e+001  7.429778e+000 -3.123035e+002
      vertex  1.666281e+001  7.900001e+000 -3.122981e+002
    endloop
  endfacet
  facet normal -9.876882e-001  1.564355e-001  0.000000e+000
    outer loop
      vertex  1.658939e+001  7.436475e+000 -3.149070e+002
      vertex  1.666281e+001  7.900001e+000 -3.122981e+002
      vertex  1.666281e+001  7.900001e+000 -3.149070e+002
    endloop
  endfacet
  facet normal -8.910006e-001 -4.539863e-001  3.793169e-003
    outer loop
      vertex  1.641864e+001  8.720298e+000 -3.123156e+002
      vertex  1.637633e+001  8.781678e+000 -3.149070e+002
      vertex  1.658939e+001  8.363526e+000 -3.149070e+002
    endloop
  endfacet
  facet normal -7.388784e-001 -6.738274e-001 -3.897557e-003
    outer loop
      vertex  1.637633e+001  8.781678e+000 -3.149070e+002
      vertex  1.641864e+001  8.720298e+000 -3.123156e+002
      vertex  1.609550e+001  9.074762e+000 -3.123387e+002
    endloop
  endfacet
  facet normal -7.071028e-001 -7.071028e-001  3.374266e-003
    outer loop
      vertex  1.609550e+001  9.074762e+000 -3.123387e+002
      vertex  1.604449e+001  9.113526e+000 -3.149070e+002
      vertex  1.637633e+001  8.781678e+000 -3.149070e+002
    endloop
  endfacet
  facet normal -4.885068e-001 -8.725532e-001 -3.465449e-003
    outer loop
      vertex  1.604449e+001  9.113526e+000 -3.149070e+002
      vertex  1.609550e+001  9.074762e+000 -3.123387e+002
      vertex  1.567735e+001  9.308987e+000 -3.123686e+002
    endloop
  endfacet
  facet normal -4.539892e-001 -8.910022e-001  2.947559e-003
    outer loop
      vertex  1.567735e+001  9.308987e+000 -3.123686e+002
      vertex  1.562633e+001  9.326586e+000 -3.149070e+002
      vertex  1.604449e+001  9.113526e+000 -3.149070e+002
    endloop
  endfacet
  facet normal -1.883472e-001 -9.820979e-001 -3.023389e-003
    outer loop
      vertex  1.562633e+001  9.326586e+000 -3.149070e+002
      vertex  1.567735e+001  9.308987e+000 -3.123686e+002
      vertex  1.520669e+001  9.399355e+000 -3.124023e+002
    endloop
  endfacet
  facet normal -1.564330e-001 -9.876854e-001  2.486023e-003
    outer loop
      vertex  1.520669e+001  9.399355e+000 -3.124023e+002
      vertex  1.516281e+001  9.400001e+000 -3.149070e+002
      vertex  1.562633e+001  9.326586e+000 -3.149070e+002
    endloop
  endfacet
  facet normal  1.309715e-001 -9.913829e-001 -2.550103e-003
    outer loop
      vertex  1.516281e+001  9.400001e+000 -3.149070e+002
      vertex  1.520669e+001  9.399355e+000 -3.124023e+002
      vertex  1.473156e+001  9.336674e+000 -3.124363e+002
    endloop
  endfacet
  facet normal  1.564335e-001 -9.876865e-001  1.988904e-003
    outer loop
      vertex  1.473156e+001  9.336674e+000 -3.124363e+002
      vertex  1.469928e+001  9.326586e+000 -3.149070e+002
      vertex  1.516281e+001  9.400001e+000 -3.149070e+002
    endloop
  endfacet
  facet normal  4.368524e-001 -8.995309e-001 -2.034896e-003
    outer loop
      vertex  1.469928e+001  9.326586e+000 -3.149070e+002
      vertex  1.473156e+001  9.336674e+000 -3.124363e+002
      vertex  1.430068e+001  9.127488e+000 -3.124671e+002
    endloop
  endfacet
  facet normal  4.539899e-001 -8.910056e-001  1.460549e-003
    outer loop
      vertex  1.430068e+001  9.127488e+000 -3.124671e+002
      vertex  1.428113e+001  9.113526e+000 -3.149070e+002
      vertex  1.469928e+001  9.326586e+000 -3.149070e+002
    endloop
  endfacet
  facet normal  6.981651e-001 -7.159352e-001 -1.498022e-003
    outer loop
      vertex  1.428113e+001  9.113526e+000 -3.149070e+002
      vertex  1.430068e+001  9.127488e+000 -3.124671e+002
      vertex  1.395749e+001  8.792865e+000 -3.124917e+002
    endloop
  endfacet
  facet normal -9.072722e-001 -4.205398e-001 -1.883750e-003
    outer loop
      vertex  1.641864e+001  8.720298e+000 -3.123156e+002
      vertex  1.658939e+001  8.363526e+000 -3.149070e+002
      vertex  1.660044e+001  8.328014e+000 -3.123026e+002
    endloop
  endfacet
  facet normal -9.876861e-001 -1.564351e-001  2.058692e-003
    outer loop
      vertex  1.660044e+001  8.328014e+000 -3.123026e+002
      vertex  1.658939e+001  8.363526e+000 -3.149070e+002
      vertex  1.666281e+001  7.900001e+000 -3.149070e+002
    endloop
  endfacet
  facet normal -9.895515e-001 -1.441801e-001  0.000000e+000
    outer loop
      vertex  1.660044e+001  8.328014e+000 -3.123026e+002
      vertex  1.666281e+001  7.900001e+000 -3.149070e+002
      vertex  1.666281e+001  7.900001e+000 -3.122981e+002
    endloop
  endfacet
  facet normal  7.071075e-001 -7.071055e-001  8.724949e-004
    outer loop
      vertex  1.428113e+001  9.113526e+000 -3.149070e+002
      vertex  1.395749e+001  8.792865e+000 -3.124917e+002
      vertex  1.394928e+001  8.781678e+000 -3.149070e+002
    endloop
  endfacet
  facet normal  8.878354e-001 -4.601603e-001 -8.853103e-004
    outer loop
      vertex  1.394928e+001  8.781678e+000 -3.149070e+002
      vertex  1.395749e+001  8.792865e+000 -3.124917e+002
      vertex  1.373842e+001  8.370223e+000 -3.125074e+002
    endloop
  endfacet
  facet normal  8.910062e-001 -4.539912e-001  4.510975e-004
    outer loop
      vertex  1.394928e+001  8.781678e+000 -3.149070e+002
      vertex  1.373842e+001  8.370223e+000 -3.125074e+002
      vertex  1.373622e+001  8.363526e+000 -3.149070e+002
    endloop
  endfacet
  facet normal  9.873175e-001 -1.587580e-001 -4.610066e-004
    outer loop
      vertex  1.373622e+001  8.363526e+000 -3.149070e+002
      vertex  1.373842e+001  8.370223e+000 -3.125074e+002
      vertex  1.366281e+001  7.900001e+000 -3.125128e+002
    endloop
  endfacet
  facet normal  9.876882e-001 -1.564355e-001  0.000000e+000
    outer loop
      vertex  1.373622e+001  8.363526e+000 -3.149070e+002
      vertex  1.366281e+001  7.900001e+000 -3.125128e+002
      vertex  1.366281e+001  7.900001e+000 -3.149070e+002
    endloop
  endfacet
  facet normal  8.909993e-001  4.539866e-001  4.075272e-003
    outer loop
      vertex  1.390698e+001 -1.232030e+001 -3.124953e+002
      vertex  1.394928e+001 -1.238168e+001 -3.149070e+002
      vertex  1.373622e+001 -1.196352e+001 -3.149070e+002
    endloop
  endfacet
  facet normal  7.391416e-001  6.735370e-001 -4.176552e-003
    outer loop
      vertex  1.394928e+001 -1.238168e+001 -3.149070e+002
      vertex  1.390698e+001 -1.232030e+001 -3.124953e+002
      vertex  1.423011e+001 -1.267476e+001 -3.124722e+002
    endloop
  endfacet
  facet normal  7.071023e-001  7.071023e-001  3.559254e-003
    outer loop
      vertex  1.423011e+001 -1.267476e+001 -3.124722e+002
      vertex  1.428113e+001 -1.271352e+001 -3.149070e+002
      vertex  1.394928e+001 -1.238168e+001 -3.149070e+002
    endloop
  endfacet
  facet normal  4.888946e-001  8.723353e-001 -3.643692e-003
    outer loop
      vertex  1.428113e+001 -1.271352e+001 -3.149070e+002
      vertex  1.423011e+001 -1.267476e+001 -3.124722e+002
      vertex  1.464826e+001 -1.290899e+001 -3.124423e+002
    endloop
  endfacet
  facet normal  4.539883e-001  8.910026e-001  3.036124e-003
    outer loop
      vertex  1.464826e+001 -1.290899e+001 -3.124423e+002
      vertex  1.469928e+001 -1.292658e+001 -3.149070e+002
      vertex  1.428113e+001 -1.271352e+001 -3.149070e+002
    endloop
  endfacet
  facet normal  1.887677e-001  9.820169e-001 -3.103984e-003
    outer loop
      vertex  1.469928e+001 -1.292658e+001 -3.149070e+002
      vertex  1.464826e+001 -1.290899e+001 -3.124423e+002
      vertex  1.511893e+001 -1.299935e+001 -3.124086e+002
    endloop
  endfacet
  facet normal  1.564333e-001  9.876854e-001  2.492225e-003
    outer loop
      vertex  1.511893e+001 -1.299935e+001 -3.124086e+002
      vertex  1.516281e+001 -1.300000e+001 -3.149070e+002
      vertex  1.469928e+001 -1.292658e+001 -3.149070e+002
    endloop
  endfacet
  facet normal -1.306128e-001  9.914302e-001 -2.550182e-003
    outer loop
      vertex  1.516281e+001 -1.300000e+001 -3.149070e+002
      vertex  1.511893e+001 -1.299935e+001 -3.124086e+002
      vertex  1.559405e+001 -1.293667e+001 -3.123746e+002
    endloop
  endfacet
  facet normal -1.564332e-001  9.876867e-001  1.940445e-003
    outer loop
      vertex  1.559405e+001 -1.293667e+001 -3.123746e+002
      vertex  1.562633e+001 -1.292658e+001 -3.149070e+002
      vertex  1.516281e+001 -1.300000e+001 -3.149070e+002
    endloop
  endfacet
  facet normal -4.366190e-001  8.996443e-001 -1.981884e-003
    outer loop
      vertex  1.562633e+001 -1.292658e+001 -3.149070e+002
      vertex  1.559405e+001 -1.293667e+001 -3.123746e+002
      vertex  1.602493e+001 -1.272749e+001 -3.123438e+002
    endloop
  endfacet
  facet normal -4.539908e-001  8.910053e-001  1.390568e-003
    outer loop
      vertex  1.602493e+001 -1.272749e+001 -3.123438e+002
      vertex  1.604449e+001 -1.271352e+001 -3.149070e+002
      vertex  1.562633e+001 -1.292658e+001 -3.149070e+002
    endloop
  endfacet
  facet normal -6.980580e-001  7.160398e-001 -1.424261e-003
    outer loop
      vertex  1.604449e+001 -1.271352e+001 -3.149070e+002
      vertex  1.602493e+001 -1.272749e+001 -3.123438e+002
      vertex  1.636813e+001 -1.239286e+001 -3.123192e+002
    endloop
  endfacet
  facet normal  9.073216e-001  4.204325e-001 -2.044213e-003
    outer loop
      vertex  1.390698e+001 -1.232030e+001 -3.124953e+002
      vertex  1.373622e+001 -1.196352e+001 -3.149070e+002
      vertex  1.372517e+001 -1.192801e+001 -3.125083e+002
    endloop
  endfacet
  facet normal  9.876857e-001  1.564351e-001  2.234465e-003
    outer loop
      vertex  1.372517e+001 -1.192801e+001 -3.125083e+002
      vertex  1.373622e+001 -1.196352e+001 -3.149070e+002
      vertex  1.366281e+001 -1.150000e+001 -3.149070e+002
    endloop
  endfacet
  facet normal  9.895508e-001  1.441844e-001  -0.000000e+000
    outer loop
      vertex  1.372517e+001 -1.192801e+001 -3.125083e+002
      vertex  1.366281e+001 -1.150000e+001 -3.149070e+002
      vertex  1.366281e+001 -1.150000e+001 -3.125128e+002
    endloop
  endfacet
  facet normal -7.071055e-001  7.071075e-001  8.140941e-004
    outer loop
      vertex  1.604449e+001 -1.271352e+001 -3.149070e+002
      vertex  1.636813e+001 -1.239286e+001 -3.123192e+002
      vertex  1.637633e+001 -1.238168e+001 -3.149070e+002
    endloop
  endfacet
  facet normal -8.878095e-001  4.602103e-001 -8.263297e-004
    outer loop
      vertex  1.637633e+001 -1.238168e+001 -3.149070e+002
      vertex  1.636813e+001 -1.239286e+001 -3.123192e+002
      vertex  1.658719e+001 -1.197022e+001 -3.123035e+002
    endloop
  endfacet
  facet normal -8.910074e-001  4.539888e-001  4.159397e-004
    outer loop
      vertex  1.637633e+001 -1.238168e+001 -3.149070e+002
      vertex  1.658719e+001 -1.197022e+001 -3.123035e+002
      vertex  1.658939e+001 -1.196352e+001 -3.149070e+002
    endloop
  endfacet
  facet normal -9.873159e-001  1.587676e-001 -4.248297e-004
    outer loop
      vertex  1.658939e+001 -1.196352e+001 -3.149070e+002
      vertex  1.658719e+001 -1.197022e+001 -3.123035e+002
      vertex  1.666281e+001 -1.150000e+001 -3.122981e+002
    endloop
  endfacet
  facet normal -9.876882e-001  1.564355e-001  0.000000e+000
    outer loop
      vertex  1.658939e+001 -1.196352e+001 -3.149070e+002
      vertex  1.666281e+001 -1.150000e+001 -3.122981e+002
      vertex  1.666281e+001 -1.150000e+001 -3.149070e+002
    endloop
  endfacet
  facet normal -8.910010e-001 -4.539855e-001  3.793028e-003
    outer loop
      vertex  1.641864e+001 -1.067970e+001 -3.123156e+002
      vertex  1.637633e+001 -1.061832e+001 -3.149070e+002
      vertex  1.658939e+001 -1.103647e+001 -3.149070e+002
    endloop
  endfacet
  facet normal -7.388793e-001 -6.738265e-001 -3.897768e-003
    outer loop
      vertex  1.637633e+001 -1.061832e+001 -3.149070e+002
      vertex  1.641864e+001 -1.067970e+001 -3.123156e+002
      vertex  1.609550e+001 -1.032524e+001 -3.123387e+002
    endloop
  endfacet
  facet normal -7.071018e-001 -7.071038e-001  3.374492e-003
    outer loop
      vertex  1.609550e+001 -1.032524e+001 -3.123387e+002
      vertex  1.604449e+001 -1.028647e+001 -3.149070e+002
      vertex  1.637633e+001 -1.061832e+001 -3.149070e+002
    endloop
  endfacet
  facet normal -4.885068e-001 -8.725532e-001 -3.465125e-003
    outer loop
      vertex  1.604449e+001 -1.028647e+001 -3.149070e+002
      vertex  1.609550e+001 -1.032524e+001 -3.123387e+002
      vertex  1.567735e+001 -1.009101e+001 -3.123686e+002
    endloop
  endfacet
  facet normal -4.539892e-001 -8.910022e-001  2.947894e-003
    outer loop
      vertex  1.567735e+001 -1.009101e+001 -3.123686e+002
      vertex  1.562633e+001 -1.007341e+001 -3.149070e+002
      vertex  1.604449e+001 -1.028647e+001 -3.149070e+002
    endloop
  endfacet
  facet normal -1.883453e-001 -9.820982e-001 -3.023060e-003
    outer loop
      vertex  1.562633e+001 -1.007341e+001 -3.149070e+002
      vertex  1.567735e+001 -1.009101e+001 -3.123686e+002
      vertex  1.520669e+001 -1.000065e+001 -3.124023e+002
    endloop
  endfacet
  facet normal -1.564350e-001 -9.876851e-001  2.485682e-003
    outer loop
      vertex  1.520669e+001 -1.000065e+001 -3.124023e+002
      vertex  1.516281e+001 -9.999999e+000 -3.149070e+002
      vertex  1.562633e+001 -1.007341e+001 -3.149070e+002
    endloop
  endfacet
  facet normal  1.309716e-001 -9.913829e-001 -2.550481e-003
    outer loop
      vertex  1.516281e+001 -9.999999e+000 -3.149070e+002
      vertex  1.520669e+001 -1.000065e+001 -3.124023e+002
      vertex  1.473156e+001 -1.006333e+001 -3.124363e+002
    endloop
  endfacet
  facet normal  1.564355e-001 -9.876862e-001  1.988877e-003
    outer loop
      vertex  1.473156e+001 -1.006333e+001 -3.124363e+002
      vertex  1.469928e+001 -1.007341e+001 -3.149070e+002
      vertex  1.516281e+001 -9.999999e+000 -3.149070e+002
    endloop
  endfacet
  facet normal  4.368508e-001 -8.995316e-001 -2.034871e-003
    outer loop
      vertex  1.469928e+001 -1.007341e+001 -3.149070e+002
      vertex  1.473156e+001 -1.006333e+001 -3.124363e+002
      vertex  1.430068e+001 -1.027251e+001 -3.124671e+002
    endloop
  endfacet
  facet normal  4.539899e-001 -8.910056e-001  1.460897e-003
    outer loop
      vertex  1.430068e+001 -1.027251e+001 -3.124671e+002
      vertex  1.428113e+001 -1.028647e+001 -3.149070e+002
      vertex  1.469928e+001 -1.007341e+001 -3.149070e+002
    endloop
  endfacet
  facet normal  6.981652e-001 -7.159352e-001 -1.497742e-003
    outer loop
      vertex  1.428113e+001 -1.028647e+001 -3.149070e+002
      vertex  1.430068e+001 -1.027251e+001 -3.124671e+002
      vertex  1.395749e+001 -1.060713e+001 -3.124917e+002
    endloop
  endfacet
  facet normal -9.072718e-001 -4.205406e-001 -1.883609e-003
    outer loop
      vertex  1.641864e+001 -1.067970e+001 -3.123156e+002
      vertex  1.658939e+001 -1.103647e+001 -3.149070e+002
      vertex  1.660044e+001 -1.107199e+001 -3.123026e+002
    endloop
  endfacet
  facet normal -9.876861e-001 -1.564355e-001  2.058745e-003
    outer loop
      vertex  1.660044e+001 -1.107199e+001 -3.123026e+002
      vertex  1.658939e+001 -1.103647e+001 -3.149070e+002
      vertex  1.666281e+001 -1.150000e+001 -3.149070e+002
    endloop
  endfacet
  facet normal -9.895515e-001 -1.441801e-001  0.000000e+000
    outer loop
      vertex  1.660044e+001 -1.107199e+001 -3.123026e+002
      vertex  1.666281e+001 -1.150000e+001 -3.149070e+002
      vertex  1.666281e+001 -1.150000e+001 -3.122981e+002
    endloop
  endfacet
  facet normal  7.071065e-001 -7.071065e-001  8.725030e-004
    outer loop
      vertex  1.428113e+001 -1.028647e+001 -3.149070e+002
      vertex  1.395749e+001 -1.060713e+001 -3.124917e+002
      vertex  1.394928e+001 -1.061832e+001 -3.149070e+002
    endloop
  endfacet
  facet normal  8.878354e-001 -4.601603e-001 -8.853103e-004
    outer loop
      vertex  1.394928e+001 -1.061832e+001 -3.149070e+002
      vertex  1.395749e+001 -1.060713e+001 -3.124917e+002
      vertex  1.373842e+001 -1.102978e+001 -3.125074e+002
    endloop
  endfacet
  facet normal  8.910064e-001 -4.539903e-001  4.512751e-004
    outer loop
      vertex  1.394928e+001 -1.061832e+001 -3.149070e+002
      vertex  1.373842e+001 -1.102978e+001 -3.125074e+002
      vertex  1.373622e+001 -1.103647e+001 -3.149070e+002
    endloop
  endfacet
  facet normal  9.873175e-001 -1.587580e-001 -4.609435e-004
    outer loop
      vertex  1.373622e+001 -1.103647e+001 -3.149070e+002
      vertex  1.373842e+001 -1.102978e+001 -3.125074e+002
      vertex  1.366281e+001 -1.150000e+001 -3.125128e+002
    endloop
  endfacet
  facet normal  9.876881e-001 -1.564358e-001  0.000000e+000
    outer loop
      vertex  1.373622e+001 -1.103647e+001 -3.149070e+002
      vertex  1.366281e+001 -1.150000e+001 -3.125128e+002
      vertex  1.366281e+001 -1.150000e+001 -3.149070e+002
    endloop
  endfacet
  facet normal  2.911392e-004 -7.173548e-001 -6.967078e-001
    outer loop
      vertex  1.749750e+001 -3.472030e+001 -3.079008e+002
      vertex -2.773605e+001 -3.496128e+001 -3.076716e+002
      vertex -2.824454e+001 -3.445279e+001 -3.081953e+002
    endloop
  endfacet
  facet normal -1.945154e-004 -6.697949e-001 -7.425462e-001
    outer loop
      vertex  1.759842e+001 -3.516374e+001 -3.075008e+002
      vertex -2.773605e+001 -3.496128e+001 -3.076716e+002
      vertex  1.749750e+001 -3.472030e+001 -3.079008e+002
    endloop
  endfacet
  facet normal  1.416698e-004 -3.672358e-001 -9.301279e-001
    outer loop
      vertex -2.588645e+001 -3.681088e+001 -3.066292e+002
      vertex -2.660130e+001 -3.609603e+001 -3.069116e+002
      vertex  1.818295e+001 -3.618102e+001 -3.068712e+002
    endloop
  endfacet
  facet normal  4.696749e-004 -3.870803e-001 -9.220459e-001
    outer loop
      vertex -2.588645e+001 -3.681088e+001 -3.066292e+002
      vertex  1.818295e+001 -3.618102e+001 -3.068712e+002
      vertex  1.854791e+001 -3.651693e+001 -3.067300e+002
    endloop
  endfacet
  facet normal  1.752611e-005 -3.266513e-001 -9.451449e-001
    outer loop
      vertex -2.588645e+001 -3.681088e+001 -3.066292e+002
      vertex  1.854791e+001 -3.651693e+001 -3.067300e+002
      vertex  1.897731e+001 -3.678693e+001 -3.066367e+002
    endloop
  endfacet
  facet normal -9.563493e-006 -2.804857e-001 -9.598583e-001
    outer loop
      vertex -2.588645e+001 -3.681088e+001 -3.066292e+002
      vertex  1.897731e+001 -3.678693e+001 -3.066367e+002
      vertex  1.946744e+001 -3.697879e+001 -3.065806e+002
    endloop
  endfacet
  facet normal  2.233696e-004 -2.219685e-001 -9.750538e-001
    outer loop
      vertex -2.588645e+001 -3.681088e+001 -3.066292e+002
      vertex  1.946744e+001 -3.697879e+001 -3.065806e+002
      vertex -2.515363e+001 -3.754370e+001 -3.064622e+002
    endloop
  endfacet
  facet normal  5.790332e-004 -2.487050e-001 -9.685791e-001
    outer loop
      vertex -2.515363e+001 -3.754370e+001 -3.064622e+002
      vertex  1.946744e+001 -3.697879e+001 -3.065806e+002
      vertex  1.998757e+001 -3.707397e+001 -3.065558e+002
    endloop
  endfacet
  facet normal  2.120335e-004 -2.150362e-001 -9.766061e-001
    outer loop
      vertex -2.515363e+001 -3.754370e+001 -3.064622e+002
      vertex  1.998757e+001 -3.707397e+001 -3.065558e+002
      vertex  2.042340e+001 -3.707631e+001 -3.065552e+002
    endloop
  endfacet
  facet normal  1.081597e-004 -2.053226e-001 -9.786943e-001
    outer loop
      vertex -2.515363e+001 -3.754370e+001 -3.064622e+002
      vertex  2.042340e+001 -3.707631e+001 -3.065552e+002
      vertex  2.593449e+001 -3.742471e+001 -3.064815e+002
    endloop
  endfacet
  facet normal -1.760178e-004 -8.616856e-002 -9.962805e-001
    outer loop
      vertex -2.515363e+001 -3.754370e+001 -3.064622e+002
      vertex  2.593449e+001 -3.742471e+001 -3.064815e+002
      vertex  2.507425e+001 -3.828495e+001 -3.064070e+002
    endloop
  endfacet
  facet normal  -0.000000e+000 -7.431252e-002 -9.972350e-001
    outer loop
      vertex -2.515363e+001 -3.754370e+001 -3.064622e+002
      vertex  2.507425e+001 -3.828495e+001 -3.064070e+002
      vertex -2.441238e+001 -3.828495e+001 -3.064070e+002
    endloop
  endfacet
  facet normal -7.420480e-004 -7.956719e-001 -6.057273e-001
    outer loop
      vertex  2.891870e+001 -3.444051e+001 -3.082101e+002
      vertex  2.297021e+001 -3.433383e+001 -3.083429e+002
      vertex  2.918169e+001 -3.417751e+001 -3.085558e+002
    endloop
  endfacet
  facet normal  1.150548e-003 -8.218330e-001 -5.697272e-001
    outer loop
      vertex  2.918169e+001 -3.417751e+001 -3.085558e+002
      vertex  2.297021e+001 -3.433383e+001 -3.083429e+002
      vertex  2.295329e+001 -3.402921e+001 -3.087823e+002
    endloop
  endfacet
  facet normal -5.342797e-004 -8.432956e-001 -5.374498e-001
    outer loop
      vertex  2.918169e+001 -3.417751e+001 -3.085558e+002
      vertex  2.295329e+001 -3.402921e+001 -3.087823e+002
      vertex  2.939475e+001 -3.396446e+001 -3.088904e+002
    endloop
  endfacet
  facet normal  7.967969e-004 -8.779145e-001 -4.788167e-001
    outer loop
      vertex  2.939475e+001 -3.396446e+001 -3.088904e+002
      vertex  2.295329e+001 -3.402921e+001 -3.087823e+002
      vertex  2.291258e+001 -3.377379e+001 -3.092507e+002
    endloop
  endfacet
  facet normal  0.000000e+000 -8.839101e-001 -4.676569e-001
    outer loop
      vertex  2.939475e+001 -3.396446e+001 -3.088904e+002
      vertex  2.291258e+001 -3.377379e+001 -3.092507e+002
      vertex  2.958541e+001 -3.377379e+001 -3.092507e+002
    endloop
  endfacet
  facet normal  1.498062e-003 -5.891145e-001 -8.080482e-001
    outer loop
      vertex  2.267356e+001 -3.557624e+001 -3.072043e+002
      vertex  2.285668e+001 -3.511583e+001 -3.075396e+002
      vertex  2.805467e+001 -3.530453e+001 -3.073924e+002
    endloop
  endfacet
  facet normal -3.646434e-003 -6.755973e-001 -7.372619e-001
    outer loop
      vertex  2.805467e+001 -3.530453e+001 -3.073924e+002
      vertex  2.285668e+001 -3.511583e+001 -3.075396e+002
      vertex  2.294511e+001 -3.470454e+001 -3.079169e+002
    endloop
  endfacet
  facet normal  3.806979e-004 -6.563411e-001 -7.544643e-001
    outer loop
      vertex  2.805467e+001 -3.530453e+001 -3.073924e+002
      vertex  2.294511e+001 -3.470454e+001 -3.079169e+002
      vertex  2.863572e+001 -3.472348e+001 -3.078976e+002
    endloop
  endfacet
  facet normal -2.786781e-004 -7.543501e-001 -6.564723e-001
    outer loop
      vertex  2.863572e+001 -3.472348e+001 -3.078976e+002
      vertex  2.294511e+001 -3.470454e+001 -3.079169e+002
      vertex  2.297021e+001 -3.433383e+001 -3.083429e+002
    endloop
  endfacet
  facet normal  1.664490e-003 -7.420055e-001 -6.703917e-001
    outer loop
      vertex  2.863572e+001 -3.472348e+001 -3.078976e+002
      vertex  2.297021e+001 -3.433383e+001 -3.083429e+002
      vertex  2.891870e+001 -3.444051e+001 -3.082101e+002
    endloop
  endfacet
  facet normal  3.703872e-004 -3.552467e-001 -9.347726e-001
    outer loop
      vertex  2.169424e+001 -3.665541e+001 -3.066800e+002
      vertex  2.207077e+001 -3.636802e+001 -3.067890e+002
      vertex  2.678137e+001 -3.657784e+001 -3.067074e+002
    endloop
  endfacet
  facet normal -2.740182e-003 -4.153198e-001 -9.096714e-001
    outer loop
      vertex  2.678137e+001 -3.657784e+001 -3.067074e+002
      vertex  2.207077e+001 -3.636802e+001 -3.067890e+002
      vertex  2.238440e+001 -3.603053e+001 -3.069441e+002
    endloop
  endfacet
  facet normal -1.404118e-003 -4.063374e-001 -9.137220e-001
    outer loop
      vertex  2.678137e+001 -3.657784e+001 -3.067074e+002
      vertex  2.238440e+001 -3.603053e+001 -3.069441e+002
      vertex  2.743201e+001 -3.592719e+001 -3.069978e+002
    endloop
  endfacet
  facet normal  9.532340e-004 -4.974553e-001 -8.674892e-001
    outer loop
      vertex  2.743201e+001 -3.592719e+001 -3.069978e+002
      vertex  2.238440e+001 -3.603053e+001 -3.069441e+002
      vertex  2.267356e+001 -3.557624e+001 -3.072043e+002
    endloop
  endfacet
  facet normal -2.636662e-003 -5.334024e-001 -8.458576e-001
    outer loop
      vertex  2.743201e+001 -3.592719e+001 -3.069978e+002
      vertex  2.267356e+001 -3.557624e+001 -3.072043e+002
      vertex  2.805467e+001 -3.530453e+001 -3.073924e+002
    endloop
  endfacet
  facet normal  2.476552e-005 -2.684271e-001 -9.632999e-001
    outer loop
      vertex  2.085383e+001 -3.700984e+001 -3.065723e+002
      vertex  2.126717e+001 -3.687674e+001 -3.066094e+002
      vertex  2.636050e+001 -3.699871e+001 -3.065753e+002
    endloop
  endfacet
  facet normal -8.553342e-004 -3.023524e-001 -9.531959e-001
    outer loop
      vertex  2.636050e+001 -3.699871e+001 -3.065753e+002
      vertex  2.126717e+001 -3.687674e+001 -3.066094e+002
      vertex  2.169424e+001 -3.665541e+001 -3.066800e+002
    endloop
  endfacet
  facet normal -5.912085e-004 -2.990772e-001 -9.542287e-001
    outer loop
      vertex  2.636050e+001 -3.699871e+001 -3.065753e+002
      vertex  2.169424e+001 -3.665541e+001 -3.066800e+002
      vertex  2.678137e+001 -3.657784e+001 -3.067074e+002
    endloop
  endfacet
  facet normal -1.846618e-005 -2.484611e-001 -9.686419e-001
    outer loop
      vertex  2.085383e+001 -3.700984e+001 -3.065723e+002
      vertex  2.636050e+001 -3.699871e+001 -3.065753e+002
      vertex  2.042340e+001 -3.707631e+001 -3.065552e+002
    endloop
  endfacet
  facet normal -4.911434e-004 -2.143909e-001 -9.767479e-001
    outer loop
      vertex  2.042340e+001 -3.707631e+001 -3.065552e+002
      vertex  2.636050e+001 -3.699871e+001 -3.065753e+002
      vertex  2.593449e+001 -3.742471e+001 -3.064815e+002
    endloop
  endfacet
  facet normal -1.650921e-004 -7.528971e-001 -6.581382e-001
    outer loop
      vertex  1.749750e+001 -3.472030e+001 -3.079008e+002
      vertex -2.824454e+001 -3.445279e+001 -3.081953e+002
      vertex  1.747021e+001 -3.433383e+001 -3.083429e+002
    endloop
  endfacet
  facet normal  2.392096e-004 -8.134226e-001 -5.816731e-001
    outer loop
      vertex  1.747021e+001 -3.433383e+001 -3.083429e+002
      vertex -2.824454e+001 -3.445279e+001 -3.081953e+002
      vertex -2.869115e+001 -3.400618e+001 -3.088201e+002
    endloop
  endfacet
  facet normal  5.554880e-005 -8.218553e-001 -5.696963e-001
    outer loop
      vertex  1.747021e+001 -3.433383e+001 -3.083429e+002
      vertex -2.869115e+001 -3.400618e+001 -3.088201e+002
      vertex  1.748713e+001 -3.402921e+001 -3.087823e+002
    endloop
  endfacet
  facet normal -5.092916e-005 -8.800565e-001 -4.748690e-001
    outer loop
      vertex  1.748713e+001 -3.402921e+001 -3.087823e+002
      vertex -2.869115e+001 -3.400618e+001 -3.088201e+002
      vertex -2.892354e+001 -3.377379e+001 -3.092507e+002
    endloop
  endfacet
  facet normal  0.000000e+000 -8.779439e-001 -4.787635e-001
    outer loop
      vertex  1.748713e+001 -3.402921e+001 -3.087823e+002
      vertex -2.892354e+001 -3.377379e+001 -3.092507e+002
      vertex  1.752784e+001 -3.377379e+001 -3.092507e+002
    endloop
  endfacet
  facet normal -4.380476e-005 -4.478612e-001 -8.941031e-001
    outer loop
      vertex  1.818295e+001 -3.618102e+001 -3.068712e+002
      vertex -2.660130e+001 -3.609603e+001 -3.069116e+002
      vertex  1.796843e+001 -3.591244e+001 -3.070057e+002
    endloop
  endfacet
  facet normal  2.142650e-004 -4.969979e-001 -8.677516e-001
    outer loop
      vertex  1.796843e+001 -3.591244e+001 -3.070057e+002
      vertex -2.660130e+001 -3.609603e+001 -3.069116e+002
      vertex -2.718381e+001 -3.551352e+001 -3.072453e+002
    endloop
  endfacet
  facet normal  1.444219e-004 -5.028679e-001 -8.643633e-001
    outer loop
      vertex  1.796843e+001 -3.591244e+001 -3.070057e+002
      vertex -2.718381e+001 -3.551352e+001 -3.072453e+002
      vertex  1.779520e+001 -3.563070e+001 -3.071696e+002
    endloop
  endfacet
  facet normal -2.603035e-004 -6.111674e-001 -7.915013e-001
    outer loop
      vertex  1.779520e+001 -3.563070e+001 -3.071696e+002
      vertex -2.718381e+001 -3.551352e+001 -3.072453e+002
      vertex -2.773605e+001 -3.496128e+001 -3.076716e+002
    endloop
  endfacet
  facet normal  4.896275e-004 -5.783632e-001 -8.157793e-001
    outer loop
      vertex  1.779520e+001 -3.563070e+001 -3.071696e+002
      vertex -2.773605e+001 -3.496128e+001 -3.076716e+002
      vertex  1.759842e+001 -3.516374e+001 -3.075008e+002
    endloop
  endfacet
  facet normal -9.153202e-001 -4.152673e-005 -4.027270e-001
    outer loop
      vertex -3.527327e+001 -1.538107e+001 -3.145530e+002
      vertex -3.214267e+001 -1.763126e+001 -3.216680e+002
      vertex -3.265554e+001 -1.740442e+001 -3.205023e+002
    endloop
  endfacet
  facet normal -9.153103e-001  3.674248e-005 -4.027494e-001
    outer loop
      vertex -3.527327e+001 -1.538107e+001 -3.145530e+002
      vertex -3.265554e+001 -1.740442e+001 -3.205023e+002
      vertex -3.297728e+001 -1.732097e+001 -3.197711e+002
    endloop
  endfacet
  facet normal -9.153127e-001  1.915381e-005 -4.027439e-001
    outer loop
      vertex -3.527327e+001 -1.538107e+001 -3.145530e+002
      vertex -3.297728e+001 -1.732097e+001 -3.197711e+002
      vertex -3.330017e+001 -1.727742e+001 -3.190373e+002
    endloop
  endfacet
  facet normal -9.153169e-001 -7.725114e-006 -4.027343e-001
    outer loop
      vertex -3.527327e+001 -1.538107e+001 -3.145530e+002
      vertex -3.330017e+001 -1.727742e+001 -3.190373e+002
      vertex -3.395190e+001 -1.730618e+001 -3.175561e+002
    endloop
  endfacet
  facet normal -9.153147e-001  1.461071e-006 -4.027393e-001
    outer loop
      vertex -3.527327e+001 -1.538107e+001 -3.145530e+002
      vertex -3.395190e+001 -1.730618e+001 -3.175561e+002
      vertex -3.427672e+001 -1.738005e+001 -3.168179e+002
    endloop
  endfacet
  facet normal -9.153162e-001 -2.995070e-006 -4.027360e-001
    outer loop
      vertex -3.527327e+001 -1.538107e+001 -3.145530e+002
      vertex -3.427672e+001 -1.738005e+001 -3.168179e+002
      vertex -3.459949e+001 -1.749664e+001 -3.160843e+002
    endloop
  endfacet
  facet normal -9.153140e-001  1.292035e-006 -4.027409e-001
    outer loop
      vertex -3.527327e+001 -1.538107e+001 -3.145530e+002
      vertex -3.459949e+001 -1.749664e+001 -3.160843e+002
      vertex -3.486098e+001 -1.762692e+001 -3.154900e+002
    endloop
  endfacet
  facet normal -9.153151e-001  0.000000e+000 -4.027383e-001
    outer loop
      vertex -3.527327e+001 -1.538107e+001 -3.145530e+002
      vertex -3.486098e+001 -1.762692e+001 -3.154900e+002
      vertex -3.527327e+001 -1.791308e+001 -3.145530e+002
    endloop
  endfacet
  facet normal -9.153150e-001  -0.000000e+000 -4.027385e-001
    outer loop
      vertex -3.527327e+001 -1.358843e+001 -3.145530e+002
      vertex -3.527327e+001 -6.218697e+000 -3.145530e+002
      vertex -3.150659e+001 -1.813127e+001 -3.231136e+002
    endloop
  endfacet
  facet normal -9.152784e-001  1.867224e-004 -4.028215e-001
    outer loop
      vertex -3.527327e+001 -1.358843e+001 -3.145530e+002
      vertex -3.150659e+001 -1.813127e+001 -3.231136e+002
      vertex -3.169165e+001 -1.795287e+001 -3.226931e+002
    endloop
  endfacet
  facet normal -9.153184e-001 -1.446347e-005 -4.027312e-001
    outer loop
      vertex -3.527327e+001 -1.358843e+001 -3.145530e+002
      vertex -3.169165e+001 -1.795287e+001 -3.226931e+002
      vertex -3.214267e+001 -1.763126e+001 -3.216680e+002
    endloop
  endfacet
  facet normal -9.153153e-001  0.000000e+000 -4.027381e-001
    outer loop
      vertex -3.527327e+001 -1.358843e+001 -3.145530e+002
      vertex -3.214267e+001 -1.763126e+001 -3.216680e+002
      vertex -3.527327e+001 -1.538107e+001 -3.145530e+002
    endloop
  endfacet
  facet normal -9.153149e-001  0.000000e+000 -4.027389e-001
    outer loop
      vertex -3.527327e+001 -1.358843e+001 -3.145530e+002
      vertex -3.527327e+001 -1.538107e+001 -3.145530e+002
      vertex -3.800102e+001 -1.538107e+001 -3.083535e+002
    endloop
  endfacet
  facet normal -9.153149e-001  0.000000e+000 -4.027389e-001
    outer loop
      vertex -3.527327e+001 -1.358843e+001 -3.145530e+002
      vertex -3.800102e+001 -1.538107e+001 -3.083535e+002
      vertex -3.800102e+001 -1.358843e+001 -3.083535e+002
    endloop
  endfacet
  facet normal -9.153149e-001  0.000000e+000 -4.027389e-001
    outer loop
      vertex -3.527327e+001 -6.218697e+000 -3.145530e+002
      vertex -3.800102e+001 -6.218697e+000 -3.083535e+002
      vertex -3.800102e+001 -3.745322e+000 -3.083535e+002
    endloop
  endfacet
  facet normal -9.153149e-001  0.000000e+000 -4.027389e-001
    outer loop
      vertex -3.527327e+001 -6.218697e+000 -3.145530e+002
      vertex -3.800102e+001 -3.745322e+000 -3.083535e+002
      vertex -3.527327e+001 -3.745322e+000 -3.145530e+002
    endloop
  endfacet
  facet normal -9.153150e-001  -0.000000e+000 -4.027387e-001
    outer loop
      vertex -3.527327e+001 -6.218697e+000 -3.145530e+002
      vertex -3.527327e+001 -3.745322e+000 -3.145530e+002
      vertex -3.095073e+001 -1.900240e+001 -3.243769e+002
    endloop
  endfacet
  facet normal -9.152790e-001  7.500783e-005 -4.028205e-001
    outer loop
      vertex -3.527327e+001 -6.218697e+000 -3.145530e+002
      vertex -3.095073e+001 -1.900240e+001 -3.243769e+002
      vertex -3.105866e+001 -1.876483e+001 -3.241317e+002
    endloop
  endfacet
  facet normal -9.153103e-001  1.011352e-005 -4.027492e-001
    outer loop
      vertex -3.527327e+001 -6.218697e+000 -3.145530e+002
      vertex -3.105866e+001 -1.876483e+001 -3.241317e+002
      vertex -3.118896e+001 -1.853801e+001 -3.238355e+002
    endloop
  endfacet
  facet normal -9.153241e-001 -1.799833e-005 -4.027179e-001
    outer loop
      vertex -3.527327e+001 -6.218697e+000 -3.145530e+002
      vertex -3.118896e+001 -1.853801e+001 -3.238355e+002
      vertex -3.132706e+001 -1.834155e+001 -3.235216e+002
    endloop
  endfacet
  facet normal -9.153170e-001 -3.779232e-006 -4.027341e-001
    outer loop
      vertex -3.527327e+001 -6.218697e+000 -3.145530e+002
      vertex -3.132706e+001 -1.834155e+001 -3.235216e+002
      vertex -3.150659e+001 -1.813127e+001 -3.231136e+002
    endloop
  endfacet
  facet normal -9.153153e-001 -1.716645e-006 -4.027380e-001
    outer loop
      vertex -2.843194e+001 -3.100000e+001 -3.301015e+002
      vertex -3.169733e+001 -3.100000e+001 -3.226801e+002
      vertex -3.800102e+001 -2.469631e+001 -3.083535e+002
    endloop
  endfacet
  facet normal -9.153151e-001  8.399155e-007 -4.027386e-001
    outer loop
      vertex -2.843194e+001 -3.100000e+001 -3.301015e+002
      vertex -3.800102e+001 -2.469631e+001 -3.083535e+002
      vertex -3.338517e+001 -2.276709e+001 -3.188441e+002
    endloop
  endfacet
  facet normal -9.153146e-001  2.291225e-006 -4.027395e-001
    outer loop
      vertex -2.843194e+001 -3.100000e+001 -3.301015e+002
      vertex -3.338517e+001 -2.276709e+001 -3.188441e+002
      vertex -3.305937e+001 -2.273328e+001 -3.195846e+002
    endloop
  endfacet
  facet normal -9.153147e-001  1.935012e-006 -4.027392e-001
    outer loop
      vertex -2.843194e+001 -3.100000e+001 -3.301015e+002
      vertex -3.305937e+001 -2.273328e+001 -3.195846e+002
      vertex -3.273455e+001 -2.265942e+001 -3.203228e+002
    endloop
  endfacet
  facet normal -9.153163e-001 -2.675754e-006 -4.027360e-001
    outer loop
      vertex -2.843194e+001 -3.100000e+001 -3.301015e+002
      vertex -3.273455e+001 -2.265942e+001 -3.203228e+002
      vertex -3.241178e+001 -2.254282e+001 -3.210564e+002
    endloop
  endfacet
  facet normal -9.153142e-001  3.235869e-006 -4.027406e-001
    outer loop
      vertex -2.843194e+001 -3.100000e+001 -3.301015e+002
      vertex -3.241178e+001 -2.254282e+001 -3.210564e+002
      vertex -3.215029e+001 -2.241254e+001 -3.216507e+002
    endloop
  endfacet
  facet normal -9.153160e-001 -1.829507e-006 -4.027362e-001
    outer loop
      vertex -2.843194e+001 -3.100000e+001 -3.301015e+002
      vertex -3.215029e+001 -2.241254e+001 -3.216507e+002
      vertex -3.189210e+001 -2.224661e+001 -3.222375e+002
    endloop
  endfacet
  facet normal -9.153148e-001  1.284792e-006 -4.027392e-001
    outer loop
      vertex -2.843194e+001 -3.100000e+001 -3.301015e+002
      vertex -3.189210e+001 -2.224661e+001 -3.222375e+002
      vertex -3.149350e+001 -2.189425e+001 -3.231434e+002
    endloop
  endfacet
  facet normal -9.153164e-001 -2.206032e-006 -4.027353e-001
    outer loop
      vertex -2.843194e+001 -3.100000e+001 -3.301015e+002
      vertex -3.149350e+001 -2.189425e+001 -3.231434e+002
      vertex -3.119945e+001 -2.151773e+001 -3.238117e+002
    endloop
  endfacet
  facet normal -9.153153e-001 -1.567747e-007 -4.027379e-001
    outer loop
      vertex -2.843194e+001 -3.100000e+001 -3.301015e+002
      vertex -3.119945e+001 -2.151773e+001 -3.238117e+002
      vertex -3.107015e+001 -2.129680e+001 -3.241055e+002
    endloop
  endfacet
  facet normal -9.153157e-001 -7.889058e-007 -4.027371e-001
    outer loop
      vertex -2.843194e+001 -3.100000e+001 -3.301015e+002
      vertex -3.107015e+001 -2.129680e+001 -3.241055e+002
      vertex -3.095185e+001 -2.103988e+001 -3.243744e+002
    endloop
  endfacet
  facet normal -9.153173e-001 -3.259738e-006 -4.027335e-001
    outer loop
      vertex -2.843194e+001 -3.100000e+001 -3.301015e+002
      vertex -3.095185e+001 -2.103988e+001 -3.243744e+002
      vertex -3.085170e+001 -2.074023e+001 -3.246020e+002
    endloop
  endfacet
  facet normal -9.153090e-001  8.872774e-006 -4.027524e-001
    outer loop
      vertex -2.843194e+001 -3.100000e+001 -3.301015e+002
      vertex -3.085170e+001 -2.074023e+001 -3.246020e+002
      vertex -3.080471e+001 -2.053694e+001 -3.247088e+002
    endloop
  endfacet
  facet normal -9.153222e-001 -9.804704e-006 -4.027220e-001
    outer loop
      vertex -2.843194e+001 -3.100000e+001 -3.301015e+002
      vertex -3.080471e+001 -2.053694e+001 -3.247088e+002
      vertex -3.077179e+001 -2.031736e+001 -3.247836e+002
    endloop
  endfacet
  facet normal -9.153155e-001 -5.559468e-007 -4.027376e-001
    outer loop
      vertex -2.843194e+001 -3.100000e+001 -3.301015e+002
      vertex -3.077179e+001 -2.031736e+001 -3.247836e+002
      vertex -3.075564e+001 -2.001973e+001 -3.248203e+002
    endloop
  endfacet
  facet normal -9.153172e-001 -2.765940e-006 -4.027338e-001
    outer loop
      vertex -2.843194e+001 -3.100000e+001 -3.301015e+002
      vertex -3.075564e+001 -2.001973e+001 -3.248203e+002
      vertex -3.076427e+001 -1.980199e+001 -3.248007e+002
    endloop
  endfacet
  facet normal -9.152551e-001  7.702588e-005 -4.028750e-001
    outer loop
      vertex -2.843194e+001 -3.100000e+001 -3.301015e+002
      vertex -3.076427e+001 -1.980199e+001 -3.248007e+002
      vertex -3.078911e+001 -1.959200e+001 -3.247443e+002
    endloop
  endfacet
  facet normal -9.153214e-001 -7.514112e-006 -4.027241e-001
    outer loop
      vertex -2.843194e+001 -3.100000e+001 -3.301015e+002
      vertex -3.078911e+001 -1.959200e+001 -3.247443e+002
      vertex -3.527327e+001  3.584579e+000 -3.145530e+002
    endloop
  endfacet
  facet normal -9.153152e-001  0.000000e+000 -4.027382e-001
    outer loop
      vertex -2.843194e+001 -3.100000e+001 -3.301015e+002
      vertex -3.527327e+001  3.584579e+000 -3.145530e+002
      vertex -3.527327e+001  5.377217e+000 -3.145530e+002
    endloop
  endfacet
  facet normal -9.153152e-001  0.000000e+000 -4.027382e-001
    outer loop
      vertex -2.843194e+001 -3.100000e+001 -3.301015e+002
      vertex -3.527327e+001  5.377217e+000 -3.145530e+002
      vertex -3.527327e+001  1.270712e+001 -3.145530e+002
    endloop
  endfacet
  facet normal -9.153152e-001  0.000000e+000 -4.027382e-001
    outer loop
      vertex -2.843194e+001 -3.100000e+001 -3.301015e+002
      vertex -3.527327e+001  1.270712e+001 -3.145530e+002
      vertex -3.527327e+001  1.449976e+001 -3.145530e+002
    endloop
  endfacet
  facet normal -9.153152e-001  0.000000e+000 -4.027382e-001
    outer loop
      vertex -2.843194e+001 -3.100000e+001 -3.301015e+002
      vertex -3.527327e+001  1.449976e+001 -3.145530e+002
      vertex -3.527327e+001  2.182966e+001 -3.145530e+002
    endloop
  endfacet
  facet normal -9.153152e-001  0.000000e+000 -4.027382e-001
    outer loop
      vertex -2.843194e+001 -3.100000e+001 -3.301015e+002
      vertex -3.527327e+001  2.182966e+001 -3.145530e+002
      vertex -2.843194e+001  3.100000e+001 -3.301015e+002
    endloop
  endfacet
  facet normal -9.153182e-001  -0.000000e+000 -4.027315e-001
    outer loop
      vertex -3.527327e+001 -2.271097e+001 -3.145530e+002
      vertex -3.527327e+001 -2.212638e+001 -3.145530e+002
      vertex -3.486861e+001 -2.240821e+001 -3.154727e+002
    endloop
  endfacet
  facet normal -9.153158e-001 -1.967437e-005 -4.027369e-001
    outer loop
      vertex -3.527327e+001 -2.271097e+001 -3.145530e+002
      vertex -3.486861e+001 -2.240821e+001 -3.154727e+002
      vertex -3.435573e+001 -2.263504e+001 -3.166383e+002
    endloop
  endfacet
  facet normal -9.153161e-001  4.753256e-006 -4.027362e-001
    outer loop
      vertex -3.527327e+001 -2.271097e+001 -3.145530e+002
      vertex -3.435573e+001 -2.263504e+001 -3.166383e+002
      vertex -3.403399e+001 -2.271850e+001 -3.173695e+002
    endloop
  endfacet
  facet normal -9.153143e-001  1.235052e-003 -4.027386e-001
    outer loop
      vertex -3.527327e+001 -2.271097e+001 -3.145530e+002
      vertex -3.403399e+001 -2.271850e+001 -3.173695e+002
      vertex -3.800102e+001 -2.271097e+001 -3.083535e+002
    endloop
  endfacet
  facet normal -9.153153e-001  -0.000000e+000 -4.027381e-001
    outer loop
      vertex -3.800102e+001 -2.469631e+001 -3.083535e+002
      vertex -3.800102e+001 -2.271097e+001 -3.083535e+002
      vertex -3.403399e+001 -2.271850e+001 -3.173695e+002
    endloop
  endfacet
  facet normal -9.153150e-001 -3.668688e-006 -4.027387e-001
    outer loop
      vertex -3.800102e+001 -2.469631e+001 -3.083535e+002
      vertex -3.403399e+001 -2.271850e+001 -3.173695e+002
      vertex -3.371111e+001 -2.276205e+001 -3.181034e+002
    endloop
  endfacet
  facet normal -9.153116e-001 -4.977055e-005 -4.027464e-001
    outer loop
      vertex -3.800102e+001 -2.469631e+001 -3.083535e+002
      vertex -3.371111e+001 -2.276205e+001 -3.181034e+002
      vertex -3.338517e+001 -2.276709e+001 -3.188441e+002
    endloop
  endfacet
  facet normal -9.152501e-001  7.756497e-005 -4.028861e-001
    outer loop
      vertex -3.078911e+001 -1.959200e+001 -3.247443e+002
      vertex -3.085767e+001 -1.927759e+001 -3.245884e+002
      vertex -3.527327e+001  3.584579e+000 -3.145530e+002
    endloop
  endfacet
  facet normal -9.153381e-001 -2.693597e-005 -4.026860e-001
    outer loop
      vertex -3.527327e+001  3.584579e+000 -3.145530e+002
      vertex -3.085767e+001 -1.927759e+001 -3.245884e+002
      vertex -3.095073e+001 -1.900240e+001 -3.243769e+002
    endloop
  endfacet
  facet normal -9.153150e-001  0.000000e+000 -4.027387e-001
    outer loop
      vertex -3.527327e+001  3.584579e+000 -3.145530e+002
      vertex -3.095073e+001 -1.900240e+001 -3.243769e+002
      vertex -3.527327e+001 -3.745322e+000 -3.145530e+002
    endloop
  endfacet
  facet normal -9.153149e-001  0.000000e+000 -4.027389e-001
    outer loop
      vertex -3.800102e+001  5.377217e+000 -3.083535e+002
      vertex -3.527327e+001  5.377217e+000 -3.145530e+002
      vertex -3.800102e+001  3.584579e+000 -3.083535e+002
    endloop
  endfacet
  facet normal -9.153149e-001  0.000000e+000 -4.027389e-001
    outer loop
      vertex -3.800102e+001  3.584579e+000 -3.083535e+002
      vertex -3.527327e+001  5.377217e+000 -3.145530e+002
      vertex -3.527327e+001  3.584579e+000 -3.145530e+002
    endloop
  endfacet
  facet normal -9.153149e-001  0.000000e+000 -4.027389e-001
    outer loop
      vertex -3.800102e+001  1.449976e+001 -3.083535e+002
      vertex -3.527327e+001  1.449976e+001 -3.145530e+002
      vertex -3.800102e+001  1.270712e+001 -3.083535e+002
    endloop
  endfacet
  facet normal -9.153149e-001  0.000000e+000 -4.027389e-001
    outer loop
      vertex -3.800102e+001  1.270712e+001 -3.083535e+002
      vertex -3.527327e+001  1.449976e+001 -3.145530e+002
      vertex -3.527327e+001  1.270712e+001 -3.145530e+002
    endloop
  endfacet
  facet normal -9.153149e-001  -0.000000e+000 -4.027389e-001
    outer loop
      vertex -3.800102e+001  2.182966e+001 -3.083535e+002
      vertex -3.800102e+001  2.469396e+001 -3.083535e+002
      vertex -3.527327e+001  2.182966e+001 -3.145530e+002
    endloop
  endfacet
  facet normal -9.153150e-001 -6.970679e-007 -4.027387e-001
    outer loop
      vertex -3.527327e+001  2.182966e+001 -3.145530e+002
      vertex -3.800102e+001  2.469396e+001 -3.083535e+002
      vertex -3.169499e+001  3.100000e+001 -3.226855e+002
    endloop
  endfacet
  facet normal -9.153151e-001 -3.593954e-007 -4.027383e-001
    outer loop
      vertex -3.527327e+001  2.182966e+001 -3.145530e+002
      vertex -3.169499e+001  3.100000e+001 -3.226855e+002
      vertex -2.843194e+001  3.100000e+001 -3.301015e+002
    endloop
  endfacet
  facet normal  -0.000000e+000  0.000000e+000 -9.999999e-001
    outer loop
      vertex -3.800564e+001 -1.538107e+001 -3.049922e+002
      vertex -2.988238e+001 -1.538107e+001 -3.049922e+002
      vertex -3.350564e+001 -1.726973e+001 -3.049922e+002
    endloop
  endfacet
  facet normal  -0.000000e+000  0.000000e+000 -1.000000e+000
    outer loop
      vertex -3.800564e+001 -1.538107e+001 -3.049922e+002
      vertex -3.350564e+001 -1.726973e+001 -3.049922e+002
      vertex -3.411757e+001 -1.733868e+001 -3.049922e+002
    endloop
  endfacet
  facet normal  -0.000000e+000  0.000000e+000 -1.000000e+000
    outer loop
      vertex -3.800564e+001 -1.538107e+001 -3.049922e+002
      vertex -3.411757e+001 -1.733868e+001 -3.049922e+002
      vertex -3.469882e+001 -1.754207e+001 -3.049922e+002
    endloop
  endfacet
  facet normal  -0.000000e+000  0.000000e+000 -1.000000e+000
    outer loop
      vertex -3.800564e+001 -1.538107e+001 -3.049922e+002
      vertex -3.469882e+001 -1.754207e+001 -3.049922e+002
      vertex -3.522023e+001 -1.786970e+001 -3.049922e+002
    endloop
  endfacet
  facet normal  -0.000000e+000  0.000000e+000 -1.000000e+000
    outer loop
      vertex -3.800564e+001 -1.538107e+001 -3.049922e+002
      vertex -3.522023e+001 -1.786970e+001 -3.049922e+002
      vertex -3.565567e+001 -1.830514e+001 -3.049922e+002
    endloop
  endfacet
  facet normal  -0.000000e+000  0.000000e+000 -1.000000e+000
    outer loop
      vertex -3.800564e+001 -1.538107e+001 -3.049922e+002
      vertex -3.565567e+001 -1.830514e+001 -3.049922e+002
      vertex -3.598330e+001 -1.882655e+001 -3.049922e+002
    endloop
  endfacet
  facet normal  -0.000000e+000  0.000000e+000 -1.000000e+000
    outer loop
      vertex -3.800564e+001 -1.538107e+001 -3.049922e+002
      vertex -3.598330e+001 -1.882655e+001 -3.049922e+002
      vertex -3.618669e+001 -1.940780e+001 -3.049922e+002
    endloop
  endfacet
  facet normal  -0.000000e+000  0.000000e+000 -9.999999e-001
    outer loop
      vertex -3.800564e+001 -1.538107e+001 -3.049922e+002
      vertex -3.618669e+001 -1.940780e+001 -3.049922e+002
      vertex -3.625564e+001 -2.001973e+001 -3.049922e+002
    endloop
  endfacet
  facet normal  -0.000000e+000  -0.000000e+000 -1.000000e+000
    outer loop
      vertex -3.800564e+001 -1.538107e+001 -3.049922e+002
      vertex -3.625564e+001 -2.001973e+001 -3.049922e+002
      vertex -3.618491e+001 -2.063940e+001 -3.049922e+002
    endloop
  endfacet
  facet normal  0.000000e+000  0.000000e+000 -1.000000e+000
    outer loop
      vertex -3.800564e+001 -2.271097e+001 -3.049922e+002
      vertex -3.800564e+001 -1.538107e+001 -3.049922e+002
      vertex -3.618491e+001 -2.063940e+001 -3.049922e+002
    endloop
  endfacet
  facet normal  0.000000e+000  -0.000000e+000 -1.000000e+000
    outer loop
      vertex -3.800564e+001 -2.271097e+001 -3.049922e+002
      vertex -3.618491e+001 -2.063940e+001 -3.049922e+002
      vertex -3.597638e+001 -2.122719e+001 -3.049922e+002
    endloop
  endfacet
  facet normal  0.000000e+000  -0.000000e+000 -1.000000e+000
    outer loop
      vertex -3.800564e+001 -2.271097e+001 -3.049922e+002
      vertex -3.597638e+001 -2.122719e+001 -3.049922e+002
      vertex -3.564075e+001 -2.175287e+001 -3.049922e+002
    endloop
  endfacet
  facet normal  0.000000e+000  -0.000000e+000 -1.000000e+000
    outer loop
      vertex -3.800564e+001 -2.271097e+001 -3.049922e+002
      vertex -3.564075e+001 -2.175287e+001 -3.049922e+002
      vertex -3.519531e+001 -2.218941e+001 -3.049922e+002
    endloop
  endfacet
  facet normal  0.000000e+000  -0.000000e+000 -1.000000e+000
    outer loop
      vertex -3.800564e+001 -2.271097e+001 -3.049922e+002
      vertex -3.519531e+001 -2.218941e+001 -3.049922e+002
      vertex -3.466296e+001 -2.251435e+001 -3.049922e+002
    endloop
  endfacet
  facet normal  0.000000e+000  -0.000000e+000 -1.000000e+000
    outer loop
      vertex -3.800564e+001 -2.271097e+001 -3.049922e+002
      vertex -3.466296e+001 -2.251435e+001 -3.049922e+002
      vertex -3.407108e+001 -2.271097e+001 -3.049922e+002
    endloop
  endfacet
  facet normal  0.000000e+000  0.000000e+000 -1.000000e+000
    outer loop
      vertex -2.988238e+001 -1.538107e+001 -3.049922e+002
      vertex -3.082636e+001 -2.063940e+001 -3.049922e+002
      vertex -3.075564e+001 -2.001973e+001 -3.049922e+002
    endloop
  endfacet
  facet normal  0.000000e+000  0.000000e+000 -1.000000e+000
    outer loop
      vertex -2.988238e+001 -1.538107e+001 -3.049922e+002
      vertex -3.075564e+001 -2.001973e+001 -3.049922e+002
      vertex -3.082459e+001 -1.940780e+001 -3.049922e+002
    endloop
  endfacet
  facet normal  0.000000e+000  0.000000e+000 -1.000000e+000
    outer loop
      vertex -2.988238e+001 -1.538107e+001 -3.049922e+002
      vertex -3.082459e+001 -1.940780e+001 -3.049922e+002
      vertex -3.102797e+001 -1.882655e+001 -3.049922e+002
    endloop
  endfacet
  facet normal  0.000000e+000  0.000000e+000 -1.000000e+000
    outer loop
      vertex -2.988238e+001 -1.538107e+001 -3.049922e+002
      vertex -3.102797e+001 -1.882655e+001 -3.049922e+002
      vertex -3.135560e+001 -1.830514e+001 -3.049922e+002
    endloop
  endfacet
  facet normal  0.000000e+000  0.000000e+000 -1.000000e+000
    outer loop
      vertex -2.988238e+001 -1.538107e+001 -3.049922e+002
      vertex -3.135560e+001 -1.830514e+001 -3.049922e+002
      vertex -3.179104e+001 -1.786970e+001 -3.049922e+002
    endloop
  endfacet
  facet normal  0.000000e+000  0.000000e+000 -1.000000e+000
    outer loop
      vertex -2.988238e+001 -1.538107e+001 -3.049922e+002
      vertex -3.179104e+001 -1.786970e+001 -3.049922e+002
      vertex -3.231246e+001 -1.754207e+001 -3.049922e+002
    endloop
  endfacet
  facet normal  0.000000e+000  0.000000e+000 -9.999999e-001
    outer loop
      vertex -2.988238e+001 -1.538107e+001 -3.049922e+002
      vertex -3.231246e+001 -1.754207e+001 -3.049922e+002
      vertex -3.289370e+001 -1.733868e+001 -3.049922e+002
    endloop
  endfacet
  facet normal  0.000000e+000  0.000000e+000 -1.000000e+000
    outer loop
      vertex -2.988238e+001 -1.538107e+001 -3.049922e+002
      vertex -3.289370e+001 -1.733868e+001 -3.049922e+002
      vertex -3.350564e+001 -1.726973e+001 -3.049922e+002
    endloop
  endfacet
  facet normal  0.000000e+000  0.000000e+000 -9.999999e-001
    outer loop
      vertex -2.988238e+001 -2.271097e+001 -3.049922e+002
      vertex -3.294020e+001 -2.271097e+001 -3.049922e+002
      vertex -3.234832e+001 -2.251435e+001 -3.049922e+002
    endloop
  endfacet
  facet normal  0.000000e+000  0.000000e+000 -1.000000e+000
    outer loop
      vertex -2.988238e+001 -2.271097e+001 -3.049922e+002
      vertex -3.234832e+001 -2.251435e+001 -3.049922e+002
      vertex -3.181596e+001 -2.218941e+001 -3.049922e+002
    endloop
  endfacet
  facet normal  0.000000e+000  0.000000e+000 -1.000000e+000
    outer loop
      vertex -2.988238e+001 -2.271097e+001 -3.049922e+002
      vertex -3.181596e+001 -2.218941e+001 -3.049922e+002
      vertex -3.137052e+001 -2.175287e+001 -3.049922e+002
    endloop
  endfacet
  facet normal  0.000000e+000  0.000000e+000 -1.000000e+000
    outer loop
      vertex -2.988238e+001 -2.271097e+001 -3.049922e+002
      vertex -3.137052e+001 -2.175287e+001 -3.049922e+002
      vertex -3.103490e+001 -2.122719e+001 -3.049922e+002
    endloop
  endfacet
  facet normal  0.000000e+000  0.000000e+000 -9.999999e-001
    outer loop
      vertex -2.988238e+001 -2.271097e+001 -3.049922e+002
      vertex -3.103490e+001 -2.122719e+001 -3.049922e+002
      vertex -3.082636e+001 -2.063940e+001 -3.049922e+002
    endloop
  endfacet
  facet normal  0.000000e+000  0.000000e+000 -1.000000e+000
    outer loop
      vertex -2.988238e+001 -2.271097e+001 -3.049922e+002
      vertex -3.082636e+001 -2.063940e+001 -3.049922e+002
      vertex -2.988238e+001 -1.538107e+001 -3.049922e+002
    endloop
  endfacet
  facet normal  0.000000e+000  1.000000e+000  0.000000e+000
    outer loop
      vertex -3.800564e+001 -2.271097e+001 -3.049922e+002
      vertex -3.407108e+001 -2.271097e+001 -3.049922e+002
      vertex -3.407108e+001 -2.271097e+001 -3.145530e+002
    endloop
  endfacet
  facet normal  0.000000e+000  1.000000e+000  0.000000e+000
    outer loop
      vertex -3.800564e+001 -2.271097e+001 -3.049922e+002
      vertex -3.407108e+001 -2.271097e+001 -3.145530e+002
      vertex -3.527327e+001 -2.271097e+001 -3.145530e+002
    endloop
  endfacet
  facet normal  0.000000e+000  1.000000e+000  0.000000e+000
    outer loop
      vertex -3.800564e+001 -2.271097e+001 -3.049922e+002
      vertex -3.527327e+001 -2.271097e+001 -3.145530e+002
      vertex -3.800102e+001 -2.271097e+001 -3.083535e+002
    endloop
  endfacet
  facet normal  0.000000e+000  9.999999e-001  0.000000e+000
    outer loop
      vertex -3.800564e+001 -2.271097e+001 -3.049922e+002
      vertex -3.800102e+001 -2.271097e+001 -3.083535e+002
      vertex -3.800564e+001 -2.271097e+001 -3.083648e+002
    endloop
  endfacet
  facet normal  0.000000e+000  1.000000e+000  0.000000e+000
    outer loop
      vertex -3.294020e+001 -2.271097e+001 -3.049922e+002
      vertex -2.988238e+001 -2.271097e+001 -3.049922e+002
      vertex -3.294020e+001 -2.271097e+001 -3.145530e+002
    endloop
  endfacet
  facet normal  0.000000e+000  1.000000e+000  0.000000e+000
    outer loop
      vertex -3.294020e+001 -2.271097e+001 -3.145530e+002
      vertex -2.988238e+001 -2.271097e+001 -3.049922e+002
      vertex -2.988238e+001 -2.271097e+001 -3.145530e+002
    endloop
  endfacet
  facet normal  0.000000e+000  0.000000e+000  1.000000e+000
    outer loop
      vertex -3.527327e+001 -2.271097e+001 -3.145530e+002
      vertex -3.407108e+001 -2.271097e+001 -3.145530e+002
      vertex -3.450204e+001 -2.258287e+001 -3.145530e+002
    endloop
  endfacet
  facet normal  0.000000e+000  0.000000e+000  1.000000e+000
    outer loop
      vertex -3.527327e+001 -2.271097e+001 -3.145530e+002
      vertex -3.450204e+001 -2.258287e+001 -3.145530e+002
      vertex -3.490638e+001 -2.238626e+001 -3.145530e+002
    endloop
  endfacet
  facet normal  0.000000e+000  0.000000e+000  1.000000e+000
    outer loop
      vertex -3.527327e+001 -2.271097e+001 -3.145530e+002
      vertex -3.490638e+001 -2.238626e+001 -3.145530e+002
      vertex -3.527327e+001 -2.212638e+001 -3.145530e+002
    endloop
  endfacet
  facet normal  0.000000e+000  0.000000e+000  1.000000e+000
    outer loop
      vertex -3.527327e+001 -1.538107e+001 -3.145530e+002
      vertex -3.527327e+001 -1.791308e+001 -3.145530e+002
      vertex -3.475407e+001 -1.756945e+001 -3.145530e+002
    endloop
  endfacet
  facet normal  0.000000e+000  -0.000000e+000  1.000000e+000
    outer loop
      vertex -3.527327e+001 -1.538107e+001 -3.145530e+002
      vertex -3.475407e+001 -1.756945e+001 -3.145530e+002
      vertex -3.417089e+001 -1.735141e+001 -3.145530e+002
    endloop
  endfacet
  facet normal  0.000000e+000  -0.000000e+000  1.000000e+000
    outer loop
      vertex -3.527327e+001 -1.538107e+001 -3.145530e+002
      vertex -3.417089e+001 -1.735141e+001 -3.145530e+002
      vertex -3.355360e+001 -1.727015e+001 -3.145530e+002
    endloop
  endfacet
  facet normal  -0.000000e+000  -0.000000e+000  1.000000e+000
    outer loop
      vertex -3.527327e+001 -1.538107e+001 -3.145530e+002
      vertex -3.355360e+001 -1.727015e+001 -3.145530e+002
      vertex -3.293385e+001 -1.732983e+001 -3.145530e+002
    endloop
  endfacet
  facet normal  -0.000000e+000  -0.000000e+000  9.999999e-001
    outer loop
      vertex -3.527327e+001 -1.538107e+001 -3.145530e+002
      vertex -3.293385e+001 -1.732983e+001 -3.145530e+002
      vertex -3.234342e+001 -1.752740e+001 -3.145530e+002
    endloop
  endfacet
  facet normal  -0.000000e+000  -0.000000e+000  1.000000e+000
    outer loop
      vertex -3.527327e+001 -1.538107e+001 -3.145530e+002
      vertex -3.234342e+001 -1.752740e+001 -3.145530e+002
      vertex -3.181256e+001 -1.785271e+001 -3.145530e+002
    endloop
  endfacet
  facet normal  0.000000e+000  0.000000e+000  1.000000e+000
    outer loop
      vertex -2.988238e+001 -2.271097e+001 -3.145530e+002
      vertex -3.082612e+001 -1.940112e+001 -3.145530e+002
      vertex -3.075564e+001 -2.001973e+001 -3.145530e+002
    endloop
  endfacet
  facet normal  0.000000e+000  0.000000e+000  9.999999e-001
    outer loop
      vertex -2.988238e+001 -2.271097e+001 -3.145530e+002
      vertex -3.075564e+001 -2.001973e+001 -3.145530e+002
      vertex -3.082636e+001 -2.063940e+001 -3.145530e+002
    endloop
  endfacet
  facet normal  0.000000e+000  0.000000e+000  9.999999e-001
    outer loop
      vertex -2.988238e+001 -2.271097e+001 -3.145530e+002
      vertex -3.082636e+001 -2.063940e+001 -3.145530e+002
      vertex -3.103490e+001 -2.122719e+001 -3.145530e+002
    endloop
  endfacet
  facet normal  0.000000e+000  0.000000e+000  1.000000e+000
    outer loop
      vertex -2.988238e+001 -2.271097e+001 -3.145530e+002
      vertex -3.103490e+001 -2.122719e+001 -3.145530e+002
      vertex -3.137052e+001 -2.175287e+001 -3.145530e+002
    endloop
  endfacet
  facet normal  0.000000e+000  0.000000e+000  1.000000e+000
    outer loop
      vertex -2.988238e+001 -2.271097e+001 -3.145530e+002
      vertex -3.137052e+001 -2.175287e+001 -3.145530e+002
      vertex -3.181596e+001 -2.218941e+001 -3.145530e+002
    endloop
  endfacet
  facet normal  0.000000e+000  0.000000e+000  1.000000e+000
    outer loop
      vertex -2.988238e+001 -2.271097e+001 -3.145530e+002
      vertex -3.181596e+001 -2.218941e+001 -3.145530e+002
      vertex -3.234832e+001 -2.251435e+001 -3.145530e+002
    endloop
  endfacet
  facet normal  0.000000e+000  0.000000e+000  9.999999e-001
    outer loop
      vertex -2.988238e+001 -2.271097e+001 -3.145530e+002
      vertex -3.234832e+001 -2.251435e+001 -3.145530e+002
      vertex -3.294020e+001 -2.271097e+001 -3.145530e+002
    endloop
  endfacet
  facet normal  -0.000000e+000  0.000000e+000  1.000000e+000
    outer loop
      vertex -2.988238e+001 -1.538107e+001 -3.145530e+002
      vertex -3.527327e+001 -1.538107e+001 -3.145530e+002
      vertex -3.181256e+001 -1.785271e+001 -3.145530e+002
    endloop
  endfacet
  facet normal  -0.000000e+000  0.000000e+000  9.999999e-001
    outer loop
      vertex -2.988238e+001 -1.538107e+001 -3.145530e+002
      vertex -3.181256e+001 -1.785271e+001 -3.145530e+002
      vertex -3.136848e+001 -1.828911e+001 -3.145530e+002
    endloop
  endfacet
  facet normal  -0.000000e+000  0.000000e+000  1.000000e+000
    outer loop
      vertex -2.988238e+001 -1.538107e+001 -3.145530e+002
      vertex -3.136848e+001 -1.828911e+001 -3.145530e+002
      vertex -3.103395e+001 -1.881422e+001 -3.145530e+002
    endloop
  endfacet
  facet normal  -0.000000e+000  0.000000e+000  1.000000e+000
    outer loop
      vertex -2.988238e+001 -1.538107e+001 -3.145530e+002
      vertex -3.103395e+001 -1.881422e+001 -3.145530e+002
      vertex -3.082612e+001 -1.940112e+001 -3.145530e+002
    endloop
  endfacet
  facet normal  -0.000000e+000  0.000000e+000  1.000000e+000
    outer loop
      vertex -2.988238e+001 -1.538107e+001 -3.145530e+002
      vertex -3.082612e+001 -1.940112e+001 -3.145530e+002
      vertex -2.988238e+001 -2.271097e+001 -3.145530e+002
    endloop
  endfacet
  facet normal  1.598477e-002  9.998722e-001  2.212126e-004
    outer loop
      vertex -3.350564e+001 -2.276973e+001 -2.982075e+002
      vertex -3.338517e+001 -2.276709e+001 -3.188441e+002
      vertex -3.371111e+001 -2.276205e+001 -3.181034e+002
    endloop
  endfacet
  facet normal -6.610876e-001  7.503082e-001  9.645487e-004
    outer loop
      vertex -3.149350e+001 -2.189425e+001 -3.231434e+002
      vertex -3.189210e+001 -2.224661e+001 -3.222375e+002
      vertex -3.181596e+001 -2.218941e+001 -3.145530e+002
    endloop
  endfacet
  facet normal -6.999288e-001  7.142106e-001 -1.733781e-003
    outer loop
      vertex -3.137052e+001 -2.175287e+001 -3.145530e+002
      vertex -3.149350e+001 -2.189425e+001 -3.231434e+002
      vertex -3.181596e+001 -2.218941e+001 -3.145530e+002
    endloop
  endfacet
  facet normal -9.985305e-001  5.419340e-002  0.000000e+000
    outer loop
      vertex -3.077179e+001 -2.031736e+001 -3.247836e+002
      vertex -3.075564e+001 -2.001973e+001 -3.145530e+002
      vertex -3.075564e+001 -2.001973e+001 -3.248203e+002
    endloop
  endfacet
  facet normal  3.152623e-001  9.490042e-001  7.350256e-004
    outer loop
      vertex -3.407108e+001 -2.271097e+001 -3.049922e+002
      vertex -3.466296e+001 -2.251435e+001 -3.049922e+002
      vertex -3.411757e+001 -2.270078e+001 -2.982075e+002
    endloop
  endfacet
  facet normal  1.119656e-001  9.937118e-001 -7.251129e-004
    outer loop
      vertex -3.407108e+001 -2.271097e+001 -3.049922e+002
      vertex -3.411757e+001 -2.270078e+001 -2.982075e+002
      vertex -3.350564e+001 -2.276973e+001 -2.982075e+002
    endloop
  endfacet
  facet normal  1.126049e-001  9.936396e-001 -7.790207e-004
    outer loop
      vertex -3.407108e+001 -2.271097e+001 -3.049922e+002
      vertex -3.350564e+001 -2.276973e+001 -2.982075e+002
      vertex -3.371111e+001 -2.276205e+001 -3.181034e+002
    endloop
  endfacet
  facet normal  1.332097e-001  9.910879e-001 -2.033687e-004
    outer loop
      vertex -3.407108e+001 -2.271097e+001 -3.049922e+002
      vertex -3.371111e+001 -2.276205e+001 -3.181034e+002
      vertex -3.403399e+001 -2.271850e+001 -3.173695e+002
    endloop
  endfacet
  facet normal  1.988391e-001  9.800322e-001  0.000000e+000
    outer loop
      vertex -3.407108e+001 -2.271097e+001 -3.049922e+002
      vertex -3.403399e+001 -2.271850e+001 -3.173695e+002
      vertex -3.407108e+001 -2.271097e+001 -3.145530e+002
    endloop
  endfacet
  facet normal -1.047217e-001  9.945014e-001 -6.651087e-004
    outer loop
      vertex -3.294020e+001 -2.271097e+001 -3.049922e+002
      vertex -3.305937e+001 -2.273328e+001 -3.195846e+002
      vertex -3.338517e+001 -2.276709e+001 -3.188441e+002
    endloop
  endfacet
  facet normal -1.094339e-001  9.939940e-001 -5.116808e-004
    outer loop
      vertex -3.294020e+001 -2.271097e+001 -3.049922e+002
      vertex -3.338517e+001 -2.276709e+001 -3.188441e+002
      vertex -3.350564e+001 -2.276973e+001 -2.982075e+002
    endloop
  endfacet
  facet normal -1.119649e-001  9.937119e-001 -7.250545e-004
    outer loop
      vertex -3.294020e+001 -2.271097e+001 -3.049922e+002
      vertex -3.350564e+001 -2.276973e+001 -2.982075e+002
      vertex -3.289370e+001 -2.270078e+001 -2.982075e+002
    endloop
  endfacet
  facet normal -3.152623e-001  9.490042e-001  7.352035e-004
    outer loop
      vertex -3.294020e+001 -2.271097e+001 -3.049922e+002
      vertex -3.289370e+001 -2.270078e+001 -2.982075e+002
      vertex -3.234832e+001 -2.251435e+001 -3.049922e+002
    endloop
  endfacet
  facet normal -3.152623e-001  9.490039e-001 -1.078321e-003
    outer loop
      vertex -3.294020e+001 -2.271097e+001 -3.145530e+002
      vertex -3.234832e+001 -2.251435e+001 -3.145530e+002
      vertex -3.241178e+001 -2.254282e+001 -3.210564e+002
    endloop
  endfacet
  facet normal -3.478042e-001  9.375586e-001 -4.018363e-003
    outer loop
      vertex -3.294020e+001 -2.271097e+001 -3.145530e+002
      vertex -3.241178e+001 -2.254282e+001 -3.210564e+002
      vertex -3.273455e+001 -2.265942e+001 -3.203228e+002
    endloop
  endfacet
  facet normal -2.198398e-001  9.755356e-001  8.817920e-004
    outer loop
      vertex -3.294020e+001 -2.271097e+001 -3.145530e+002
      vertex -3.273455e+001 -2.265942e+001 -3.203228e+002
      vertex -3.305937e+001 -2.273328e+001 -3.195846e+002
    endloop
  endfacet
  facet normal -1.839941e-001  9.829274e-001  0.000000e+000
    outer loop
      vertex -3.294020e+001 -2.271097e+001 -3.145530e+002
      vertex -3.305937e+001 -2.273328e+001 -3.195846e+002
      vertex -3.294020e+001 -2.271097e+001 -3.049922e+002
    endloop
  endfacet
  facet normal  3.302794e-001  9.438830e-001 -6.128383e-004
    outer loop
      vertex -3.411757e+001 -2.270078e+001 -2.982075e+002
      vertex -3.466296e+001 -2.251435e+001 -3.049922e+002
      vertex -3.469882e+001 -2.249740e+001 -2.982075e+002
    endloop
  endfacet
  facet normal  5.209984e-001  8.535575e-001  6.208140e-004
    outer loop
      vertex -3.469882e+001 -2.249740e+001 -2.982075e+002
      vertex -3.466296e+001 -2.251435e+001 -3.049922e+002
      vertex -3.519531e+001 -2.218941e+001 -3.049922e+002
    endloop
  endfacet
  facet normal  5.320320e-001  8.467242e-001 -4.967942e-004
    outer loop
      vertex -3.469882e+001 -2.249740e+001 -2.982075e+002
      vertex -3.519531e+001 -2.218941e+001 -3.049922e+002
      vertex -3.522023e+001 -2.216977e+001 -2.982075e+002
    endloop
  endfacet
  facet normal  6.999313e-001  7.142100e-001  5.035112e-004
    outer loop
      vertex -3.522023e+001 -2.216977e+001 -2.982075e+002
      vertex -3.519531e+001 -2.218941e+001 -3.049922e+002
      vertex -3.564075e+001 -2.175287e+001 -3.049922e+002
    endloop
  endfacet
  facet normal  7.071068e-001  7.071067e-001 -3.776871e-004
    outer loop
      vertex -3.522023e+001 -2.216977e+001 -2.982075e+002
      vertex -3.564075e+001 -2.175287e+001 -3.049922e+002
      vertex -3.565567e+001 -2.173433e+001 -2.982075e+002
    endloop
  endfacet
  facet normal  8.428656e-001  5.381239e-001  3.826777e-004
    outer loop
      vertex -3.565567e+001 -2.173433e+001 -2.982075e+002
      vertex -3.564075e+001 -2.175287e+001 -3.049922e+002
      vertex -3.597638e+001 -2.122719e+001 -3.049922e+002
    endloop
  endfacet
  facet normal  8.467228e-001  5.320343e-001 -2.548216e-004
    outer loop
      vertex -3.565567e+001 -2.173433e+001 -2.982075e+002
      vertex -3.597638e+001 -2.122719e+001 -3.049922e+002
      vertex -3.598330e+001 -2.121291e+001 -2.982075e+002
    endloop
  endfacet
  facet normal  9.424444e-001  3.343627e-001  2.587968e-004
    outer loop
      vertex -3.598330e+001 -2.121291e+001 -2.982075e+002
      vertex -3.597638e+001 -2.122719e+001 -3.049922e+002
      vertex -3.618491e+001 -2.063940e+001 -3.049922e+002
    endloop
  endfacet
  facet normal  9.438829e-001  3.302805e-001 -1.290144e-004
    outer loop
      vertex -3.598330e+001 -2.121291e+001 -2.982075e+002
      vertex -3.618491e+001 -2.063940e+001 -3.049922e+002
      vertex -3.618669e+001 -2.063167e+001 -2.982075e+002
    endloop
  endfacet
  facet normal  9.935496e-001  1.133975e-001  1.311116e-004
    outer loop
      vertex -3.618669e+001 -2.063167e+001 -2.982075e+002
      vertex -3.618491e+001 -2.063940e+001 -3.049922e+002
      vertex -3.625564e+001 -2.001973e+001 -3.049922e+002
    endloop
  endfacet
  facet normal  9.937125e-001  1.119622e-001  -0.000000e+000
    outer loop
      vertex -3.618669e+001 -2.063167e+001 -2.982075e+002
      vertex -3.625564e+001 -2.001973e+001 -3.049922e+002
      vertex -3.625564e+001 -2.001973e+001 -2.982075e+002
    endloop
  endfacet
  facet normal  5.779935e-001  8.160303e-001  4.259163e-003
    outer loop
      vertex -3.527327e+001 -2.212638e+001 -3.145530e+002
      vertex -3.490638e+001 -2.238626e+001 -3.145530e+002
      vertex -3.486861e+001 -2.240821e+001 -3.154727e+002
    endloop
  endfacet
  facet normal  4.373076e-001  8.993052e-001 -3.505947e-003
    outer loop
      vertex -3.486861e+001 -2.240821e+001 -3.154727e+002
      vertex -3.490638e+001 -2.238626e+001 -3.145530e+002
      vertex -3.450204e+001 -2.258287e+001 -3.145530e+002
    endloop
  endfacet
  facet normal  4.168023e-001  9.089739e-001  6.502933e-003
    outer loop
      vertex -3.486861e+001 -2.240821e+001 -3.154727e+002
      vertex -3.450204e+001 -2.258287e+001 -3.145530e+002
      vertex -3.435573e+001 -2.263504e+001 -3.166383e+002
    endloop
  endfacet
  facet normal  2.849239e-001  9.585418e-001 -3.990156e-003
    outer loop
      vertex -3.435573e+001 -2.263504e+001 -3.166383e+002
      vertex -3.450204e+001 -2.258287e+001 -3.145530e+002
      vertex -3.407108e+001 -2.271097e+001 -3.145530e+002
    endloop
  endfacet
  facet normal  2.526608e-001  9.675546e-001  7.420204e-004
    outer loop
      vertex -3.435573e+001 -2.263504e+001 -3.166383e+002
      vertex -3.407108e+001 -2.271097e+001 -3.145530e+002
      vertex -3.403399e+001 -2.271850e+001 -3.173695e+002
    endloop
  endfacet
  facet normal -4.451667e-001  8.954475e-001  4.238673e-004
    outer loop
      vertex -3.241178e+001 -2.254282e+001 -3.210564e+002
      vertex -3.234832e+001 -2.251435e+001 -3.145530e+002
      vertex -3.215029e+001 -2.241254e+001 -3.216507e+002
    endloop
  endfacet
  facet normal -5.209971e-001  8.535554e-001 -2.292728e-003
    outer loop
      vertex -3.215029e+001 -2.241254e+001 -3.216507e+002
      vertex -3.234832e+001 -2.251435e+001 -3.145530e+002
      vertex -3.181596e+001 -2.218941e+001 -3.145530e+002
    endloop
  endfacet
  facet normal -5.420625e-001  8.403376e-001 -8.849502e-004
    outer loop
      vertex -3.215029e+001 -2.241254e+001 -3.216507e+002
      vertex -3.181596e+001 -2.218941e+001 -3.145530e+002
      vertex -3.189210e+001 -2.224661e+001 -3.222375e+002
    endloop
  endfacet
  facet normal -7.871656e-001  6.167407e-001  1.119148e-003
    outer loop
      vertex -3.149350e+001 -2.189425e+001 -3.231434e+002
      vertex -3.137052e+001 -2.175287e+001 -3.145530e+002
      vertex -3.119945e+001 -2.151773e+001 -3.238117e+002
    endloop
  endfacet
  facet normal -8.428642e-001  5.381230e-001 -1.906665e-003
    outer loop
      vertex -3.119945e+001 -2.151773e+001 -3.238117e+002
      vertex -3.137052e+001 -2.175287e+001 -3.145530e+002
      vertex -3.103490e+001 -2.122719e+001 -3.145530e+002
    endloop
  endfacet
  facet normal -8.633419e-001  5.046191e-001 -4.913743e-004
    outer loop
      vertex -3.119945e+001 -2.151773e+001 -3.238117e+002
      vertex -3.103490e+001 -2.122719e+001 -3.145530e+002
      vertex -3.107015e+001 -2.129680e+001 -3.241055e+002
    endloop
  endfacet
  facet normal -9.082215e-001  4.184900e-001  3.019380e-004
    outer loop
      vertex -3.107015e+001 -2.129680e+001 -3.241055e+002
      vertex -3.103490e+001 -2.122719e+001 -3.145530e+002
      vertex -3.095185e+001 -2.103988e+001 -3.243744e+002
    endloop
  endfacet
  facet normal -9.424443e-001  3.343596e-001 -1.591941e-003
    outer loop
      vertex -3.095185e+001 -2.103988e+001 -3.243744e+002
      vertex -3.103490e+001 -2.122719e+001 -3.145530e+002
      vertex -3.082636e+001 -2.063940e+001 -3.145530e+002
    endloop
  endfacet
  facet normal -9.486025e-001  3.164689e-001 -7.837406e-004
    outer loop
      vertex -3.095185e+001 -2.103988e+001 -3.243744e+002
      vertex -3.082636e+001 -2.063940e+001 -3.145530e+002
      vertex -3.085170e+001 -2.074023e+001 -3.246020e+002
    endloop
  endfacet
  facet normal -9.742916e-001  2.252910e-001  1.959261e-004
    outer loop
      vertex -3.085170e+001 -2.074023e+001 -3.246020e+002
      vertex -3.082636e+001 -2.063940e+001 -3.145530e+002
      vertex -3.080471e+001 -2.053694e+001 -3.247088e+002
    endloop
  endfacet
  facet normal -9.935493e-001  1.133975e-001 -9.740076e-004
    outer loop
      vertex -3.080471e+001 -2.053694e+001 -3.247088e+002
      vertex -3.082636e+001 -2.063940e+001 -3.145530e+002
      vertex -3.075564e+001 -2.001973e+001 -3.145530e+002
    endloop
  endfacet
  facet normal -9.890783e-001  1.473655e-001 -2.725488e-003
    outer loop
      vertex -3.080471e+001 -2.053694e+001 -3.247088e+002
      vertex -3.075564e+001 -2.001973e+001 -3.145530e+002
      vertex -3.077179e+001 -2.031736e+001 -3.247836e+002
    endloop
  endfacet
  facet normal -3.302814e-001  9.438823e-001 -6.128264e-004
    outer loop
      vertex -3.289370e+001 -2.270078e+001 -2.982075e+002
      vertex -3.231246e+001 -2.249740e+001 -2.982075e+002
      vertex -3.234832e+001 -2.251435e+001 -3.049922e+002
    endloop
  endfacet
  facet normal -5.320305e-001  8.467249e-001  6.961920e-004
    outer loop
      vertex -3.234832e+001 -2.251435e+001 -3.049922e+002
      vertex -3.231246e+001 -2.249740e+001 -2.982075e+002
      vertex -3.179104e+001 -2.216977e+001 -2.982075e+002
    endloop
  endfacet
  facet normal -5.209984e-001  8.535575e-001 -5.569563e-004
    outer loop
      vertex -3.234832e+001 -2.251435e+001 -3.049922e+002
      vertex -3.179104e+001 -2.216977e+001 -2.982075e+002
      vertex -3.181596e+001 -2.218941e+001 -3.049922e+002
    endloop
  endfacet
  facet normal -7.071067e-001  7.071067e-001  5.506281e-004
    outer loop
      vertex -3.181596e+001 -2.218941e+001 -3.049922e+002
      vertex -3.179104e+001 -2.216977e+001 -2.982075e+002
      vertex -3.135560e+001 -2.173433e+001 -2.982075e+002
    endloop
  endfacet
  facet normal -6.999298e-001  7.142115e-001 -4.128866e-004
    outer loop
      vertex -3.181596e+001 -2.218941e+001 -3.049922e+002
      vertex -3.135560e+001 -2.173433e+001 -2.982075e+002
      vertex -3.137052e+001 -2.175287e+001 -3.049922e+002
    endloop
  endfacet
  facet normal -8.467242e-001  5.320320e-001  4.078117e-004
    outer loop
      vertex -3.137052e+001 -2.175287e+001 -3.049922e+002
      vertex -3.135560e+001 -2.173433e+001 -2.982075e+002
      vertex -3.102797e+001 -2.121291e+001 -2.982075e+002
    endloop
  endfacet
  facet normal -8.428657e-001  5.381239e-001 -2.718089e-004
    outer loop
      vertex -3.137052e+001 -2.175287e+001 -3.049922e+002
      vertex -3.102797e+001 -2.121291e+001 -2.982075e+002
      vertex -3.103490e+001 -2.122719e+001 -3.049922e+002
    endloop
  endfacet
  facet normal -9.438838e-001  3.302777e-001  2.685955e-004
    outer loop
      vertex -3.103490e+001 -2.122719e+001 -3.049922e+002
      vertex -3.102797e+001 -2.121291e+001 -2.982075e+002
      vertex -3.082459e+001 -2.063167e+001 -2.982075e+002
    endloop
  endfacet
  facet normal -9.424455e-001  3.343600e-001 -1.343041e-004
    outer loop
      vertex -3.103490e+001 -2.122719e+001 -3.049922e+002
      vertex -3.082459e+001 -2.063167e+001 -2.982075e+002
      vertex -3.082636e+001 -2.063940e+001 -3.049922e+002
    endloop
  endfacet
  facet normal -9.937121e-001  1.119652e-001  1.325067e-004
    outer loop
      vertex -3.082636e+001 -2.063940e+001 -3.049922e+002
      vertex -3.082459e+001 -2.063167e+001 -2.982075e+002
      vertex -3.075564e+001 -2.001973e+001 -2.982075e+002
    endloop
  endfacet
  facet normal -9.935496e-001  1.133975e-001  0.000000e+000
    outer loop
      vertex -3.082636e+001 -2.063940e+001 -3.049922e+002
      vertex -3.075564e+001 -2.001973e+001 -2.982075e+002
      vertex -3.075564e+001 -2.001973e+001 -3.049922e+002
    endloop
  endfacet
  facet normal -1.119649e-001 -9.937122e-001  0.000000e+000
    outer loop
      vertex -3.350564e+001 -1.726973e+001 -2.982075e+002
      vertex -3.289370e+001 -1.733868e+001 -3.049922e+002
      vertex -3.289370e+001 -1.733868e+001 -2.982075e+002
    endloop
  endfacet
  facet normal -3.302786e-001 -9.438834e-001  -0.000000e+000
    outer loop
      vertex -3.289370e+001 -1.733868e+001 -2.982075e+002
      vertex -3.289370e+001 -1.733868e+001 -3.049922e+002
      vertex -3.231246e+001 -1.754207e+001 -3.049922e+002
    endloop
  endfacet
  facet normal -3.302786e-001 -9.438834e-001  0.000000e+000
    outer loop
      vertex -3.289370e+001 -1.733868e+001 -2.982075e+002
      vertex -3.231246e+001 -1.754207e+001 -3.049922e+002
      vertex -3.231246e+001 -1.754207e+001 -2.982075e+002
    endloop
  endfacet
  facet normal -5.320306e-001 -8.467251e-001  -0.000000e+000
    outer loop
      vertex -3.231246e+001 -1.754207e+001 -2.982075e+002
      vertex -3.231246e+001 -1.754207e+001 -3.049922e+002
      vertex -3.179104e+001 -1.786970e+001 -3.049922e+002
    endloop
  endfacet
  facet normal -5.320306e-001 -8.467251e-001  0.000000e+000
    outer loop
      vertex -3.231246e+001 -1.754207e+001 -2.982075e+002
      vertex -3.179104e+001 -1.786970e+001 -3.049922e+002
      vertex -3.179104e+001 -1.786970e+001 -2.982075e+002
    endloop
  endfacet
  facet normal -7.071068e-001 -7.071068e-001  -0.000000e+000
    outer loop
      vertex -3.179104e+001 -1.786970e+001 -2.982075e+002
      vertex -3.179104e+001 -1.786970e+001 -3.049922e+002
      vertex -3.135560e+001 -1.830514e+001 -3.049922e+002
    endloop
  endfacet
  facet normal -7.071068e-001 -7.071068e-001  0.000000e+000
    outer loop
      vertex -3.179104e+001 -1.786970e+001 -2.982075e+002
      vertex -3.135560e+001 -1.830514e+001 -3.049922e+002
      vertex -3.135560e+001 -1.830514e+001 -2.982075e+002
    endloop
  endfacet
  facet normal -8.467251e-001 -5.320306e-001  -0.000000e+000
    outer loop
      vertex -3.135560e+001 -1.830514e+001 -2.982075e+002
      vertex -3.135560e+001 -1.830514e+001 -3.049922e+002
      vertex -3.102797e+001 -1.882655e+001 -3.049922e+002
    endloop
  endfacet
  facet normal -8.467251e-001 -5.320306e-001  0.000000e+000
    outer loop
      vertex -3.135560e+001 -1.830514e+001 -2.982075e+002
      vertex -3.102797e+001 -1.882655e+001 -3.049922e+002
      vertex -3.102797e+001 -1.882655e+001 -2.982075e+002
    endloop
  endfacet
  facet normal -9.438838e-001 -3.302777e-001  -0.000000e+000
    outer loop
      vertex -3.102797e+001 -1.882655e+001 -2.982075e+002
      vertex -3.102797e+001 -1.882655e+001 -3.049922e+002
      vertex -3.082459e+001 -1.940780e+001 -3.049922e+002
    endloop
  endfacet
  facet normal -9.438838e-001 -3.302777e-001  0.000000e+000
    outer loop
      vertex -3.102797e+001 -1.882655e+001 -2.982075e+002
      vertex -3.082459e+001 -1.940780e+001 -3.049922e+002
      vertex -3.082459e+001 -1.940780e+001 -2.982075e+002
    endloop
  endfacet
  facet normal -9.937121e-001 -1.119652e-001  -0.000000e+000
    outer loop
      vertex -3.082459e+001 -1.940780e+001 -2.982075e+002
      vertex -3.082459e+001 -1.940780e+001 -3.049922e+002
      vertex -3.075564e+001 -2.001973e+001 -3.049922e+002
    endloop
  endfacet
  facet normal -9.937121e-001 -1.119652e-001  0.000000e+000
    outer loop
      vertex -3.082459e+001 -1.940780e+001 -2.982075e+002
      vertex -3.075564e+001 -2.001973e+001 -3.049922e+002
      vertex -3.075564e+001 -2.001973e+001 -2.982075e+002
    endloop
  endfacet
  facet normal -1.119649e-001 -9.937122e-001  -0.000000e+000
    outer loop
      vertex -3.289370e+001 -1.733868e+001 -3.049922e+002
      vertex -3.350564e+001 -1.726973e+001 -2.982075e+002
      vertex -3.350564e+001 -1.726973e+001 -3.049922e+002
    endloop
  endfacet
  facet normal  1.119656e-001 -9.937121e-001  0.000000e+000
    outer loop
      vertex -3.350564e+001 -1.726973e+001 -3.049922e+002
      vertex -3.350564e+001 -1.726973e+001 -2.982075e+002
      vertex -3.411757e+001 -1.733868e+001 -2.982075e+002
    endloop
  endfacet
  facet normal  1.119656e-001 -9.937121e-001  0.000000e+000
    outer loop
      vertex -3.350564e+001 -1.726973e+001 -3.049922e+002
      vertex -3.411757e+001 -1.733868e+001 -2.982075e+002
      vertex -3.411757e+001 -1.733868e+001 -3.049922e+002
    endloop
  endfacet
  facet normal  3.302767e-001 -9.438841e-001  0.000000e+000
    outer loop
      vertex -3.411757e+001 -1.733868e+001 -3.049922e+002
      vertex -3.411757e+001 -1.733868e+001 -2.982075e+002
      vertex -3.469882e+001 -1.754207e+001 -2.982075e+002
    endloop
  endfacet
  facet normal  3.302767e-001 -9.438841e-001  0.000000e+000
    outer loop
      vertex -3.411757e+001 -1.733868e+001 -3.049922e+002
      vertex -3.469882e+001 -1.754207e+001 -2.982075e+002
      vertex -3.469882e+001 -1.754207e+001 -3.049922e+002
    endloop
  endfacet
  facet normal  5.320320e-001 -8.467242e-001  0.000000e+000
    outer loop
      vertex -3.469882e+001 -1.754207e+001 -3.049922e+002
      vertex -3.469882e+001 -1.754207e+001 -2.982075e+002
      vertex -3.522023e+001 -1.786970e+001 -2.982075e+002
    endloop
  endfacet
  facet normal  5.320320e-001 -8.467242e-001  0.000000e+000
    outer loop
      vertex -3.469882e+001 -1.754207e+001 -3.049922e+002
      vertex -3.522023e+001 -1.786970e+001 -2.982075e+002
      vertex -3.522023e+001 -1.786970e+001 -3.049922e+002
    endloop
  endfacet
  facet normal  7.071068e-001 -7.071068e-001  0.000000e+000
    outer loop
      vertex -3.522023e+001 -1.786970e+001 -3.049922e+002
      vertex -3.522023e+001 -1.786970e+001 -2.982075e+002
      vertex -3.565567e+001 -1.830514e+001 -2.982075e+002
    endloop
  endfacet
  facet normal  7.071068e-001 -7.071068e-001  0.000000e+000
    outer loop
      vertex -3.522023e+001 -1.786970e+001 -3.049922e+002
      vertex -3.565567e+001 -1.830514e+001 -2.982075e+002
      vertex -3.565567e+001 -1.830514e+001 -3.049922e+002
    endloop
  endfacet
  facet normal  8.467237e-001 -5.320329e-001  0.000000e+000
    outer loop
      vertex -3.565567e+001 -1.830514e+001 -3.049922e+002
      vertex -3.565567e+001 -1.830514e+001 -2.982075e+002
      vertex -3.598330e+001 -1.882655e+001 -2.982075e+002
    endloop
  endfacet
  facet normal  8.467237e-001 -5.320329e-001  0.000000e+000
    outer loop
      vertex -3.565567e+001 -1.830514e+001 -3.049922e+002
      vertex -3.598330e+001 -1.882655e+001 -2.982075e+002
      vertex -3.598330e+001 -1.882655e+001 -3.049922e+002
    endloop
  endfacet
  facet normal  9.438829e-001 -3.302805e-001  0.000000e+000
    outer loop
      vertex -3.598330e+001 -1.882655e+001 -3.049922e+002
      vertex -3.598330e+001 -1.882655e+001 -2.982075e+002
      vertex -3.618669e+001 -1.940780e+001 -2.982075e+002
    endloop
  endfacet
  facet normal  9.438829e-001 -3.302805e-001  0.000000e+000
    outer loop
      vertex -3.598330e+001 -1.882655e+001 -3.049922e+002
      vertex -3.618669e+001 -1.940780e+001 -2.982075e+002
      vertex -3.618669e+001 -1.940780e+001 -3.049922e+002
    endloop
  endfacet
  facet normal  9.937125e-001 -1.119622e-001  0.000000e+000
    outer loop
      vertex -3.618669e+001 -1.940780e+001 -3.049922e+002
      vertex -3.618669e+001 -1.940780e+001 -2.982075e+002
      vertex -3.625564e+001 -2.001973e+001 -2.982075e+002
    endloop
  endfacet
  facet normal  9.937125e-001 -1.119622e-001  0.000000e+000
    outer loop
      vertex -3.618669e+001 -1.940780e+001 -3.049922e+002
      vertex -3.625564e+001 -2.001973e+001 -2.982075e+002
      vertex -3.625564e+001 -2.001973e+001 -3.049922e+002
    endloop
  endfacet
  facet normal -5.784036e-001 -8.157495e-001  1.445403e-003
    outer loop
      vertex -3.214267e+001 -1.763126e+001 -3.216680e+002
      vertex -3.169165e+001 -1.795287e+001 -3.226931e+002
      vertex -3.181256e+001 -1.785271e+001 -3.145530e+002
    endloop
  endfacet
  facet normal -5.225043e-001 -8.526335e-001 -2.296136e-003
    outer loop
      vertex -3.234342e+001 -1.752740e+001 -3.145530e+002
      vertex -3.214267e+001 -1.763126e+001 -3.216680e+002
      vertex -3.181256e+001 -1.785271e+001 -3.145530e+002
    endloop
  endfacet
  facet normal -4.005362e-001 -9.162786e-001  2.074299e-003
    outer loop
      vertex -3.265554e+001 -1.740442e+001 -3.205023e+002
      vertex -3.214267e+001 -1.763126e+001 -3.216680e+002
      vertex -3.234342e+001 -1.752740e+001 -3.145530e+002
    endloop
  endfacet
  facet normal -3.173125e-001 -9.483165e-001 -2.954146e-003
    outer loop
      vertex -3.293385e+001 -1.732983e+001 -3.145530e+002
      vertex -3.265554e+001 -1.740442e+001 -3.205023e+002
      vertex -3.234342e+001 -1.752740e+001 -3.145530e+002
    endloop
  endfacet
  facet normal -2.501534e-001 -9.682062e-001  4.368957e-004
    outer loop
      vertex -3.293385e+001 -1.732983e+001 -3.145530e+002
      vertex -3.297728e+001 -1.732097e+001 -3.197711e+002
      vertex -3.265554e+001 -1.740442e+001 -3.205023e+002
    endloop
  endfacet
  facet normal  1.305138e-001 -9.914317e-001 -5.413975e-003
    outer loop
      vertex -3.417089e+001 -1.735141e+001 -3.145530e+002
      vertex -3.395190e+001 -1.730618e+001 -3.175561e+002
      vertex -3.355360e+001 -1.727015e+001 -3.145530e+002
    endloop
  endfacet
  facet normal  4.517266e-001 -8.921507e-001  3.185216e-003
    outer loop
      vertex -3.475407e+001 -1.756945e+001 -3.145530e+002
      vertex -3.486098e+001 -1.762692e+001 -3.154900e+002
      vertex -3.459949e+001 -1.749664e+001 -3.160843e+002
    endloop
  endfacet
  facet normal  5.518845e-001 -8.338368e-001 -1.181963e-002
    outer loop
      vertex -3.486098e+001 -1.762692e+001 -3.154900e+002
      vertex -3.475407e+001 -1.756945e+001 -3.145530e+002
      vertex -3.527327e+001 -1.791308e+001 -3.145530e+002
    endloop
  endfacet
  facet normal -9.935721e-001 -1.132006e-001  0.000000e+000
    outer loop
      vertex -3.075564e+001 -2.001973e+001 -3.145530e+002
      vertex -3.082612e+001 -1.940112e+001 -3.145530e+002
      vertex -3.075564e+001 -2.001973e+001 -3.248203e+002
    endloop
  endfacet
  facet normal -9.992205e-001 -3.921911e-002 -4.496186e-003
    outer loop
      vertex -3.075564e+001 -2.001973e+001 -3.248203e+002
      vertex -3.082612e+001 -1.940112e+001 -3.145530e+002
      vertex -3.076427e+001 -1.980199e+001 -3.248007e+002
    endloop
  endfacet
  facet normal -9.844410e-001 -1.757132e-001  9.323856e-004
    outer loop
      vertex -3.082612e+001 -1.940112e+001 -3.145530e+002
      vertex -3.085767e+001 -1.927759e+001 -3.245884e+002
      vertex -3.076427e+001 -1.980199e+001 -3.248007e+002
    endloop
  endfacet
  facet normal -9.152451e-001  8.426643e-005 -4.028976e-001
    outer loop
      vertex -3.076427e+001 -1.980199e+001 -3.248007e+002
      vertex -3.085767e+001 -1.927759e+001 -3.245884e+002
      vertex -3.078911e+001 -1.959200e+001 -3.247443e+002
    endloop
  endfacet
  facet normal -9.103759e-001 -4.137821e-001  2.145153e-004
    outer loop
      vertex -3.105866e+001 -1.876483e+001 -3.241317e+002
      vertex -3.095073e+001 -1.900240e+001 -3.243769e+002
      vertex -3.103395e+001 -1.881422e+001 -3.145530e+002
    endloop
  endfacet
  facet normal -9.477440e-001 -3.190262e-001 -1.917128e-003
    outer loop
      vertex -3.103395e+001 -1.881422e+001 -3.145530e+002
      vertex -3.095073e+001 -1.900240e+001 -3.243769e+002
      vertex -3.085767e+001 -1.927759e+001 -3.245884e+002
    endloop
  endfacet
  facet normal -9.426410e-001 -3.338065e-001 -1.145028e-003
    outer loop
      vertex -3.103395e+001 -1.881422e+001 -3.145530e+002
      vertex -3.085767e+001 -1.927759e+001 -3.245884e+002
      vertex -3.082612e+001 -1.940112e+001 -3.145530e+002
    endloop
  endfacet
  facet normal -8.184139e-001 -5.746289e-001 -4.197884e-004
    outer loop
      vertex -3.132706e+001 -1.834155e+001 -3.235216e+002
      vertex -3.118896e+001 -1.853801e+001 -3.238355e+002
      vertex -3.136848e+001 -1.828911e+001 -3.145530e+002
    endloop
  endfacet
  facet normal -8.690862e-001 -4.946481e-001 -3.544284e-003
    outer loop
      vertex -3.136848e+001 -1.828911e+001 -3.145530e+002
      vertex -3.118896e+001 -1.853801e+001 -3.238355e+002
      vertex -3.105866e+001 -1.876483e+001 -3.241317e+002
    endloop
  endfacet
  facet normal -8.433934e-001 -5.372962e-001 -5.951911e-004
    outer loop
      vertex -3.136848e+001 -1.828911e+001 -3.145530e+002
      vertex -3.105866e+001 -1.876483e+001 -3.241317e+002
      vertex -3.103395e+001 -1.881422e+001 -3.145530e+002
    endloop
  endfacet
  facet normal -7.602527e-001 -6.496274e-001  2.872682e-004
    outer loop
      vertex -3.132706e+001 -1.834155e+001 -3.235216e+002
      vertex -3.136848e+001 -1.828911e+001 -3.145530e+002
      vertex -3.150659e+001 -1.813127e+001 -3.231136e+002
    endloop
  endfacet
  facet normal -7.009120e-001 -7.132454e-001 -1.843106e-003
    outer loop
      vertex -3.150659e+001 -1.813127e+001 -3.231136e+002
      vertex -3.136848e+001 -1.828911e+001 -3.145530e+002
      vertex -3.181256e+001 -1.785271e+001 -3.145530e+002
    endloop
  endfacet
  facet normal -6.958017e-001 -7.182324e-001 -1.498193e-003
    outer loop
      vertex -3.150659e+001 -1.813127e+001 -3.231136e+002
      vertex -3.181256e+001 -1.785271e+001 -3.145530e+002
      vertex -3.169165e+001 -1.795287e+001 -3.226931e+002
    endloop
  endfacet
  facet normal  5.478416e-002 -9.984871e-001  4.714632e-003
    outer loop
      vertex -3.395190e+001 -1.730618e+001 -3.175561e+002
      vertex -3.330017e+001 -1.727742e+001 -3.190373e+002
      vertex -3.355360e+001 -1.727015e+001 -3.145530e+002
    endloop
  endfacet
  facet normal -1.488350e-001 -9.888387e-001 -6.808566e-003
    outer loop
      vertex -3.355360e+001 -1.727015e+001 -3.145530e+002
      vertex -3.330017e+001 -1.727742e+001 -3.190373e+002
      vertex -3.297728e+001 -1.732097e+001 -3.197711e+002
    endloop
  endfacet
  facet normal -9.585537e-002 -9.953948e-001 -8.933907e-004
    outer loop
      vertex -3.355360e+001 -1.727015e+001 -3.145530e+002
      vertex -3.297728e+001 -1.732097e+001 -3.197711e+002
      vertex -3.293385e+001 -1.732983e+001 -3.145530e+002
    endloop
  endfacet
  facet normal  2.255791e-001 -9.742233e-001  1.777334e-003
    outer loop
      vertex -3.395190e+001 -1.730618e+001 -3.175561e+002
      vertex -3.417089e+001 -1.735141e+001 -3.145530e+002
      vertex -3.427672e+001 -1.738005e+001 -3.168179e+002
    endloop
  endfacet
  facet normal  3.501897e-001 -9.366679e-001 -4.520164e-003
    outer loop
      vertex -3.427672e+001 -1.738005e+001 -3.168179e+002
      vertex -3.417089e+001 -1.735141e+001 -3.145530e+002
      vertex -3.475407e+001 -1.756945e+001 -3.145530e+002
    endloop
  endfacet
  facet normal  3.121083e-001 -9.499484e-001 -1.365688e-002
    outer loop
      vertex -3.427672e+001 -1.738005e+001 -3.168179e+002
      vertex -3.475407e+001 -1.756945e+001 -3.145530e+002
      vertex -3.459949e+001 -1.749664e+001 -3.160843e+002
    endloop
  endfacet
  facet normal  9.438827e-001  3.302763e-001 -1.727149e-003
    outer loop
      vertex  1.759842e+001 -3.516374e+001 -3.075008e+002
      vertex  1.753916e+001 -3.494576e+001 -2.982075e+002
      vertex  1.774254e+001 -3.552701e+001 -2.982075e+002
    endloop
  endfacet
  facet normal  9.212857e-001  3.888852e-001  9.142778e-004
    outer loop
      vertex  1.774254e+001 -3.552701e+001 -2.982075e+002
      vertex  1.779520e+001 -3.563070e+001 -3.071696e+002
      vertex  1.759842e+001 -3.516374e+001 -3.075008e+002
    endloop
  endfacet
  facet normal  7.071074e-001  7.071043e-001 -1.616451e-003
    outer loop
      vertex  1.850561e+001 -3.648387e+001 -2.982075e+002
      vertex  1.818295e+001 -3.618102e+001 -3.068712e+002
      vertex  1.807017e+001 -3.604843e+001 -2.982075e+002
    endloop
  endfacet
  facet normal  6.771200e-001  7.358726e-001  5.059855e-004
    outer loop
      vertex  1.850561e+001 -3.648387e+001 -2.982075e+002
      vertex  1.854791e+001 -3.651693e+001 -3.067300e+002
      vertex  1.818295e+001 -3.618102e+001 -3.068712e+002
    endloop
  endfacet
  facet normal  3.302746e-001  9.438837e-001 -1.487310e-003
    outer loop
      vertex  1.960828e+001 -3.701488e+001 -2.982075e+002
      vertex  1.946744e+001 -3.697879e+001 -3.065806e+002
      vertex  1.902703e+001 -3.681150e+001 -2.982075e+002
    endloop
  endfacet
  facet normal  1.799410e-001  9.836767e-001  1.212847e-003
    outer loop
      vertex  1.998757e+001 -3.707397e+001 -3.065558e+002
      vertex  1.946744e+001 -3.697879e+001 -3.065806e+002
      vertex  1.960828e+001 -3.701488e+001 -2.982075e+002
    endloop
  endfacet
  facet normal  1.119681e-001  9.937100e-001 -1.946389e-003
    outer loop
      vertex  1.998757e+001 -3.707397e+001 -3.065558e+002
      vertex  1.960828e+001 -3.701488e+001 -2.982075e+002
      vertex  2.022021e+001 -3.708383e+001 -2.982075e+002
    endloop
  endfacet
  facet normal  5.372678e-003  9.999850e-001  1.031450e-003
    outer loop
      vertex  2.022021e+001 -3.708383e+001 -2.982075e+002
      vertex  2.042340e+001 -3.707631e+001 -3.065552e+002
      vertex  1.998757e+001 -3.707397e+001 -3.065558e+002
    endloop
  endfacet
  facet normal -5.320332e-001  8.467211e-001 -2.037173e-003
    outer loop
      vertex  2.193480e+001 -3.648387e+001 -2.982075e+002
      vertex  2.169424e+001 -3.665541e+001 -3.066800e+002
      vertex  2.141339e+001 -3.681150e+001 -2.982075e+002
    endloop
  endfacet
  facet normal -6.065207e-001  7.950670e-001  1.123652e-003
    outer loop
      vertex  2.193480e+001 -3.648387e+001 -2.982075e+002
      vertex  2.207077e+001 -3.636802e+001 -3.067890e+002
      vertex  2.169424e+001 -3.665541e+001 -3.066800e+002
    endloop
  endfacet
  facet normal -9.438831e-001  3.302764e-001 -1.509931e-003
    outer loop
      vertex  2.290126e+001 -3.494576e+001 -2.982075e+002
      vertex  2.285668e+001 -3.511583e+001 -3.075396e+002
      vertex  2.269787e+001 -3.552701e+001 -2.982075e+002
    endloop
  endfacet
  facet normal  9.748705e-001  2.227700e-001  9.920270e-004
    outer loop
      vertex  1.759842e+001 -3.516374e+001 -3.075008e+002
      vertex  1.749750e+001 -3.472030e+001 -3.079008e+002
      vertex  1.753916e+001 -3.494576e+001 -2.982075e+002
    endloop
  endfacet
  facet normal  9.977260e-001  6.734559e-002 -2.721256e-003
    outer loop
      vertex  1.753916e+001 -3.494576e+001 -2.982075e+002
      vertex  1.749750e+001 -3.472030e+001 -3.079008e+002
      vertex  1.747021e+001 -3.433383e+001 -3.083429e+002
    endloop
  endfacet
  facet normal  9.937121e-001  1.119656e-001  -0.000000e+000
    outer loop
      vertex  1.753916e+001 -3.494576e+001 -2.982075e+002
      vertex  1.747021e+001 -3.433383e+001 -3.083429e+002
      vertex  1.747021e+001 -3.433383e+001 -2.982075e+002
    endloop
  endfacet
  facet normal  7.811988e-001  6.242820e-001  6.155361e-004
    outer loop
      vertex  1.818295e+001 -3.618102e+001 -3.068712e+002
      vertex  1.796843e+001 -3.591244e+001 -3.070057e+002
      vertex  1.807017e+001 -3.604843e+001 -2.982075e+002
    endloop
  endfacet
  facet normal  8.523224e-001  5.230137e-001 -1.772183e-003
    outer loop
      vertex  1.807017e+001 -3.604843e+001 -2.982075e+002
      vertex  1.796843e+001 -3.591244e+001 -3.070057e+002
      vertex  1.779520e+001 -3.563070e+001 -3.071696e+002
    endloop
  endfacet
  facet normal  8.467222e-001  5.320339e-001 -1.179928e-003
    outer loop
      vertex  1.807017e+001 -3.604843e+001 -2.982075e+002
      vertex  1.779520e+001 -3.563070e+001 -3.071696e+002
      vertex  1.774254e+001 -3.552701e+001 -2.982075e+002
    endloop
  endfacet
  facet normal  3.644644e-001  9.312172e-001  5.640800e-004
    outer loop
      vertex  1.946744e+001 -3.697879e+001 -3.065806e+002
      vertex  1.897731e+001 -3.678693e+001 -3.066367e+002
      vertex  1.902703e+001 -3.681150e+001 -2.982075e+002
    endloop
  endfacet
  facet normal  5.324100e-001  8.464864e-001 -6.735531e-004
    outer loop
      vertex  1.902703e+001 -3.681150e+001 -2.982075e+002
      vertex  1.897731e+001 -3.678693e+001 -3.066367e+002
      vertex  1.854791e+001 -3.651693e+001 -3.067300e+002
    endloop
  endfacet
  facet normal  5.320327e-001  8.467235e-001 -6.441471e-004
    outer loop
      vertex  1.902703e+001 -3.681150e+001 -2.982075e+002
      vertex  1.854791e+001 -3.651693e+001 -3.067300e+002
      vertex  1.850561e+001 -3.648387e+001 -2.982075e+002
    endloop
  endfacet
  facet normal -4.599819e-001  8.879275e-001  1.110340e-003
    outer loop
      vertex  2.169424e+001 -3.665541e+001 -3.066800e+002
      vertex  2.126717e+001 -3.687674e+001 -3.066094e+002
      vertex  2.141339e+001 -3.681150e+001 -2.982075e+002
    endloop
  endfacet
  facet normal -3.066819e-001  9.518099e-001 -2.053515e-003
    outer loop
      vertex  2.141339e+001 -3.681150e+001 -2.982075e+002
      vertex  2.126717e+001 -3.687674e+001 -3.066094e+002
      vertex  2.085383e+001 -3.700984e+001 -3.065723e+002
    endloop
  endfacet
  facet normal -3.302750e-001  9.438848e-001 -2.873632e-004
    outer loop
      vertex  2.141339e+001 -3.681150e+001 -2.982075e+002
      vertex  2.085383e+001 -3.700984e+001 -3.065723e+002
      vertex  2.083214e+001 -3.701488e+001 -2.982075e+002
    endloop
  endfacet
  facet normal -1.526194e-001  9.882849e-001  2.000732e-004
    outer loop
      vertex  2.083214e+001 -3.701488e+001 -2.982075e+002
      vertex  2.085383e+001 -3.700984e+001 -3.065723e+002
      vertex  2.042340e+001 -3.707631e+001 -3.065552e+002
    endloop
  endfacet
  facet normal -1.119681e-001  9.937101e-001 -1.830319e-003
    outer loop
      vertex  2.083214e+001 -3.701488e+001 -2.982075e+002
      vertex  2.042340e+001 -3.707631e+001 -3.065552e+002
      vertex  2.022021e+001 -3.708383e+001 -2.982075e+002
    endloop
  endfacet
  facet normal -9.290779e-001  3.698837e-001  4.871676e-004
    outer loop
      vertex  2.285668e+001 -3.511583e+001 -3.075396e+002
      vertex  2.267356e+001 -3.557624e+001 -3.072043e+002
      vertex  2.269787e+001 -3.552701e+001 -2.982075e+002
    endloop
  endfacet
  facet normal -8.437755e-001  5.366960e-001 -6.560647e-004
    outer loop
      vertex  2.269787e+001 -3.552701e+001 -2.982075e+002
      vertex  2.267356e+001 -3.557624e+001 -3.072043e+002
      vertex  2.238440e+001 -3.603053e+001 -3.069441e+002
    endloop
  endfacet
  facet normal -8.467228e-001  5.320343e-001 -2.816450e-004
    outer loop
      vertex  2.269787e+001 -3.552701e+001 -2.982075e+002
      vertex  2.238440e+001 -3.603053e+001 -3.069441e+002
      vertex  2.237024e+001 -3.604843e+001 -2.982075e+002
    endloop
  endfacet
  facet normal -7.324800e-001  6.807885e-001  2.081689e-004
    outer loop
      vertex  2.237024e+001 -3.604843e+001 -2.982075e+002
      vertex  2.238440e+001 -3.603053e+001 -3.069441e+002
      vertex  2.207077e+001 -3.636802e+001 -3.067890e+002
    endloop
  endfacet
  facet normal -7.071059e-001  7.071059e-001 -1.657430e-003
    outer loop
      vertex  2.237024e+001 -3.604843e+001 -2.982075e+002
      vertex  2.207077e+001 -3.636802e+001 -3.067890e+002
      vertex  2.193480e+001 -3.648387e+001 -2.982075e+002
    endloop
  endfacet
  facet normal -9.775032e-001  2.109188e-001  8.257715e-004
    outer loop
      vertex  2.285668e+001 -3.511583e+001 -3.075396e+002
      vertex  2.290126e+001 -3.494576e+001 -2.982075e+002
      vertex  2.294511e+001 -3.470454e+001 -3.079169e+002
    endloop
  endfacet
  facet normal -9.937106e-001  1.119654e-001 -1.705785e-003
    outer loop
      vertex  2.294511e+001 -3.470454e+001 -3.079169e+002
      vertex  2.290126e+001 -3.494576e+001 -2.982075e+002
      vertex  2.297021e+001 -3.433383e+001 -2.982075e+002
    endloop
  endfacet
  facet normal -9.977153e-001  6.755984e-002  0.000000e+000
    outer loop
      vertex  2.294511e+001 -3.470454e+001 -3.079169e+002
      vertex  2.297021e+001 -3.433383e+001 -2.982075e+002
      vertex  2.297021e+001 -3.433383e+001 -3.083429e+002
    endloop
  endfacet
  facet normal -3.777418e-004  1.828609e-001 -9.831387e-001
    outer loop
      vertex -2.064351e+001  3.707382e+001 -3.065559e+002
      vertex -2.019984e+001  3.767345e+001 -3.064445e+002
      vertex -2.019984e+001  3.707113e+001 -3.065565e+002
    endloop
  endfacet
  facet normal  1.820754e-005  2.486700e-001 -9.685882e-001
    outer loop
      vertex -2.107382e+001  3.700705e+001 -3.065730e+002
      vertex -2.569628e+001  3.699871e+001 -3.065753e+002
      vertex -2.064351e+001  3.707382e+001 -3.065559e+002
    endloop
  endfacet
  facet normal  5.601057e-004  2.143251e-001 -9.767622e-001
    outer loop
      vertex -2.064351e+001  3.707382e+001 -3.065559e+002
      vertex -2.569628e+001  3.699871e+001 -3.065753e+002
      vertex -2.527028e+001  3.742471e+001 -3.064815e+002
    endloop
  endfacet
  facet normal -1.845807e-003  1.839105e-001 -9.829413e-001
    outer loop
      vertex -2.064351e+001  3.707382e+001 -3.065559e+002
      vertex -2.527028e+001  3.742471e+001 -3.064815e+002
      vertex -2.019984e+001  3.767345e+001 -3.064445e+002
    endloop
  endfacet
  facet normal  3.195319e-003  8.317089e-002 -9.965301e-001
    outer loop
      vertex -2.019984e+001  3.767345e+001 -3.064445e+002
      vertex -2.527028e+001  3.742471e+001 -3.064815e+002
      vertex -2.441003e+001  3.828495e+001 -3.064070e+002
    endloop
  endfacet
  facet normal  0.000000e+000  6.126882e-002 -9.981214e-001
    outer loop
      vertex -2.019984e+001  3.767345e+001 -3.064445e+002
      vertex -2.441003e+001  3.828495e+001 -3.064070e+002
      vertex -2.019984e+001  3.828495e+001 -3.064070e+002
    endloop
  endfacet
  facet normal  6.038112e-004  3.034963e-001 -9.528323e-001
    outer loop
      vertex -2.191376e+001  3.665216e+001 -3.066811e+002
      vertex -2.611715e+001  3.657784e+001 -3.067074e+002
      vertex -2.148698e+001  3.687368e+001 -3.066103e+002
    endloop
  endfacet
  facet normal  9.377084e-004  2.987617e-001 -9.543272e-001
    outer loop
      vertex -2.148698e+001  3.687368e+001 -3.066103e+002
      vertex -2.611715e+001  3.657784e+001 -3.067074e+002
      vertex -2.569628e+001  3.699871e+001 -3.065753e+002
    endloop
  endfacet
  facet normal -2.100523e-005  2.689544e-001 -9.631529e-001
    outer loop
      vertex -2.148698e+001  3.687368e+001 -3.066103e+002
      vertex -2.569628e+001  3.699871e+001 -3.065753e+002
      vertex -2.107382e+001  3.700705e+001 -3.065730e+002
    endloop
  endfacet
  facet normal  1.342409e-003  4.170221e-001 -9.088953e-001
    outer loop
      vertex -2.260327e+001  3.602719e+001 -3.069457e+002
      vertex -2.676779e+001  3.592719e+001 -3.069978e+002
      vertex -2.228997e+001  3.636467e+001 -3.067904e+002
    endloop
  endfacet
  facet normal  2.741793e-003  4.052198e-001 -9.142151e-001
    outer loop
      vertex -2.228997e+001  3.636467e+001 -3.067904e+002
      vertex -2.676779e+001  3.592719e+001 -3.069978e+002
      vertex -2.611715e+001  3.657784e+001 -3.067074e+002
    endloop
  endfacet
  facet normal -4.394444e-004  3.559984e-001 -9.344865e-001
    outer loop
      vertex -2.228997e+001  3.636467e+001 -3.067904e+002
      vertex -2.611715e+001  3.657784e+001 -3.067074e+002
      vertex -2.191376e+001  3.665216e+001 -3.066811e+002
    endloop
  endfacet
  facet normal -1.808028e-003  5.898304e-001 -8.075252e-001
    outer loop
      vertex -2.307495e+001  3.511287e+001 -3.075420e+002
      vertex -2.739045e+001  3.530453e+001 -3.073924e+002
      vertex -2.289209e+001  3.557302e+001 -3.072063e+002
    endloop
  endfacet
  facet normal  3.178374e-003  5.330144e-001 -8.461002e-001
    outer loop
      vertex -2.289209e+001  3.557302e+001 -3.072063e+002
      vertex -2.739045e+001  3.530453e+001 -3.073924e+002
      vertex -2.676779e+001  3.592719e+001 -3.069978e+002
    endloop
  endfacet
  facet normal -1.129820e-003  4.982098e-001 -8.670558e-001
    outer loop
      vertex -2.289209e+001  3.557302e+001 -3.072063e+002
      vertex -2.676779e+001  3.592719e+001 -3.069978e+002
      vertex -2.260327e+001  3.602719e+001 -3.069457e+002
    endloop
  endfacet
  facet normal  6.153051e-004  8.432721e-001 -5.374865e-001
    outer loop
      vertex -2.873053e+001  3.396446e+001 -3.088904e+002
      vertex -2.851748e+001  3.417751e+001 -3.085558e+002
      vertex -2.317153e+001  3.402821e+001 -3.087840e+002
    endloop
  endfacet
  facet normal -3.495460e-003  7.972186e-001 -6.036806e-001
    outer loop
      vertex -2.317153e+001  3.402821e+001 -3.087840e+002
      vertex -2.851748e+001  3.417751e+001 -3.085558e+002
      vertex -2.825448e+001  3.444051e+001 -3.082101e+002
    endloop
  endfacet
  facet normal  2.431394e-003  8.222268e-001 -5.691547e-001
    outer loop
      vertex -2.317153e+001  3.402821e+001 -3.087840e+002
      vertex -2.825448e+001  3.444051e+001 -3.082101e+002
      vertex -2.318830e+001  3.433148e+001 -3.083459e+002
    endloop
  endfacet
  facet normal -2.002217e-003  7.421569e-001 -6.702232e-001
    outer loop
      vertex -2.318830e+001  3.433148e+001 -3.083459e+002
      vertex -2.825448e+001  3.444051e+001 -3.082101e+002
      vertex -2.797150e+001  3.472348e+001 -3.078976e+002
    endloop
  endfacet
  facet normal  3.791569e-004  7.548408e-001 -6.559079e-001
    outer loop
      vertex -2.318830e+001  3.433148e+001 -3.083459e+002
      vertex -2.797150e+001  3.472348e+001 -3.078976e+002
      vertex -2.316325e+001  3.470187e+001 -3.079196e+002
    endloop
  endfacet
  facet normal -5.158493e-004  6.564179e-001 -7.543973e-001
    outer loop
      vertex -2.316325e+001  3.470187e+001 -3.079196e+002
      vertex -2.797150e+001  3.472348e+001 -3.078976e+002
      vertex -2.739045e+001  3.530453e+001 -3.073924e+002
    endloop
  endfacet
  facet normal  4.472377e-003  6.760483e-001 -7.368436e-001
    outer loop
      vertex -2.316325e+001  3.470187e+001 -3.079196e+002
      vertex -2.739045e+001  3.530453e+001 -3.073924e+002
      vertex -2.307495e+001  3.511287e+001 -3.075420e+002
    endloop
  endfacet
  facet normal -1.199584e-003  8.841717e-001 -4.671606e-001
    outer loop
      vertex -2.873053e+001  3.396446e+001 -3.088904e+002
      vertex -2.317153e+001  3.402821e+001 -3.087840e+002
      vertex -2.892120e+001  3.377379e+001 -3.092507e+002
    endloop
  endfacet
  facet normal  0.000000e+000  8.780367e-001 -4.785932e-001
    outer loop
      vertex -2.892120e+001  3.377379e+001 -3.092507e+002
      vertex -2.317153e+001  3.402821e+001 -3.087840e+002
      vertex -2.313116e+001  3.377379e+001 -3.092507e+002
    endloop
  endfacet
  facet normal -8.467200e-001 -5.320325e-001 -2.584361e-003
    outer loop
      vertex -1.828827e+001  3.604608e+001 -2.982070e+002
      vertex -1.822597e+001  3.596491e+001 -3.019070e+002
      vertex -1.796064e+001  3.552467e+001 -2.982070e+002
    endloop
  endfacet
  facet normal -7.371253e-001 -6.757517e-001  2.413898e-003
    outer loop
      vertex -1.861919e+001  3.639384e+001 -3.019070e+002
      vertex -1.822597e+001  3.596491e+001 -3.019070e+002
      vertex -1.828827e+001  3.604608e+001 -2.982070e+002
    endloop
  endfacet
  facet normal -7.071031e-001 -7.071031e-001 -3.217896e-003
    outer loop
      vertex -1.872371e+001  3.648152e+001 -2.982070e+002
      vertex -1.861919e+001  3.639384e+001 -3.019070e+002
      vertex -1.828827e+001  3.604608e+001 -2.982070e+002
    endloop
  endfacet
  facet normal -5.784382e-001 -8.157207e-001  2.990623e-003
    outer loop
      vertex -1.909386e+001  3.673043e+001 -3.019070e+002
      vertex -1.861919e+001  3.639384e+001 -3.019070e+002
      vertex -1.872371e+001  3.648152e+001 -2.982070e+002
    endloop
  endfacet
  facet normal -5.320261e-001 -8.467197e-001 -3.737859e-003
    outer loop
      vertex -1.924512e+001  3.680915e+001 -2.982070e+002
      vertex -1.909386e+001  3.673043e+001 -3.019070e+002
      vertex -1.872371e+001  3.648152e+001 -2.982070e+002
    endloop
  endfacet
  facet normal -3.938512e-001 -9.191676e-001  3.452314e-003
    outer loop
      vertex -1.962872e+001  3.695962e+001 -3.019070e+002
      vertex -1.909386e+001  3.673043e+001 -3.019070e+002
      vertex -1.924512e+001  3.680915e+001 -2.982070e+002
    endloop
  endfacet
  facet normal -3.302777e-001 -9.438748e-001 -4.143484e-003
    outer loop
      vertex -1.982637e+001  3.701254e+001 -2.982070e+002
      vertex -1.962872e+001  3.695962e+001 -3.019070e+002
      vertex -1.924512e+001  3.680915e+001 -2.982070e+002
    endloop
  endfacet
  facet normal  5.320274e-001 -8.467248e-001 -2.035759e-003
    outer loop
      vertex -2.215290e+001  3.648152e+001 -2.982070e+002
      vertex -2.191376e+001  3.665216e+001 -3.066811e+002
      vertex -2.163148e+001  3.680915e+001 -2.982070e+002
    endloop
  endfacet
  facet normal  6.069783e-001 -7.947176e-001  1.126589e-003
    outer loop
      vertex -2.215290e+001  3.648152e+001 -2.982070e+002
      vertex -2.228997e+001  3.636467e+001 -3.067904e+002
      vertex -2.191376e+001  3.665216e+001 -3.066811e+002
    endloop
  endfacet
  facet normal  9.438830e-001 -3.302764e-001 -1.505991e-003
    outer loop
      vertex -2.311935e+001  3.494342e+001 -2.982070e+002
      vertex -2.307495e+001  3.511287e+001 -3.075420e+002
      vertex -2.291597e+001  3.552467e+001 -2.982070e+002
    endloop
  endfacet
  facet normal -1.916259e-001 -9.814606e-001  3.800562e-003
    outer loop
      vertex -2.019984e+001  3.707113e+001 -3.019070e+002
      vertex -1.962872e+001  3.695962e+001 -3.019070e+002
      vertex -1.982637e+001  3.701254e+001 -2.982070e+002
    endloop
  endfacet
  facet normal -1.119611e-001 -9.937027e-001 -4.434380e-003
    outer loop
      vertex -2.019984e+001  3.707113e+001 -3.019070e+002
      vertex -1.982637e+001  3.701254e+001 -2.982070e+002
      vertex -2.043830e+001  3.708148e+001 -2.982070e+002
    endloop
  endfacet
  facet normal -2.112573e-002 -9.997758e-001  1.436970e-003
    outer loop
      vertex -2.019984e+001  3.707113e+001 -3.019070e+002
      vertex -2.043830e+001  3.708148e+001 -2.982070e+002
      vertex -2.064351e+001  3.707382e+001 -3.065559e+002
    endloop
  endfacet
  facet normal -6.070082e-003 -9.999815e-001  0.000000e+000
    outer loop
      vertex -2.019984e+001  3.707113e+001 -3.019070e+002
      vertex -2.064351e+001  3.707382e+001 -3.065559e+002
      vertex -2.019984e+001  3.707113e+001 -3.065565e+002
    endloop
  endfacet
  facet normal -8.628098e-001 -5.055259e-001  1.723320e-003
    outer loop
      vertex -1.822597e+001  3.596491e+001 -3.019070e+002
      vertex -1.793180e+001  3.546284e+001 -3.019070e+002
      vertex -1.796064e+001  3.552467e+001 -2.982070e+002
    endloop
  endfacet
  facet normal -9.498632e-001 -3.126582e-001 -2.177761e-003
    outer loop
      vertex -1.796064e+001  3.552467e+001 -2.982070e+002
      vertex -1.793180e+001  3.546284e+001 -3.019070e+002
      vertex -1.774987e+001  3.491011e+001 -3.019070e+002
    endloop
  endfacet
  facet normal -9.438835e-001 -3.302765e-001  1.089173e-003
    outer loop
      vertex -1.796064e+001  3.552467e+001 -2.982070e+002
      vertex -1.774987e+001  3.491011e+001 -3.019070e+002
      vertex -1.775725e+001  3.494342e+001 -2.982070e+002
    endloop
  endfacet
  facet normal -9.943868e-001 -1.058009e-001 -1.032021e-003
    outer loop
      vertex -1.775725e+001  3.494342e+001 -2.982070e+002
      vertex -1.774987e+001  3.491011e+001 -3.019070e+002
      vertex -1.768830e+001  3.433148e+001 -3.019070e+002
    endloop
  endfacet
  facet normal -9.937121e-001 -1.119649e-001  0.000000e+000
    outer loop
      vertex -1.775725e+001  3.494342e+001 -2.982070e+002
      vertex -1.768830e+001  3.433148e+001 -3.019070e+002
      vertex -1.768830e+001  3.433148e+001 -2.982070e+002
    endloop
  endfacet
  facet normal  4.605569e-001 -8.876296e-001  1.102746e-003
    outer loop
      vertex -2.191376e+001  3.665216e+001 -3.066811e+002
      vertex -2.148698e+001  3.687368e+001 -3.066103e+002
      vertex -2.163148e+001  3.680915e+001 -2.982070e+002
    endloop
  endfacet
  facet normal  3.073406e-001 -9.515975e-001 -2.023228e-003
    outer loop
      vertex -2.163148e+001  3.680915e+001 -2.982070e+002
      vertex -2.148698e+001  3.687368e+001 -3.066103e+002
      vertex -2.107382e+001  3.700705e+001 -3.065730e+002
    endloop
  endfacet
  facet normal  3.302805e-001 -9.438828e-001 -3.116035e-004
    outer loop
      vertex -2.163148e+001  3.680915e+001 -2.982070e+002
      vertex -2.107382e+001  3.700705e+001 -3.065730e+002
      vertex -2.105024e+001  3.701254e+001 -2.982070e+002
    endloop
  endfacet
  facet normal  1.533303e-001 -9.881750e-001  2.162099e-004
    outer loop
      vertex -2.105024e+001  3.701254e+001 -2.982070e+002
      vertex -2.107382e+001  3.700705e+001 -3.065730e+002
      vertex -2.064351e+001  3.707382e+001 -3.065559e+002
    endloop
  endfacet
  facet normal  1.119620e-001 -9.937108e-001 -1.839730e-003
    outer loop
      vertex -2.105024e+001  3.701254e+001 -2.982070e+002
      vertex -2.064351e+001  3.707382e+001 -3.065559e+002
      vertex -2.043830e+001  3.708148e+001 -2.982070e+002
    endloop
  endfacet
  facet normal  9.291895e-001 -3.696035e-001  4.790917e-004
    outer loop
      vertex -2.307495e+001  3.511287e+001 -3.075420e+002
      vertex -2.289209e+001  3.557302e+001 -3.072063e+002
      vertex -2.291597e+001  3.552467e+001 -2.982070e+002
    endloop
  endfacet
  facet normal  8.439910e-001 -5.363570e-001 -6.429256e-004
    outer loop
      vertex -2.291597e+001  3.552467e+001 -2.982070e+002
      vertex -2.289209e+001  3.557302e+001 -3.072063e+002
      vertex -2.260327e+001  3.602719e+001 -3.069457e+002
    endloop
  endfacet
  facet normal  8.467242e-001 -5.320321e-001 -2.964151e-004
    outer loop
      vertex -2.291597e+001  3.552467e+001 -2.982070e+002
      vertex -2.260327e+001  3.602719e+001 -3.069457e+002
      vertex -2.258834e+001  3.604608e+001 -2.982070e+002
    endloop
  endfacet
  facet normal  7.328174e-001 -6.804255e-001  2.189552e-004
    outer loop
      vertex -2.258834e+001  3.604608e+001 -2.982070e+002
      vertex -2.260327e+001  3.602719e+001 -3.069457e+002
      vertex -2.228997e+001  3.636467e+001 -3.067904e+002
    endloop
  endfacet
  facet normal  7.071058e-001 -7.071058e-001 -1.665078e-003
    outer loop
      vertex -2.258834e+001  3.604608e+001 -2.982070e+002
      vertex -2.228997e+001  3.636467e+001 -3.067904e+002
      vertex -2.215290e+001  3.648152e+001 -2.982070e+002
    endloop
  endfacet
  facet normal  9.775391e-001 -2.107525e-001  8.237172e-004
    outer loop
      vertex -2.307495e+001  3.511287e+001 -3.075420e+002
      vertex -2.311935e+001  3.494342e+001 -2.982070e+002
      vertex -2.316325e+001  3.470187e+001 -3.079196e+002
    endloop
  endfacet
  facet normal  9.937107e-001 -1.119647e-001 -1.706136e-003
    outer loop
      vertex -2.316325e+001  3.470187e+001 -3.079196e+002
      vertex -2.311935e+001  3.494342e+001 -2.982070e+002
      vertex -2.318830e+001  3.433148e+001 -2.982070e+002
    endloop
  endfacet
  facet normal  9.977195e-001 -6.749596e-002  0.000000e+000
    outer loop
      vertex -2.316325e+001  3.470187e+001 -3.079196e+002
      vertex -2.318830e+001  3.433148e+001 -2.982070e+002
      vertex -2.318830e+001  3.433148e+001 -3.083459e+002
    endloop
  endfacet
  facet normal  0.000000e+000  0.000000e+000 -1.000000e+000
    outer loop
      vertex -2.019984e+001  3.828495e+001 -3.064070e+002
      vertex -2.441003e+001  3.828495e+001 -3.064070e+002
      vertex -2.019984e+001  3.883148e+001 -3.064070e+002
    endloop
  endfacet
  facet normal  -0.000000e+000  0.000000e+000 -1.000000e+000
    outer loop
      vertex -2.019984e+001  3.883148e+001 -3.064070e+002
      vertex -2.441003e+001  3.828495e+001 -3.064070e+002
      vertex -2.386350e+001  3.883148e+001 -3.064070e+002
    endloop
  endfacet
  facet normal  0.000000e+000  0.000000e+000 -1.000000e+000
    outer loop
      vertex  2.507191e+001  3.828495e+001 -3.064070e+002
      vertex -1.119984e+001  3.828495e+001 -3.064070e+002
      vertex  2.452537e+001  3.883148e+001 -3.064070e+002
    endloop
  endfacet
  facet normal  -0.000000e+000  0.000000e+000 -1.000000e+000
    outer loop
      vertex  2.452537e+001  3.883148e+001 -3.064070e+002
      vertex -1.119984e+001  3.828495e+001 -3.064070e+002
      vertex -1.119984e+001  3.883148e+001 -3.064070e+002
    endloop
  endfacet
  facet normal -1.000000e+000  0.000000e+000  0.000000e+000
    outer loop
      vertex -3.800564e+001  2.468935e+001 -2.942070e+002
      vertex -3.800564e+001  2.468935e+001 -3.083648e+002
      vertex -3.800564e+001  2.182966e+001 -3.083648e+002
    endloop
  endfacet
  facet normal -1.000000e+000  0.000000e+000  0.000000e+000
    outer loop
      vertex -3.800564e+001  2.468935e+001 -2.942070e+002
      vertex -3.800564e+001  2.182966e+001 -3.083648e+002
      vertex -3.800564e+001  2.182966e+001 -3.049922e+002
    endloop
  endfacet
  facet normal -1.000000e+000  0.000000e+000  0.000000e+000
    outer loop
      vertex -3.800564e+001  2.468935e+001 -2.942070e+002
      vertex -3.800564e+001  2.182966e+001 -3.049922e+002
      vertex -3.800564e+001  1.449976e+001 -3.049922e+002
    endloop
  endfacet
  facet normal -1.000000e+000  0.000000e+000  0.000000e+000
    outer loop
      vertex -3.800564e+001  2.468935e+001 -2.942070e+002
      vertex -3.800564e+001  1.449976e+001 -3.049922e+002
      vertex -3.800564e+001  1.270712e+001 -3.049922e+002
    endloop
  endfacet
  facet normal -1.000000e+000  0.000000e+000  0.000000e+000
    outer loop
      vertex -3.800564e+001  2.468935e+001 -2.942070e+002
      vertex -3.800564e+001  1.270712e+001 -3.049922e+002
      vertex -3.800564e+001  5.377217e+000 -3.049922e+002
    endloop
  endfacet
  facet normal -1.000000e+000  0.000000e+000  0.000000e+000
    outer loop
      vertex -3.800564e+001  2.468935e+001 -2.942070e+002
      vertex -3.800564e+001  5.377217e+000 -3.049922e+002
      vertex -3.800564e+001  3.584579e+000 -3.049922e+002
    endloop
  endfacet
  facet normal -1.000000e+000  0.000000e+000  0.000000e+000
    outer loop
      vertex -3.800564e+001  2.468935e+001 -2.942070e+002
      vertex -3.800564e+001  3.584579e+000 -3.049922e+002
      vertex -3.800564e+001 -3.745322e+000 -3.049922e+002
    endloop
  endfacet
  facet normal -1.000000e+000  0.000000e+000  0.000000e+000
    outer loop
      vertex -3.800564e+001  2.468935e+001 -2.942070e+002
      vertex -3.800564e+001 -3.745322e+000 -3.049922e+002
      vertex -3.800564e+001 -6.218697e+000 -3.049922e+002
    endloop
  endfacet
  facet normal -1.000000e+000  0.000000e+000  0.000000e+000
    outer loop
      vertex -3.800564e+001  2.468935e+001 -2.942070e+002
      vertex -3.800564e+001 -6.218697e+000 -3.049922e+002
      vertex -3.800564e+001 -1.358843e+001 -3.049922e+002
    endloop
  endfacet
  facet normal -1.000000e+000  0.000000e+000  0.000000e+000
    outer loop
      vertex -3.800564e+001  2.468935e+001 -2.942070e+002
      vertex -3.800564e+001 -1.358843e+001 -3.049922e+002
      vertex -3.800564e+001 -1.538107e+001 -3.049922e+002
    endloop
  endfacet
  facet normal -1.000000e+000  0.000000e+000  0.000000e+000
    outer loop
      vertex -3.800564e+001  2.468935e+001 -2.942070e+002
      vertex -3.800564e+001 -1.538107e+001 -3.049922e+002
      vertex -3.800564e+001 -2.271097e+001 -3.049922e+002
    endloop
  endfacet
  facet normal -1.000000e+000  0.000000e+000  0.000000e+000
    outer loop
      vertex -3.800564e+001  2.468935e+001 -2.942070e+002
      vertex -3.800564e+001 -2.271097e+001 -3.049922e+002
      vertex -3.800564e+001 -2.469169e+001 -2.942070e+002
    endloop
  endfacet
  facet normal -1.000000e+000  0.000000e+000  0.000000e+000
    outer loop
      vertex -3.800564e+001 -1.538107e+001 -3.083648e+002
      vertex -3.800564e+001 -1.538107e+001 -3.049922e+002
      vertex -3.800564e+001 -1.358843e+001 -3.083648e+002
    endloop
  endfacet
  facet normal -1.000000e+000  0.000000e+000  0.000000e+000
    outer loop
      vertex -3.800564e+001 -1.358843e+001 -3.083648e+002
      vertex -3.800564e+001 -1.538107e+001 -3.049922e+002
      vertex -3.800564e+001 -1.358843e+001 -3.049922e+002
    endloop
  endfacet
  facet normal -1.000000e+000  0.000000e+000  0.000000e+000
    outer loop
      vertex -3.800564e+001 -2.469169e+001 -3.083648e+002
      vertex -3.800564e+001 -2.469169e+001 -2.942070e+002
      vertex -3.800564e+001 -2.271097e+001 -3.083648e+002
    endloop
  endfacet
  facet normal -1.000000e+000  0.000000e+000  0.000000e+000
    outer loop
      vertex -3.800564e+001 -2.271097e+001 -3.083648e+002
      vertex -3.800564e+001 -2.469169e+001 -2.942070e+002
      vertex -3.800564e+001 -2.271097e+001 -3.049922e+002
    endloop
  endfacet
  facet normal -1.000000e+000  0.000000e+000  0.000000e+000
    outer loop
      vertex -3.800564e+001 -6.218697e+000 -3.083648e+002
      vertex -3.800564e+001 -6.218697e+000 -3.049922e+002
      vertex -3.800564e+001 -3.745322e+000 -3.083648e+002
    endloop
  endfacet
  facet normal -1.000000e+000  0.000000e+000  0.000000e+000
    outer loop
      vertex -3.800564e+001 -3.745322e+000 -3.083648e+002
      vertex -3.800564e+001 -6.218697e+000 -3.049922e+002
      vertex -3.800564e+001 -3.745322e+000 -3.049922e+002
    endloop
  endfacet
  facet normal -1.000000e+000  0.000000e+000  0.000000e+000
    outer loop
      vertex -3.800564e+001  1.270712e+001 -3.083648e+002
      vertex -3.800564e+001  1.270712e+001 -3.049922e+002
      vertex -3.800564e+001  1.449976e+001 -3.083648e+002
    endloop
  endfacet
  facet normal -1.000000e+000  0.000000e+000  0.000000e+000
    outer loop
      vertex -3.800564e+001  1.449976e+001 -3.083648e+002
      vertex -3.800564e+001  1.270712e+001 -3.049922e+002
      vertex -3.800564e+001  1.449976e+001 -3.049922e+002
    endloop
  endfacet
  facet normal -1.000000e+000  0.000000e+000  0.000000e+000
    outer loop
      vertex -3.800564e+001  3.584579e+000 -3.083648e+002
      vertex -3.800564e+001  3.584579e+000 -3.049922e+002
      vertex -3.800564e+001  5.377217e+000 -3.083648e+002
    endloop
  endfacet
  facet normal -1.000000e+000  0.000000e+000  0.000000e+000
    outer loop
      vertex -3.800564e+001  5.377217e+000 -3.083648e+002
      vertex -3.800564e+001  3.584579e+000 -3.049922e+002
      vertex -3.800564e+001  5.377217e+000 -3.049922e+002
    endloop
  endfacet
  facet normal  9.256465e-001  0.000000e+000 -3.783893e-001
    outer loop
      vertex -3.800102e+001 -2.469631e+001 -3.083535e+002
      vertex -3.800564e+001 -2.469169e+001 -3.083648e+002
      vertex -3.800102e+001 -2.271097e+001 -3.083535e+002
    endloop
  endfacet
  facet normal  9.256465e-001  0.000000e+000 -3.783893e-001
    outer loop
      vertex -3.800102e+001 -2.271097e+001 -3.083535e+002
      vertex -3.800564e+001 -2.469169e+001 -3.083648e+002
      vertex -3.800564e+001 -2.271097e+001 -3.083648e+002
    endloop
  endfacet
  facet normal  9.256465e-001  0.000000e+000 -3.783893e-001
    outer loop
      vertex -3.800102e+001 -1.538107e+001 -3.083535e+002
      vertex -3.800564e+001 -1.538107e+001 -3.083648e+002
      vertex -3.800102e+001 -1.358843e+001 -3.083535e+002
    endloop
  endfacet
  facet normal  9.256465e-001  0.000000e+000 -3.783893e-001
    outer loop
      vertex -3.800102e+001 -1.358843e+001 -3.083535e+002
      vertex -3.800564e+001 -1.538107e+001 -3.083648e+002
      vertex -3.800564e+001 -1.358843e+001 -3.083648e+002
    endloop
  endfacet
  facet normal  9.256466e-001  0.000000e+000 -3.783893e-001
    outer loop
      vertex -3.800102e+001 -6.218697e+000 -3.083535e+002
      vertex -3.800564e+001 -6.218697e+000 -3.083648e+002
      vertex -3.800102e+001 -3.745322e+000 -3.083535e+002
    endloop
  endfacet
  facet normal  9.256466e-001  0.000000e+000 -3.783893e-001
    outer loop
      vertex -3.800102e+001 -3.745322e+000 -3.083535e+002
      vertex -3.800564e+001 -6.218697e+000 -3.083648e+002
      vertex -3.800564e+001 -3.745322e+000 -3.083648e+002
    endloop
  endfacet
  facet normal  9.256465e-001  0.000000e+000 -3.783893e-001
    outer loop
      vertex -3.800102e+001  3.584579e+000 -3.083535e+002
      vertex -3.800564e+001  3.584579e+000 -3.083648e+002
      vertex -3.800102e+001  5.377217e+000 -3.083535e+002
    endloop
  endfacet
  facet normal  9.256465e-001  0.000000e+000 -3.783893e-001
    outer loop
      vertex -3.800102e+001  5.377217e+000 -3.083535e+002
      vertex -3.800564e+001  3.584579e+000 -3.083648e+002
      vertex -3.800564e+001  5.377217e+000 -3.083648e+002
    endloop
  endfacet
  facet normal  9.256465e-001  0.000000e+000 -3.783893e-001
    outer loop
      vertex -3.800102e+001  2.182966e+001 -3.083535e+002
      vertex -3.800564e+001  2.182966e+001 -3.083648e+002
      vertex -3.800102e+001  2.469396e+001 -3.083535e+002
    endloop
  endfacet
  facet normal  9.256465e-001  0.000000e+000 -3.783893e-001
    outer loop
      vertex -3.800102e+001  2.469396e+001 -3.083535e+002
      vertex -3.800564e+001  2.182966e+001 -3.083648e+002
      vertex -3.800564e+001  2.468935e+001 -3.083648e+002
    endloop
  endfacet
  facet normal  9.256465e-001  0.000000e+000 -3.783893e-001
    outer loop
      vertex -3.800102e+001  1.270712e+001 -3.083535e+002
      vertex -3.800564e+001  1.270712e+001 -3.083648e+002
      vertex -3.800102e+001  1.449976e+001 -3.083535e+002
    endloop
  endfacet
  facet normal  9.256465e-001  0.000000e+000 -3.783893e-001
    outer loop
      vertex -3.800102e+001  1.449976e+001 -3.083535e+002
      vertex -3.800564e+001  1.270712e+001 -3.083648e+002
      vertex -3.800564e+001  1.449976e+001 -3.083648e+002
    endloop
  endfacet
  facet normal  0.000000e+000 -1.000000e+000  0.000000e+000
    outer loop
      vertex -3.800564e+001 -1.538107e+001 -3.049922e+002
      vertex -3.800564e+001 -1.538107e+001 -3.083648e+002
      vertex -3.800102e+001 -1.538107e+001 -3.083535e+002
    endloop
  endfacet
  facet normal  0.000000e+000 -1.000000e+000  0.000000e+000
    outer loop
      vertex -3.800102e+001 -1.538107e+001 -3.083535e+002
      vertex -3.527327e+001 -1.538107e+001 -3.145530e+002
      vertex -3.800564e+001 -1.538107e+001 -3.049922e+002
    endloop
  endfacet
  facet normal  0.000000e+000 -1.000000e+000  0.000000e+000
    outer loop
      vertex -3.800564e+001 -1.538107e+001 -3.049922e+002
      vertex -3.527327e+001 -1.538107e+001 -3.145530e+002
      vertex -2.988238e+001 -1.538107e+001 -3.145530e+002
    endloop
  endfacet
  facet normal  0.000000e+000 -9.999999e-001  0.000000e+000
    outer loop
      vertex -3.800564e+001 -1.538107e+001 -3.049922e+002
      vertex -2.988238e+001 -1.538107e+001 -3.145530e+002
      vertex -2.988238e+001 -1.538107e+001 -3.049922e+002
    endloop
  endfacet
  facet normal  0.000000e+000  0.000000e+000  1.000000e+000
    outer loop
      vertex -2.988238e+001 -1.358843e+001 -3.145530e+002
      vertex -2.988238e+001 -6.218697e+000 -3.145530e+002
      vertex -3.527327e+001 -1.358843e+001 -3.145530e+002
    endloop
  endfacet
  facet normal  0.000000e+000  0.000000e+000  1.000000e+000
    outer loop
      vertex -3.527327e+001 -1.358843e+001 -3.145530e+002
      vertex -2.988238e+001 -6.218697e+000 -3.145530e+002
      vertex -3.527327e+001 -6.218697e+000 -3.145530e+002
    endloop
  endfacet
  facet normal  0.000000e+000  1.000000e+000  0.000000e+000
    outer loop
      vertex -3.800564e+001 -1.358843e+001 -3.083648e+002
      vertex -3.800564e+001 -1.358843e+001 -3.049922e+002
      vertex -3.800102e+001 -1.358843e+001 -3.083535e+002
    endloop
  endfacet
  facet normal  0.000000e+000  1.000000e+000  0.000000e+000
    outer loop
      vertex -3.800102e+001 -1.358843e+001 -3.083535e+002
      vertex -3.800564e+001 -1.358843e+001 -3.049922e+002
      vertex -3.527327e+001 -1.358843e+001 -3.145530e+002
    endloop
  endfacet
  facet normal  0.000000e+000  9.999999e-001  -0.000000e+000
    outer loop
      vertex -3.527327e+001 -1.358843e+001 -3.145530e+002
      vertex -3.800564e+001 -1.358843e+001 -3.049922e+002
      vertex -2.988238e+001 -1.358843e+001 -3.049922e+002
    endloop
  endfacet
  facet normal  0.000000e+000  1.000000e+000  0.000000e+000
    outer loop
      vertex -3.527327e+001 -1.358843e+001 -3.145530e+002
      vertex -2.988238e+001 -1.358843e+001 -3.049922e+002
      vertex -2.988238e+001 -1.358843e+001 -3.145530e+002
    endloop
  endfacet
  facet normal  0.000000e+000  0.000000e+000 -9.999999e-001
    outer loop
      vertex -2.988238e+001 -6.218697e+000 -3.049922e+002
      vertex -2.988238e+001 -1.358843e+001 -3.049922e+002
      vertex -3.800564e+001 -6.218697e+000 -3.049922e+002
    endloop
  endfacet
  facet normal  0.000000e+000  0.000000e+000 -9.999999e-001
    outer loop
      vertex -3.800564e+001 -6.218697e+000 -3.049922e+002
      vertex -2.988238e+001 -1.358843e+001 -3.049922e+002
      vertex -3.800564e+001 -1.358843e+001 -3.049922e+002
    endloop
  endfacet
  facet normal  0.000000e+000 -1.000000e+000  0.000000e+000
    outer loop
      vertex -3.800564e+001 -6.218697e+000 -3.049922e+002
      vertex -3.800564e+001 -6.218697e+000 -3.083648e+002
      vertex -3.800102e+001 -6.218697e+000 -3.083535e+002
    endloop
  endfacet
  facet normal  0.000000e+000 -1.000000e+000  0.000000e+000
    outer loop
      vertex -3.800102e+001 -6.218697e+000 -3.083535e+002
      vertex -3.527327e+001 -6.218697e+000 -3.145530e+002
      vertex -3.800564e+001 -6.218697e+000 -3.049922e+002
    endloop
  endfacet
  facet normal  0.000000e+000 -1.000000e+000  0.000000e+000
    outer loop
      vertex -3.800564e+001 -6.218697e+000 -3.049922e+002
      vertex -3.527327e+001 -6.218697e+000 -3.145530e+002
      vertex -2.988238e+001 -6.218697e+000 -3.145530e+002
    endloop
  endfacet
  facet normal  0.000000e+000 -9.999999e-001  0.000000e+000
    outer loop
      vertex -3.800564e+001 -6.218697e+000 -3.049922e+002
      vertex -2.988238e+001 -6.218697e+000 -3.145530e+002
      vertex -2.988238e+001 -6.218697e+000 -3.049922e+002
    endloop
  endfacet
  facet normal  0.000000e+000 -1.000000e+000  0.000000e+000
    outer loop
      vertex -3.800564e+001  3.584579e+000 -3.049922e+002
      vertex -3.800564e+001  3.584579e+000 -3.083648e+002
      vertex -3.800102e+001  3.584579e+000 -3.083535e+002
    endloop
  endfacet
  facet normal  0.000000e+000 -1.000000e+000  0.000000e+000
    outer loop
      vertex -3.800102e+001  3.584579e+000 -3.083535e+002
      vertex -3.527327e+001  3.584579e+000 -3.145530e+002
      vertex -3.800564e+001  3.584579e+000 -3.049922e+002
    endloop
  endfacet
  facet normal  0.000000e+000 -1.000000e+000  0.000000e+000
    outer loop
      vertex -3.800564e+001  3.584579e+000 -3.049922e+002
      vertex -3.527327e+001  3.584579e+000 -3.145530e+002
      vertex -2.988238e+001  3.584579e+000 -3.145530e+002
    endloop
  endfacet
  facet normal  0.000000e+000 -9.999999e-001  0.000000e+000
    outer loop
      vertex -3.800564e+001  3.584579e+000 -3.049922e+002
      vertex -2.988238e+001  3.584579e+000 -3.145530e+002
      vertex -2.988238e+001  3.584579e+000 -3.049922e+002
    endloop
  endfacet
  facet normal  0.000000e+000  0.000000e+000  9.999999e-001
    outer loop
      vertex -2.988238e+001 -3.745322e+000 -3.145530e+002
      vertex -2.988238e+001  3.584579e+000 -3.145530e+002
      vertex -3.527327e+001 -3.745322e+000 -3.145530e+002
    endloop
  endfacet
  facet normal  0.000000e+000  0.000000e+000  9.999999e-001
    outer loop
      vertex -3.527327e+001 -3.745322e+000 -3.145530e+002
      vertex -2.988238e+001  3.584579e+000 -3.145530e+002
      vertex -3.527327e+001  3.584579e+000 -3.145530e+002
    endloop
  endfacet
  facet normal  0.000000e+000  1.000000e+000  0.000000e+000
    outer loop
      vertex -3.800564e+001 -3.745322e+000 -3.083648e+002
      vertex -3.800564e+001 -3.745322e+000 -3.049922e+002
      vertex -3.800102e+001 -3.745322e+000 -3.083535e+002
    endloop
  endfacet
  facet normal  0.000000e+000  1.000000e+000  0.000000e+000
    outer loop
      vertex -3.800102e+001 -3.745322e+000 -3.083535e+002
      vertex -3.800564e+001 -3.745322e+000 -3.049922e+002
      vertex -3.527327e+001 -3.745322e+000 -3.145530e+002
    endloop
  endfacet
  facet normal  0.000000e+000  9.999999e-001  -0.000000e+000
    outer loop
      vertex -3.527327e+001 -3.745322e+000 -3.145530e+002
      vertex -3.800564e+001 -3.745322e+000 -3.049922e+002
      vertex -2.988238e+001 -3.745322e+000 -3.049922e+002
    endloop
  endfacet
  facet normal  0.000000e+000  1.000000e+000  0.000000e+000
    outer loop
      vertex -3.527327e+001 -3.745322e+000 -3.145530e+002
      vertex -2.988238e+001 -3.745322e+000 -3.049922e+002
      vertex -2.988238e+001 -3.745322e+000 -3.145530e+002
    endloop
  endfacet
  facet normal  0.000000e+000  0.000000e+000 -1.000000e+000
    outer loop
      vertex -2.988238e+001  3.584579e+000 -3.049922e+002
      vertex -2.988238e+001 -3.745322e+000 -3.049922e+002
      vertex -3.800564e+001  3.584579e+000 -3.049922e+002
    endloop
  endfacet
  facet normal  0.000000e+000  0.000000e+000 -1.000000e+000
    outer loop
      vertex -3.800564e+001  3.584579e+000 -3.049922e+002
      vertex -2.988238e+001 -3.745322e+000 -3.049922e+002
      vertex -3.800564e+001 -3.745322e+000 -3.049922e+002
    endloop
  endfacet
  facet normal  0.000000e+000 -1.000000e+000  0.000000e+000
    outer loop
      vertex -3.800564e+001  1.270712e+001 -3.049922e+002
      vertex -3.800564e+001  1.270712e+001 -3.083648e+002
      vertex -3.800102e+001  1.270712e+001 -3.083535e+002
    endloop
  endfacet
  facet normal  0.000000e+000 -1.000000e+000  0.000000e+000
    outer loop
      vertex -3.800102e+001  1.270712e+001 -3.083535e+002
      vertex -3.527327e+001  1.270712e+001 -3.145530e+002
      vertex -3.800564e+001  1.270712e+001 -3.049922e+002
    endloop
  endfacet
  facet normal  0.000000e+000 -1.000000e+000  0.000000e+000
    outer loop
      vertex -3.800564e+001  1.270712e+001 -3.049922e+002
      vertex -3.527327e+001  1.270712e+001 -3.145530e+002
      vertex -2.988238e+001  1.270712e+001 -3.145530e+002
    endloop
  endfacet
  facet normal  0.000000e+000 -9.999999e-001  0.000000e+000
    outer loop
      vertex -3.800564e+001  1.270712e+001 -3.049922e+002
      vertex -2.988238e+001  1.270712e+001 -3.145530e+002
      vertex -2.988238e+001  1.270712e+001 -3.049922e+002
    endloop
  endfacet
  facet normal  0.000000e+000  0.000000e+000  9.999999e-001
    outer loop
      vertex -2.988238e+001  5.377217e+000 -3.145530e+002
      vertex -2.988238e+001  1.270712e+001 -3.145530e+002
      vertex -3.527327e+001  5.377217e+000 -3.145530e+002
    endloop
  endfacet
  facet normal  0.000000e+000  0.000000e+000  9.999999e-001
    outer loop
      vertex -3.527327e+001  5.377217e+000 -3.145530e+002
      vertex -2.988238e+001  1.270712e+001 -3.145530e+002
      vertex -3.527327e+001  1.270712e+001 -3.145530e+002
    endloop
  endfacet
  facet normal  0.000000e+000  1.000000e+000  0.000000e+000
    outer loop
      vertex -3.800564e+001  5.377217e+000 -3.083648e+002
      vertex -3.800564e+001  5.377217e+000 -3.049922e+002
      vertex -3.800102e+001  5.377217e+000 -3.083535e+002
    endloop
  endfacet
  facet normal  0.000000e+000  1.000000e+000  0.000000e+000
    outer loop
      vertex -3.800102e+001  5.377217e+000 -3.083535e+002
      vertex -3.800564e+001  5.377217e+000 -3.049922e+002
      vertex -3.527327e+001  5.377217e+000 -3.145530e+002
    endloop
  endfacet
  facet normal  0.000000e+000  9.999999e-001  -0.000000e+000
    outer loop
      vertex -3.527327e+001  5.377217e+000 -3.145530e+002
      vertex -3.800564e+001  5.377217e+000 -3.049922e+002
      vertex -2.988238e+001  5.377217e+000 -3.049922e+002
    endloop
  endfacet
  facet normal  0.000000e+000  1.000000e+000  0.000000e+000
    outer loop
      vertex -3.527327e+001  5.377217e+000 -3.145530e+002
      vertex -2.988238e+001  5.377217e+000 -3.049922e+002
      vertex -2.988238e+001  5.377217e+000 -3.145530e+002
    endloop
  endfacet
  facet normal  0.000000e+000  0.000000e+000 -1.000000e+000
    outer loop
      vertex -2.988238e+001  1.270712e+001 -3.049922e+002
      vertex -2.988238e+001  5.377217e+000 -3.049922e+002
      vertex -3.800564e+001  1.270712e+001 -3.049922e+002
    endloop
  endfacet
  facet normal  0.000000e+000  0.000000e+000 -1.000000e+000
    outer loop
      vertex -3.800564e+001  1.270712e+001 -3.049922e+002
      vertex -2.988238e+001  5.377217e+000 -3.049922e+002
      vertex -3.800564e+001  5.377217e+000 -3.049922e+002
    endloop
  endfacet
  facet normal  0.000000e+000 -1.000000e+000  0.000000e+000
    outer loop
      vertex -3.800564e+001  2.182966e+001 -3.049922e+002
      vertex -3.800564e+001  2.182966e+001 -3.083648e+002
      vertex -3.800102e+001  2.182966e+001 -3.083535e+002
    endloop
  endfacet
  facet normal  0.000000e+000 -1.000000e+000  0.000000e+000
    outer loop
      vertex -3.800102e+001  2.182966e+001 -3.083535e+002
      vertex -3.527327e+001  2.182966e+001 -3.145530e+002
      vertex -3.800564e+001  2.182966e+001 -3.049922e+002
    endloop
  endfacet
  facet normal  0.000000e+000 -1.000000e+000  0.000000e+000
    outer loop
      vertex -3.800564e+001  2.182966e+001 -3.049922e+002
      vertex -3.527327e+001  2.182966e+001 -3.145530e+002
      vertex -2.988238e+001  2.182966e+001 -3.145530e+002
    endloop
  endfacet
  facet normal  0.000000e+000 -9.999999e-001  0.000000e+000
    outer loop
      vertex -3.800564e+001  2.182966e+001 -3.049922e+002
      vertex -2.988238e+001  2.182966e+001 -3.145530e+002
      vertex -2.988238e+001  2.182966e+001 -3.049922e+002
    endloop
  endfacet
  facet normal  0.000000e+000  0.000000e+000  1.000000e+000
    outer loop
      vertex -2.988238e+001  1.449976e+001 -3.145530e+002
      vertex -2.988238e+001  2.182966e+001 -3.145530e+002
      vertex -3.527327e+001  1.449976e+001 -3.145530e+002
    endloop
  endfacet
  facet normal  0.000000e+000  0.000000e+000  1.000000e+000
    outer loop
      vertex -3.527327e+001  1.449976e+001 -3.145530e+002
      vertex -2.988238e+001  2.182966e+001 -3.145530e+002
      vertex -3.527327e+001  2.182966e+001 -3.145530e+002
    endloop
  endfacet
  facet normal  0.000000e+000  1.000000e+000  0.000000e+000
    outer loop
      vertex -3.800564e+001  1.449976e+001 -3.083648e+002
      vertex -3.800564e+001  1.449976e+001 -3.049922e+002
      vertex -3.800102e+001  1.449976e+001 -3.083535e+002
    endloop
  endfacet
  facet normal  0.000000e+000  1.000000e+000  0.000000e+000
    outer loop
      vertex -3.800102e+001  1.449976e+001 -3.083535e+002
      vertex -3.800564e+001  1.449976e+001 -3.049922e+002
      vertex -3.527327e+001  1.449976e+001 -3.145530e+002
    endloop
  endfacet
  facet normal  0.000000e+000  9.999999e-001  -0.000000e+000
    outer loop
      vertex -3.527327e+001  1.449976e+001 -3.145530e+002
      vertex -3.800564e+001  1.449976e+001 -3.049922e+002
      vertex -2.988238e+001  1.449976e+001 -3.049922e+002
    endloop
  endfacet
  facet normal  0.000000e+000  1.000000e+000  0.000000e+000
    outer loop
      vertex -3.527327e+001  1.449976e+001 -3.145530e+002
      vertex -2.988238e+001  1.449976e+001 -3.049922e+002
      vertex -2.988238e+001  1.449976e+001 -3.145530e+002
    endloop
  endfacet
  facet normal  0.000000e+000  0.000000e+000 -1.000000e+000
    outer loop
      vertex -2.988238e+001  2.182966e+001 -3.049922e+002
      vertex -2.988238e+001  1.449976e+001 -3.049922e+002
      vertex -3.800564e+001  2.182966e+001 -3.049922e+002
    endloop
  endfacet
  facet normal  0.000000e+000  0.000000e+000 -1.000000e+000
    outer loop
      vertex -3.800564e+001  2.182966e+001 -3.049922e+002
      vertex -2.988238e+001  1.449976e+001 -3.049922e+002
      vertex -3.800564e+001  1.449976e+001 -3.049922e+002
    endloop
  endfacet
  facet normal  -0.000000e+000  -0.000000e+000 -1.000000e+000
    outer loop
      vertex -2.843194e+001  3.100000e+001 -3.301015e+002
      vertex -2.665562e+001  2.302475e+001 -3.301015e+002
      vertex -2.665562e+001 -2.390607e+001 -3.301015e+002
    endloop
  endfacet
  facet normal  0.000000e+000  0.000000e+000 -1.000000e+000
    outer loop
      vertex -2.338238e+001  2.750000e+001 -3.301015e+002
      vertex -1.709488e+001  2.302475e+001 -3.301015e+002
      vertex -2.345579e+001  2.703647e+001 -3.301015e+002
    endloop
  endfacet
  facet normal  0.000000e+000  0.000000e+000 -1.000000e+000
    outer loop
      vertex -2.338238e+001  2.750000e+001 -3.301015e+002
      vertex -2.345579e+001  2.796353e+001 -3.301015e+002
      vertex -1.709488e+001  2.302475e+001 -3.301015e+002
    endloop
  endfacet
  facet normal  0.000000e+000  0.000000e+000 -1.000000e+000
    outer loop
      vertex -1.709488e+001  2.302475e+001 -3.301015e+002
      vertex -2.366885e+001  2.661832e+001 -3.301015e+002
      vertex -2.345579e+001  2.703647e+001 -3.301015e+002
    endloop
  endfacet
  facet normal  0.000000e+000  0.000000e+000 -1.000000e+000
    outer loop
      vertex -1.709488e+001  2.302475e+001 -3.301015e+002
      vertex -2.366885e+001  2.838168e+001 -3.301015e+002
      vertex -2.400070e+001  2.871353e+001 -3.301015e+002
    endloop
  endfacet
  facet normal  0.000000e+000  0.000000e+000 -1.000000e+000
    outer loop
      vertex -1.709488e+001  2.302475e+001 -3.301015e+002
      vertex -2.345579e+001  2.796353e+001 -3.301015e+002
      vertex -2.366885e+001  2.838168e+001 -3.301015e+002
    endloop
  endfacet
  facet normal  0.000000e+000  0.000000e+000 -1.000000e+000
    outer loop
      vertex -2.665562e+001 -2.390607e+001 -3.301015e+002
      vertex -2.400070e+001 -2.628647e+001 -3.301015e+002
      vertex -2.441885e+001 -2.607342e+001 -3.301015e+002
    endloop
  endfacet
  facet normal  0.000000e+000  0.000000e+000 -1.000000e+000
    outer loop
      vertex -2.665562e+001 -2.390607e+001 -3.301015e+002
      vertex -2.441885e+001 -2.607342e+001 -3.301015e+002
      vertex -2.488238e+001 -2.600000e+001 -3.301015e+002
    endloop
  endfacet
  facet normal  -0.000000e+000  0.000000e+000 -1.000000e+000
    outer loop
      vertex -2.665562e+001 -2.390607e+001 -3.301015e+002
      vertex -2.488238e+001 -2.600000e+001 -3.301015e+002
      vertex -2.534590e+001 -2.607342e+001 -3.301015e+002
    endloop
  endfacet
  facet normal  -0.000000e+000  0.000000e+000 -1.000000e+000
    outer loop
      vertex -2.665562e+001 -2.390607e+001 -3.301015e+002
      vertex -2.534590e+001 -2.607342e+001 -3.301015e+002
      vertex -2.576405e+001 -2.628647e+001 -3.301015e+002
    endloop
  endfacet
  facet normal  -0.000000e+000  0.000000e+000 -1.000000e+000
    outer loop
      vertex -2.665562e+001 -2.390607e+001 -3.301015e+002
      vertex -2.576405e+001 -2.628647e+001 -3.301015e+002
      vertex -2.609590e+001 -2.661832e+001 -3.301015e+002
    endloop
  endfacet
  facet normal  -0.000000e+000  0.000000e+000 -1.000000e+000
    outer loop
      vertex -2.665562e+001 -2.390607e+001 -3.301015e+002
      vertex -2.609590e+001 -2.661832e+001 -3.301015e+002
      vertex -2.630896e+001 -2.703647e+001 -3.301015e+002
    endloop
  endfacet
  facet normal  -0.000000e+000  0.000000e+000 -1.000000e+000
    outer loop
      vertex -2.665562e+001 -2.390607e+001 -3.301015e+002
      vertex -2.630896e+001 -2.703647e+001 -3.301015e+002
      vertex -2.638238e+001 -2.750000e+001 -3.301015e+002
    endloop
  endfacet
  facet normal  0.000000e+000  0.000000e+000 -1.000000e+000
    outer loop
      vertex -1.971668e+000  3.100000e+001 -3.301015e+002
      vertex -1.971668e+000 -3.100000e+001 -3.301015e+002
      vertex -1.709488e+001 -2.390607e+001 -3.301015e+002
    endloop
  endfacet
  facet normal  0.000000e+000  0.000000e+000 -1.000000e+000
    outer loop
      vertex -1.971668e+000  3.100000e+001 -3.301015e+002
      vertex -1.709488e+001 -2.390607e+001 -3.301015e+002
      vertex -1.709488e+001  2.302475e+001 -3.301015e+002
    endloop
  endfacet
  facet normal  0.000000e+000  0.000000e+000 -1.000000e+000
    outer loop
      vertex -1.971668e+000  3.100000e+001 -3.301015e+002
      vertex -1.709488e+001  2.302475e+001 -3.301015e+002
      vertex -2.400070e+001  2.871353e+001 -3.301015e+002
    endloop
  endfacet
  facet normal  0.000000e+000  0.000000e+000 -1.000000e+000
    outer loop
      vertex -1.971668e+000  3.100000e+001 -3.301015e+002
      vertex -2.400070e+001  2.871353e+001 -3.301015e+002
      vertex -2.441885e+001  2.892658e+001 -3.301015e+002
    endloop
  endfacet
  facet normal  0.000000e+000  0.000000e+000 -1.000000e+000
    outer loop
      vertex -1.971668e+000  3.100000e+001 -3.301015e+002
      vertex -2.441885e+001  2.892658e+001 -3.301015e+002
      vertex -2.843194e+001  3.100000e+001 -3.301015e+002
    endloop
  endfacet
  facet normal  0.000000e+000  0.000000e+000 -1.000000e+000
    outer loop
      vertex -2.665562e+001  2.302475e+001 -3.301015e+002
      vertex -2.843194e+001  3.100000e+001 -3.301015e+002
      vertex -2.609590e+001  2.661832e+001 -3.301015e+002
    endloop
  endfacet
  facet normal  0.000000e+000  -0.000000e+000 -1.000000e+000
    outer loop
      vertex -2.665562e+001  2.302475e+001 -3.301015e+002
      vertex -2.609590e+001  2.661832e+001 -3.301015e+002
      vertex -2.576405e+001  2.628647e+001 -3.301015e+002
    endloop
  endfacet
  facet normal  0.000000e+000  -0.000000e+000 -1.000000e+000
    outer loop
      vertex -2.665562e+001  2.302475e+001 -3.301015e+002
      vertex -2.576405e+001  2.628647e+001 -3.301015e+002
      vertex -2.534590e+001  2.607342e+001 -3.301015e+002
    endloop
  endfacet
  facet normal  0.000000e+000  -0.000000e+000 -1.000000e+000
    outer loop
      vertex -2.665562e+001  2.302475e+001 -3.301015e+002
      vertex -2.534590e+001  2.607342e+001 -3.301015e+002
      vertex -2.488238e+001  2.600000e+001 -3.301015e+002
    endloop
  endfacet
  facet normal  0.000000e+000  -0.000000e+000 -1.000000e+000
    outer loop
      vertex -2.665562e+001  2.302475e+001 -3.301015e+002
      vertex -2.488238e+001  2.600000e+001 -3.301015e+002
      vertex -2.441885e+001  2.607342e+001 -3.301015e+002
    endloop
  endfacet
  facet normal  0.000000e+000  -0.000000e+000 -1.000000e+000
    outer loop
      vertex -2.665562e+001  2.302475e+001 -3.301015e+002
      vertex -2.441885e+001  2.607342e+001 -3.301015e+002
      vertex -2.400070e+001  2.628647e+001 -3.301015e+002
    endloop
  endfacet
  facet normal  0.000000e+000  -0.000000e+000 -1.000000e+000
    outer loop
      vertex -2.665562e+001  2.302475e+001 -3.301015e+002
      vertex -2.400070e+001  2.628647e+001 -3.301015e+002
      vertex -2.366885e+001  2.661832e+001 -3.301015e+002
    endloop
  endfacet
  facet normal  0.000000e+000  -0.000000e+000 -1.000000e+000
    outer loop
      vertex -2.665562e+001  2.302475e+001 -3.301015e+002
      vertex -2.366885e+001  2.661832e+001 -3.301015e+002
      vertex -1.709488e+001  2.302475e+001 -3.301015e+002
    endloop
  endfacet
  facet normal  0.000000e+000  0.000000e+000 -1.000000e+000
    outer loop
      vertex -1.709488e+001 -2.390607e+001 -3.301015e+002
      vertex -1.971668e+000 -3.100000e+001 -3.301015e+002
      vertex -2.345579e+001 -2.796353e+001 -3.301015e+002
    endloop
  endfacet
  facet normal  0.000000e+000  0.000000e+000 -1.000000e+000
    outer loop
      vertex -1.709488e+001 -2.390607e+001 -3.301015e+002
      vertex -2.345579e+001 -2.796353e+001 -3.301015e+002
      vertex -2.338238e+001 -2.750000e+001 -3.301015e+002
    endloop
  endfacet
  facet normal  0.000000e+000  0.000000e+000 -9.999999e-001
    outer loop
      vertex -1.709488e+001 -2.390607e+001 -3.301015e+002
      vertex -2.338238e+001 -2.750000e+001 -3.301015e+002
      vertex -2.345579e+001 -2.703647e+001 -3.301015e+002
    endloop
  endfacet
  facet normal  0.000000e+000  0.000000e+000 -1.000000e+000
    outer loop
      vertex -1.709488e+001 -2.390607e+001 -3.301015e+002
      vertex -2.345579e+001 -2.703647e+001 -3.301015e+002
      vertex -2.366885e+001 -2.661832e+001 -3.301015e+002
    endloop
  endfacet
  facet normal  0.000000e+000  0.000000e+000 -1.000000e+000
    outer loop
      vertex -1.709488e+001 -2.390607e+001 -3.301015e+002
      vertex -2.366885e+001 -2.661832e+001 -3.301015e+002
      vertex -2.400070e+001 -2.628647e+001 -3.301015e+002
    endloop
  endfacet
  facet normal  0.000000e+000  0.000000e+000 -1.000000e+000
    outer loop
      vertex -1.709488e+001 -2.390607e+001 -3.301015e+002
      vertex -2.400070e+001 -2.628647e+001 -3.301015e+002
      vertex -2.665562e+001 -2.390607e+001 -3.301015e+002
    endloop
  endfacet
  facet normal  0.000000e+000  0.000000e+000 -1.000000e+000
    outer loop
      vertex -2.843194e+001 -3.100000e+001 -3.301015e+002
      vertex -2.843194e+001  3.100000e+001 -3.301015e+002
      vertex -2.665562e+001 -2.390607e+001 -3.301015e+002
    endloop
  endfacet
  facet normal  0.000000e+000  -0.000000e+000 -1.000000e+000
    outer loop
      vertex -2.843194e+001 -3.100000e+001 -3.301015e+002
      vertex -2.665562e+001 -2.390607e+001 -3.301015e+002
      vertex -2.638238e+001 -2.750000e+001 -3.301015e+002
    endloop
  endfacet
  facet normal  0.000000e+000  -0.000000e+000 -1.000000e+000
    outer loop
      vertex -2.843194e+001 -3.100000e+001 -3.301015e+002
      vertex -2.638238e+001 -2.750000e+001 -3.301015e+002
      vertex -2.630896e+001 -2.796353e+001 -3.301015e+002
    endloop
  endfacet
  facet normal  0.000000e+000  -0.000000e+000 -1.000000e+000
    outer loop
      vertex -2.843194e+001 -3.100000e+001 -3.301015e+002
      vertex -2.630896e+001 -2.796353e+001 -3.301015e+002
      vertex -2.609590e+001 -2.838168e+001 -3.301015e+002
    endloop
  endfacet
  facet normal  0.000000e+000  -0.000000e+000 -1.000000e+000
    outer loop
      vertex -2.843194e+001 -3.100000e+001 -3.301015e+002
      vertex -2.609590e+001 -2.838168e+001 -3.301015e+002
      vertex -2.576405e+001 -2.871353e+001 -3.301015e+002
    endloop
  endfacet
  facet normal  0.000000e+000  -0.000000e+000 -1.000000e+000
    outer loop
      vertex -2.843194e+001 -3.100000e+001 -3.301015e+002
      vertex -2.576405e+001 -2.871353e+001 -3.301015e+002
      vertex -2.534590e+001 -2.892658e+001 -3.301015e+002
    endloop
  endfacet
  facet normal  0.000000e+000  -0.000000e+000 -1.000000e+000
    outer loop
      vertex -2.843194e+001 -3.100000e+001 -3.301015e+002
      vertex -2.534590e+001 -2.892658e+001 -3.301015e+002
      vertex -2.488238e+001 -2.900000e+001 -3.301015e+002
    endloop
  endfacet
  facet normal  0.000000e+000  -0.000000e+000 -1.000000e+000
    outer loop
      vertex -2.843194e+001 -3.100000e+001 -3.301015e+002
      vertex -2.488238e+001 -2.900000e+001 -3.301015e+002
      vertex -2.441885e+001 -2.892658e+001 -3.301015e+002
    endloop
  endfacet
  facet normal  0.000000e+000  0.000000e+000 -1.000000e+000
    outer loop
      vertex -1.971668e+000 -3.100000e+001 -3.301015e+002
      vertex -2.843194e+001 -3.100000e+001 -3.301015e+002
      vertex -2.441885e+001 -2.892658e+001 -3.301015e+002
    endloop
  endfacet
  facet normal  0.000000e+000  0.000000e+000 -1.000000e+000
    outer loop
      vertex -1.971668e+000 -3.100000e+001 -3.301015e+002
      vertex -2.441885e+001 -2.892658e+001 -3.301015e+002
      vertex -2.400070e+001 -2.871353e+001 -3.301015e+002
    endloop
  endfacet
  facet normal  0.000000e+000  0.000000e+000 -1.000000e+000
    outer loop
      vertex -1.971668e+000 -3.100000e+001 -3.301015e+002
      vertex -2.400070e+001 -2.871353e+001 -3.301015e+002
      vertex -2.366885e+001 -2.838168e+001 -3.301015e+002
    endloop
  endfacet
  facet normal  0.000000e+000  0.000000e+000 -1.000000e+000
    outer loop
      vertex -1.971668e+000 -3.100000e+001 -3.301015e+002
      vertex -2.366885e+001 -2.838168e+001 -3.301015e+002
      vertex -2.345579e+001 -2.796353e+001 -3.301015e+002
    endloop
  endfacet
  facet normal  0.000000e+000  0.000000e+000 -1.000000e+000
    outer loop
      vertex -2.843194e+001  3.100000e+001 -3.301015e+002
      vertex -2.441885e+001  2.892658e+001 -3.301015e+002
      vertex -2.488238e+001  2.900000e+001 -3.301015e+002
    endloop
  endfacet
  facet normal  -0.000000e+000  0.000000e+000 -1.000000e+000
    outer loop
      vertex -2.843194e+001  3.100000e+001 -3.301015e+002
      vertex -2.488238e+001  2.900000e+001 -3.301015e+002
      vertex -2.534590e+001  2.892658e+001 -3.301015e+002
    endloop
  endfacet
  facet normal  -0.000000e+000  0.000000e+000 -1.000000e+000
    outer loop
      vertex -2.843194e+001  3.100000e+001 -3.301015e+002
      vertex -2.534590e+001  2.892658e+001 -3.301015e+002
      vertex -2.576405e+001  2.871353e+001 -3.301015e+002
    endloop
  endfacet
  facet normal  -0.000000e+000  0.000000e+000 -1.000000e+000
    outer loop
      vertex -2.843194e+001  3.100000e+001 -3.301015e+002
      vertex -2.576405e+001  2.871353e+001 -3.301015e+002
      vertex -2.609590e+001  2.838168e+001 -3.301015e+002
    endloop
  endfacet
  facet normal  -0.000000e+000  0.000000e+000 -1.000000e+000
    outer loop
      vertex -2.843194e+001  3.100000e+001 -3.301015e+002
      vertex -2.609590e+001  2.838168e+001 -3.301015e+002
      vertex -2.630896e+001  2.796353e+001 -3.301015e+002
    endloop
  endfacet
  facet normal  -0.000000e+000  0.000000e+000 -1.000000e+000
    outer loop
      vertex -2.843194e+001  3.100000e+001 -3.301015e+002
      vertex -2.630896e+001  2.796353e+001 -3.301015e+002
      vertex -2.638238e+001  2.750000e+001 -3.301015e+002
    endloop
  endfacet
  facet normal  -0.000000e+000  -0.000000e+000 -1.000000e+000
    outer loop
      vertex -2.843194e+001  3.100000e+001 -3.301015e+002
      vertex -2.638238e+001  2.750000e+001 -3.301015e+002
      vertex -2.630896e+001  2.703647e+001 -3.301015e+002
    endloop
  endfacet
  facet normal  -0.000000e+000  -0.000000e+000 -1.000000e+000
    outer loop
      vertex -2.843194e+001  3.100000e+001 -3.301015e+002
      vertex -2.630896e+001  2.703647e+001 -3.301015e+002
      vertex -2.609590e+001  2.661832e+001 -3.301015e+002
    endloop
  endfacet
  facet normal  -0.000000e+000 -1.000000e+000  -0.000000e+000
    outer loop
      vertex -2.988238e+001 -3.100000e+001 -3.176699e+002
      vertex -2.988238e+001 -3.100000e+001 -3.150539e+002
      vertex -3.169733e+001 -3.100000e+001 -3.150539e+002
    endloop
  endfacet
  facet normal  0.000000e+000 -1.000000e+000  0.000000e+000
    outer loop
      vertex -2.988238e+001 -3.100000e+001 -3.176699e+002
      vertex -3.169733e+001 -3.100000e+001 -3.150539e+002
      vertex -3.169733e+001 -3.100000e+001 -3.226801e+002
    endloop
  endfacet
  facet normal  0.000000e+000 -9.999999e-001  0.000000e+000
    outer loop
      vertex -2.988238e+001 -3.100000e+001 -3.176699e+002
      vertex -3.169733e+001 -3.100000e+001 -3.226801e+002
      vertex -2.843194e+001 -3.100000e+001 -3.301015e+002
    endloop
  endfacet
  facet normal  0.000000e+000 -1.000000e+000  0.000000e+000
    outer loop
      vertex -2.988238e+001 -3.100000e+001 -3.176699e+002
      vertex -2.843194e+001 -3.100000e+001 -3.301015e+002
      vertex -2.629263e+001 -3.100000e+001 -3.263363e+002
    endloop
  endfacet
  facet normal  0.000000e+000 -1.000000e+000  -0.000000e+000
    outer loop
      vertex  5.109250e+000 -3.100000e+001 -3.150539e+002
      vertex -2.595462e-002 -3.100000e+001 -3.271015e+002
      vertex -3.146403e-001 -3.100000e+001 -3.298189e+002
    endloop
  endfacet
  facet normal  0.000000e+000 -1.000000e+000  0.000000e+000
    outer loop
      vertex  5.109250e+000 -3.100000e+001 -3.150539e+002
      vertex -3.146403e-001 -3.100000e+001 -3.298189e+002
      vertex  4.547581e-001 -3.100000e+001 -3.294732e+002
    endloop
  endfacet
  facet normal  0.000000e+000 -1.000000e+000  0.000000e+000
    outer loop
      vertex  5.109250e+000 -3.100000e+001 -3.150539e+002
      vertex  4.547581e-001 -3.100000e+001 -3.294732e+002
      vertex  1.155105e+000 -3.100000e+001 -3.290032e+002
    endloop
  endfacet
  facet normal  0.000000e+000 -1.000000e+000  0.000000e+000
    outer loop
      vertex  5.109250e+000 -3.100000e+001 -3.150539e+002
      vertex  1.155105e+000 -3.100000e+001 -3.290032e+002
      vertex  1.766469e+000 -3.100000e+001 -3.284221e+002
    endloop
  endfacet
  facet normal  0.000000e+000 -1.000000e+000  0.000000e+000
    outer loop
      vertex  5.109250e+000 -3.100000e+001 -3.150539e+002
      vertex  1.766469e+000 -3.100000e+001 -3.284221e+002
      vertex  2.271452e+000 -3.100000e+001 -3.277464e+002
    endloop
  endfacet
  facet normal  0.000000e+000 -9.999999e-001  0.000000e+000
    outer loop
      vertex  5.109250e+000 -3.100000e+001 -3.150539e+002
      vertex  2.271452e+000 -3.100000e+001 -3.277464e+002
      vertex  2.655683e+000 -3.100000e+001 -3.269956e+002
    endloop
  endfacet
  facet normal  0.000000e+000 -1.000000e+000  0.000000e+000
    outer loop
      vertex  5.109250e+000 -3.100000e+001 -3.150539e+002
      vertex  2.655683e+000 -3.100000e+001 -3.269956e+002
      vertex  6.332547e+000 -3.100000e+001 -3.180129e+002
    endloop
  endfacet
  facet normal  0.000000e+000 -9.999999e-001  0.000000e+000
    outer loop
      vertex  5.109250e+000 -3.100000e+001 -3.150539e+002
      vertex  6.332547e+000 -3.100000e+001 -3.180129e+002
      vertex  6.684440e+000 -3.100000e+001 -3.173146e+002
    endloop
  endfacet
  facet normal  0.000000e+000 -1.000000e+000  0.000000e+000
    outer loop
      vertex  5.109250e+000 -3.100000e+001 -3.150539e+002
      vertex  6.684440e+000 -3.100000e+001 -3.173146e+002
      vertex  7.140898e+000 -3.100000e+001 -3.166797e+002
    endloop
  endfacet
  facet normal  0.000000e+000 -1.000000e+000  0.000000e+000
    outer loop
      vertex  5.109250e+000 -3.100000e+001 -3.150539e+002
      vertex  7.140898e+000 -3.100000e+001 -3.166797e+002
      vertex  7.690758e+000 -3.100000e+001 -3.161237e+002
    endloop
  endfacet
  facet normal  0.000000e+000 -1.000000e+000  0.000000e+000
    outer loop
      vertex  5.109250e+000 -3.100000e+001 -3.150539e+002
      vertex  7.690758e+000 -3.100000e+001 -3.161237e+002
      vertex  8.320571e+000 -3.100000e+001 -3.156603e+002
    endloop
  endfacet
  facet normal  0.000000e+000 -1.000000e+000  0.000000e+000
    outer loop
      vertex  5.109250e+000 -3.100000e+001 -3.150539e+002
      vertex  8.320571e+000 -3.100000e+001 -3.156603e+002
      vertex  9.014935e+000 -3.100000e+001 -3.153008e+002
    endloop
  endfacet
  facet normal  0.000000e+000 -1.000000e+000  0.000000e+000
    outer loop
      vertex  5.109250e+000 -3.100000e+001 -3.150539e+002
      vertex  9.014935e+000 -3.100000e+001 -3.153008e+002
      vertex  9.756866e+000 -3.100000e+001 -3.150539e+002
    endloop
  endfacet
  facet normal  0.000000e+000 -1.000000e+000  0.000000e+000
    outer loop
      vertex -2.629263e+001 -3.100000e+001 -3.263363e+002
      vertex -2.843194e+001 -3.100000e+001 -3.301015e+002
      vertex -2.552751e+001 -3.100000e+001 -3.271015e+002
    endloop
  endfacet
  facet normal  0.000000e+000 -1.000000e+000  -0.000000e+000
    outer loop
      vertex -2.552751e+001 -3.100000e+001 -3.271015e+002
      vertex -2.843194e+001 -3.100000e+001 -3.301015e+002
      vertex -1.971668e+000 -3.100000e+001 -3.301015e+002
    endloop
  endfacet
  facet normal  0.000000e+000 -1.000000e+000  0.000000e+000
    outer loop
      vertex -2.552751e+001 -3.100000e+001 -3.271015e+002
      vertex -1.971668e+000 -3.100000e+001 -3.301015e+002
      vertex -2.595462e-002 -3.100000e+001 -3.271015e+002
    endloop
  endfacet
  facet normal  0.000000e+000 -1.000000e+000  0.000000e+000
    outer loop
      vertex -2.595462e-002 -3.100000e+001 -3.271015e+002
      vertex -1.971668e+000 -3.100000e+001 -3.301015e+002
      vertex -1.131195e+000 -3.100000e+001 -3.300303e+002
    endloop
  endfacet
  facet normal  0.000000e+000 -1.000000e+000  0.000000e+000
    outer loop
      vertex -2.595462e-002 -3.100000e+001 -3.271015e+002
      vertex -1.131195e+000 -3.100000e+001 -3.300303e+002
      vertex -3.146403e-001 -3.100000e+001 -3.298189e+002
    endloop
  endfacet
  facet normal  0.000000e+000  1.000000e+000  0.000000e+000
    outer loop
      vertex -2.988238e+001  3.100000e+001 -3.176699e+002
      vertex -2.629263e+001  3.100000e+001 -3.263363e+002
      vertex -2.843194e+001  3.100000e+001 -3.301015e+002
    endloop
  endfacet
  facet normal  0.000000e+000  1.000000e+000  0.000000e+000
    outer loop
      vertex -2.988238e+001  3.100000e+001 -3.176699e+002
      vertex -2.843194e+001  3.100000e+001 -3.301015e+002
      vertex -3.169499e+001  3.100000e+001 -3.226855e+002
    endloop
  endfacet
  facet normal  0.000000e+000  1.000000e+000  0.000000e+000
    outer loop
      vertex -2.988238e+001  3.100000e+001 -3.176699e+002
      vertex -3.169499e+001  3.100000e+001 -3.226855e+002
      vertex -3.169499e+001  3.100000e+001 -3.150539e+002
    endloop
  endfacet
  facet normal  -0.000000e+000  1.000000e+000  0.000000e+000
    outer loop
      vertex -2.988238e+001  3.100000e+001 -3.176699e+002
      vertex -3.169499e+001  3.100000e+001 -3.150539e+002
      vertex -2.988238e+001  3.100000e+001 -3.150539e+002
    endloop
  endfacet
  facet normal  0.000000e+000  1.000000e+000  0.000000e+000
    outer loop
      vertex  5.109250e+000  3.100000e+001 -3.150539e+002
      vertex  9.756866e+000  3.100000e+001 -3.150539e+002
      vertex  9.014935e+000  3.100000e+001 -3.153008e+002
    endloop
  endfacet
  facet normal  0.000000e+000  1.000000e+000  0.000000e+000
    outer loop
      vertex  5.109250e+000  3.100000e+001 -3.150539e+002
      vertex  9.014935e+000  3.100000e+001 -3.153008e+002
      vertex  8.320571e+000  3.100000e+001 -3.156603e+002
    endloop
  endfacet
  facet normal  0.000000e+000  1.000000e+000  0.000000e+000
    outer loop
      vertex  5.109250e+000  3.100000e+001 -3.150539e+002
      vertex  8.320571e+000  3.100000e+001 -3.156603e+002
      vertex  7.690758e+000  3.100000e+001 -3.161237e+002
    endloop
  endfacet
  facet normal  0.000000e+000  1.000000e+000  0.000000e+000
    outer loop
      vertex  5.109250e+000  3.100000e+001 -3.150539e+002
      vertex  7.690758e+000  3.100000e+001 -3.161237e+002
      vertex  7.140898e+000  3.100000e+001 -3.166797e+002
    endloop
  endfacet
  facet normal  0.000000e+000  1.000000e+000  0.000000e+000
    outer loop
      vertex  5.109250e+000  3.100000e+001 -3.150539e+002
      vertex  7.140898e+000  3.100000e+001 -3.166797e+002
      vertex  6.684440e+000  3.100000e+001 -3.173146e+002
    endloop
  endfacet
  facet normal  0.000000e+000  9.999999e-001  0.000000e+000
    outer loop
      vertex  5.109250e+000  3.100000e+001 -3.150539e+002
      vertex  6.684440e+000  3.100000e+001 -3.173146e+002
      vertex  6.332547e+000  3.100000e+001 -3.180129e+002
    endloop
  endfacet
  facet normal  0.000000e+000  1.000000e+000  0.000000e+000
    outer loop
      vertex  5.109250e+000  3.100000e+001 -3.150539e+002
      vertex  6.332547e+000  3.100000e+001 -3.180129e+002
      vertex  2.655683e+000  3.100000e+001 -3.269956e+002
    endloop
  endfacet
  facet normal  0.000000e+000  9.999999e-001  -0.000000e+000
    outer loop
      vertex  5.109250e+000  3.100000e+001 -3.150539e+002
      vertex  2.655683e+000  3.100000e+001 -3.269956e+002
      vertex  2.271452e+000  3.100000e+001 -3.277464e+002
    endloop
  endfacet
  facet normal  0.000000e+000  1.000000e+000  -0.000000e+000
    outer loop
      vertex  5.109250e+000  3.100000e+001 -3.150539e+002
      vertex  2.271452e+000  3.100000e+001 -3.277464e+002
      vertex  1.766469e+000  3.100000e+001 -3.284221e+002
    endloop
  endfacet
  facet normal  0.000000e+000  1.000000e+000  -0.000000e+000
    outer loop
      vertex  5.109250e+000  3.100000e+001 -3.150539e+002
      vertex  1.766469e+000  3.100000e+001 -3.284221e+002
      vertex  1.155105e+000  3.100000e+001 -3.290032e+002
    endloop
  endfacet
  facet normal  0.000000e+000  1.000000e+000  -0.000000e+000
    outer loop
      vertex  5.109250e+000  3.100000e+001 -3.150539e+002
      vertex  1.155105e+000  3.100000e+001 -3.290032e+002
      vertex  4.547581e-001  3.100000e+001 -3.294732e+002
    endloop
  endfacet
  facet normal  0.000000e+000  1.000000e+000  -0.000000e+000
    outer loop
      vertex  5.109250e+000  3.100000e+001 -3.150539e+002
      vertex  4.547581e-001  3.100000e+001 -3.294732e+002
      vertex -3.146403e-001  3.100000e+001 -3.298189e+002
    endloop
  endfacet
  facet normal  0.000000e+000  1.000000e+000  0.000000e+000
    outer loop
      vertex  5.109250e+000  3.100000e+001 -3.150539e+002
      vertex -3.146403e-001  3.100000e+001 -3.298189e+002
      vertex -2.595462e-002  3.100000e+001 -3.271015e+002
    endloop
  endfacet
  facet normal  0.000000e+000  1.000000e+000  0.000000e+000
    outer loop
      vertex -3.146403e-001  3.100000e+001 -3.298189e+002
      vertex -1.131195e+000  3.100000e+001 -3.300303e+002
      vertex -2.595462e-002  3.100000e+001 -3.271015e+002
    endloop
  endfacet
  facet normal  0.000000e+000  1.000000e+000  0.000000e+000
    outer loop
      vertex -2.595462e-002  3.100000e+001 -3.271015e+002
      vertex -1.131195e+000  3.100000e+001 -3.300303e+002
      vertex -1.971668e+000  3.100000e+001 -3.301015e+002
    endloop
  endfacet
  facet normal  0.000000e+000  1.000000e+000  -0.000000e+000
    outer loop
      vertex -2.595462e-002  3.100000e+001 -3.271015e+002
      vertex -1.971668e+000  3.100000e+001 -3.301015e+002
      vertex -2.552751e+001  3.100000e+001 -3.271015e+002
    endloop
  endfacet
  facet normal  0.000000e+000  1.000000e+000  0.000000e+000
    outer loop
      vertex -2.552751e+001  3.100000e+001 -3.271015e+002
      vertex -1.971668e+000  3.100000e+001 -3.301015e+002
      vertex -2.843194e+001  3.100000e+001 -3.301015e+002
    endloop
  endfacet
  facet normal  0.000000e+000  1.000000e+000  0.000000e+000
    outer loop
      vertex -2.552751e+001  3.100000e+001 -3.271015e+002
      vertex -2.843194e+001  3.100000e+001 -3.301015e+002
      vertex -2.629263e+001  3.100000e+001 -3.263363e+002
    endloop
  endfacet
  facet normal -7.071068e-001 -7.071068e-001  0.000000e+000
    outer loop
      vertex -3.800102e+001 -2.469631e+001 -3.083535e+002
      vertex -3.169733e+001 -3.100000e+001 -3.226801e+002
      vertex -3.169733e+001 -3.100000e+001 -3.150539e+002
    endloop
  endfacet
  facet normal -7.071068e-001 -7.071068e-001  0.000000e+000
    outer loop
      vertex -3.800102e+001 -2.469631e+001 -3.083535e+002
      vertex -3.169733e+001 -3.100000e+001 -3.150539e+002
      vertex -2.892354e+001 -3.377379e+001 -3.092507e+002
    endloop
  endfacet
  facet normal -7.071070e-001 -7.071066e-001 -2.988671e-006
    outer loop
      vertex -3.800102e+001 -2.469631e+001 -3.083535e+002
      vertex -2.892354e+001 -3.377379e+001 -3.092507e+002
      vertex -2.869115e+001 -3.400618e+001 -3.088201e+002
    endloop
  endfacet
  facet normal -7.071068e-001 -7.071068e-001  2.182736e-006
    outer loop
      vertex -3.800102e+001 -2.469631e+001 -3.083535e+002
      vertex -2.869115e+001 -3.400618e+001 -3.088201e+002
      vertex -2.824454e+001 -3.445279e+001 -3.081953e+002
    endloop
  endfacet
  facet normal -7.071068e-001 -7.071067e-001  2.614414e-006
    outer loop
      vertex -3.800102e+001 -2.469631e+001 -3.083535e+002
      vertex -2.824454e+001 -3.445279e+001 -3.081953e+002
      vertex -2.773605e+001 -3.496128e+001 -3.076716e+002
    endloop
  endfacet
  facet normal -7.071067e-001 -7.071069e-001 -1.686416e-007
    outer loop
      vertex -3.800102e+001 -2.469631e+001 -3.083535e+002
      vertex -2.773605e+001 -3.496128e+001 -3.076716e+002
      vertex -2.718381e+001 -3.551352e+001 -3.072453e+002
    endloop
  endfacet
  facet normal -7.071062e-001 -7.071074e-001 -1.012118e-005
    outer loop
      vertex -3.800102e+001 -2.469631e+001 -3.083535e+002
      vertex -2.718381e+001 -3.551352e+001 -3.072453e+002
      vertex -2.660130e+001 -3.609603e+001 -3.069116e+002
    endloop
  endfacet
  facet normal -7.071069e-001 -7.071067e-001  3.082192e-007
    outer loop
      vertex -3.800102e+001 -2.469631e+001 -3.083535e+002
      vertex -2.660130e+001 -3.609603e+001 -3.069116e+002
      vertex -2.588645e+001 -3.681088e+001 -3.066292e+002
    endloop
  endfacet
  facet normal -7.071069e-001 -7.071066e-001  8.879865e-007
    outer loop
      vertex -3.800102e+001 -2.469631e+001 -3.083535e+002
      vertex -2.588645e+001 -3.681088e+001 -3.066292e+002
      vertex -2.515363e+001 -3.754370e+001 -3.064622e+002
    endloop
  endfacet
  facet normal -7.071068e-001 -7.071068e-001  0.000000e+000
    outer loop
      vertex -3.800564e+001 -2.469169e+001 -2.942070e+002
      vertex -3.800564e+001 -2.469169e+001 -3.083648e+002
      vertex -3.800102e+001 -2.469631e+001 -3.083535e+002
    endloop
  endfacet
  facet normal -7.071068e-001 -7.071067e-001 -4.347897e-011
    outer loop
      vertex -3.800564e+001 -2.469169e+001 -2.942070e+002
      vertex -3.800102e+001 -2.469631e+001 -3.083535e+002
      vertex -2.515363e+001 -3.754370e+001 -3.064622e+002
    endloop
  endfacet
  facet normal -7.071051e-001 -7.071085e-001  3.649182e-006
    outer loop
      vertex -3.800564e+001 -2.469169e+001 -2.942070e+002
      vertex -2.515363e+001 -3.754370e+001 -3.064622e+002
      vertex -2.441238e+001 -3.828495e+001 -3.064070e+002
    endloop
  endfacet
  facet normal -7.071092e-001 -7.071043e-001 -5.589085e-006
    outer loop
      vertex -3.800564e+001 -2.469169e+001 -2.942070e+002
      vertex -2.441238e+001 -3.828495e+001 -3.064070e+002
      vertex -2.386350e+001 -3.883383e+001 -3.064070e+002
    endloop
  endfacet
  facet normal -7.071068e-001 -7.071067e-001  0.000000e+000
    outer loop
      vertex -3.800564e+001 -2.469169e+001 -2.942070e+002
      vertex -2.386350e+001 -3.883383e+001 -3.064070e+002
      vertex -2.386350e+001 -3.883383e+001 -2.942070e+002
    endloop
  endfacet
  facet normal -7.071068e-001  7.071068e-001  0.000000e+000
    outer loop
      vertex -2.527028e+001  3.742471e+001 -3.064815e+002
      vertex -2.386350e+001  3.883148e+001 -2.942070e+002
      vertex -2.441003e+001  3.828495e+001 -3.064070e+002
    endloop
  endfacet
  facet normal -7.071068e-001  7.071068e-001  0.000000e+000
    outer loop
      vertex -2.386350e+001  3.883148e+001 -2.942070e+002
      vertex -2.386350e+001  3.883148e+001 -3.064070e+002
      vertex -2.441003e+001  3.828495e+001 -3.064070e+002
    endloop
  endfacet
  facet normal -7.071068e-001  7.071068e-001  0.000000e+000
    outer loop
      vertex -3.800102e+001  2.469396e+001 -3.083535e+002
      vertex -3.800564e+001  2.468935e+001 -3.083648e+002
      vertex -3.800564e+001  2.468935e+001 -2.942070e+002
    endloop
  endfacet
  facet normal -7.071068e-001  7.071068e-001  2.633352e-011
    outer loop
      vertex -3.800102e+001  2.469396e+001 -3.083535e+002
      vertex -3.800564e+001  2.468935e+001 -2.942070e+002
      vertex -2.386350e+001  3.883148e+001 -2.942070e+002
    endloop
  endfacet
  facet normal -7.071067e-001  7.071069e-001 -8.778827e-009
    outer loop
      vertex -3.800102e+001  2.469396e+001 -3.083535e+002
      vertex -2.386350e+001  3.883148e+001 -2.942070e+002
      vertex -2.527028e+001  3.742471e+001 -3.064815e+002
    endloop
  endfacet
  facet normal -7.071129e-001  7.071006e-001  8.522376e-005
    outer loop
      vertex -3.800102e+001  2.469396e+001 -3.083535e+002
      vertex -2.527028e+001  3.742471e+001 -3.064815e+002
      vertex -2.569628e+001  3.699871e+001 -3.065753e+002
    endloop
  endfacet
  facet normal -7.071041e-001  7.071095e-001 -3.725437e-005
    outer loop
      vertex -3.800102e+001  2.469396e+001 -3.083535e+002
      vertex -2.569628e+001  3.699871e+001 -3.065753e+002
      vertex -2.611715e+001  3.657784e+001 -3.067074e+002
    endloop
  endfacet
  facet normal -7.071068e-001  7.071069e-001 -2.834141e-007
    outer loop
      vertex -3.800102e+001  2.469396e+001 -3.083535e+002
      vertex -2.611715e+001  3.657784e+001 -3.067074e+002
      vertex -2.676779e+001  3.592719e+001 -3.069978e+002
    endloop
  endfacet
  facet normal -7.071069e-001  7.071066e-001  4.040428e-006
    outer loop
      vertex -3.800102e+001  2.469396e+001 -3.083535e+002
      vertex -2.676779e+001  3.592719e+001 -3.069978e+002
      vertex -2.739045e+001  3.530453e+001 -3.073924e+002
    endloop
  endfacet
  facet normal -7.071068e-001  7.071068e-001  0.000000e+000
    outer loop
      vertex -3.800102e+001  2.469396e+001 -3.083535e+002
      vertex -2.739045e+001  3.530453e+001 -3.073924e+002
      vertex -2.797150e+001  3.472348e+001 -3.078976e+002
    endloop
  endfacet
  facet normal -7.071068e-001  7.071068e-001  0.000000e+000
    outer loop
      vertex -3.800102e+001  2.469396e+001 -3.083535e+002
      vertex -2.797150e+001  3.472348e+001 -3.078976e+002
      vertex -2.825448e+001  3.444051e+001 -3.082101e+002
    endloop
  endfacet
  facet normal -7.071067e-001  7.071068e-001 -3.945854e-006
    outer loop
      vertex -3.800102e+001  2.469396e+001 -3.083535e+002
      vertex -2.825448e+001  3.444051e+001 -3.082101e+002
      vertex -2.851748e+001  3.417751e+001 -3.085558e+002
    endloop
  endfacet
  facet normal -7.071066e-001  7.071069e-001  7.864742e-006
    outer loop
      vertex -3.800102e+001  2.469396e+001 -3.083535e+002
      vertex -2.851748e+001  3.417751e+001 -3.085558e+002
      vertex -2.873053e+001  3.396446e+001 -3.088904e+002
    endloop
  endfacet
  facet normal -7.071071e-001  7.071066e-001 -7.197327e-006
    outer loop
      vertex -3.800102e+001  2.469396e+001 -3.083535e+002
      vertex -2.873053e+001  3.396446e+001 -3.088904e+002
      vertex -2.892120e+001  3.377379e+001 -3.092507e+002
    endloop
  endfacet
  facet normal -7.071067e-001  7.071068e-001  1.466508e-007
    outer loop
      vertex -3.800102e+001  2.469396e+001 -3.083535e+002
      vertex -2.892120e+001  3.377379e+001 -3.092507e+002
      vertex -3.169499e+001  3.100000e+001 -3.150539e+002
    endloop
  endfacet
  facet normal -7.071068e-001  7.071068e-001  0.000000e+000
    outer loop
      vertex -3.800102e+001  2.469396e+001 -3.083535e+002
      vertex -3.169499e+001  3.100000e+001 -3.150539e+002
      vertex -3.169499e+001  3.100000e+001 -3.226855e+002
    endloop
  endfacet
  facet normal  0.000000e+000  0.000000e+000 -1.000000e+000
    outer loop
      vertex  2.452537e+001 -3.883383e+001 -3.064070e+002
      vertex -2.386350e+001 -3.883383e+001 -3.064070e+002
      vertex  2.507425e+001 -3.828495e+001 -3.064070e+002
    endloop
  endfacet
  facet normal  -0.000000e+000  0.000000e+000 -1.000000e+000
    outer loop
      vertex  2.507425e+001 -3.828495e+001 -3.064070e+002
      vertex -2.386350e+001 -3.883383e+001 -3.064070e+002
      vertex -2.441238e+001 -3.828495e+001 -3.064070e+002
    endloop
  endfacet
  facet normal  0.000000e+000  0.000000e+000  9.999999e-001
    outer loop
      vertex -2.552751e+001 -2.614582e+001 -3.271015e+002
      vertex -2.511644e+001 -2.601837e+001 -3.271015e+002
      vertex -2.552751e+001 -2.390607e+001 -3.271015e+002
    endloop
  endfacet
  facet normal  0.000000e+000  0.000000e+000  1.000000e+000
    outer loop
      vertex -2.511644e+001 -2.601837e+001 -3.271015e+002
      vertex -2.468609e+001 -2.601290e+001 -3.271015e+002
      vertex -2.552751e+001 -2.390607e+001 -3.271015e+002
    endloop
  endfacet
  facet normal  0.000000e+000  0.000000e+000  1.000000e+000
    outer loop
      vertex -2.552751e+001  2.885418e+001 -3.271015e+002
      vertex -2.511644e+001  2.898163e+001 -3.271015e+002
      vertex -2.552751e+001  3.100000e+001 -3.271015e+002
    endloop
  endfacet
  facet normal  0.000000e+000  0.000000e+000  1.000000e+000
    outer loop
      vertex -2.511644e+001  2.898163e+001 -3.271015e+002
      vertex -2.468609e+001  2.898710e+001 -3.271015e+002
      vertex -2.552751e+001  3.100000e+001 -3.271015e+002
    endloop
  endfacet
  facet normal  0.000000e+000  -0.000000e+000  1.000000e+000
    outer loop
      vertex -2.552751e+001  2.302475e+001 -3.271015e+002
      vertex -1.709488e+001  2.302475e+001 -3.271015e+002
      vertex -2.595462e-002  3.100000e+001 -3.271015e+002
    endloop
  endfacet
  facet normal  0.000000e+000  0.000000e+000  1.000000e+000
    outer loop
      vertex -2.552751e+001  2.302475e+001 -3.271015e+002
      vertex -2.595462e-002  3.100000e+001 -3.271015e+002
      vertex -2.468609e+001  2.601290e+001 -3.271015e+002
    endloop
  endfacet
  facet normal  0.000000e+000  0.000000e+000  1.000000e+000
    outer loop
      vertex -2.552751e+001  2.302475e+001 -3.271015e+002
      vertex -2.468609e+001  2.601290e+001 -3.271015e+002
      vertex -2.511644e+001  2.601837e+001 -3.271015e+002
    endloop
  endfacet
  facet normal  0.000000e+000  0.000000e+000  1.000000e+000
    outer loop
      vertex -2.552751e+001  2.302475e+001 -3.271015e+002
      vertex -2.511644e+001  2.601837e+001 -3.271015e+002
      vertex -2.552751e+001  2.614582e+001 -3.271015e+002
    endloop
  endfacet
  facet normal  0.000000e+000  0.000000e+000  1.000000e+000
    outer loop
      vertex -2.552751e+001 -3.100000e+001 -3.271015e+002
      vertex -2.595462e-002 -3.100000e+001 -3.271015e+002
      vertex -2.468609e+001 -2.898710e+001 -3.271015e+002
    endloop
  endfacet
  facet normal  0.000000e+000  0.000000e+000  1.000000e+000
    outer loop
      vertex -2.552751e+001 -3.100000e+001 -3.271015e+002
      vertex -2.468609e+001 -2.898710e+001 -3.271015e+002
      vertex -2.511644e+001 -2.898163e+001 -3.271015e+002
    endloop
  endfacet
  facet normal  0.000000e+000  0.000000e+000  1.000000e+000
    outer loop
      vertex -2.552751e+001 -3.100000e+001 -3.271015e+002
      vertex -2.511644e+001 -2.898163e+001 -3.271015e+002
      vertex -2.552751e+001 -2.885418e+001 -3.271015e+002
    endloop
  endfacet
  facet normal  -0.000000e+000  0.000000e+000  1.000000e+000
    outer loop
      vertex -1.709488e+001 -2.390607e+001 -3.271015e+002
      vertex -2.552751e+001 -2.390607e+001 -3.271015e+002
      vertex -2.468609e+001 -2.601290e+001 -3.271015e+002
    endloop
  endfacet
  facet normal  -0.000000e+000  0.000000e+000  1.000000e+000
    outer loop
      vertex -1.709488e+001 -2.390607e+001 -3.271015e+002
      vertex -2.468609e+001 -2.601290e+001 -3.271015e+002
      vertex -2.427191e+001 -2.612984e+001 -3.271015e+002
    endloop
  endfacet
  facet normal  -0.000000e+000  0.000000e+000  1.000000e+000
    outer loop
      vertex -1.709488e+001 -2.390607e+001 -3.271015e+002
      vertex -2.427191e+001 -2.612984e+001 -3.271015e+002
      vertex -2.390798e+001 -2.635958e+001 -3.271015e+002
    endloop
  endfacet
  facet normal  -0.000000e+000  0.000000e+000  1.000000e+000
    outer loop
      vertex -1.709488e+001 -2.390607e+001 -3.271015e+002
      vertex -2.390798e+001 -2.635958e+001 -3.271015e+002
      vertex -2.362426e+001 -2.668321e+001 -3.271015e+002
    endloop
  endfacet
  facet normal  -0.000000e+000  0.000000e+000  9.999999e-001
    outer loop
      vertex -1.709488e+001 -2.390607e+001 -3.271015e+002
      vertex -2.362426e+001 -2.668321e+001 -3.271015e+002
      vertex -2.344412e+001 -2.707407e+001 -3.271015e+002
    endloop
  endfacet
  facet normal  -0.000000e+000  0.000000e+000  9.999999e-001
    outer loop
      vertex -1.709488e+001 -2.390607e+001 -3.271015e+002
      vertex -2.344412e+001 -2.707407e+001 -3.271015e+002
      vertex -2.338238e+001 -2.750000e+001 -3.271015e+002
    endloop
  endfacet
  facet normal  -0.000000e+000  0.000000e+000  1.000000e+000
    outer loop
      vertex -1.709488e+001 -2.390607e+001 -3.271015e+002
      vertex -2.338238e+001 -2.750000e+001 -3.271015e+002
      vertex -2.344412e+001 -2.792593e+001 -3.271015e+002
    endloop
  endfacet
  facet normal  -0.000000e+000  0.000000e+000  1.000000e+000
    outer loop
      vertex -1.709488e+001 -2.390607e+001 -3.271015e+002
      vertex -2.344412e+001 -2.792593e+001 -3.271015e+002
      vertex -2.362426e+001 -2.831679e+001 -3.271015e+002
    endloop
  endfacet
  facet normal  -0.000000e+000  0.000000e+000  1.000000e+000
    outer loop
      vertex -1.709488e+001 -2.390607e+001 -3.271015e+002
      vertex -2.362426e+001 -2.831679e+001 -3.271015e+002
      vertex -2.390798e+001 -2.864042e+001 -3.271015e+002
    endloop
  endfacet
  facet normal  0.000000e+000  0.000000e+000  1.000000e+000
    outer loop
      vertex -2.595462e-002 -3.100000e+001 -3.271015e+002
      vertex -2.595462e-002  3.100000e+001 -3.271015e+002
      vertex -1.709488e+001  2.302475e+001 -3.271015e+002
    endloop
  endfacet
  facet normal  0.000000e+000  0.000000e+000  1.000000e+000
    outer loop
      vertex -2.595462e-002 -3.100000e+001 -3.271015e+002
      vertex -1.709488e+001  2.302475e+001 -3.271015e+002
      vertex -1.709488e+001 -2.390607e+001 -3.271015e+002
    endloop
  endfacet
  facet normal  0.000000e+000  0.000000e+000  1.000000e+000
    outer loop
      vertex -2.595462e-002 -3.100000e+001 -3.271015e+002
      vertex -1.709488e+001 -2.390607e+001 -3.271015e+002
      vertex -2.390798e+001 -2.864042e+001 -3.271015e+002
    endloop
  endfacet
  facet normal  0.000000e+000  0.000000e+000  1.000000e+000
    outer loop
      vertex -2.595462e-002 -3.100000e+001 -3.271015e+002
      vertex -2.390798e+001 -2.864042e+001 -3.271015e+002
      vertex -2.427191e+001 -2.887016e+001 -3.271015e+002
    endloop
  endfacet
  facet normal  0.000000e+000  0.000000e+000  1.000000e+000
    outer loop
      vertex -2.595462e-002 -3.100000e+001 -3.271015e+002
      vertex -2.427191e+001 -2.887016e+001 -3.271015e+002
      vertex -2.468609e+001 -2.898710e+001 -3.271015e+002
    endloop
  endfacet
  facet normal  -0.000000e+000  0.000000e+000  1.000000e+000
    outer loop
      vertex -2.595462e-002  3.100000e+001 -3.271015e+002
      vertex -2.552751e+001  3.100000e+001 -3.271015e+002
      vertex -2.468609e+001  2.898710e+001 -3.271015e+002
    endloop
  endfacet
  facet normal  -0.000000e+000  0.000000e+000  1.000000e+000
    outer loop
      vertex -2.595462e-002  3.100000e+001 -3.271015e+002
      vertex -2.468609e+001  2.898710e+001 -3.271015e+002
      vertex -2.427191e+001  2.887016e+001 -3.271015e+002
    endloop
  endfacet
  facet normal  -0.000000e+000  0.000000e+000  1.000000e+000
    outer loop
      vertex -2.595462e-002  3.100000e+001 -3.271015e+002
      vertex -2.427191e+001  2.887016e+001 -3.271015e+002
      vertex -2.390798e+001  2.864042e+001 -3.271015e+002
    endloop
  endfacet
  facet normal  -0.000000e+000  0.000000e+000  1.000000e+000
    outer loop
      vertex -2.595462e-002  3.100000e+001 -3.271015e+002
      vertex -2.390798e+001  2.864042e+001 -3.271015e+002
      vertex -2.362426e+001  2.831679e+001 -3.271015e+002
    endloop
  endfacet
  facet normal  -0.000000e+000  0.000000e+000  1.000000e+000
    outer loop
      vertex -2.595462e-002  3.100000e+001 -3.271015e+002
      vertex -2.362426e+001  2.831679e+001 -3.271015e+002
      vertex -2.344412e+001  2.792593e+001 -3.271015e+002
    endloop
  endfacet
  facet normal  -0.000000e+000  0.000000e+000  1.000000e+000
    outer loop
      vertex -2.595462e-002  3.100000e+001 -3.271015e+002
      vertex -2.344412e+001  2.792593e+001 -3.271015e+002
      vertex -2.338238e+001  2.750000e+001 -3.271015e+002
    endloop
  endfacet
  facet normal  -0.000000e+000  0.000000e+000  1.000000e+000
    outer loop
      vertex -2.595462e-002  3.100000e+001 -3.271015e+002
      vertex -2.338238e+001  2.750000e+001 -3.271015e+002
      vertex -2.344412e+001  2.707407e+001 -3.271015e+002
    endloop
  endfacet
  facet normal  -0.000000e+000  0.000000e+000  1.000000e+000
    outer loop
      vertex -2.595462e-002  3.100000e+001 -3.271015e+002
      vertex -2.344412e+001  2.707407e+001 -3.271015e+002
      vertex -2.362426e+001  2.668321e+001 -3.271015e+002
    endloop
  endfacet
  facet normal  -0.000000e+000  0.000000e+000  1.000000e+000
    outer loop
      vertex -2.595462e-002  3.100000e+001 -3.271015e+002
      vertex -2.362426e+001  2.668321e+001 -3.271015e+002
      vertex -2.390798e+001  2.635958e+001 -3.271015e+002
    endloop
  endfacet
  facet normal  -0.000000e+000  0.000000e+000  1.000000e+000
    outer loop
      vertex -2.595462e-002  3.100000e+001 -3.271015e+002
      vertex -2.390798e+001  2.635958e+001 -3.271015e+002
      vertex -2.427191e+001  2.612984e+001 -3.271015e+002
    endloop
  endfacet
  facet normal  -0.000000e+000  0.000000e+000  1.000000e+000
    outer loop
      vertex -2.595462e-002  3.100000e+001 -3.271015e+002
      vertex -2.427191e+001  2.612984e+001 -3.271015e+002
      vertex -2.468609e+001  2.601290e+001 -3.271015e+002
    endloop
  endfacet
  facet normal  7.071612e-001  -0.000000e+000  7.070523e-001
    outer loop
      vertex -2.629263e+001  3.100000e+001 -3.263363e+002
      vertex -2.629263e+001  2.801106e+001 -3.263363e+002
      vertex -2.618126e+001  2.825027e+001 -3.264477e+002
    endloop
  endfacet
  facet normal  7.071099e-001 -4.169820e-006  7.071038e-001
    outer loop
      vertex -2.629263e+001  3.100000e+001 -3.263363e+002
      vertex -2.618126e+001  2.825027e+001 -3.264477e+002
      vertex -2.603929e+001  2.845475e+001 -3.265897e+002
    endloop
  endfacet
  facet normal  7.071064e-001 -4.854243e-006  7.071072e-001
    outer loop
      vertex -2.629263e+001  3.100000e+001 -3.263363e+002
      vertex -2.603929e+001  2.845475e+001 -3.265897e+002
      vertex -2.579695e+001  2.868893e+001 -3.268320e+002
    endloop
  endfacet
  facet normal  7.071146e-001 -1.271108e-006  7.070988e-001
    outer loop
      vertex -2.629263e+001  3.100000e+001 -3.263363e+002
      vertex -2.579695e+001  2.868893e+001 -3.268320e+002
      vertex -2.552751e+001  2.885418e+001 -3.271015e+002
    endloop
  endfacet
  facet normal  7.071165e-001  -0.000000e+000  7.070971e-001
    outer loop
      vertex -2.629263e+001  3.100000e+001 -3.263363e+002
      vertex -2.552751e+001  2.885418e+001 -3.271015e+002
      vertex -2.552751e+001  3.100000e+001 -3.271015e+002
    endloop
  endfacet
  facet normal  9.238722e-001  0.000000e+000  3.827012e-001
    outer loop
      vertex -2.629263e+001 -3.100000e+001 -3.263363e+002
      vertex -2.629263e+001 -2.801106e+001 -3.263363e+002
      vertex -2.633532e+001 -2.787276e+001 -3.262333e+002
    endloop
  endfacet
  facet normal  9.238528e-001 -1.811908e-006  3.827481e-001
    outer loop
      vertex -2.629263e+001 -3.100000e+001 -3.263363e+002
      vertex -2.633532e+001 -2.787276e+001 -3.262333e+002
      vertex -2.636681e+001 -2.771550e+001 -3.261573e+002
    endloop
  endfacet
  facet normal  9.238708e-001  9.512532e-007  3.827048e-001
    outer loop
      vertex -2.629263e+001 -3.100000e+001 -3.263363e+002
      vertex -2.636681e+001 -2.771550e+001 -3.261573e+002
      vertex -2.638238e+001 -2.750000e+001 -3.261197e+002
    endloop
  endfacet
  facet normal  9.238924e-001  4.738689e-006  3.826526e-001
    outer loop
      vertex -2.629263e+001 -3.100000e+001 -3.263363e+002
      vertex -2.638238e+001 -2.750000e+001 -3.261197e+002
      vertex -2.665562e+001 -2.390607e+001 -3.254600e+002
    endloop
  endfacet
  facet normal  9.238796e-001  2.579654e-007  3.826835e-001
    outer loop
      vertex -2.629263e+001 -3.100000e+001 -3.263363e+002
      vertex -2.665562e+001 -2.390607e+001 -3.254600e+002
      vertex -2.988238e+001 -3.100000e+001 -3.176699e+002
    endloop
  endfacet
  facet normal  9.238762e-001 -3.650576e-006  3.826916e-001
    outer loop
      vertex -2.665562e+001 -2.390607e+001 -3.254600e+002
      vertex -2.638238e+001 -2.750000e+001 -3.261197e+002
      vertex -2.636681e+001 -2.728450e+001 -3.261573e+002
    endloop
  endfacet
  facet normal  9.238626e-001 -1.158390e-005  3.827244e-001
    outer loop
      vertex -2.665562e+001 -2.390607e+001 -3.254600e+002
      vertex -2.636681e+001 -2.728450e+001 -3.261573e+002
      vertex -2.633532e+001 -2.712724e+001 -3.262333e+002
    endloop
  endfacet
  facet normal  9.238740e-001 -3.810949e-006  3.826967e-001
    outer loop
      vertex -2.665562e+001 -2.390607e+001 -3.254600e+002
      vertex -2.633532e+001 -2.712724e+001 -3.262333e+002
      vertex -2.629263e+001 -2.698894e+001 -3.263363e+002
    endloop
  endfacet
  facet normal  9.238787e-001  -0.000000e+000  3.826853e-001
    outer loop
      vertex -2.665562e+001 -2.390607e+001 -3.254600e+002
      vertex -2.629263e+001 -2.698894e+001 -3.263363e+002
      vertex -2.629263e+001 -2.390607e+001 -3.263363e+002
    endloop
  endfacet
  facet normal  9.238796e-001  -0.000000e+000  3.826833e-001
    outer loop
      vertex -2.988238e+001  3.100000e+001 -3.176699e+002
      vertex -2.988238e+001 -3.100000e+001 -3.176699e+002
      vertex -2.665562e+001 -2.390607e+001 -3.254600e+002
    endloop
  endfacet
  facet normal  9.238796e-001  -0.000000e+000  3.826833e-001
    outer loop
      vertex -2.988238e+001  3.100000e+001 -3.176699e+002
      vertex -2.665562e+001 -2.390607e+001 -3.254600e+002
      vertex -2.665562e+001  2.302475e+001 -3.254600e+002
    endloop
  endfacet
  facet normal  9.238787e-001 -2.269182e-006  3.826853e-001
    outer loop
      vertex -2.988238e+001  3.100000e+001 -3.176699e+002
      vertex -2.665562e+001  2.302475e+001 -3.254600e+002
      vertex -2.629263e+001  2.302475e+001 -3.263363e+002
    endloop
  endfacet
  facet normal  9.238795e-001  -0.000000e+000  3.826835e-001
    outer loop
      vertex -2.988238e+001  3.100000e+001 -3.176699e+002
      vertex -2.629263e+001  2.302475e+001 -3.263363e+002
      vertex -2.629263e+001  2.698894e+001 -3.263363e+002
    endloop
  endfacet
  facet normal  9.238833e-001  2.345990e-005  3.826743e-001
    outer loop
      vertex -2.988238e+001  3.100000e+001 -3.176699e+002
      vertex -2.629263e+001  2.698894e+001 -3.263363e+002
      vertex -2.633532e+001  2.712724e+001 -3.262333e+002
    endloop
  endfacet
  facet normal  9.238867e-001  4.461184e-005  3.826661e-001
    outer loop
      vertex -2.988238e+001  3.100000e+001 -3.176699e+002
      vertex -2.633532e+001  2.712724e+001 -3.262333e+002
      vertex -2.636681e+001  2.728450e+001 -3.261573e+002
    endloop
  endfacet
  facet normal  9.238807e-001  5.899729e-006  3.826806e-001
    outer loop
      vertex -2.988238e+001  3.100000e+001 -3.176699e+002
      vertex -2.636681e+001  2.728450e+001 -3.261573e+002
      vertex -2.638238e+001  2.750000e+001 -3.261197e+002
    endloop
  endfacet
  facet normal  9.238792e-001 -5.105086e-006  3.826845e-001
    outer loop
      vertex -2.988238e+001  3.100000e+001 -3.176699e+002
      vertex -2.638238e+001  2.750000e+001 -3.261197e+002
      vertex -2.636681e+001  2.771550e+001 -3.261573e+002
    endloop
  endfacet
  facet normal  9.238757e-001 -2.962861e-005  3.826925e-001
    outer loop
      vertex -2.988238e+001  3.100000e+001 -3.176699e+002
      vertex -2.636681e+001  2.771550e+001 -3.261573e+002
      vertex -2.633532e+001  2.787276e+001 -3.262333e+002
    endloop
  endfacet
  facet normal  9.238781e-001 -1.222639e-005  3.826872e-001
    outer loop
      vertex -2.988238e+001  3.100000e+001 -3.176699e+002
      vertex -2.633532e+001  2.787276e+001 -3.262333e+002
      vertex -2.629263e+001  2.801106e+001 -3.263363e+002
    endloop
  endfacet
  facet normal  9.238795e-001  -0.000000e+000  3.826835e-001
    outer loop
      vertex -2.988238e+001  3.100000e+001 -3.176699e+002
      vertex -2.629263e+001  2.801106e+001 -3.263363e+002
      vertex -2.629263e+001  3.100000e+001 -3.263363e+002
    endloop
  endfacet
  facet normal  7.071143e-001  0.000000e+000  7.070993e-001
    outer loop
      vertex -2.552751e+001 -3.100000e+001 -3.271015e+002
      vertex -2.552751e+001 -2.885418e+001 -3.271015e+002
      vertex -2.579695e+001 -2.868893e+001 -3.268320e+002
    endloop
  endfacet
  facet normal  7.071027e-001 -2.703242e-006  7.071109e-001
    outer loop
      vertex -2.552751e+001 -3.100000e+001 -3.271015e+002
      vertex -2.579695e+001 -2.868893e+001 -3.268320e+002
      vertex -2.603929e+001 -2.845475e+001 -3.265897e+002
    endloop
  endfacet
  facet normal  7.071058e-001 -1.498234e-006  7.071079e-001
    outer loop
      vertex -2.552751e+001 -3.100000e+001 -3.271015e+002
      vertex -2.603929e+001 -2.845475e+001 -3.265897e+002
      vertex -2.618126e+001 -2.825027e+001 -3.264477e+002
    endloop
  endfacet
  facet normal  7.072160e-001  5.093133e-005  7.069976e-001
    outer loop
      vertex -2.552751e+001 -3.100000e+001 -3.271015e+002
      vertex -2.618126e+001 -2.825027e+001 -3.264477e+002
      vertex -2.629263e+001 -2.801106e+001 -3.263363e+002
    endloop
  endfacet
  facet normal  7.071165e-001  0.000000e+000  7.070971e-001
    outer loop
      vertex -2.552751e+001 -3.100000e+001 -3.271015e+002
      vertex -2.629263e+001 -2.801106e+001 -3.263363e+002
      vertex -2.629263e+001 -3.100000e+001 -3.263363e+002
    endloop
  endfacet
  facet normal -9.199188e-001  0.000000e+000  3.921087e-001
    outer loop
      vertex -2.595462e-002  3.100000e+001 -3.271015e+002
      vertex -2.595462e-002 -3.100000e+001 -3.271015e+002
      vertex  5.109250e+000  3.100000e+001 -3.150539e+002
    endloop
  endfacet
  facet normal -9.199158e-001 -2.992387e-005  3.921159e-001
    outer loop
      vertex  5.957367e+000  3.150000e+001 -3.130641e+002
      vertex  5.555128e+000  3.150000e+001 -3.140078e+002
      vertex  5.109250e+000  3.100000e+001 -3.150539e+002
    endloop
  endfacet
  facet normal -9.199186e-001 -2.018671e-007  3.921096e-001
    outer loop
      vertex  5.957367e+000  3.150000e+001 -3.130641e+002
      vertex  5.109250e+000  3.100000e+001 -3.150539e+002
      vertex -2.595462e-002 -3.100000e+001 -3.271015e+002
    endloop
  endfacet
  facet normal -9.199189e-001  2.796276e-008  3.921087e-001
    outer loop
      vertex  5.957367e+000  3.150000e+001 -3.130641e+002
      vertex -2.595462e-002 -3.100000e+001 -3.271015e+002
      vertex  5.109250e+000 -3.100000e+001 -3.150539e+002
    endloop
  endfacet
  facet normal -9.199209e-001  2.123046e-007  3.921039e-001
    outer loop
      vertex  5.957367e+000  3.150000e+001 -3.130641e+002
      vertex  5.109250e+000 -3.100000e+001 -3.150539e+002
      vertex  5.555128e+000 -3.150000e+001 -3.140078e+002
    endloop
  endfacet
  facet normal -9.199159e-001  0.000000e+000  3.921159e-001
    outer loop
      vertex  5.957367e+000  3.150000e+001 -3.130641e+002
      vertex  5.555128e+000 -3.150000e+001 -3.140078e+002
      vertex  5.957367e+000 -3.150000e+001 -3.130641e+002
    endloop
  endfacet
  facet normal  0.000000e+000 -1.000000e+000  0.000000e+000
    outer loop
      vertex -2.386350e+001 -3.883383e+001 -3.064070e+002
      vertex  2.452537e+001 -3.883383e+001 -3.064070e+002
      vertex -2.386350e+001 -3.883383e+001 -2.942070e+002
    endloop
  endfacet
  facet normal  0.000000e+000 -1.000000e+000  0.000000e+000
    outer loop
      vertex -2.386350e+001 -3.883383e+001 -2.942070e+002
      vertex  2.452537e+001 -3.883383e+001 -3.064070e+002
      vertex  2.452537e+001 -3.883383e+001 -2.942070e+002
    endloop
  endfacet
  facet normal  9.254702e-001  0.000000e+000 -3.788203e-001
    outer loop
      vertex  2.655683e+000  3.100000e+001 -3.269956e+002
      vertex  6.332547e+000  3.100000e+001 -3.180129e+002
      vertex  2.655683e+000 -3.100000e+001 -3.269956e+002
    endloop
  endfacet
  facet normal  9.254702e-001  0.000000e+000 -3.788203e-001
    outer loop
      vertex  2.655683e+000 -3.100000e+001 -3.269956e+002
      vertex  6.332547e+000  3.100000e+001 -3.180129e+002
      vertex  6.332547e+000 -3.100000e+001 -3.180129e+002
    endloop
  endfacet
  facet normal  8.902131e-001  0.000000e+000 -4.555447e-001
    outer loop
      vertex  2.655683e+000  3.100000e+001 -3.269956e+002
      vertex  2.655683e+000 -3.100000e+001 -3.269956e+002
      vertex  2.271452e+000  3.100000e+001 -3.277464e+002
    endloop
  endfacet
  facet normal  8.902131e-001  0.000000e+000 -4.555447e-001
    outer loop
      vertex  2.271452e+000  3.100000e+001 -3.277464e+002
      vertex  2.655683e+000 -3.100000e+001 -3.269956e+002
      vertex  2.271452e+000 -3.100000e+001 -3.277464e+002
    endloop
  endfacet
  facet normal  8.009881e-001  0.000000e+000 -5.986803e-001
    outer loop
      vertex  2.271452e+000  3.100000e+001 -3.277464e+002
      vertex  2.271452e+000 -3.100000e+001 -3.277464e+002
      vertex  1.766469e+000  3.100000e+001 -3.284221e+002
    endloop
  endfacet
  facet normal  8.009881e-001  0.000000e+000 -5.986803e-001
    outer loop
      vertex  1.766469e+000  3.100000e+001 -3.284221e+002
      vertex  2.271452e+000 -3.100000e+001 -3.277464e+002
      vertex  1.766469e+000 -3.100000e+001 -3.284221e+002
    endloop
  endfacet
  facet normal  6.889488e-001  0.000000e+000 -7.248101e-001
    outer loop
      vertex  1.766469e+000  3.100000e+001 -3.284221e+002
      vertex  1.766469e+000 -3.100000e+001 -3.284221e+002
      vertex  1.155105e+000  3.100000e+001 -3.290032e+002
    endloop
  endfacet
  facet normal  6.889488e-001  0.000000e+000 -7.248101e-001
    outer loop
      vertex  1.155105e+000  3.100000e+001 -3.290032e+002
      vertex  1.766469e+000 -3.100000e+001 -3.284221e+002
      vertex  1.155105e+000 -3.100000e+001 -3.290032e+002
    endloop
  endfacet
  facet normal  5.572950e-001  0.000000e+000 -8.303146e-001
    outer loop
      vertex  1.155105e+000  3.100000e+001 -3.290032e+002
      vertex  1.155105e+000 -3.100000e+001 -3.290032e+002
      vertex  4.547581e-001  3.100000e+001 -3.294732e+002
    endloop
  endfacet
  facet normal  5.572950e-001  0.000000e+000 -8.303146e-001
    outer loop
      vertex  4.547581e-001  3.100000e+001 -3.294732e+002
      vertex  1.155105e+000 -3.100000e+001 -3.290032e+002
      vertex  4.547581e-001 -3.100000e+001 -3.294732e+002
    endloop
  endfacet
  facet normal  4.098157e-001  0.000000e+000 -9.121683e-001
    outer loop
      vertex  4.547581e-001  3.100000e+001 -3.294732e+002
      vertex  4.547581e-001 -3.100000e+001 -3.294732e+002
      vertex -3.146403e-001  3.100000e+001 -3.298189e+002
    endloop
  endfacet
  facet normal  4.098157e-001  0.000000e+000 -9.121683e-001
    outer loop
      vertex -3.146403e-001  3.100000e+001 -3.298189e+002
      vertex  4.547581e-001 -3.100000e+001 -3.294732e+002
      vertex -3.146403e-001 -3.100000e+001 -3.298189e+002
    endloop
  endfacet
  facet normal  2.506244e-001  0.000000e+000 -9.680843e-001
    outer loop
      vertex -3.146403e-001  3.100000e+001 -3.298189e+002
      vertex -3.146403e-001 -3.100000e+001 -3.298189e+002
      vertex -1.131195e+000  3.100000e+001 -3.300303e+002
    endloop
  endfacet
  facet normal  2.506244e-001  0.000000e+000 -9.680843e-001
    outer loop
      vertex -1.131195e+000  3.100000e+001 -3.300303e+002
      vertex -3.146403e-001 -3.100000e+001 -3.298189e+002
      vertex -1.131195e+000 -3.100000e+001 -3.300303e+002
    endloop
  endfacet
  facet normal  8.437301e-002  0.000000e+000 -9.964343e-001
    outer loop
      vertex -1.131195e+000  3.100000e+001 -3.300303e+002
      vertex -1.131195e+000 -3.100000e+001 -3.300303e+002
      vertex -1.971668e+000  3.100000e+001 -3.301015e+002
    endloop
  endfacet
  facet normal  8.437301e-002  0.000000e+000 -9.964343e-001
    outer loop
      vertex -1.971668e+000  3.100000e+001 -3.301015e+002
      vertex -1.131195e+000 -3.100000e+001 -3.300303e+002
      vertex -1.971668e+000 -3.100000e+001 -3.301015e+002
    endloop
  endfacet
  facet normal  8.910010e-001  4.539906e-001  3.146444e-003
    outer loop
      vertex  2.386179e+001 -2.832030e+001 -3.117830e+002
      vertex  2.390410e+001 -2.838168e+001 -3.149070e+002
      vertex  2.369104e+001 -2.796353e+001 -3.149070e+002
    endloop
  endfacet
  facet normal  7.391124e-001  6.735744e-001 -3.224974e-003
    outer loop
      vertex  2.390410e+001 -2.838168e+001 -3.149070e+002
      vertex  2.386179e+001 -2.832030e+001 -3.117830e+002
      vertex  2.418493e+001 -2.867476e+001 -3.117599e+002
    endloop
  endfacet
  facet normal  7.071061e-001  7.071021e-001  2.753532e-003
    outer loop
      vertex  2.418493e+001 -2.867476e+001 -3.117599e+002
      vertex  2.423595e+001 -2.871353e+001 -3.149070e+002
      vertex  2.390410e+001 -2.838168e+001 -3.149070e+002
    endloop
  endfacet
  facet normal  4.888510e-001  8.723628e-001 -2.820202e-003
    outer loop
      vertex  2.423595e+001 -2.871353e+001 -3.149070e+002
      vertex  2.418493e+001 -2.867476e+001 -3.117599e+002
      vertex  2.460308e+001 -2.890899e+001 -3.117300e+002
    endloop
  endfacet
  facet normal  4.539866e-001  8.910053e-001  2.355654e-003
    outer loop
      vertex  2.460308e+001 -2.890899e+001 -3.117300e+002
      vertex  2.465410e+001 -2.892658e+001 -3.149070e+002
      vertex  2.423595e+001 -2.871353e+001 -3.149070e+002
    endloop
  endfacet
  facet normal  1.887182e-001  9.820284e-001 -2.408638e-003
    outer loop
      vertex  2.465410e+001 -2.892658e+001 -3.149070e+002
      vertex  2.460308e+001 -2.890899e+001 -3.117300e+002
      vertex  2.507375e+001 -2.899935e+001 -3.116963e+002
    endloop
  endfacet
  facet normal  1.564358e-001  9.876862e-001  1.939023e-003
    outer loop
      vertex  2.507375e+001 -2.899935e+001 -3.116963e+002
      vertex  2.511762e+001 -2.900000e+001 -3.149070e+002
      vertex  2.465410e+001 -2.892658e+001 -3.149070e+002
    endloop
  endfacet
  facet normal -1.306532e-001  9.914262e-001 -1.985236e-003
    outer loop
      vertex  2.511762e+001 -2.900000e+001 -3.149070e+002
      vertex  2.507375e+001 -2.899935e+001 -3.116963e+002
      vertex  2.554887e+001 -2.893667e+001 -3.116623e+002
    endloop
  endfacet
  facet normal -1.564353e-001  9.876871e-001  1.514405e-003
    outer loop
      vertex  2.554887e+001 -2.893667e+001 -3.116623e+002
      vertex  2.558115e+001 -2.892658e+001 -3.149070e+002
      vertex  2.511762e+001 -2.900000e+001 -3.149070e+002
    endloop
  endfacet
  facet normal -4.366423e-001  8.996338e-001 -1.547205e-003
    outer loop
      vertex  2.558115e+001 -2.892658e+001 -3.149070e+002
      vertex  2.554887e+001 -2.893667e+001 -3.116623e+002
      vertex  2.597975e+001 -2.872749e+001 -3.116315e+002
    endloop
  endfacet
  facet normal -4.539893e-001  8.910064e-001  1.088209e-003
    outer loop
      vertex  2.597975e+001 -2.872749e+001 -3.116315e+002
      vertex  2.599930e+001 -2.871353e+001 -3.149070e+002
      vertex  2.558115e+001 -2.892658e+001 -3.149070e+002
    endloop
  endfacet
  facet normal -6.980696e-001  7.160291e-001 -1.114474e-003
    outer loop
      vertex  2.599930e+001 -2.871353e+001 -3.149070e+002
      vertex  2.597975e+001 -2.872749e+001 -3.116315e+002
      vertex  2.632294e+001 -2.839286e+001 -3.116069e+002
    endloop
  endfacet
  facet normal  9.073168e-001  4.204447e-001 -1.576473e-003
    outer loop
      vertex  2.386179e+001 -2.832030e+001 -3.117830e+002
      vertex  2.369104e+001 -2.796353e+001 -3.149070e+002
      vertex  2.367999e+001 -2.792801e+001 -3.117961e+002
    endloop
  endfacet
  facet normal  9.876867e-001  1.564352e-001  1.722837e-003
    outer loop
      vertex  2.367999e+001 -2.792801e+001 -3.117961e+002
      vertex  2.369104e+001 -2.796353e+001 -3.149070e+002
      vertex  2.361762e+001 -2.750000e+001 -3.149070e+002
    endloop
  endfacet
  facet normal  9.895508e-001  1.441847e-001  -0.000000e+000
    outer loop
      vertex  2.367999e+001 -2.792801e+001 -3.117961e+002
      vertex  2.361762e+001 -2.750000e+001 -3.149070e+002
      vertex  2.361762e+001 -2.750000e+001 -3.118005e+002
    endloop
  endfacet
  facet normal -7.071066e-001  7.071066e-001  6.387834e-004
    outer loop
      vertex  2.599930e+001 -2.871353e+001 -3.149070e+002
      vertex  2.632294e+001 -2.839286e+001 -3.116069e+002
      vertex  2.633115e+001 -2.838168e+001 -3.149070e+002
    endloop
  endfacet
  facet normal -8.878124e-001  4.602051e-001 -6.474866e-004
    outer loop
      vertex  2.633115e+001 -2.838168e+001 -3.149070e+002
      vertex  2.632294e+001 -2.839286e+001 -3.116069e+002
      vertex  2.654201e+001 -2.797022e+001 -3.115912e+002
    endloop
  endfacet
  facet normal -8.910053e-001  4.539928e-001  3.264672e-004
    outer loop
      vertex  2.633115e+001 -2.838168e+001 -3.149070e+002
      vertex  2.654201e+001 -2.797022e+001 -3.115912e+002
      vertex  2.654421e+001 -2.796353e+001 -3.149070e+002
    endloop
  endfacet
  facet normal -9.873167e-001  1.587630e-001 -3.336241e-004
    outer loop
      vertex  2.654421e+001 -2.796353e+001 -3.149070e+002
      vertex  2.654201e+001 -2.797022e+001 -3.115912e+002
      vertex  2.661762e+001 -2.750000e+001 -3.115858e+002
    endloop
  endfacet
  facet normal -9.876888e-001  1.564315e-001  0.000000e+000
    outer loop
      vertex  2.654421e+001 -2.796353e+001 -3.149070e+002
      vertex  2.661762e+001 -2.750000e+001 -3.115858e+002
      vertex  2.661762e+001 -2.750000e+001 -3.149070e+002
    endloop
  endfacet
  facet normal -8.910014e-001 -4.539908e-001  2.975308e-003
    outer loop
      vertex  2.637346e+001 -2.667970e+001 -3.116033e+002
      vertex  2.633115e+001 -2.661832e+001 -3.149070e+002
      vertex  2.654421e+001 -2.703647e+001 -3.149070e+002
    endloop
  endfacet
  facet normal -7.389090e-001 -6.737983e-001 -3.056332e-003
    outer loop
      vertex  2.633115e+001 -2.661832e+001 -3.149070e+002
      vertex  2.637346e+001 -2.667970e+001 -3.116033e+002
      vertex  2.605032e+001 -2.632524e+001 -3.116264e+002
    endloop
  endfacet
  facet normal -7.071043e-001 -7.071043e-001  2.641849e-003
    outer loop
      vertex  2.605032e+001 -2.632524e+001 -3.116264e+002
      vertex  2.599930e+001 -2.628647e+001 -3.149070e+002
      vertex  2.633115e+001 -2.661832e+001 -3.149070e+002
    endloop
  endfacet
  facet normal -4.885496e-001 -8.725319e-001 -2.711850e-003
    outer loop
      vertex  2.599930e+001 -2.628647e+001 -3.149070e+002
      vertex  2.605032e+001 -2.632524e+001 -3.116264e+002
      vertex  2.563217e+001 -2.609101e+001 -3.116564e+002
    endloop
  endfacet
  facet normal -4.539884e-001 -8.910046e-001  2.302342e-003
    outer loop
      vertex  2.563217e+001 -2.609101e+001 -3.116564e+002
      vertex  2.558115e+001 -2.607342e+001 -3.149070e+002
      vertex  2.599930e+001 -2.628647e+001 -3.149070e+002
    endloop
  endfacet
  facet normal -1.883893e-001 -9.820915e-001 -2.359600e-003
    outer loop
      vertex  2.558115e+001 -2.607342e+001 -3.149070e+002
      vertex  2.563217e+001 -2.609101e+001 -3.116564e+002
      vertex  2.516150e+001 -2.600065e+001 -3.116900e+002
    endloop
  endfacet
  facet normal -1.564352e-001 -9.876863e-001  1.935318e-003
    outer loop
      vertex  2.516150e+001 -2.600065e+001 -3.116900e+002
      vertex  2.511762e+001 -2.600000e+001 -3.149070e+002
      vertex  2.558115e+001 -2.607342e+001 -3.149070e+002
    endloop
  endfacet
  facet normal  1.309320e-001 -9.913894e-001 -1.985228e-003
    outer loop
      vertex  2.511762e+001 -2.600000e+001 -3.149070e+002
      vertex  2.516150e+001 -2.600065e+001 -3.116900e+002
      vertex  2.468638e+001 -2.606333e+001 -3.117240e+002
    endloop
  endfacet
  facet normal  1.564359e-001 -9.876869e-001  1.543851e-003
    outer loop
      vertex  2.468638e+001 -2.606333e+001 -3.117240e+002
      vertex  2.465410e+001 -2.607342e+001 -3.149070e+002
      vertex  2.511762e+001 -2.600000e+001 -3.149070e+002
    endloop
  endfacet
  facet normal  4.368248e-001 -8.995453e-001 -1.579071e-003
    outer loop
      vertex  2.465410e+001 -2.607342e+001 -3.149070e+002
      vertex  2.468638e+001 -2.606333e+001 -3.117240e+002
      vertex  2.425550e+001 -2.627251e+001 -3.117549e+002
    endloop
  endfacet
  facet normal  4.539876e-001 -8.910072e-001  1.130533e-003
    outer loop
      vertex  2.425550e+001 -2.627251e+001 -3.117549e+002
      vertex  2.423595e+001 -2.628647e+001 -3.149070e+002
      vertex  2.465410e+001 -2.607342e+001 -3.149070e+002
    endloop
  endfacet
  facet normal  6.981531e-001 -7.159477e-001 -1.159387e-003
    outer loop
      vertex  2.423595e+001 -2.628647e+001 -3.149070e+002
      vertex  2.425550e+001 -2.627251e+001 -3.117549e+002
      vertex  2.391231e+001 -2.660714e+001 -3.117794e+002
    endloop
  endfacet
  facet normal -9.072782e-001 -4.205283e-001 -1.479701e-003
    outer loop
      vertex  2.637346e+001 -2.667970e+001 -3.116033e+002
      vertex  2.654421e+001 -2.703647e+001 -3.149070e+002
      vertex  2.655526e+001 -2.707199e+001 -3.115903e+002
    endloop
  endfacet
  facet normal -9.876875e-001 -1.564313e-001  1.616006e-003
    outer loop
      vertex  2.655526e+001 -2.707199e+001 -3.115903e+002
      vertex  2.654421e+001 -2.703647e+001 -3.149070e+002
      vertex  2.661762e+001 -2.750000e+001 -3.149070e+002
    endloop
  endfacet
  facet normal -9.895514e-001 -1.441804e-001  0.000000e+000
    outer loop
      vertex  2.655526e+001 -2.707199e+001 -3.115903e+002
      vertex  2.661762e+001 -2.750000e+001 -3.149070e+002
      vertex  2.661762e+001 -2.750000e+001 -3.115858e+002
    endloop
  endfacet
  facet normal  7.071087e-001 -7.071045e-001  6.739997e-004
    outer loop
      vertex  2.423595e+001 -2.628647e+001 -3.149070e+002
      vertex  2.391231e+001 -2.660714e+001 -3.117794e+002
      vertex  2.390410e+001 -2.661832e+001 -3.149070e+002
    endloop
  endfacet
  facet normal  8.878325e-001 -4.601662e-001 -6.833876e-004
    outer loop
      vertex  2.390410e+001 -2.661832e+001 -3.149070e+002
      vertex  2.391231e+001 -2.660714e+001 -3.117794e+002
      vertex  2.369324e+001 -2.702978e+001 -3.117951e+002
    endloop
  endfacet
  facet normal  8.910053e-001 -4.539928e-001  3.478539e-004
    outer loop
      vertex  2.390410e+001 -2.661832e+001 -3.149070e+002
      vertex  2.369324e+001 -2.702978e+001 -3.117951e+002
      vertex  2.369104e+001 -2.703647e+001 -3.149070e+002
    endloop
  endfacet
  facet normal  9.873173e-001 -1.587592e-001 -3.554882e-004
    outer loop
      vertex  2.369104e+001 -2.703647e+001 -3.149070e+002
      vertex  2.369324e+001 -2.702978e+001 -3.117951e+002
      vertex  2.361762e+001 -2.750000e+001 -3.118005e+002
    endloop
  endfacet
  facet normal  9.876881e-001 -1.564355e-001  0.000000e+000
    outer loop
      vertex  2.369104e+001 -2.703647e+001 -3.149070e+002
      vertex  2.361762e+001 -2.750000e+001 -3.118005e+002
      vertex  2.361762e+001 -2.750000e+001 -3.149070e+002
    endloop
  endfacet
  facet normal  8.910010e-001  4.539906e-001  3.146444e-003
    outer loop
      vertex  2.386179e+001  2.667970e+001 -3.117830e+002
      vertex  2.390410e+001  2.661832e+001 -3.149070e+002
      vertex  2.369104e+001  2.703647e+001 -3.149070e+002
    endloop
  endfacet
  facet normal  7.391124e-001  6.735744e-001 -3.224974e-003
    outer loop
      vertex  2.390410e+001  2.661832e+001 -3.149070e+002
      vertex  2.386179e+001  2.667970e+001 -3.117830e+002
      vertex  2.418493e+001  2.632524e+001 -3.117599e+002
    endloop
  endfacet
  facet normal  7.071061e-001  7.071021e-001  2.753532e-003
    outer loop
      vertex  2.418493e+001  2.632524e+001 -3.117599e+002
      vertex  2.423595e+001  2.628647e+001 -3.149070e+002
      vertex  2.390410e+001  2.661832e+001 -3.149070e+002
    endloop
  endfacet
  facet normal  4.888510e-001  8.723628e-001 -2.820202e-003
    outer loop
      vertex  2.423595e+001  2.628647e+001 -3.149070e+002
      vertex  2.418493e+001  2.632524e+001 -3.117599e+002
      vertex  2.460308e+001  2.609101e+001 -3.117300e+002
    endloop
  endfacet
  facet normal  4.539866e-001  8.910053e-001  2.355654e-003
    outer loop
      vertex  2.460308e+001  2.609101e+001 -3.117300e+002
      vertex  2.465410e+001  2.607342e+001 -3.149070e+002
      vertex  2.423595e+001  2.628647e+001 -3.149070e+002
    endloop
  endfacet
  facet normal  1.887182e-001  9.820284e-001 -2.408638e-003
    outer loop
      vertex  2.465410e+001  2.607342e+001 -3.149070e+002
      vertex  2.460308e+001  2.609101e+001 -3.117300e+002
      vertex  2.507375e+001  2.600065e+001 -3.116963e+002
    endloop
  endfacet
  facet normal  1.564358e-001  9.876862e-001  1.939023e-003
    outer loop
      vertex  2.507375e+001  2.600065e+001 -3.116963e+002
      vertex  2.511762e+001  2.600000e+001 -3.149070e+002
      vertex  2.465410e+001  2.607342e+001 -3.149070e+002
    endloop
  endfacet
  facet normal -1.306532e-001  9.914262e-001 -1.985236e-003
    outer loop
      vertex  2.511762e+001  2.600000e+001 -3.149070e+002
      vertex  2.507375e+001  2.600065e+001 -3.116963e+002
      vertex  2.554887e+001  2.606333e+001 -3.116623e+002
    endloop
  endfacet
  facet normal -1.564353e-001  9.876871e-001  1.514405e-003
    outer loop
      vertex  2.554887e+001  2.606333e+001 -3.116623e+002
      vertex  2.558115e+001  2.607342e+001 -3.149070e+002
      vertex  2.511762e+001  2.600000e+001 -3.149070e+002
    endloop
  endfacet
  facet normal -4.366423e-001  8.996338e-001 -1.547205e-003
    outer loop
      vertex  2.558115e+001  2.607342e+001 -3.149070e+002
      vertex  2.554887e+001  2.606333e+001 -3.116623e+002
      vertex  2.597975e+001  2.627251e+001 -3.116315e+002
    endloop
  endfacet
  facet normal -4.539893e-001  8.910064e-001  1.088209e-003
    outer loop
      vertex  2.597975e+001  2.627251e+001 -3.116315e+002
      vertex  2.599930e+001  2.628647e+001 -3.149070e+002
      vertex  2.558115e+001  2.607342e+001 -3.149070e+002
    endloop
  endfacet
  facet normal -6.980696e-001  7.160291e-001 -1.114474e-003
    outer loop
      vertex  2.599930e+001  2.628647e+001 -3.149070e+002
      vertex  2.597975e+001  2.627251e+001 -3.116315e+002
      vertex  2.632294e+001  2.660714e+001 -3.116069e+002
    endloop
  endfacet
  facet normal  9.073168e-001  4.204447e-001 -1.576473e-003
    outer loop
      vertex  2.386179e+001  2.667970e+001 -3.117830e+002
      vertex  2.369104e+001  2.703647e+001 -3.149070e+002
      vertex  2.367999e+001  2.707199e+001 -3.117961e+002
    endloop
  endfacet
  facet normal  9.876867e-001  1.564352e-001  1.722837e-003
    outer loop
      vertex  2.367999e+001  2.707199e+001 -3.117961e+002
      vertex  2.369104e+001  2.703647e+001 -3.149070e+002
      vertex  2.361762e+001  2.750000e+001 -3.149070e+002
    endloop
  endfacet
  facet normal  9.895508e-001  1.441847e-001  -0.000000e+000
    outer loop
      vertex  2.367999e+001  2.707199e+001 -3.117961e+002
      vertex  2.361762e+001  2.750000e+001 -3.149070e+002
      vertex  2.361762e+001  2.750000e+001 -3.118005e+002
    endloop
  endfacet
  facet normal -7.071066e-001  7.071066e-001  6.387834e-004
    outer loop
      vertex  2.599930e+001  2.628647e+001 -3.149070e+002
      vertex  2.632294e+001  2.660714e+001 -3.116069e+002
      vertex  2.633115e+001  2.661832e+001 -3.149070e+002
    endloop
  endfacet
  facet normal -8.878124e-001  4.602051e-001 -6.474866e-004
    outer loop
      vertex  2.633115e+001  2.661832e+001 -3.149070e+002
      vertex  2.632294e+001  2.660714e+001 -3.116069e+002
      vertex  2.654201e+001  2.702978e+001 -3.115912e+002
    endloop
  endfacet
  facet normal -8.910053e-001  4.539928e-001  3.264672e-004
    outer loop
      vertex  2.633115e+001  2.661832e+001 -3.149070e+002
      vertex  2.654201e+001  2.702978e+001 -3.115912e+002
      vertex  2.654421e+001  2.703647e+001 -3.149070e+002
    endloop
  endfacet
  facet normal -9.873167e-001  1.587630e-001 -3.336241e-004
    outer loop
      vertex  2.654421e+001  2.703647e+001 -3.149070e+002
      vertex  2.654201e+001  2.702978e+001 -3.115912e+002
      vertex  2.661762e+001  2.750000e+001 -3.115858e+002
    endloop
  endfacet
  facet normal -9.876888e-001  1.564315e-001  0.000000e+000
    outer loop
      vertex  2.654421e+001  2.703647e+001 -3.149070e+002
      vertex  2.661762e+001  2.750000e+001 -3.115858e+002
      vertex  2.661762e+001  2.750000e+001 -3.149070e+002
    endloop
  endfacet
  facet normal -8.910014e-001 -4.539908e-001  2.975308e-003
    outer loop
      vertex  2.637346e+001  2.832030e+001 -3.116033e+002
      vertex  2.633115e+001  2.838168e+001 -3.149070e+002
      vertex  2.654421e+001  2.796353e+001 -3.149070e+002
    endloop
  endfacet
  facet normal -7.389090e-001 -6.737983e-001 -3.056332e-003
    outer loop
      vertex  2.633115e+001  2.838168e+001 -3.149070e+002
      vertex  2.637346e+001  2.832030e+001 -3.116033e+002
      vertex  2.605032e+001  2.867476e+001 -3.116264e+002
    endloop
  endfacet
  facet normal -7.071043e-001 -7.071043e-001  2.641849e-003
    outer loop
      vertex  2.605032e+001  2.867476e+001 -3.116264e+002
      vertex  2.599930e+001  2.871353e+001 -3.149070e+002
      vertex  2.633115e+001  2.838168e+001 -3.149070e+002
    endloop
  endfacet
  facet normal -4.885496e-001 -8.725319e-001 -2.711850e-003
    outer loop
      vertex  2.599930e+001  2.871353e+001 -3.149070e+002
      vertex  2.605032e+001  2.867476e+001 -3.116264e+002
      vertex  2.563217e+001  2.890899e+001 -3.116564e+002
    endloop
  endfacet
  facet normal -4.539884e-001 -8.910046e-001  2.302342e-003
    outer loop
      vertex  2.563217e+001  2.890899e+001 -3.116564e+002
      vertex  2.558115e+001  2.892658e+001 -3.149070e+002
      vertex  2.599930e+001  2.871353e+001 -3.149070e+002
    endloop
  endfacet
  facet normal -1.883893e-001 -9.820915e-001 -2.359600e-003
    outer loop
      vertex  2.558115e+001  2.892658e+001 -3.149070e+002
      vertex  2.563217e+001  2.890899e+001 -3.116564e+002
      vertex  2.516150e+001  2.899935e+001 -3.116900e+002
    endloop
  endfacet
  facet normal -1.564352e-001 -9.876863e-001  1.935318e-003
    outer loop
      vertex  2.516150e+001  2.899935e+001 -3.116900e+002
      vertex  2.511762e+001  2.900000e+001 -3.149070e+002
      vertex  2.558115e+001  2.892658e+001 -3.149070e+002
    endloop
  endfacet
  facet normal  1.309320e-001 -9.913894e-001 -1.985228e-003
    outer loop
      vertex  2.511762e+001  2.900000e+001 -3.149070e+002
      vertex  2.516150e+001  2.899935e+001 -3.116900e+002
      vertex  2.468638e+001  2.893667e+001 -3.117240e+002
    endloop
  endfacet
  facet normal  1.564359e-001 -9.876869e-001  1.543851e-003
    outer loop
      vertex  2.468638e+001  2.893667e+001 -3.117240e+002
      vertex  2.465410e+001  2.892658e+001 -3.149070e+002
      vertex  2.511762e+001  2.900000e+001 -3.149070e+002
    endloop
  endfacet
  facet normal  4.368248e-001 -8.995453e-001 -1.579071e-003
    outer loop
      vertex  2.465410e+001  2.892658e+001 -3.149070e+002
      vertex  2.468638e+001  2.893667e+001 -3.117240e+002
      vertex  2.425550e+001  2.872749e+001 -3.117549e+002
    endloop
  endfacet
  facet normal  4.539876e-001 -8.910072e-001  1.130533e-003
    outer loop
      vertex  2.425550e+001  2.872749e+001 -3.117549e+002
      vertex  2.423595e+001  2.871353e+001 -3.149070e+002
      vertex  2.465410e+001  2.892658e+001 -3.149070e+002
    endloop
  endfacet
  facet normal  6.981531e-001 -7.159477e-001 -1.159387e-003
    outer loop
      vertex  2.423595e+001  2.871353e+001 -3.149070e+002
      vertex  2.425550e+001  2.872749e+001 -3.117549e+002
      vertex  2.391231e+001  2.839286e+001 -3.117794e+002
    endloop
  endfacet
  facet normal -9.072782e-001 -4.205283e-001 -1.479701e-003
    outer loop
      vertex  2.637346e+001  2.832030e+001 -3.116033e+002
      vertex  2.654421e+001  2.796353e+001 -3.149070e+002
      vertex  2.655526e+001  2.792801e+001 -3.115903e+002
    endloop
  endfacet
  facet normal -9.876875e-001 -1.564313e-001  1.616006e-003
    outer loop
      vertex  2.655526e+001  2.792801e+001 -3.115903e+002
      vertex  2.654421e+001  2.796353e+001 -3.149070e+002
      vertex  2.661762e+001  2.750000e+001 -3.149070e+002
    endloop
  endfacet
  facet normal -9.895514e-001 -1.441804e-001  0.000000e+000
    outer loop
      vertex  2.655526e+001  2.792801e+001 -3.115903e+002
      vertex  2.661762e+001  2.750000e+001 -3.149070e+002
      vertex  2.661762e+001  2.750000e+001 -3.115858e+002
    endloop
  endfacet
  facet normal  7.071087e-001 -7.071045e-001  6.739997e-004
    outer loop
      vertex  2.423595e+001  2.871353e+001 -3.149070e+002
      vertex  2.391231e+001  2.839286e+001 -3.117794e+002
      vertex  2.390410e+001  2.838168e+001 -3.149070e+002
    endloop
  endfacet
  facet normal  8.878325e-001 -4.601662e-001 -6.833876e-004
    outer loop
      vertex  2.390410e+001  2.838168e+001 -3.149070e+002
      vertex  2.391231e+001  2.839286e+001 -3.117794e+002
      vertex  2.369324e+001  2.797022e+001 -3.117951e+002
    endloop
  endfacet
  facet normal  8.910053e-001 -4.539928e-001  3.478539e-004
    outer loop
      vertex  2.390410e+001  2.838168e+001 -3.149070e+002
      vertex  2.369324e+001  2.797022e+001 -3.117951e+002
      vertex  2.369104e+001  2.796353e+001 -3.149070e+002
    endloop
  endfacet
  facet normal  9.873173e-001 -1.587592e-001 -3.554882e-004
    outer loop
      vertex  2.369104e+001  2.796353e+001 -3.149070e+002
      vertex  2.369324e+001  2.797022e+001 -3.117951e+002
      vertex  2.361762e+001  2.750000e+001 -3.118005e+002
    endloop
  endfacet
  facet normal  9.876881e-001 -1.564355e-001  0.000000e+000
    outer loop
      vertex  2.369104e+001  2.796353e+001 -3.149070e+002
      vertex  2.361762e+001  2.750000e+001 -3.118005e+002
      vertex  2.361762e+001  2.750000e+001 -3.149070e+002
    endloop
  endfacet
  facet normal  0.000000e+000  1.000000e+000  0.000000e+000
    outer loop
      vertex  1.211763e+001 -3.010000e+001 -3.149070e+002
      vertex  1.211763e+001 -3.010000e+001 -3.126233e+002
      vertex  2.061762e+001 -3.010000e+001 -3.149070e+002
    endloop
  endfacet
  facet normal  0.000000e+000  9.999999e-001  -0.000000e+000
    outer loop
      vertex  2.061762e+001 -3.010000e+001 -3.149070e+002
      vertex  1.211763e+001 -3.010000e+001 -3.126233e+002
      vertex  2.061762e+001 -3.010000e+001 -3.120152e+002
    endloop
  endfacet
  facet normal  7.071143e-001  0.000000e+000  7.070993e-001
    outer loop
      vertex -2.552751e+001  2.302475e+001 -3.271015e+002
      vertex -2.552751e+001  2.614582e+001 -3.271015e+002
      vertex -2.579695e+001  2.631107e+001 -3.268320e+002
    endloop
  endfacet
  facet normal  7.071031e-001 -1.832001e-006  7.071104e-001
    outer loop
      vertex -2.552751e+001  2.302475e+001 -3.271015e+002
      vertex -2.579695e+001  2.631107e+001 -3.268320e+002
      vertex -2.603929e+001  2.654525e+001 -3.265897e+002
    endloop
  endfacet
  facet normal  7.071061e-001 -9.732769e-007  7.071075e-001
    outer loop
      vertex -2.552751e+001  2.302475e+001 -3.271015e+002
      vertex -2.603929e+001  2.654525e+001 -3.265897e+002
      vertex -2.618126e+001  2.674973e+001 -3.264477e+002
    endloop
  endfacet
  facet normal  7.071930e-001  2.953030e-005  7.070206e-001
    outer loop
      vertex -2.552751e+001  2.302475e+001 -3.271015e+002
      vertex -2.618126e+001  2.674973e+001 -3.264477e+002
      vertex -2.629263e+001  2.698894e+001 -3.263363e+002
    endloop
  endfacet
  facet normal  7.071165e-001  0.000000e+000  7.070971e-001
    outer loop
      vertex -2.552751e+001  2.302475e+001 -3.271015e+002
      vertex -2.629263e+001  2.698894e+001 -3.263363e+002
      vertex -2.629263e+001  2.302475e+001 -3.263363e+002
    endloop
  endfacet
  facet normal  7.071613e-001  -0.000000e+000  7.070523e-001
    outer loop
      vertex -2.629263e+001 -2.390607e+001 -3.263363e+002
      vertex -2.629263e+001 -2.698894e+001 -3.263363e+002
      vertex -2.618126e+001 -2.674973e+001 -3.264477e+002
    endloop
  endfacet
  facet normal  7.071097e-001 -4.039436e-006  7.071039e-001
    outer loop
      vertex -2.629263e+001 -2.390607e+001 -3.263363e+002
      vertex -2.618126e+001 -2.674973e+001 -3.264477e+002
      vertex -2.603929e+001 -2.654525e+001 -3.265897e+002
    endloop
  endfacet
  facet normal  7.071062e-001 -4.696138e-006  7.071072e-001
    outer loop
      vertex -2.629263e+001 -2.390607e+001 -3.263363e+002
      vertex -2.603929e+001 -2.654525e+001 -3.265897e+002
      vertex -2.579695e+001 -2.631107e+001 -3.268320e+002
    endloop
  endfacet
  facet normal  7.071147e-001 -1.227033e-006  7.070988e-001
    outer loop
      vertex -2.629263e+001 -2.390607e+001 -3.263363e+002
      vertex -2.579695e+001 -2.631107e+001 -3.268320e+002
      vertex -2.552751e+001 -2.614582e+001 -3.271015e+002
    endloop
  endfacet
  facet normal  7.071165e-001  -0.000000e+000  7.070971e-001
    outer loop
      vertex -2.629263e+001 -2.390607e+001 -3.263363e+002
      vertex -2.552751e+001 -2.614582e+001 -3.271015e+002
      vertex -2.552751e+001 -2.390607e+001 -3.271015e+002
    endloop
  endfacet
  facet normal  0.000000e+000 -1.000000e+000  0.000000e+000
    outer loop
      vertex -2.665562e+001  2.302475e+001 -3.301015e+002
      vertex -1.709488e+001  2.302475e+001 -3.301015e+002
      vertex -1.709488e+001  2.302475e+001 -3.271015e+002
    endloop
  endfacet
  facet normal  -0.000000e+000 -1.000000e+000  0.000000e+000
    outer loop
      vertex -2.665562e+001  2.302475e+001 -3.301015e+002
      vertex -1.709488e+001  2.302475e+001 -3.271015e+002
      vertex -2.552751e+001  2.302475e+001 -3.271015e+002
    endloop
  endfacet
  facet normal  -0.000000e+000 -9.999999e-001  0.000000e+000
    outer loop
      vertex -2.665562e+001  2.302475e+001 -3.301015e+002
      vertex -2.552751e+001  2.302475e+001 -3.271015e+002
      vertex -2.629263e+001  2.302475e+001 -3.263363e+002
    endloop
  endfacet
  facet normal  -0.000000e+000 -1.000000e+000  0.000000e+000
    outer loop
      vertex -2.665562e+001  2.302475e+001 -3.301015e+002
      vertex -2.629263e+001  2.302475e+001 -3.263363e+002
      vertex -2.665562e+001  2.302475e+001 -3.254600e+002
    endloop
  endfacet
  facet normal -1.000000e+000  0.000000e+000  0.000000e+000
    outer loop
      vertex -1.709488e+001 -2.390607e+001 -3.301015e+002
      vertex -1.709488e+001 -2.390607e+001 -3.271015e+002
      vertex -1.709488e+001  2.302475e+001 -3.301015e+002
    endloop
  endfacet
  facet normal -1.000000e+000  0.000000e+000  0.000000e+000
    outer loop
      vertex -1.709488e+001  2.302475e+001 -3.301015e+002
      vertex -1.709488e+001 -2.390607e+001 -3.271015e+002
      vertex -1.709488e+001  2.302475e+001 -3.271015e+002
    endloop
  endfacet
  facet normal  0.000000e+000  1.000000e+000  0.000000e+000
    outer loop
      vertex -2.665562e+001 -2.390607e+001 -3.301015e+002
      vertex -2.665562e+001 -2.390607e+001 -3.254600e+002
      vertex -2.629263e+001 -2.390607e+001 -3.263363e+002
    endloop
  endfacet
  facet normal  0.000000e+000  9.999999e-001  0.000000e+000
    outer loop
      vertex -2.665562e+001 -2.390607e+001 -3.301015e+002
      vertex -2.629263e+001 -2.390607e+001 -3.263363e+002
      vertex -2.552751e+001 -2.390607e+001 -3.271015e+002
    endloop
  endfacet
  facet normal  -0.000000e+000  1.000000e+000  0.000000e+000
    outer loop
      vertex -2.665562e+001 -2.390607e+001 -3.301015e+002
      vertex -2.552751e+001 -2.390607e+001 -3.271015e+002
      vertex -1.709488e+001 -2.390607e+001 -3.271015e+002
    endloop
  endfacet
  facet normal  0.000000e+000  1.000000e+000  0.000000e+000
    outer loop
      vertex -2.665562e+001 -2.390607e+001 -3.301015e+002
      vertex -1.709488e+001 -2.390607e+001 -3.271015e+002
      vertex -1.709488e+001 -2.390607e+001 -3.301015e+002
    endloop
  endfacet
  facet normal  9.999999e-001  0.000000e+000  0.000000e+000
    outer loop
      vertex -2.665562e+001 -2.390607e+001 -3.301015e+002
      vertex -2.665562e+001  2.302475e+001 -3.301015e+002
      vertex -2.665562e+001 -2.390607e+001 -3.254600e+002
    endloop
  endfacet
  facet normal  9.999999e-001  -0.000000e+000  0.000000e+000
    outer loop
      vertex -2.665562e+001 -2.390607e+001 -3.254600e+002
      vertex -2.665562e+001  2.302475e+001 -3.301015e+002
      vertex -2.665562e+001  2.302475e+001 -3.254600e+002
    endloop
  endfacet
  facet normal -8.910001e-001 -4.539902e-001  3.424014e-003
    outer loop
      vertex -2.362426e+001  2.831679e+001 -3.271015e+002
      vertex -2.366885e+001  2.838168e+001 -3.301015e+002
      vertex -2.345579e+001  2.796353e+001 -3.301015e+002
    endloop
  endfacet
  facet normal -7.519446e-001 -6.592190e-001 -3.081646e-003
    outer loop
      vertex -2.366885e+001  2.838168e+001 -3.301015e+002
      vertex -2.362426e+001  2.831679e+001 -3.271015e+002
      vertex -2.390798e+001  2.864042e+001 -3.271015e+002
    endloop
  endfacet
  facet normal -7.070992e-001 -7.070992e-001  4.622392e-003
    outer loop
      vertex -2.390798e+001  2.864042e+001 -3.271015e+002
      vertex -2.400070e+001  2.871353e+001 -3.301015e+002
      vertex -2.366885e+001  2.838168e+001 -3.301015e+002
    endloop
  endfacet
  facet normal -5.338054e-001 -8.455974e-001 -4.108882e-003
    outer loop
      vertex -2.400070e+001  2.871353e+001 -3.301015e+002
      vertex -2.390798e+001  2.864042e+001 -3.271015e+002
      vertex -2.427191e+001  2.887016e+001 -3.271015e+002
    endloop
  endfacet
  facet normal -4.539828e-001 -8.909936e-001  5.477423e-003
    outer loop
      vertex -2.427191e+001  2.887016e+001 -3.271015e+002
      vertex -2.441885e+001  2.892658e+001 -3.301015e+002
      vertex -2.400070e+001  2.871353e+001 -3.301015e+002
    endloop
  endfacet
  facet normal -2.717268e-001 -9.623625e-001 -4.792142e-003
    outer loop
      vertex -2.441885e+001  2.892658e+001 -3.301015e+002
      vertex -2.427191e+001  2.887016e+001 -3.271015e+002
      vertex -2.468609e+001  2.898710e+001 -3.271015e+002
    endloop
  endfacet
  facet normal -1.564327e-001 -9.876704e-001  5.988885e-003
    outer loop
      vertex -2.468609e+001  2.898710e+001 -3.271015e+002
      vertex -2.488238e+001  2.900000e+001 -3.301015e+002
      vertex -2.441885e+001  2.892658e+001 -3.301015e+002
    endloop
  endfacet
  facet normal  1.272346e-002 -9.999059e-001 -5.131227e-003
    outer loop
      vertex -2.488238e+001  2.900000e+001 -3.301015e+002
      vertex -2.468609e+001  2.898710e+001 -3.271015e+002
      vertex -2.511644e+001  2.898163e+001 -3.271015e+002
    endloop
  endfacet
  facet normal  1.564331e-001 -9.876693e-001  6.156051e-003
    outer loop
      vertex -2.511644e+001  2.898163e+001 -3.271015e+002
      vertex -2.534590e+001  2.892658e+001 -3.301015e+002
      vertex -2.488238e+001  2.900000e+001 -3.301015e+002
    endloop
  endfacet
  facet normal  5.219678e-001 -8.529644e-001 -1.165094e-003
    outer loop
      vertex -2.552751e+001  2.885418e+001 -3.271015e+002
      vertex -2.579695e+001  2.868893e+001 -3.268320e+002
      vertex -2.576405e+001  2.871353e+001 -3.301015e+002
    endloop
  endfacet
  facet normal  4.539798e-001 -8.909919e-001  5.978402e-003
    outer loop
      vertex -2.552751e+001  2.885418e+001 -3.271015e+002
      vertex -2.576405e+001  2.871353e+001 -3.301015e+002
      vertex -2.534590e+001  2.892658e+001 -3.301015e+002
    endloop
  endfacet
  facet normal  2.961279e-001 -9.551345e-001 -5.125749e-003
    outer loop
      vertex -2.552751e+001  2.885418e+001 -3.271015e+002
      vertex -2.534590e+001  2.892658e+001 -3.301015e+002
      vertex -2.511644e+001  2.898163e+001 -3.271015e+002
    endloop
  endfacet
  facet normal -9.081835e-001 -4.185688e-001 -1.712001e-003
    outer loop
      vertex -2.362426e+001  2.831679e+001 -3.271015e+002
      vertex -2.345579e+001  2.796353e+001 -3.301015e+002
      vertex -2.344412e+001  2.792593e+001 -3.271015e+002
    endloop
  endfacet
  facet normal -9.876871e-001 -1.564312e-001  1.882599e-003
    outer loop
      vertex -2.344412e+001  2.792593e+001 -3.271015e+002
      vertex -2.345579e+001  2.796353e+001 -3.301015e+002
      vertex -2.338238e+001  2.750000e+001 -3.301015e+002
    endloop
  endfacet
  facet normal -9.896566e-001 -1.434567e-001  0.000000e+000
    outer loop
      vertex -2.344412e+001  2.792593e+001 -3.271015e+002
      vertex -2.338238e+001  2.750000e+001 -3.301015e+002
      vertex -2.338238e+001  2.750000e+001 -3.271015e+002
    endloop
  endfacet
  facet normal  8.209881e-001 -5.709437e-001 -1.354293e-003
    outer loop
      vertex -2.618126e+001  2.825027e+001 -3.264477e+002
      vertex -2.609590e+001  2.838168e+001 -3.301015e+002
      vertex -2.603929e+001  2.845475e+001 -3.265897e+002
    endloop
  endfacet
  facet normal  7.071049e-001 -7.071009e-001  3.314643e-003
    outer loop
      vertex -2.603929e+001  2.845475e+001 -3.265897e+002
      vertex -2.609590e+001  2.838168e+001 -3.301015e+002
      vertex -2.576405e+001  2.871353e+001 -3.301015e+002
    endloop
  endfacet
  facet normal  6.957180e-001 -7.183132e-001  1.595973e-003
    outer loop
      vertex -2.603929e+001  2.845475e+001 -3.265897e+002
      vertex -2.576405e+001  2.871353e+001 -3.301015e+002
      vertex -2.579695e+001  2.868893e+001 -3.268320e+002
    endloop
  endfacet
  facet normal  9.554248e-001 -2.952340e-001 -4.165272e-004
    outer loop
      vertex -2.633532e+001  2.787276e+001 -3.262333e+002
      vertex -2.630896e+001  2.796353e+001 -3.301015e+002
      vertex -2.629263e+001  2.801106e+001 -3.263363e+002
    endloop
  endfacet
  facet normal  8.910038e-001 -4.539920e-001  1.867294e-003
    outer loop
      vertex -2.629263e+001  2.801106e+001 -3.263363e+002
      vertex -2.630896e+001  2.796353e+001 -3.301015e+002
      vertex -2.609590e+001  2.838168e+001 -3.301015e+002
    endloop
  endfacet
  facet normal  9.076266e-001 -4.197340e-001  6.107977e-003
    outer loop
      vertex -2.629263e+001  2.801106e+001 -3.263363e+002
      vertex -2.609590e+001  2.838168e+001 -3.301015e+002
      vertex -2.618126e+001  2.825027e+001 -3.264477e+002
    endloop
  endfacet
  facet normal  9.974027e-001 -7.202621e-002  0.000000e+000
    outer loop
      vertex -2.638238e+001  2.750000e+001 -3.261197e+002
      vertex -2.638238e+001  2.750000e+001 -3.301015e+002
      vertex -2.636681e+001  2.771550e+001 -3.261573e+002
    endloop
  endfacet
  facet normal  9.876775e-001 -1.564338e-001  4.650145e-003
    outer loop
      vertex -2.636681e+001  2.771550e+001 -3.261573e+002
      vertex -2.638238e+001  2.750000e+001 -3.301015e+002
      vertex -2.630896e+001  2.796353e+001 -3.301015e+002
    endloop
  endfacet
  facet normal  9.807240e-001 -1.953873e-001  2.098619e-003
    outer loop
      vertex -2.636681e+001  2.771550e+001 -3.261573e+002
      vertex -2.630896e+001  2.796353e+001 -3.301015e+002
      vertex -2.633532e+001  2.787276e+001 -3.262333e+002
    endloop
  endfacet
  facet normal  1.564331e-001  9.876693e-001  6.156050e-003
    outer loop
      vertex -2.511644e+001  2.601837e+001 -3.271015e+002
      vertex -2.488238e+001  2.600000e+001 -3.301015e+002
      vertex -2.534590e+001  2.607342e+001 -3.301015e+002
    endloop
  endfacet
  facet normal  1.272346e-002  9.999059e-001 -5.131227e-003
    outer loop
      vertex -2.468609e+001  2.601290e+001 -3.271015e+002
      vertex -2.488238e+001  2.600000e+001 -3.301015e+002
      vertex -2.511644e+001  2.601837e+001 -3.271015e+002
    endloop
  endfacet
  facet normal -1.564327e-001  9.876704e-001  5.988885e-003
    outer loop
      vertex -2.441885e+001  2.607342e+001 -3.301015e+002
      vertex -2.488238e+001  2.600000e+001 -3.301015e+002
      vertex -2.468609e+001  2.601290e+001 -3.271015e+002
    endloop
  endfacet
  facet normal -2.717268e-001  9.623625e-001 -4.792142e-003
    outer loop
      vertex -2.427191e+001  2.612984e+001 -3.271015e+002
      vertex -2.441885e+001  2.607342e+001 -3.301015e+002
      vertex -2.468609e+001  2.601290e+001 -3.271015e+002
    endloop
  endfacet
  facet normal -4.539828e-001  8.909936e-001  5.477423e-003
    outer loop
      vertex -2.400070e+001  2.628647e+001 -3.301015e+002
      vertex -2.441885e+001  2.607342e+001 -3.301015e+002
      vertex -2.427191e+001  2.612984e+001 -3.271015e+002
    endloop
  endfacet
  facet normal -5.338054e-001  8.455974e-001 -4.108882e-003
    outer loop
      vertex -2.390798e+001  2.635958e+001 -3.271015e+002
      vertex -2.400070e+001  2.628647e+001 -3.301015e+002
      vertex -2.427191e+001  2.612984e+001 -3.271015e+002
    endloop
  endfacet
  facet normal -7.070992e-001  7.070992e-001  4.622392e-003
    outer loop
      vertex -2.366885e+001  2.661832e+001 -3.301015e+002
      vertex -2.400070e+001  2.628647e+001 -3.301015e+002
      vertex -2.390798e+001  2.635958e+001 -3.271015e+002
    endloop
  endfacet
  facet normal -7.519446e-001  6.592190e-001 -3.081647e-003
    outer loop
      vertex -2.362426e+001  2.668321e+001 -3.271015e+002
      vertex -2.366885e+001  2.661832e+001 -3.301015e+002
      vertex -2.390798e+001  2.635958e+001 -3.271015e+002
    endloop
  endfacet
  facet normal -8.910001e-001  4.539902e-001  3.424014e-003
    outer loop
      vertex -2.345579e+001  2.703647e+001 -3.301015e+002
      vertex -2.366885e+001  2.661832e+001 -3.301015e+002
      vertex -2.362426e+001  2.668321e+001 -3.271015e+002
    endloop
  endfacet
  facet normal  2.961279e-001  9.551345e-001 -5.125749e-003
    outer loop
      vertex -2.552751e+001  2.614582e+001 -3.271015e+002
      vertex -2.511644e+001  2.601837e+001 -3.271015e+002
      vertex -2.534590e+001  2.607342e+001 -3.301015e+002
    endloop
  endfacet
  facet normal  4.539798e-001  8.909919e-001  5.978405e-003
    outer loop
      vertex -2.552751e+001  2.614582e+001 -3.271015e+002
      vertex -2.534590e+001  2.607342e+001 -3.301015e+002
      vertex -2.576405e+001  2.628647e+001 -3.301015e+002
    endloop
  endfacet
  facet normal  5.219678e-001  8.529644e-001 -1.165094e-003
    outer loop
      vertex -2.552751e+001  2.614582e+001 -3.271015e+002
      vertex -2.576405e+001  2.628647e+001 -3.301015e+002
      vertex -2.579695e+001  2.631107e+001 -3.268320e+002
    endloop
  endfacet
  facet normal  9.876882e-001  1.564355e-001  -0.000000e+000
    outer loop
      vertex -2.630896e+001  2.703647e+001 -3.301015e+002
      vertex -2.638238e+001  2.750000e+001 -3.301015e+002
      vertex -2.638238e+001  2.750000e+001 -3.261197e+002
    endloop
  endfacet
  facet normal  9.974771e-001  7.025113e-002  1.021335e-002
    outer loop
      vertex -2.630896e+001  2.703647e+001 -3.301015e+002
      vertex -2.638238e+001  2.750000e+001 -3.261197e+002
      vertex -2.636681e+001  2.728450e+001 -3.261573e+002
    endloop
  endfacet
  facet normal  9.807240e-001  1.953873e-001  2.098620e-003
    outer loop
      vertex -2.630896e+001  2.703647e+001 -3.301015e+002
      vertex -2.636681e+001  2.728450e+001 -3.261573e+002
      vertex -2.633532e+001  2.712724e+001 -3.262333e+002
    endloop
  endfacet
  facet normal  9.554248e-001  2.952340e-001 -4.165274e-004
    outer loop
      vertex -2.630896e+001  2.703647e+001 -3.301015e+002
      vertex -2.633532e+001  2.712724e+001 -3.262333e+002
      vertex -2.629263e+001  2.698894e+001 -3.263363e+002
    endloop
  endfacet
  facet normal  9.068047e-001  4.215487e-001  1.389146e-003
    outer loop
      vertex -2.630896e+001  2.703647e+001 -3.301015e+002
      vertex -2.629263e+001  2.698894e+001 -3.263363e+002
      vertex -2.618126e+001  2.674973e+001 -3.264477e+002
    endloop
  endfacet
  facet normal  8.909964e-001  4.539883e-001  4.487512e-003
    outer loop
      vertex -2.630896e+001  2.703647e+001 -3.301015e+002
      vertex -2.618126e+001  2.674973e+001 -3.264477e+002
      vertex -2.609590e+001  2.661832e+001 -3.301015e+002
    endloop
  endfacet
  facet normal  8.209882e-001  5.709437e-001 -1.354294e-003
    outer loop
      vertex -2.618126e+001  2.674973e+001 -3.264477e+002
      vertex -2.603929e+001  2.654525e+001 -3.265897e+002
      vertex -2.609590e+001  2.661832e+001 -3.301015e+002
    endloop
  endfacet
  facet normal  6.967962e-001  7.172596e-001  3.692204e-003
    outer loop
      vertex -2.609590e+001  2.661832e+001 -3.301015e+002
      vertex -2.603929e+001  2.654525e+001 -3.265897e+002
      vertex -2.579695e+001  2.631107e+001 -3.268320e+002
    endloop
  endfacet
  facet normal  7.071077e-001  7.071037e-001  1.794894e-003
    outer loop
      vertex -2.609590e+001  2.661832e+001 -3.301015e+002
      vertex -2.579695e+001  2.631107e+001 -3.268320e+002
      vertex -2.576405e+001  2.628647e+001 -3.301015e+002
    endloop
  endfacet
  facet normal -9.081835e-001  4.185688e-001 -1.712001e-003
    outer loop
      vertex -2.362426e+001  2.668321e+001 -3.271015e+002
      vertex -2.344412e+001  2.707407e+001 -3.271015e+002
      vertex -2.345579e+001  2.703647e+001 -3.301015e+002
    endloop
  endfacet
  facet normal -9.896545e-001  1.434564e-001  2.052862e-003
    outer loop
      vertex -2.345579e+001  2.703647e+001 -3.301015e+002
      vertex -2.344412e+001  2.707407e+001 -3.271015e+002
      vertex -2.338238e+001  2.750000e+001 -3.271015e+002
    endloop
  endfacet
  facet normal -9.876888e-001  1.564315e-001  0.000000e+000
    outer loop
      vertex -2.345579e+001  2.703647e+001 -3.301015e+002
      vertex -2.338238e+001  2.750000e+001 -3.271015e+002
      vertex -2.338238e+001  2.750000e+001 -3.301015e+002
    endloop
  endfacet
  facet normal -8.910001e-001 -4.539902e-001  3.424014e-003
    outer loop
      vertex -2.362426e+001 -2.668321e+001 -3.271015e+002
      vertex -2.366885e+001 -2.661832e+001 -3.301015e+002
      vertex -2.345579e+001 -2.703647e+001 -3.301015e+002
    endloop
  endfacet
  facet normal -7.519446e-001 -6.592190e-001 -3.081646e-003
    outer loop
      vertex -2.366885e+001 -2.661832e+001 -3.301015e+002
      vertex -2.362426e+001 -2.668321e+001 -3.271015e+002
      vertex -2.390798e+001 -2.635958e+001 -3.271015e+002
    endloop
  endfacet
  facet normal -7.070992e-001 -7.070992e-001  4.622392e-003
    outer loop
      vertex -2.390798e+001 -2.635958e+001 -3.271015e+002
      vertex -2.400070e+001 -2.628647e+001 -3.301015e+002
      vertex -2.366885e+001 -2.661832e+001 -3.301015e+002
    endloop
  endfacet
  facet normal -5.338054e-001 -8.455974e-001 -4.108882e-003
    outer loop
      vertex -2.400070e+001 -2.628647e+001 -3.301015e+002
      vertex -2.390798e+001 -2.635958e+001 -3.271015e+002
      vertex -2.427191e+001 -2.612984e+001 -3.271015e+002
    endloop
  endfacet
  facet normal -4.539828e-001 -8.909936e-001  5.477423e-003
    outer loop
      vertex -2.427191e+001 -2.612984e+001 -3.271015e+002
      vertex -2.441885e+001 -2.607342e+001 -3.301015e+002
      vertex -2.400070e+001 -2.628647e+001 -3.301015e+002
    endloop
  endfacet
  facet normal -2.717268e-001 -9.623625e-001 -4.792142e-003
    outer loop
      vertex -2.441885e+001 -2.607342e+001 -3.301015e+002
      vertex -2.427191e+001 -2.612984e+001 -3.271015e+002
      vertex -2.468609e+001 -2.601290e+001 -3.271015e+002
    endloop
  endfacet
  facet normal -1.564327e-001 -9.876704e-001  5.988885e-003
    outer loop
      vertex -2.468609e+001 -2.601290e+001 -3.271015e+002
      vertex -2.488238e+001 -2.600000e+001 -3.301015e+002
      vertex -2.441885e+001 -2.607342e+001 -3.301015e+002
    endloop
  endfacet
  facet normal  1.272346e-002 -9.999059e-001 -5.131227e-003
    outer loop
      vertex -2.488238e+001 -2.600000e+001 -3.301015e+002
      vertex -2.468609e+001 -2.601290e+001 -3.271015e+002
      vertex -2.511644e+001 -2.601837e+001 -3.271015e+002
    endloop
  endfacet
  facet normal  1.564331e-001 -9.876693e-001  6.156051e-003
    outer loop
      vertex -2.511644e+001 -2.601837e+001 -3.271015e+002
      vertex -2.534590e+001 -2.607342e+001 -3.301015e+002
      vertex -2.488238e+001 -2.600000e+001 -3.301015e+002
    endloop
  endfacet
  facet normal  5.219678e-001 -8.529644e-001 -1.165094e-003
    outer loop
      vertex -2.552751e+001 -2.614582e+001 -3.271015e+002
      vertex -2.579695e+001 -2.631107e+001 -3.268320e+002
      vertex -2.576405e+001 -2.628647e+001 -3.301015e+002
    endloop
  endfacet
  facet normal  4.539798e-001 -8.909919e-001  5.978402e-003
    outer loop
      vertex -2.552751e+001 -2.614582e+001 -3.271015e+002
      vertex -2.576405e+001 -2.628647e+001 -3.301015e+002
      vertex -2.534590e+001 -2.607342e+001 -3.301015e+002
    endloop
  endfacet
  facet normal  2.961279e-001 -9.551345e-001 -5.125749e-003
    outer loop
      vertex -2.552751e+001 -2.614582e+001 -3.271015e+002
      vertex -2.534590e+001 -2.607342e+001 -3.301015e+002
      vertex -2.511644e+001 -2.601837e+001 -3.271015e+002
    endloop
  endfacet
  facet normal -9.081835e-001 -4.185688e-001 -1.712001e-003
    outer loop
      vertex -2.362426e+001 -2.668321e+001 -3.271015e+002
      vertex -2.345579e+001 -2.703647e+001 -3.301015e+002
      vertex -2.344412e+001 -2.707407e+001 -3.271015e+002
    endloop
  endfacet
  facet normal -9.876871e-001 -1.564312e-001  1.882599e-003
    outer loop
      vertex -2.344412e+001 -2.707407e+001 -3.271015e+002
      vertex -2.345579e+001 -2.703647e+001 -3.301015e+002
      vertex -2.338238e+001 -2.750000e+001 -3.301015e+002
    endloop
  endfacet
  facet normal -9.896566e-001 -1.434567e-001  0.000000e+000
    outer loop
      vertex -2.344412e+001 -2.707407e+001 -3.271015e+002
      vertex -2.338238e+001 -2.750000e+001 -3.301015e+002
      vertex -2.338238e+001 -2.750000e+001 -3.271015e+002
    endloop
  endfacet
  facet normal  8.209881e-001 -5.709437e-001 -1.354293e-003
    outer loop
      vertex -2.618126e+001 -2.674973e+001 -3.264477e+002
      vertex -2.609590e+001 -2.661832e+001 -3.301015e+002
      vertex -2.603929e+001 -2.654525e+001 -3.265897e+002
    endloop
  endfacet
  facet normal  7.071049e-001 -7.071009e-001  3.314643e-003
    outer loop
      vertex -2.603929e+001 -2.654525e+001 -3.265897e+002
      vertex -2.609590e+001 -2.661832e+001 -3.301015e+002
      vertex -2.576405e+001 -2.628647e+001 -3.301015e+002
    endloop
  endfacet
  facet normal  6.957180e-001 -7.183132e-001  1.595973e-003
    outer loop
      vertex -2.603929e+001 -2.654525e+001 -3.265897e+002
      vertex -2.576405e+001 -2.628647e+001 -3.301015e+002
      vertex -2.579695e+001 -2.631107e+001 -3.268320e+002
    endloop
  endfacet
  facet normal  9.554248e-001 -2.952340e-001 -4.165272e-004
    outer loop
      vertex -2.633532e+001 -2.712724e+001 -3.262333e+002
      vertex -2.630896e+001 -2.703647e+001 -3.301015e+002
      vertex -2.629263e+001 -2.698894e+001 -3.263363e+002
    endloop
  endfacet
  facet normal  8.910038e-001 -4.539920e-001  1.867294e-003
    outer loop
      vertex -2.629263e+001 -2.698894e+001 -3.263363e+002
      vertex -2.630896e+001 -2.703647e+001 -3.301015e+002
      vertex -2.609590e+001 -2.661832e+001 -3.301015e+002
    endloop
  endfacet
  facet normal  9.076266e-001 -4.197340e-001  6.107977e-003
    outer loop
      vertex -2.629263e+001 -2.698894e+001 -3.263363e+002
      vertex -2.609590e+001 -2.661832e+001 -3.301015e+002
      vertex -2.618126e+001 -2.674973e+001 -3.264477e+002
    endloop
  endfacet
  facet normal  9.974027e-001 -7.202621e-002  0.000000e+000
    outer loop
      vertex -2.638238e+001 -2.750000e+001 -3.261197e+002
      vertex -2.638238e+001 -2.750000e+001 -3.301015e+002
      vertex -2.636681e+001 -2.728450e+001 -3.261573e+002
    endloop
  endfacet
  facet normal  9.876775e-001 -1.564338e-001  4.650145e-003
    outer loop
      vertex -2.636681e+001 -2.728450e+001 -3.261573e+002
      vertex -2.638238e+001 -2.750000e+001 -3.301015e+002
      vertex -2.630896e+001 -2.703647e+001 -3.301015e+002
    endloop
  endfacet
  facet normal  9.807240e-001 -1.953873e-001  2.098619e-003
    outer loop
      vertex -2.636681e+001 -2.728450e+001 -3.261573e+002
      vertex -2.630896e+001 -2.703647e+001 -3.301015e+002
      vertex -2.633532e+001 -2.712724e+001 -3.262333e+002
    endloop
  endfacet
  facet normal  1.564331e-001  9.876693e-001  6.156050e-003
    outer loop
      vertex -2.511644e+001 -2.898163e+001 -3.271015e+002
      vertex -2.488238e+001 -2.900000e+001 -3.301015e+002
      vertex -2.534590e+001 -2.892658e+001 -3.301015e+002
    endloop
  endfacet
  facet normal  1.272346e-002  9.999059e-001 -5.131227e-003
    outer loop
      vertex -2.468609e+001 -2.898710e+001 -3.271015e+002
      vertex -2.488238e+001 -2.900000e+001 -3.301015e+002
      vertex -2.511644e+001 -2.898163e+001 -3.271015e+002
    endloop
  endfacet
  facet normal -1.564327e-001  9.876704e-001  5.988885e-003
    outer loop
      vertex -2.441885e+001 -2.892658e+001 -3.301015e+002
      vertex -2.488238e+001 -2.900000e+001 -3.301015e+002
      vertex -2.468609e+001 -2.898710e+001 -3.271015e+002
    endloop
  endfacet
  facet normal -2.717268e-001  9.623625e-001 -4.792142e-003
    outer loop
      vertex -2.427191e+001 -2.887016e+001 -3.271015e+002
      vertex -2.441885e+001 -2.892658e+001 -3.301015e+002
      vertex -2.468609e+001 -2.898710e+001 -3.271015e+002
    endloop
  endfacet
  facet normal -4.539828e-001  8.909936e-001  5.477423e-003
    outer loop
      vertex -2.400070e+001 -2.871353e+001 -3.301015e+002
      vertex -2.441885e+001 -2.892658e+001 -3.301015e+002
      vertex -2.427191e+001 -2.887016e+001 -3.271015e+002
    endloop
  endfacet
  facet normal -5.338054e-001  8.455974e-001 -4.108882e-003
    outer loop
      vertex -2.390798e+001 -2.864042e+001 -3.271015e+002
      vertex -2.400070e+001 -2.871353e+001 -3.301015e+002
      vertex -2.427191e+001 -2.887016e+001 -3.271015e+002
    endloop
  endfacet
  facet normal -7.070992e-001  7.070992e-001  4.622392e-003
    outer loop
      vertex -2.366885e+001 -2.838168e+001 -3.301015e+002
      vertex -2.400070e+001 -2.871353e+001 -3.301015e+002
      vertex -2.390798e+001 -2.864042e+001 -3.271015e+002
    endloop
  endfacet
  facet normal -7.519446e-001  6.592190e-001 -3.081647e-003
    outer loop
      vertex -2.362426e+001 -2.831679e+001 -3.271015e+002
      vertex -2.366885e+001 -2.838168e+001 -3.301015e+002
      vertex -2.390798e+001 -2.864042e+001 -3.271015e+002
    endloop
  endfacet
  facet normal -8.910001e-001  4.539902e-001  3.424014e-003
    outer loop
      vertex -2.345579e+001 -2.796353e+001 -3.301015e+002
      vertex -2.366885e+001 -2.838168e+001 -3.301015e+002
      vertex -2.362426e+001 -2.831679e+001 -3.271015e+002
    endloop
  endfacet
  facet normal  2.961279e-001  9.551345e-001 -5.125749e-003
    outer loop
      vertex -2.552751e+001 -2.885418e+001 -3.271015e+002
      vertex -2.511644e+001 -2.898163e+001 -3.271015e+002
      vertex -2.534590e+001 -2.892658e+001 -3.301015e+002
    endloop
  endfacet
  facet normal  4.539798e-001  8.909919e-001  5.978405e-003
    outer loop
      vertex -2.552751e+001 -2.885418e+001 -3.271015e+002
      vertex -2.534590e+001 -2.892658e+001 -3.301015e+002
      vertex -2.576405e+001 -2.871353e+001 -3.301015e+002
    endloop
  endfacet
  facet normal  5.219678e-001  8.529644e-001 -1.165094e-003
    outer loop
      vertex -2.552751e+001 -2.885418e+001 -3.271015e+002
      vertex -2.576405e+001 -2.871353e+001 -3.301015e+002
      vertex -2.579695e+001 -2.868893e+001 -3.268320e+002
    endloop
  endfacet
  facet normal  9.876882e-001  1.564355e-001  -0.000000e+000
    outer loop
      vertex -2.630896e+001 -2.796353e+001 -3.301015e+002
      vertex -2.638238e+001 -2.750000e+001 -3.301015e+002
      vertex -2.638238e+001 -2.750000e+001 -3.261197e+002
    endloop
  endfacet
  facet normal  9.974771e-001  7.025113e-002  1.021335e-002
    outer loop
      vertex -2.630896e+001 -2.796353e+001 -3.301015e+002
      vertex -2.638238e+001 -2.750000e+001 -3.261197e+002
      vertex -2.636681e+001 -2.771550e+001 -3.261573e+002
    endloop
  endfacet
  facet normal  9.807240e-001  1.953873e-001  2.098620e-003
    outer loop
      vertex -2.630896e+001 -2.796353e+001 -3.301015e+002
      vertex -2.636681e+001 -2.771550e+001 -3.261573e+002
      vertex -2.633532e+001 -2.787276e+001 -3.262333e+002
    endloop
  endfacet
  facet normal  9.554248e-001  2.952340e-001 -4.165274e-004
    outer loop
      vertex -2.630896e+001 -2.796353e+001 -3.301015e+002
      vertex -2.633532e+001 -2.787276e+001 -3.262333e+002
      vertex -2.629263e+001 -2.801106e+001 -3.263363e+002
    endloop
  endfacet
  facet normal  9.068047e-001  4.215487e-001  1.389146e-003
    outer loop
      vertex -2.630896e+001 -2.796353e+001 -3.301015e+002
      vertex -2.629263e+001 -2.801106e+001 -3.263363e+002
      vertex -2.618126e+001 -2.825027e+001 -3.264477e+002
    endloop
  endfacet
  facet normal  8.909964e-001  4.539883e-001  4.487512e-003
    outer loop
      vertex -2.630896e+001 -2.796353e+001 -3.301015e+002
      vertex -2.618126e+001 -2.825027e+001 -3.264477e+002
      vertex -2.609590e+001 -2.838168e+001 -3.301015e+002
    endloop
  endfacet
  facet normal  8.209882e-001  5.709437e-001 -1.354294e-003
    outer loop
      vertex -2.618126e+001 -2.825027e+001 -3.264477e+002
      vertex -2.603929e+001 -2.845475e+001 -3.265897e+002
      vertex -2.609590e+001 -2.838168e+001 -3.301015e+002
    endloop
  endfacet
  facet normal  6.967962e-001  7.172596e-001  3.692204e-003
    outer loop
      vertex -2.609590e+001 -2.838168e+001 -3.301015e+002
      vertex -2.603929e+001 -2.845475e+001 -3.265897e+002
      vertex -2.579695e+001 -2.868893e+001 -3.268320e+002
    endloop
  endfacet
  facet normal  7.071077e-001  7.071037e-001  1.794894e-003
    outer loop
      vertex -2.609590e+001 -2.838168e+001 -3.301015e+002
      vertex -2.579695e+001 -2.868893e+001 -3.268320e+002
      vertex -2.576405e+001 -2.871353e+001 -3.301015e+002
    endloop
  endfacet
  facet normal -9.081835e-001  4.185688e-001 -1.712001e-003
    outer loop
      vertex -2.362426e+001 -2.831679e+001 -3.271015e+002
      vertex -2.344412e+001 -2.792593e+001 -3.271015e+002
      vertex -2.345579e+001 -2.796353e+001 -3.301015e+002
    endloop
  endfacet
  facet normal -9.896545e-001  1.434564e-001  2.052862e-003
    outer loop
      vertex -2.345579e+001 -2.796353e+001 -3.301015e+002
      vertex -2.344412e+001 -2.792593e+001 -3.271015e+002
      vertex -2.338238e+001 -2.750000e+001 -3.271015e+002
    endloop
  endfacet
  facet normal -9.876888e-001  1.564315e-001  0.000000e+000
    outer loop
      vertex -2.345579e+001 -2.796353e+001 -3.301015e+002
      vertex -2.338238e+001 -2.750000e+001 -3.271015e+002
      vertex -2.338238e+001 -2.750000e+001 -3.301015e+002
    endloop
  endfacet
endsolid CATIA STL
